{
  "meta": {
    "code": "GEL",
    "createdAt": "2024-08-15T10:05:27Z"
  },
  "data": {
    "GHS": 0.1717017047,
    "GIP": null,
    "GTQ": 0.347065952,
    "GNF": null,
    "GYD": 0.01287539448,
    "HTG": 0.02039604268,
    "HNL": 0.10850435110000001,
    "HKD": 0.34522922,
    "HUF": 0.0075079675399999995,
    "ISK": 0.01947722825,
    "INR": 0.0320455396,
    "IDR": 0.000171139683,
    "IRR": 0.00006388789812,
    "IQD": 0.002051994677,
    "ILS": 0.723858825,
    "JMD": 0.01712593342,
    "JPY": 0.018253936499999998,
    "JOD": 3.79626519,
    "KZT": 0.00559823701,
    "KES": 0.020632488299999998,
    "KWD": 8.79351854,
    "KGS": 0.031388636219999995,
    "LAK": 0.000121450003,
    "LBP": 0.000030001301,
    "LSL": 0.1488871153,
    "LRD": 0.01376532206,
    "LYD": 0.559023157,
    "MOP": 0.335080657,
    "MKD": 0.0481539052,
    "MGA": 0.00059072669,
    "MWK": 0.001549614043,
    "MYR": 0.606539048,
    "MVR": 0.1746919087,
    "MRU": 0.06787077937,
    "MUR": 0.058267767199999994,
    "MXN": 0.14312683,
    "MDL": 0.1532762,
    "MNT": null,
    "MAD": 0.274684777,
    "MZN": null,
    "MMK": 0.000828244813,
    "NAD": 0.1488850978,
    "NPR": 0.020008510519999998,
    "ANG": 1.491888257,
    "TWD": 0.08324307219999999,
    "NZD": 1.6166253860000002,
    "NIO": 0.07301007009999999,
    "NGN": 0.001691823878,
    "KPW": null,
    "NOK": 0.25222247000000003,
    "OMR": 6.98796364,
    "PKR": 0.00964404005,
    "PAB": 2.6884422210000003,
    "PGK": 0.682158445,
    "PYG": 0.00035511012800000004,
    "PEN": 0.717468999,
    "PHP": 0.047258484899999995,
    "PLN": 0.69241945,
    "QAR": 0.7364290336,
    "RON": 0.595311795,
    "RUB": 0.030140051199999997,
    "RWF": 0.002037086966,
    "SHP": 3.4511355000000004,
    "WST": null,
    "STN": null,
    "SAR": 0.7168749125,
    "RSD": 0.02531522147,
    "SCR": 0.20136226340000002,
    "SLL": 0.00014203211750000002,
    "SGD": 2.041707041,
    "SBD": 0.316075,
    "SOS": 0.00472075094,
    "ZAR": 0.1493519204,
    "KRW": 0.0019809429,
    "SSP": null,
    "LKR": null,
    "SDG": 0.004472152707,
    "SRD": 0.09370210155,
    "SZL": 0.1488770278,
    "SEK": 0.2571052773,
    "CHF": 3.10419006,
    "SYP": null,
    "TJS": 0.2528057427,
    "TZS": 0.0009926199261,
    "THB": 0.0769220026,
    "TOP": 1.13518,
    "TTD": 0.395614534,
    "TND": 0.8743829936,
    "TRY": 0.0799434106,
    "TMT": 0.767783835,
    "UGX": 0.000721391288,
    "UAH": 0.06513781199999999,
    "AED": 0.732377248,
    "GBP": 3.4584657500000002,
    "USD": 2.69,
    "UYU": 0.06656405,
    "UZS": 0.000212914307,
    "VUV": null,
    "VES": 0.0735627306,
    "VND": 0.000107406589,
    "XOF": 0.0045149438819999995,
    "YER": 0.010743929939999999,
    "ZMW": 0.1024604053,
    "ZWL": null,
    "AFN": 0.03787721349232267,
    "ALL": 0.02962721999296238,
    "DZD": 0.020028632572610415,
    "AOA": 0.0030547019838288864,
    "ARS": 0.0028606112182915544,
    "AMD": 0.006913972015443835,
    "AWG": 1.4942583868614043,
    "AUD": 1.7823683245919837,
    "AZN": 1.5821559390297222,
    "BSD": 2.6866640928442567,
    "BHD": 7.135970691575042,
    "BDT": 0.022861950994554837,
    "BBD": 1.3305958380180214,
    "BYN": 0.8210842520347867,
    "BZD": 1.3328713606528797,
    "BMD": 2.6896650963505278,
    "BTN": 0.032010688097305055,
    "BOB": 0.3888271983648522,
    "BAM": 1.5141160185475988,
    "BWP": 0.20015144170618623,
    "BRL": 0.4917570338570607,
    "BND": 2.0430344711540718,
    "BGN": 1.5144510677649368,
    "BIF": 0.0009317138765979239,
    "CVE": null,
    "KHR": 0.0006567310733250409,
    "XAF": null,
    "CAD": null,
    "KYD": 3.22398171124415,
    "CLP": 0.0028792954985842794,
    "CNY": 0.3759981403613255,
    "COP": 0.000669653951873867,
    "KMF": 0.00601782100180149,
    "CDF": 0.000936839114458523,
    "CRC": 0.005107348560567558,
    "HRK": null,
    "CUP": null,
    "CZK": 0.11763241183068987,
    "DKK": 0.39698681907015,
    "DJF": 0.015087583933183709,
    "DOP": 0.04503787582670669,
    "EGP": 0.05496617007848582,
    "ERN": null,
    "ETB": null,
    "EUR": 2.962186229460934,
    "FJD": 1.20170900560742,
    "GMD": 0.03842378709072183,
    "GEL": 1
  }
}