{
  "meta": {
    "code": "GEL",
    "createdAt": "2024-07-24T08:33:58Z"
  },
  "data": {
    "GHS": 0.1757220762,
    "GIP": null,
    "GTQ": 0.34973924100000003,
    "GNF": 0.00031465438200000003,
    "GYD": 0.01298465854,
    "HTG": 0.020541508089999997,
    "HNL": 0.10948693620000001,
    "HKD": 0.34772634,
    "HUF": 0.007498539495,
    "ISK": 0.01964401977,
    "INR": 0.0324351819,
    "IDR": 0.00016711965300000002,
    "IRR": 0.00006448165182,
    "IQD": 0.002070580903,
    "ILS": 0.746166165,
    "JMD": 0.017358143439999998,
    "JPY": 0.0175435155,
    "JOD": 3.83100618,
    "KZT": 0.00572204169,
    "KES": 0.02041353358,
    "KWD": 8.875975740000001,
    "KGS": 0.032180941149999996,
    "LAK": 0.000122382578,
    "LBP": 0.0000302774085,
    "LSL": 0.1477331683,
    "LRD": 0.013904245329999999,
    "LYD": 0.560955381,
    "MOP": 0.3373249035,
    "MKD": null,
    "MGA": 0.000598347094,
    "MWK": 0.001563575559,
    "MYR": 0.580748817,
    "MVR": 0.1767653149,
    "MRU": 0.06854549368,
    "MUR": 0.05812633095,
    "MXN": null,
    "MDL": null,
    "MNT": null,
    "MAD": 0.27543973650000003,
    "MZN": 0.04252594095,
    "MMK": 0.0008359422555000001,
    "NAD": 0.1477331683,
    "NPR": 0.02024596405,
    "ANG": 1.5053627010000001,
    "TWD": 0.08278852485999999,
    "NZD": 1.608651075,
    "NIO": 0.07372708747,
    "NGN": 0.001705669835,
    "KPW": null,
    "NOK": 0.24529617750000002,
    "OMR": 7.052904825000001,
    "PKR": 0.009739272435,
    "PAB": 2.7129002190000002,
    "PGK": 0.7026397465,
    "PYG": 0.0003583960185,
    "PEN": 0.7215641653,
    "PHP": 0.0463599282,
    "PLN": 0.6865412355,
    "QAR": null,
    "RON": 0.5914266405,
    "RUB": 0.03134242155,
    "RWF": 0.002070114738,
    "SHP": 3.5046577500000002,
    "WST": null,
    "STN": null,
    "SAR": null,
    "RSD": 0.025117724759999998,
    "SCR": 0.2003609727,
    "SLL": 0.00014203211750000002,
    "SGD": 2.018294619,
    "SBD": 0.32037,
    "SOS": 0.00476414625,
    "ZAR": 0.14773025780000001,
    "KRW": 0.001960472992,
    "SSP": null,
    "LKR": 0.008925462045,
    "SDG": 0.004633105689,
    "SRD": 0.09259574831999999,
    "SZL": 0.1477557843,
    "SEK": 0.2507958172,
    "CHF": 3.0533921700000004,
    "SYP": null,
    "TJS": 0.254615415,
    "TZS": 0.001008210091,
    "THB": 0.0751245387,
    "TOP": null,
    "TTD": 0.399581211,
    "TND": null,
    "TRY": 0.0826061556,
    "TMT": null,
    "UGX": 0.0007335715515,
    "UAH": 0.06570791414999999,
    "AED": 0.7391859000000001,
    "GBP": 3.4985625750000002,
    "USD": 2.715,
    "UYU": 0.06765779999999999,
    "UZS": 0.00021556172820000002,
    "VUV": null,
    "VES": 0.07435619369999999,
    "VND": 0.0001070054805,
    "XOF": 0.00448950228,
    "YER": 0.010844880159999999,
    "ZMW": 0.10458587250000001,
    "ZWL": null,
    "AFN": 0.038351687957731515,
    "ALL": 0.029348859310358452,
    "DZD": 0.02016121044597853,
    "AOA": 0.003100821800351978,
    "ARS": 0.002931757033588707,
    "AMD": 0.006991078951209578,
    "AWG": 1.5082052701156425,
    "AUD": 1.7906269285684335,
    "AZN": 1.5969232271812686,
    "BSD": 2.710982244702646,
    "BHD": 7.202552406525777,
    "BDT": 0.023073728196222113,
    "BBD": 1.342758743651074,
    "BYN": 0.8284343694306557,
    "BZD": 1.3449666659076929,
    "BMD": 2.7147694862081564,
    "BTN": 0.03238600484322469,
    "BOB": 0.39236108361177613,
    "BAM": 1.5056089312984382,
    "BWP": 0.1995439490888517,
    "BRL": 0.4860474605971421,
    "BND": 2.015083969897117,
    "BGN": 1.5031788073230712,
    "BIF": 0.0009412014591547871,
    "CVE": 0.02670540002931895,
    "KHR": 0.0006599377652289878,
    "XAF": 0.00448897558904322,
    "CAD": 1.9680656848094158,
    "KYD": 3.2534192408140474,
    "CLP": 0.002867613274354019,
    "CNY": 0.37307701106139646,
    "COP": 0.0006759042664986055,
    "KMF": 0.005982963056793994,
    "CDF": 0.0009475635204915032,
    "CRC": 0.0051176045981484895,
    "HRK": null,
    "CUP": 0.11296002816290504,
    "CZK": 0.11563331060975736,
    "DKK": 0.39411942571051833,
    "DJF": 0.015224221558680952,
    "DOP": 0.045774440946556465,
    "EGP": 0.056145031662872706,
    "ERN": null,
    "ETB": 0.0472133823688375,
    "EUR": 2.9405763439299593,
    "FJD": 1.20479718025721,
    "GMD": 0.04007039832041559,
    "GEL": 1
  }
}