{
  "meta": {
    "code": "GEL",
    "createdAt": "2024-08-26T18:36:06Z"
  },
  "data": {
    "GHS": 0.1720945072,
    "GIP": null,
    "GTQ": 0.348143873,
    "GNF": 0.0003122827207,
    "GYD": 0.01290394028,
    "HTG": 0.02043468658,
    "HNL": 0.10834705800000001,
    "HKD": 0.34563887050000003,
    "HUF": 0.0076260280249999994,
    "ISK": 0.01967871482,
    "INR": 0.0321348566,
    "IDR": 0.000174337933,
    "IRR": 0.00006393831444,
    "IQD": 0.002057251885,
    "ILS": null,
    "JMD": 0.017219616259999997,
    "JPY": 0.01863902425,
    "JOD": 3.80278514,
    "KZT": 0.00557641854,
    "KES": 0.02089147264,
    "KWD": 8.822236115,
    "KGS": 0.03162774114,
    "LAK": 0.0001220285246,
    "LBP": 0.00003009491677,
    "LSL": 0.1521739107,
    "LRD": 0.0138208763,
    "LYD": 0.5655823481,
    "MOP": 0.335757653,
    "MKD": 0.048869270449999995,
    "MGA": 0.0005884279439,
    "MWK": 0.001552866599,
    "MYR": 0.6161411410000001,
    "MVR": null,
    "MRU": 0.0677476107,
    "MUR": 0.05847468165,
    "MXN": 0.1395565325,
    "MDL": 0.15497597500000002,
    "MNT": null,
    "MAD": 0.2793759353,
    "MZN": 0.04217963365,
    "MMK": 0.0008297843015000001,
    "NAD": 0.1521739107,
    "NPR": 0.020078803739999998,
    "ANG": 1.496156469,
    "TWD": 0.08459947265,
    "NZD": 1.673056,
    "NIO": 0.07323369552999999,
    "NGN": 0.0016949685319999999,
    "KPW": null,
    "NOK": 0.2556328775,
    "OMR": 7.002033115000001,
    "PKR": 0.009672498643,
    "PAB": 2.69597559,
    "PGK": 0.7123034033,
    "PYG": 0.000354555278,
    "PEN": null,
    "PHP": 0.0480109938,
    "PLN": 0.7024353105000001,
    "QAR": 0.740232416,
    "RON": 0.6046132785,
    "RUB": 0.02929359895,
    "RWF": 0.0020225140619999997,
    "SHP": 3.5590170000000003,
    "WST": null,
    "STN": null,
    "SAR": 0.7182175269000001,
    "RSD": 0.02571196847,
    "SCR": 0.201580044,
    "SLL": 0.00014203211750000002,
    "SGD": null,
    "SBD": 0.3188185,
    "SOS": 0.004719789613,
    "ZAR": 0.1522100156,
    "KRW": 0.002027657901,
    "SSP": null,
    "LKR": 0.00895708583,
    "SDG": 0.004480465258,
    "SRD": 0.0935975117,
    "SZL": 0.1521739107,
    "SEK": 0.26399206680000004,
    "CHF": 3.18001376,
    "SYP": null,
    "TJS": 0.2530593411,
    "TZS": 0.0009946617065,
    "THB": 0.0792880319,
    "TOP": 1.1515735,
    "TTD": 0.396903969,
    "TND": 0.8868792240000001,
    "TRY": 0.07927310159999999,
    "TMT": 0.7714168,
    "UGX": 0.0007260330000000001,
    "UAH": 0.0652127476,
    "AED": 0.733732615,
    "GBP": 3.555041875,
    "USD": 2.695,
    "UYU": 0.0669438,
    "UZS": 0.0002124556545,
    "VUV": null,
    "VES": 0.07375468485,
    "VND": 0.0001083527445,
    "XOF": 0.004495412806,
    "YER": 0.01076712329,
    "ZMW": null,
    "ZWL": null,
    "AFN": 0.03795448493611922,
    "ALL": 0.03005876665325672,
    "DZD": 0.020088489615961904,
    "AOA": 0.002979158943855003,
    "ARS": 0.002838117487909215,
    "AMD": 0.006943310997141599,
    "AWG": 1.4950171597583717,
    "AUD": 1.8258537568922097,
    "AZN": 1.5851579002732148,
    "BSD": 2.6944558740942397,
    "BHD": 7.150612620691838,
    "BDT": 0.022548853890789214,
    "BBD": 1.334506230147273,
    "BYN": 0.8233565009907041,
    "BZD": 1.3367875007991332,
    "BMD": 2.694768430464465,
    "BTN": 0.03211929177941907,
    "BOB": 0.3899193963770745,
    "BAM": 1.5391508701476009,
    "BWP": 0.2031570400047063,
    "BRL": 0.49131571445145544,
    "BND": null,
    "BGN": 1.539331107788429,
    "BIF": 0.0009348719624368071,
    "CVE": 0.027158160048681174,
    "KHR": 0.000659674034385426,
    "XAF": 0.0045889652575819015,
    "CAD": 1.9993830171926266,
    "KYD": 3.233360239277116,
    "CLP": 0.0029708822249650945,
    "CNY": 0.37836180269548614,
    "COP": 0.0006694195375897252,
    "KMF": 0.006109893281072435,
    "CDF": 0.0009505356015747673,
    "CRC": 0.005121206143848942,
    "HRK": null,
    "CUP": 0.11227228768308789,
    "CZK": 0.1201626875320605,
    "DKK": 0.4032816676297362,
    "DJF": 0.015163000398330809,
    "DOP": 0.045100726869698154,
    "EGP": 0.055296924466900606,
    "ERN": null,
    "ETB": 0.024293607669973342,
    "EUR": 3.0085949727715025,
    "FJD": 1.221507833097381,
    "GMD": 0.03822366568034702,
    "GEL": 1
  }
}