{
  "meta": {
    "code": "GEL",
    "createdAt": "2024-08-19T09:33:20Z"
  },
  "data": {
    "GHS": 0.17268198910000002,
    "GIP": null,
    "GTQ": 0.3480090255,
    "GNF": 0.00031243841400000003,
    "GYD": null,
    "HTG": 0.02042886277,
    "HNL": 0.10876489290000001,
    "HKD": 0.3446436465,
    "HUF": 0.0075392356649999995,
    "ISK": 0.01946216289,
    "INR": 0.032003025149999996,
    "IDR": 0.00017229108,
    "IRR": null,
    "IQD": 0.00205726123,
    "ILS": 0.7243552725,
    "JMD": 0.01715998267,
    "JPY": 0.01839160828,
    "JOD": 3.78867462,
    "KZT": 0.00561988221,
    "KES": 0.02081395326,
    "KWD": 8.783021640000001,
    "KGS": 0.03133022053,
    "LAK": 0.0001216656735,
    "LBP": 0.000030081666,
    "LSL": 0.1504069606,
    "LRD": 0.013815011549999999,
    "LYD": 0.5622118815,
    "MOP": null,
    "MKD": 0.048101828699999995,
    "MGA": 0.000599825778,
    "MWK": 0.001553543416,
    "MYR": 0.612524217,
    "MVR": 0.17425402980000002,
    "MRU": 0.06804084544,
    "MUR": 0.05821979475,
    "MXN": 0.1436829957,
    "MDL": 0.15317925000000002,
    "MNT": null,
    "MAD": 0.27588482400000003,
    "MZN": 0.04202312295,
    "MMK": null,
    "NAD": 0.1504042488,
    "NPR": 0.02005920003,
    "ANG": 1.49568462,
    "TWD": 0.08396188319999999,
    "NZD": 1.62976815,
    "NIO": 0.0731925093,
    "NGN": 0.001691466415,
    "KPW": null,
    "NOK": 0.2518409175,
    "OMR": null,
    "PKR": 0.009673117935,
    "PAB": 2.69528355,
    "PGK": 0.683427549,
    "PYG": 0.00035605274850000003,
    "PEN": 0.7197266010000001,
    "PHP": 0.047404265699999996,
    "PLN": 0.693951675,
    "QAR": 0.7385323141,
    "RON": 0.595436877,
    "RUB": 0.0299509065,
    "RWF": 0.001998627274,
    "SHP": 3.4750612500000004,
    "WST": null,
    "STN": null,
    "SAR": 0.715555185,
    "RSD": 0.025324215719999998,
    "SCR": 0.2011219924,
    "SLL": 0.00014203211750000002,
    "SGD": 2.0494696290000003,
    "SBD": 0.31683,
    "SOS": 0.004732954215,
    "ZAR": 0.1509686358,
    "KRW": 0.002009001309,
    "SSP": null,
    "LKR": 0.0090191298,
    "SDG": 0.004463840155,
    "SRD": 0.09350513574,
    "SZL": 0.1504453561,
    "SEK": 0.25760571990000003,
    "CHF": 3.105441465,
    "SYP": null,
    "TJS": 0.2529764308,
    "TZS": 0.0009904094254,
    "THB": 0.0779040399,
    "TOP": 1.135755,
    "TTD": null,
    "TND": 0.8787794764,
    "TRY": 0.07957174709999999,
    "TMT": 0.7663567275000001,
    "UGX": 0.000723679458,
    "UAH": 0.06534726149999999,
    "AED": 0.731011119,
    "GBP": 3.480229875,
    "USD": 2.685,
    "UYU": 0.06656115,
    "UZS": 0.000212961312,
    "VUV": null,
    "VES": 0.0732828327,
    "VND": 0.00010752888,
    "XOF": 0.004514983767,
    "YER": 0.01072289655,
    "ZMW": 0.1027207431,
    "ZWL": null,
    "AFN": 0.03797630282501349,
    "ALL": 0.029649634681795822,
    "DZD": 0.02000859295035424,
    "AOA": 0.003021684870978904,
    "ARS": 0.002851716774234864,
    "AMD": 0.006937000647725787,
    "AWG": 1.4915372265915312,
    "AUD": 1.7952231605979547,
    "AZN": 1.5792747105086802,
    "BSD": 2.6936314800886123,
    "BHD": null,
    "BDT": 0.022924644449143727,
    "BBD": 1.3340742226591105,
    "BYN": 0.823070478511052,
    "BZD": 1.3363019936018308,
    "BMD": 2.6847670078647563,
    "BTN": 0.03208780041587856,
    "BOB": 0.3898124539077471,
    "BAM": 1.5141655903163787,
    "BWP": 0.20120787724533565,
    "BRL": 0.4906372457337545,
    "BND": 2.0423483704027396,
    "BGN": 1.5163077993274836,
    "BIF": 0.0009338436960959738,
    "CVE": 0.026857166777977223,
    "KHR": 0.0006579379218095942,
    "XAF": 0.004514633151088384,
    "CAD": 1.9627139767534125,
    "KYD": 3.232181559602298,
    "CLP": 0.0028612793301897085,
    "CNY": null,
    "COP": 0.0006655363569879943,
    "KMF": 0.00600048501560352,
    "CDF": 0.0009351330581237368,
    "CRC": null,
    "HRK": null,
    "CUP": null,
    "CZK": 0.11767500505900143,
    "DKK": 0.3971537078780311,
    "DJF": 0.015126052973801717,
    "DOP": 0.045047030969784234,
    "EGP": 0.05502699340357093,
    "ERN": null,
    "ETB": 0.02554704449693621,
    "EUR": 2.9635152533244367,
    "FJD": 1.205444956923014,
    "GMD": 0.038909666780648645,
    "GEL": 1
  }
}