{
  "meta": {
    "code": "GEL",
    "createdAt": "2024-08-22T18:36:01Z"
  },
  "data": {
    "GHS": 0.17306461780000001,
    "GIP": null,
    "GTQ": 0.3492330825,
    "GNF": 0.0003134414692,
    "GYD": 0.012943376309999999,
    "HTG": 0.020493426239999998,
    "HNL": 0.1087490879,
    "HKD": 0.3469127335,
    "HUF": 0.0076324442299999995,
    "ISK": 0.01972724608,
    "INR": 0.03222485435,
    "IDR": 0.00017194603,
    "IRR": 0.00006424415034,
    "IQD": 0.002064885472,
    "ILS": 0.7292766019,
    "JMD": null,
    "JPY": 0.0184903521,
    "JOD": 3.81689566,
    "KZT": 0.00563834528,
    "KES": 0.02096899201,
    "KWD": 8.849074785,
    "KGS": 0.031638572649999995,
    "LAK": 0.0001222046506,
    "LBP": 0.00003018973137,
    "LSL": 0.1513710128,
    "LRD": 0.013863187209999999,
    "LYD": 0.5664921364000001,
    "MOP": 0.3367511305,
    "MKD": 0.0488385586,
    "MGA": 0.0005896457732,
    "MWK": 0.001558628628,
    "MYR": 0.617580714,
    "MVR": 0.1759996348,
    "MRU": 0.06805031255999999,
    "MUR": 0.05876820785,
    "MXN": null,
    "MDL": 0.156092025,
    "MNT": null,
    "MAD": 0.2793988278,
    "MZN": 0.042332898349999995,
    "MMK": 0.0008328632785000001,
    "NAD": 0.1513710128,
    "NPR": 0.02012728555,
    "ANG": 1.500712089,
    "TWD": 0.08450671565,
    "NZD": 1.6604777750000002,
    "NIO": 0.07350543466,
    "NGN": 0.001716828064,
    "KPW": null,
    "NOK": 0.25511082220000003,
    "OMR": 7.02812559,
    "PKR": 0.009708389176,
    "PAB": 2.7044554830000003,
    "PGK": 0.6857649727,
    "PYG": 0.00035643785,
    "PEN": 0.7197115596,
    "PHP": 0.047784771749999996,
    "PLN": 0.701358892,
    "QAR": 0.743029958,
    "RON": 0.603795493,
    "RUB": 0.029561917099999998,
    "RWF": 0.002033834561,
    "SHP": 3.53908675,
    "WST": null,
    "STN": null,
    "SAR": 0.720897134,
    "RSD": 0.025671686989999998,
    "SCR": 0.1991778871,
    "SLL": 0.00014203211750000002,
    "SGD": 2.0634600190000003,
    "SBD": 0.316485,
    "SOS": 0.004737302747,
    "ZAR": 0.1499106131,
    "KRW": 0.002014222797,
    "SSP": null,
    "LKR": 0.0089764343,
    "SDG": 0.004497090361,
    "SRD": 0.09389752619,
    "SZL": 0.15128635170000002,
    "SEK": 0.26377634380000003,
    "CHF": 3.17525343,
    "SYP": null,
    "TJS": 0.2535892326,
    "TZS": 0.0009955833379,
    "THB": 0.07837999885,
    "TOP": 1.1520595,
    "TTD": 0.39833261950000004,
    "TND": 0.8852602105,
    "TRY": 0.07975692499999999,
    "TMT": 0.7742792000000001,
    "UGX": null,
    "UAH": 0.06542764734999999,
    "AED": 0.7364551850000001,
    "GBP": 3.5407097500000004,
    "USD": 2.705,
    "UYU": 0.06704342499999999,
    "UZS": 0.0002135807326,
    "VUV": null,
    "VES": 0.07390603705,
    "VND": 0.00010831929050000001,
    "XOF": 0.004504579424,
    "YER": 0.010804925029999999,
    "ZMW": 0.10386107180000001,
    "ZWL": null,
    "AFN": 0.03809534214994408,
    "ALL": 0.0302885699064505,
    "DZD": 0.02014560663882157,
    "AOA": 0.0030036305308742215,
    "ARS": 0.0028613682576346497,
    "AMD": 0.006971054877953685,
    "AWG": 1.5005654884044182,
    "AUD": 1.8132734172672758,
    "AZN": 1.5910407603800176,
    "BSD": 2.702620709573002,
    "BHD": null,
    "BDT": 0.02261698109606113,
    "BBD": 1.3385805345827586,
    "BYN": 0.8258648407473347,
    "BZD": 1.340844666851708,
    "BMD": 2.70476929264603,
    "BTN": 0.03219682488809104,
    "BOB": 0.39110994072938876,
    "BAM": 1.540216339400038,
    "BWP": 0.20243051796561412,
    "BRL": 0.48395378230344854,
    "BND": 2.067069946101331,
    "BGN": 1.5360536538380145,
    "BIF": 0.0009407893196237702,
    "CVE": 0.02716995773996456,
    "KHR": 0.0006613127854880269,
    "XAF": 0.004592286157841513,
    "CAD": 1.9879531470614342,
    "KYD": 3.243291591078648,
    "CLP": 0.0029397748983198742,
    "CNY": 0.37858062754796096,
    "COP": 0.0006650526906382865,
    "KMF": 0.006103507377218425,
    "CDF": 0.0009407893196237702,
    "CRC": 0.005139638684078942,
    "HRK": null,
    "CUP": 0.11262879682532921,
    "CZK": 0.11979561226867892,
    "DKK": 0.402675196182067,
    "DJF": 0.015219273536422561,
    "DOP": 0.04515474612096877,
    "EGP": 0.0554491206911433,
    "ERN": null,
    "ETB": 0.024527493023292577,
    "EUR": 3.0041142582461755,
    "FJD": 1.2187488365442747,
    "GMD": 0.03863956132351471,
    "GEL": 1
  }
}