{
  "meta": {
    "code": "GEL",
    "createdAt": "2024-07-31T08:32:54Z"
  },
  "data": {
    "GHS": 0.1746106909,
    "GIP": null,
    "GTQ": 0.35008486050000004,
    "GNF": 0.000314642979,
    "GYD": null,
    "HTG": null,
    "HNL": 0.10957197,
    "HKD": 0.34751777370000003,
    "HUF": 0.007418332965,
    "ISK": 0.019638336189999998,
    "INR": 0.03242407755,
    "IDR": 0.0001667029928,
    "IRR": 0.00006450080071,
    "IQD": 0.0020708162939999998,
    "ILS": null,
    "JMD": 0.017354369589999998,
    "JPY": 0.0180186405,
    "JOD": 3.831546465,
    "KZT": 0.0057099056399999995,
    "KES": 0.021046511389999998,
    "KWD": 8.885144295,
    "KGS": 0.03230988736,
    "LAK": 0.0001222914735,
    "LBP": 0.0000302806665,
    "LSL": 0.14803002640000001,
    "LRD": 0.013948921739999998,
    "LYD": 0.5611598205,
    "MOP": 0.337180737,
    "MKD": 0.0476852283,
    "MGA": 0.0005983460895,
    "MWK": 0.001563794931,
    "MYR": 0.5900251575000001,
    "MVR": 0.1768804581,
    "MRU": 0.06849987081999999,
    "MUR": 0.058226107199999995,
    "MXN": 0.1439738979,
    "MDL": 0.1533975,
    "MNT": null,
    "MAD": 0.2732665962,
    "MZN": 0.042492655049999994,
    "MMK": null,
    "NAD": 0.1480286418,
    "NPR": 0.02024568169,
    "ANG": 1.5055847880000002,
    "TWD": 0.08276050335,
    "NZD": 1.6059225000000001,
    "NIO": 0.07367128064999999,
    "NGN": 0.001634488589,
    "KPW": null,
    "NOK": 0.2487225075,
    "OMR": 7.05235911,
    "PKR": 0.009732343755,
    "PAB": 2.713161673,
    "PGK": 0.690944694,
    "PYG": 0.000358637382,
    "PEN": 0.7257393195,
    "PHP": 0.0464575053,
    "PLN": 0.6831228333,
    "QAR": null,
    "RON": 0.5900276010000001,
    "RUB": 0.03147344745,
    "RWF": null,
    "SHP": null,
    "WST": null,
    "STN": null,
    "SAR": 0.7236483894,
    "RSD": null,
    "SCR": 0.2002680925,
    "SLL": 0.00014203211750000002,
    "SGD": 2.0260959,
    "SBD": 0.323085,
    "SOS": 0.004764825,
    "ZAR": 0.1486067087,
    "KRW": 0.00197210731,
    "SSP": null,
    "LKR": 0.008971394415,
    "SDG": 0.004513715464,
    "SRD": 0.0936319878,
    "SZL": 0.1480783263,
    "SEK": 0.2525573092,
    "CHF": 3.0771321300000003,
    "SYP": null,
    "TJS": 0.25633015470000003,
    "TZS": 0.001004811237,
    "THB": 0.07613574044999999,
    "TOP": 1.1383995,
    "TTD": 0.4002238515,
    "TND": 0.8703870261000001,
    "TRY": null,
    "TMT": 0.7749193725,
    "UGX": 0.0007288539675,
    "UAH": 0.06611117309999999,
    "AED": 0.7391818275,
    "GBP": 3.483304275,
    "USD": 2.715,
    "UYU": 0.0673863,
    "UZS": 0.0002156516355,
    "VUV": null,
    "VES": 0.07424781089999999,
    "VND": 0.00010756721400000001,
    "XOF": null,
    "YER": null,
    "ZMW": 0.1026158685,
    "ZWL": null,
    "AFN": 0.038228046873753946,
    "ALL": 0.02931225317554925,
    "DZD": 0.02014687127586029,
    "AOA": 0.0030935032960799675,
    "ARS": 0.00291175784209836,
    "AMD": 0.006988236812784828,
    "AWG": 1.5080828566057212,
    "AUD": 1.7634099178622158,
    "AZN": 1.5967936128766458,
    "BSD": 2.711241427834087,
    "BHD": 7.20158186087108,
    "BDT": 0.02307409112094767,
    "BBD": 1.342730118374358,
    "BYN": 0.8284454993641149,
    "BZD": 1.3450054314237982,
    "BMD": 2.7145491418902976,
    "BTN": 0.03238394413492948,
    "BOB": 0.3923531676514892,
    "BAM": 1.5017255519638406,
    "BWP": 0.1995440335822328,
    "BRL": 0.48365269980300735,
    "BND": 2.0169355189710134,
    "BGN": null,
    "BIF": 0.0009409736949636767,
    "CVE": null,
    "KHR": 0.0006600136794963224,
    "XAF": 0.004477582461098517,
    "CAD": 1.960862302986522,
    "KYD": 3.253324775839896,
    "CLP": 0.0028380912549179536,
    "CNY": 0.3756225635040521,
    "COP": 0.0006659607234372895,
    "KMF": 0.00595949317826381,
    "CDF": 0.0009458359379408704,
    "CRC": null,
    "HRK": null,
    "CUP": 0.1129664653210717,
    "CZK": 0.11535932609130478,
    "DKK": 0.3933308328086077,
    "DJF": 0.015224386068764573,
    "DOP": 0.04573499828484609,
    "EGP": 0.0559225800464794,
    "ERN": null,
    "ETB": 0.04689525422883125,
    "EUR": 2.935203030268386,
    "FJD": 1.199535634949314,
    "GMD": 0.04006714601378773,
    "GEL": 1
  }
}