{
  "meta": {
    "code": "GEL",
    "createdAt": "2024-08-08T18:05:52Z"
  },
  "data": {
    "GHS": 0.17350865710000002,
    "GIP": null,
    "GTQ": 0.3492682475,
    "GNF": 0.0003136231641,
    "GYD": 0.01295190517,
    "HTG": 0.02055028534,
    "HNL": 0.1084277069,
    "HKD": 0.347052582,
    "HUF": 0.0074506601149999995,
    "ISK": 0.01953491706,
    "INR": 0.032199670799999996,
    "IDR": 0.00016937168150000002,
    "IRR": 0.00006424415034,
    "IQD": 0.002064885472,
    "ILS": 0.7139520195,
    "JMD": 0.017264946519999998,
    "JPY": null,
    "JOD": null,
    "KZT": 0.00566801913,
    "KES": 0.02088803082,
    "KWD": 8.835536260000001,
    "KGS": 0.03176608635,
    "LAK": 0.0001219292302,
    "LBP": 0.00003018973137,
    "LSL": 0.1464537069,
    "LRD": 0.013838395889999999,
    "LYD": 0.5629552407,
    "MOP": 0.33722153,
    "MKD": 0.0479770161,
    "MGA": 0.0005919037179,
    "MWK": 0.001560426858,
    "MYR": 0.604604829,
    "MVR": 0.1755520114,
    "MRU": 0.06796482374,
    "MUR": 0.058465951149999994,
    "MXN": 0.141802051,
    "MDL": 0.1539686,
    "MNT": null,
    "MAD": 0.2750031758,
    "MZN": 0.0423392551,
    "MMK": 0.0008328632785000001,
    "NAD": 0.1464537069,
    "NPR": 0.0201413245,
    "ANG": 1.502037539,
    "TWD": 0.08332565855,
    "NZD": 1.62378445,
    "NIO": 0.0733957388,
    "NGN": 0.0016917351859999999,
    "KPW": null,
    "NOK": 0.2494062179,
    "OMR": 7.0265404600000005,
    "PKR": 0.009686660452,
    "PAB": 2.7068258750000003,
    "PGK": 0.6879450404,
    "PYG": 0.000357563671,
    "PEN": 0.7270527943,
    "PHP": 0.047140657149999994,
    "PLN": 0.6824230805,
    "QAR": 0.742979104,
    "RON": null,
    "RUB": 0.031184294949999997,
    "RWF": 0.0020515737349999998,
    "SHP": 3.4362967500000003,
    "WST": null,
    "STN": null,
    "SAR": 0.7207422998,
    "RSD": 0.025223510959999997,
    "SCR": 0.19256305310000002,
    "SLL": 0.00014203211750000002,
    "SGD": 2.039989275,
    "SBD": 0.3178375,
    "SOS": 0.004737302747,
    "ZAR": 0.14727643,
    "KRW": 0.001966629134,
    "SSP": null,
    "LKR": 0.0089884445,
    "SDG": 0.004497090361,
    "SRD": 0.09364559872,
    "SZL": 0.1464537069,
    "SEK": 0.2568680172,
    "CHF": 3.1209262100000004,
    "SYP": null,
    "TJS": 0.256946895,
    "TZS": 0.001003823795,
    "THB": 0.076737604,
    "TOP": 1.1382640000000002,
    "TTD": 0.39897668000000003,
    "TND": 0.8748386570000001,
    "TRY": 0.08076500005,
    "TMT": null,
    "UGX": 0.0007253903825,
    "UAH": 0.06588933675,
    "AED": 0.7364552120000001,
    "GBP": 3.44726282,
    "USD": 2.705,
    "UYU": 0.0669217,
    "UZS": 0.0002140454976,
    "VUV": null,
    "VES": 0.0738380063,
    "VND": 0.00010759759650000001,
    "XOF": 0.004504579424,
    "YER": 0.010804925029999999,
    "ZMW": 0.10375132990000001,
    "ZWL": null,
    "AFN": 0.03809534214994408,
    "ALL": 0.029409256200125855,
    "DZD": 0.020098900171681408,
    "AOA": 0.003068371291050473,
    "ARS": 0.0028889422500917995,
    "AMD": 0.006962262333898019,
    "AWG": 1.5026496070255722,
    "AUD": 1.7816312920127233,
    "AZN": 1.5910407603800176,
    "BSD": 2.705128263271122,
    "BHD": 7.1757277163803375,
    "BDT": 0.023022134565434633,
    "BBD": 1.3500928637479686,
    "BYN": 0.82669530348016,
    "BZD": 1.3420002484635623,
    "BMD": 2.70476929264603,
    "BTN": 0.032219115502959604,
    "BOB": 0.39149647681573935,
    "BAM": 1.5110713112388998,
    "BWP": 0.19923373494200194,
    "BRL": 0.48387586199019056,
    "BND": 2.0417313342615797,
    "BGN": 1.5086843444942302,
    "BIF": 0.0009385042658463194,
    "CVE": 0.026680831498764695,
    "KHR": 0.0006580947184053601,
    "XAF": 0.004505488825954509,
    "CAD": 1.96945396166714,
    "KYD": 3.2459460832424467,
    "CLP": 0.0028906063772909975,
    "CNY": 0.376939809011542,
    "COP": 0.0006618791859663854,
    "KMF": 0.005993948571858916,
    "CDF": null,
    "CRC": 0.005117493469057394,
    "HRK": null,
    "CUP": 0.11270938096512742,
    "CZK": 0.11680843048437772,
    "DKK": 0.3955532357747108,
    "DJF": 0.015219273536422561,
    "DOP": 0.04523025572986672,
    "EGP": 0.05492408040444661,
    "ERN": null,
    "ETB": 0.03367113520364938,
    "EUR": 2.9521603286674574,
    "FJD": 1.2052264917750741,
    "GMD": 0.038917543779079564,
    "GEL": 1
  }
}