{
  "meta": {
    "code": "GEL",
    "createdAt": "2024-08-01T17:32:56Z"
  },
  "data": {
    "GHS": 0.17459806890000001,
    "GIP": null,
    "GTQ": 0.35082659850000003,
    "GNF": 0.0003149651952,
    "GYD": 0.013013896379999999,
    "HTG": null,
    "HNL": 0.1094476773,
    "HKD": 0.347391852,
    "HUF": 0.007389916689,
    "ISK": 0.0195394024,
    "INR": 0.032415986849999995,
    "IDR": 0.00016671783300000002,
    "IRR": 0.00006448165182,
    "IQD": 0.00207251906,
    "ILS": 0.7159007568,
    "JMD": 0.01735302159,
    "JPY": 0.018128462249999998,
    "JOD": 3.83100618,
    "KZT": 0.005725731375,
    "KES": 0.021046511389999998,
    "KWD": 8.882193090000001,
    "KGS": 0.03230988736,
    "LAK": 0.0001222972971,
    "LBP": 0.00003031825567,
    "LSL": 0.14884868310000002,
    "LRD": 0.013894837859999998,
    "LYD": 0.5615304994,
    "MOP": 0.337742742,
    "MKD": 0.047578800299999995,
    "MGA": 0.0005947426057,
    "MWK": 0.001564390656,
    "MYR": 0.590924094,
    "MVR": 0.1767653149,
    "MRU": 0.06821608002,
    "MUR": 0.0582385962,
    "MXN": 0.14401446,
    "MDL": 0.1537843603,
    "MNT": null,
    "MAD": 0.27326252370000004,
    "MZN": 0.042508972199999995,
    "MMK": null,
    "NAD": 0.148930334,
    "NPR": 0.02029119867,
    "ANG": 1.5087830580000001,
    "TWD": 0.08274662969999999,
    "NZD": 1.6157915250000001,
    "NIO": 0.07361713539999999,
    "NGN": 0.001634488589,
    "KPW": null,
    "NOK": 0.24824331000000002,
    "OMR": 7.05316275,
    "PKR": 0.009731182549,
    "PAB": 2.7189666150000003,
    "PGK": null,
    "PYG": 0.000358612404,
    "PEN": 0.7268103327000001,
    "PHP": 0.046590241649999996,
    "PLN": 0.6810520485,
    "QAR": 0.7457771055,
    "RON": 0.5885929950000001,
    "RUB": 0.0317545314,
    "RWF": 0.002060721055,
    "SHP": 3.48185175,
    "WST": null,
    "STN": null,
    "SAR": 0.7234709913,
    "RSD": 0.025025578469999997,
    "SCR": 0.185263998,
    "SLL": 0.00014203211750000002,
    "SGD": 2.030612574,
    "SBD": 0.3217275,
    "SOS": 0.004754815881,
    "ZAR": 0.1486970748,
    "KRW": 0.001982873643,
    "SSP": null,
    "LKR": 0.008978073586,
    "SDG": 0.004513715464,
    "SRD": 0.09418580436,
    "SZL": 0.1490120745,
    "SEK": 0.25313438250000003,
    "CHF": 3.1079582400000003,
    "SYP": null,
    "TJS": 0.2563909707,
    "TZS": 0.001006738833,
    "THB": 0.07637132099999999,
    "TOP": 1.1411145,
    "TTD": 0.40145076,
    "TND": 0.87439833,
    "TRY": 0.08203682009999999,
    "TMT": 0.7771416,
    "UGX": 0.0007276373760000001,
    "UAH": 0.06601443765,
    "AED": 0.739177755,
    "GBP": 3.4601860500000003,
    "USD": 2.715,
    "UYU": 0.0673863,
    "UZS": 0.0002158016039,
    "VUV": null,
    "VES": 0.07419150179999999,
    "VND": 0.00010763131780000001,
    "XOF": 0.004495033006,
    "YER": 0.010844869299999999,
    "ZMW": 0.1050194037,
    "ZWL": null,
    "AFN": 0.03823618994659375,
    "ALL": 0.029269751872864222,
    "DZD": 0.020143124688241962,
    "AOA": 0.003086719142931389,
    "ARS": 0.0029120747839907744,
    "AMD": 0.0069998955412588285,
    "AWG": 1.5071586322902073,
    "AUD": 1.7659334458492413,
    "AZN": 1.5969232271812686,
    "BSD": 2.7170224412335395,
    "BHD": 7.201851173620184,
    "BDT": 0.023124278518463475,
    "BBD": 1.3457213759453361,
    "BYN": 0.8302804006031196,
    "BZD": 1.3472955206449118,
    "BMD": 2.7147694862081564,
    "BTN": 0.032445065618492135,
    "BOB": 0.39322083118889534,
    "BAM": 1.4982659404118976,
    "BWP": 0.20052750870714806,
    "BRL": 0.47387273059144747,
    "BND": 2.0286542688713634,
    "BGN": 1.4981758155088771,
    "BIF": null,
    "CVE": 0.026517894862692123,
    "KHR": 0.000660929881218574,
    "XAF": 0.004467226836720126,
    "CAD": 1.9577758690294023,
    "KYD": 3.25870073340221,
    "CLP": 0.0028632882476281765,
    "CNY": 0.37474559121405426,
    "COP": 0.0006632583500313045,
    "KMF": 0.005957034367786132,
    "CDF": 0.0009459127129645146,
    "CRC": 0.005198347659450984,
    "HRK": null,
    "CUP": null,
    "CZK": 0.11559441379938601,
    "DKK": 0.392511926262923,
    "DJF": 0.015275542913233811,
    "DOP": 0.04568396275689127,
    "EGP": 0.05575070616367146,
    "ERN": null,
    "ETB": null,
    "EUR": 2.9288698745120603,
    "FJD": 1.2017837872932262,
    "GMD": 0.03906143145623247,
    "GEL": 1
  }
}