{
  "meta": {
    "code": "GEL",
    "createdAt": "2024-08-02T16:04:34Z"
  },
  "data": {
    "GHS": 0.1741645239,
    "GIP": null,
    "GTQ": 0.350067773,
    "GNF": 0.0003143851488,
    "GYD": 0.01298663978,
    "HTG": 0.020596842809999998,
    "HNL": 0.1091580954,
    "HKD": 0.3471219217,
    "HUF": 0.00743508012,
    "ISK": 0.019636258099999998,
    "INR": 0.0323363433,
    "IDR": 0.000167491279,
    "IRR": 0.00006438201471,
    "IQD": 0.0020687022659999998,
    "ILS": 0.7131672585000001,
    "JMD": 0.01733280228,
    "JPY": 0.0184086235,
    "JOD": 3.8244902100000004,
    "KZT": 0.00571323284,
    "KES": 0.02084615359,
    "KWD": 8.879179500000001,
    "KGS": 0.03225038481,
    "LAK": 0.0001220995703,
    "LBP": null,
    "LSL": 0.1482494524,
    "LRD": 0.013865766489999999,
    "LYD": 0.5610765843000001,
    "MOP": null,
    "MKD": 0.047643398899999995,
    "MGA": 0.0005929978098,
    "MWK": 0.001564213544,
    "MYR": 0.593127673,
    "MVR": 0.1765547114,
    "MRU": 0.0681246846,
    "MUR": 0.05799446069999999,
    "MXN": 0.1425764224,
    "MDL": 0.15337245,
    "MNT": null,
    "MAD": 0.2727318255,
    "MZN": 0.0424143997,
    "MMK": 0.000834402767,
    "NAD": 0.1482494524,
    "NPR": 0.020242090259999998,
    "ANG": 1.5054169240000002,
    "TWD": 0.0828898486,
    "NZD": 1.6166776,
    "NIO": 0.07352143008999999,
    "NGN": 0.001675911994,
    "KPW": null,
    "NOK": 0.24732815,
    "OMR": 7.03919519,
    "PKR": 0.009715002578,
    "PAB": 2.71288615,
    "PGK": 0.6896814771,
    "PYG": 0.00035810780100000003,
    "PEN": 0.7240181527,
    "PHP": 0.046738638299999996,
    "PLN": 0.689155981,
    "QAR": 0.7443015000000001,
    "RON": 0.5939856048000001,
    "RUB": 0.031695048899999995,
    "RWF": 0.0020553659229999998,
    "SHP": 3.4518625000000003,
    "WST": null,
    "STN": null,
    "SAR": 0.721818256,
    "RSD": 0.025254407609999998,
    "SCR": 0.1998613347,
    "SLL": 0.00014203211750000002,
    "SGD": 2.042246515,
    "SBD": 0.31978,
    "SOS": 0.004746059314,
    "ZAR": 0.1482210923,
    "KRW": 0.001992232381,
    "SSP": null,
    "LKR": 0.00898174216,
    "SDG": 0.004505402913,
    "SRD": 0.09395693847,
    "SZL": 0.1482494524,
    "SEK": 0.25603944500000003,
    "CHF": 3.1468276100000003,
    "SYP": null,
    "TJS": 0.256437002,
    "TZS": 0.001003703702,
    "THB": 0.07670112999999999,
    "TOP": 1.137929,
    "TTD": 0.40057052000000004,
    "TND": 0.872927585,
    "TRY": 0.0815896448,
    "TMT": 0.773492265,
    "UGX": 0.000727902206,
    "UAH": null,
    "AED": 0.7378164700000001,
    "GBP": 3.465548,
    "USD": null,
    "UYU": 0.06714025,
    "UZS": 0.000215079364,
    "VUV": null,
    "VES": 0.07404432729999999,
    "VND": 0.000107465321,
    "XOF": 0.00447194715,
    "YER": 0.010824889039999999,
    "ZMW": 0.1047923125,
    "ZWL": null,
    "AFN": 0.03843500729339815,
    "ALL": 0.02919271724647049,
    "DZD": 0.02019111641993353,
    "AOA": 0.0030844257422907896,
    "ARS": 0.0029049544491682325,
    "AMD": 0.006986381372734487,
    "AWG": 1.5053711189914278,
    "AUD": 1.7664067889078032,
    "AZN": 1.5939223612850413,
    "BSD": 2.7108070957097636,
    "BHD": 7.189807412085916,
    "BDT": 0.023072884457797215,
    "BBD": 1.3426887163988732,
    "BYN": 0.8285820656239018,
    "BZD": 1.3449906927968873,
    "BMD": 2.70966801418457,
    "BTN": 0.03237862846995957,
    "BOB": 0.3923439275600874,
    "BAM": 1.5002859830888247,
    "BWP": 0.20035091691497703,
    "BRL": 0.47220745086484794,
    "BND": 2.036219092767189,
    "BGN": 1.511215324493022,
    "BIF": 0.0009416743757074853,
    "CVE": 0.026422896290029804,
    "KHR": 0.0006588858394239297,
    "XAF": 0.004473125134744787,
    "CAD": 1.9562483181729733,
    "KYD": 3.253479265846677,
    "CLP": 0.002847366666938391,
    "CNY": 0.37842939749334525,
    "COP": 0.000661339832240504,
    "KMF": 0.005935095861816611,
    "CDF": 0.0009424932227692147,
    "CRC": 0.005179770602535889,
    "HRK": null,
    "CUP": 0.11296246869986494,
    "CZK": 0.11682121208634805,
    "DKK": 0.3960530183153395,
    "DJF": 0.015224290913605294,
    "DOP": 0.04554063889385832,
    "EGP": 0.05567990232622625,
    "ERN": null,
    "ETB": 0.046810930201658135,
    "EUR": 2.9555554503968926,
    "FJD": 1.2030670933768874,
    "GMD": 0.038709543059779576,
    "GEL": 1
  }
}