{
  "meta": {
    "code": "GEL",
    "createdAt": "2024-08-06T16:04:06Z"
  },
  "data": {
    "GHS": 0.17395498210000002,
    "GIP": null,
    "GTQ": 0.3491622115,
    "GNF": 0.0003138051024,
    "GYD": 0.012952459699999998,
    "HTG": 0.02049417282,
    "HNL": 0.10928016060000001,
    "HKD": 0.347049336,
    "HUF": 0.007429550295,
    "ISK": 0.0195844191,
    "INR": 0.0322280733,
    "IDR": 0.0001673905395,
    "IRR": null,
    "IQD": 0.002064885472,
    "ILS": 0.7058967729000001,
    "JMD": 0.01724741271,
    "JPY": 0.018640155,
    "JOD": 3.8163573650000004,
    "KZT": 0.005654480605,
    "KES": 0.02088803082,
    "KWD": 8.851720275,
    "KGS": 0.0319797029,
    "LAK": 0.0001218742943,
    "LBP": null,
    "LSL": null,
    "LRD": 0.01384018389,
    "LYD": 0.5606217454,
    "MOP": 0.3370714025,
    "MKD": 0.0480360392,
    "MGA": 0.0005919037179,
    "MWK": 0.001560426858,
    "MYR": 0.611300245,
    "MVR": 0.17622896470000002,
    "MRU": null,
    "MUR": 0.058513829649999995,
    "MXN": 0.1402366675,
    "MDL": null,
    "MNT": null,
    "MAD": 0.2750031758,
    "MZN": 0.042352401399999996,
    "MMK": 0.0008328632785000001,
    "NAD": null,
    "NPR": 0.0201346702,
    "ANG": 1.5013861750000002,
    "TWD": 0.08248710855,
    "NZD": 1.6095696750000001,
    "NIO": 0.07336587829999999,
    "NGN": 0.001697041936,
    "KPW": null,
    "NOK": 0.24839744500000002,
    "OMR": 7.0268569450000005,
    "PKR": 0.009688395169,
    "PAB": 2.70571412,
    "PGK": 0.7867946399,
    "PYG": 0.0003572566535,
    "PEN": 0.7235038343,
    "PHP": 0.04685809285,
    "PLN": 0.6858257,
    "QAR": 0.7429279795,
    "RON": 0.5938016,
    "RUB": 0.03157424775,
    "RWF": 0.002053130922,
    "SHP": 3.45631375,
    "WST": null,
    "STN": null,
    "SAR": 0.7204601142,
    "RSD": 0.02525582597,
    "SCR": null,
    "SLL": null,
    "SGD": 2.0401467060000003,
    "SBD": 0.318649,
    "SOS": 0.004737302747,
    "ZAR": 0.1463867365,
    "KRW": null,
    "SSP": null,
    "LKR": 0.00895050417,
    "SDG": 0.004497090361,
    "SRD": 0.09420163581999999,
    "SZL": 0.1461372219,
    "SEK": null,
    "CHF": 3.1689643050000003,
    "SYP": null,
    "TJS": 0.2562285011,
    "TZS": 0.001001499091,
    "THB": 0.07621786529999999,
    "TOP": 1.135559,
    "TTD": 0.39884521700000003,
    "TND": 0.8722461850000001,
    "TRY": 0.08050618294999999,
    "TMT": 0.7720651575,
    "UGX": 0.0007261150520000001,
    "UAH": 0.06594067765,
    "AED": 0.7364551850000001,
    "GBP": 3.4345655500000003,
    "USD": 2.705,
    "UYU": 0.06655652499999999,
    "UZS": 0.0002149384181,
    "VUV": null,
    "VES": 0.0739000049,
    "VND": 0.000107597326,
    "XOF": 0.004519632208,
    "YER": 0.01080384033,
    "ZMW": 0.1041063071,
    "ZWL": null,
    "AFN": 0.03809787486004226,
    "ALL": 0.029502282863931254,
    "DZD": 0.02007845960069002,
    "AOA": 0.003068371291050473,
    "ARS": 0.002890337331793145,
    "AMD": 0.006967283926915617,
    "AWG": 1.5026496070255722,
    "AUD": 1.7636042491372874,
    "AZN": 1.5910407603800176,
    "BSD": 2.704063532176034,
    "BHD": 7.175255625836307,
    "BDT": 0.023012908688402858,
    "BBD": 1.3392015463055298,
    "BYN": 0.8262316540043043,
    "BZD": 1.3414551405715576,
    "BMD": 2.70476929264603,
    "BTN": 0.032208909844247555,
    "BOB": 0.3912891310681317,
    "BAM": 1.5081249385003614,
    "BWP": 0.1987443351586643,
    "BRL": 0.47984978690139674,
    "BND": 2.0372546557493716,
    "BGN": 1.5101947076321967,
    "BIF": 0.0009375283514433029,
    "CVE": 0.026726969294921243,
    "KHR": 0.0006572950895589176,
    "XAF": 0.004496541097812775,
    "CAD": 1.961157285079804,
    "KYD": 3.244488298967086,
    "CLP": 0.002865312767644926,
    "CNY": 0.37792998173768255,
    "COP": 0.0006537633374953106,
    "KMF": 0.0060172843013566145,
    "CDF": 0.0009424283249637735,
    "CRC": 0.005113716239302918,
    "HRK": null,
    "CUP": 0.11266581272425105,
    "CZK": 0.11692709666439258,
    "DKK": 0.39598814322322656,
    "DJF": 0.015184371354226268,
    "DOP": 0.04545830743942907,
    "EGP": 0.054974650427289065,
    "ERN": null,
    "ETB": 0.03367113520364938,
    "EUR": 2.954966288352793,
    "FJD": 1.2003591589838158,
    "GMD": 0.038917543779079564,
    "GEL": 1
  }
}