{
  "meta": {
    "code": "GEL",
    "createdAt": "2024-07-31T18:35:25Z"
  },
  "data": {
    "GHS": 0.17459806890000001,
    "GIP": null,
    "GTQ": 0.3506284035,
    "GNF": 0.0003149651952,
    "GYD": 0.01300628895,
    "HTG": 0.02056004883,
    "HNL": 0.10935949410000001,
    "HKD": 0.3475088685,
    "HUF": 0.00745161072,
    "ISK": 0.01961988722,
    "INR": 0.0324386028,
    "IDR": 0.000166892136,
    "IRR": 0.00006448165182,
    "IQD": null,
    "ILS": 0.7219928367,
    "JMD": 0.01735497775,
    "JPY": 0.01802023149,
    "JOD": 3.83100618,
    "KZT": 0.00571932126,
    "KES": 0.021046511389999998,
    "KWD": 8.884427535,
    "KGS": 0.03230988736,
    "LAK": 0.0001222972971,
    "LBP": null,
    "LSL": 0.14884868310000002,
    "LRD": 0.013894837859999998,
    "LYD": null,
    "MOP": 0.3376870845,
    "MKD": 0.047760135149999994,
    "MGA": 0.0005947426057,
    "MWK": 0.001564390656,
    "MYR": 0.590924094,
    "MVR": 0.1767653149,
    "MRU": 0.06821608002,
    "MUR": 0.058226107199999995,
    "MXN": 0.14633839140000002,
    "MDL": 0.1534771852,
    "MNT": null,
    "MAD": 0.27326252370000004,
    "MZN": 0.042508972199999995,
    "MMK": 0.0008359422555000001,
    "NAD": 0.148930334,
    "NPR": 0.02029119867,
    "ANG": 1.5079571550000002,
    "TWD": 0.083026329,
    "NZD": 1.6144476,
    "NIO": 0.07367706903,
    "NGN": 0.001634488589,
    "KPW": null,
    "NOK": 0.248251455,
    "OMR": 7.05282066,
    "PKR": null,
    "PAB": 2.7174109200000003,
    "PGK": 0.6906639358000001,
    "PYG": 0.000358458192,
    "PEN": 0.7268103327000001,
    "PHP": null,
    "PLN": 0.6846972075000001,
    "QAR": 0.7457771055,
    "RON": 0.5902051620000001,
    "RUB": 0.03193926,
    "RWF": null,
    "SHP": 3.48185175,
    "WST": null,
    "STN": null,
    "SAR": 0.7236584077,
    "RSD": 0.025096828209999998,
    "SCR": 0.2010764023,
    "SLL": null,
    "SGD": 2.0295197860000003,
    "SBD": 0.323085,
    "SOS": 0.004754815881,
    "ZAR": 0.1489777786,
    "KRW": 0.00197921328,
    "SSP": null,
    "LKR": 0.008979099585,
    "SDG": 0.004513715464,
    "SRD": 0.09368045054999999,
    "SZL": 0.1490120745,
    "SEK": 0.2534375665,
    "CHF": 3.0834743700000002,
    "SYP": null,
    "TJS": 0.2562507952,
    "TZS": 0.001005453552,
    "THB": 0.07630692119999999,
    "TOP": 1.1383995,
    "TTD": 0.400575987,
    "TND": 0.877364196,
    "TRY": 0.0819528723,
    "TMT": 0.7771416,
    "UGX": 0.000729985308,
    "UAH": 0.0662300901,
    "AED": 0.739177755,
    "GBP": 3.4866573,
    "USD": 2.715,
    "UYU": 0.0674171967,
    "UZS": 0.0002158187573,
    "VUV": null,
    "VES": 0.07424734934999999,
    "VND": 0.00010752486,
    "XOF": 0.004495033006,
    "YER": 0.010844869299999999,
    "ZMW": 0.1041602419,
    "ZWL": null,
    "AFN": 0.03850736859869725,
    "ALL": 0.02925398153241548,
    "DZD": 0.02016101580352332,
    "AOA": 0.0030937544002372155,
    "ARS": 0.00291672748967113,
    "AMD": 0.0069950257329753985,
    "AWG": 1.5082052701156425,
    "AUD": 1.7737505017020034,
    "AZN": 1.5969232271812686,
    "BSD": 2.7157343868302863,
    "BHD": 7.20310087903236,
    "BDT": 0.023112230142840248,
    "BBD": 1.345016642678427,
    "BYN": 0.8299587941891869,
    "BZD": 1.3472955206449118,
    "BMD": 2.7147694862081564,
    "BTN": 0.032458654582886035,
    "BOB": 0.39299427668011977,
    "BAM": 1.5042207565741985,
    "BWP": 0.20069279908850274,
    "BRL": 0.48050718386637853,
    "BND": 2.0286542688713634,
    "BGN": 1.5007390931430995,
    "BIF": 0.0009434472589013996,
    "CVE": 0.026517894862692123,
    "KHR": 0.000660929881218574,
    "XAF": 0.004484981284002673,
    "CAD": 1.9663337157748193,
    "KYD": 3.25870073340221,
    "CLP": 0.002879017430873994,
    "CNY": 0.3760537305690574,
    "COP": 0.0006694043860141171,
    "KMF": 0.005957034367786132,
    "CDF": 0.0009475635204915032,
    "CRC": 0.005177675110877635,
    "HRK": null,
    "CUP": 0.11315212255734147,
    "CZK": 0.11551227497485439,
    "DKK": 0.3935589281562541,
    "DJF": 0.015250400174236919,
    "DOP": 0.04568396275689127,
    "EGP": 0.05590719413377172,
    "ERN": null,
    "ETB": 0.04689906078637075,
    "EUR": 2.936616153586667,
    "FJD": 1.2020498511395228,
    "GMD": 0.03906143145623247,
    "GEL": 1
  }
}