{
  "meta": {
    "code": "GEL",
    "createdAt": "2024-08-01T10:04:21Z"
  },
  "data": {
    "GHS": 0.1745051317,
    "GIP": null,
    "GTQ": 0.350330568,
    "GNF": 0.0003149651952,
    "GYD": 0.012995548409999998,
    "HTG": 0.02056004883,
    "HNL": 0.1094476773,
    "HKD": 0.347392395,
    "HUF": 0.00739462287,
    "ISK": null,
    "INR": 0.03242364315,
    "IDR": 0.0001670563935,
    "IRR": 0.00006448165182,
    "IQD": 0.002072455339,
    "ILS": 0.7158567195000001,
    "JMD": 0.01735497775,
    "JPY": 0.018100362,
    "JOD": 3.831546465,
    "KZT": 0.00571932126,
    "KES": 0.0209652509,
    "KWD": 8.88328995,
    "KGS": 0.03230988736,
    "LAK": 0.0001222972971,
    "LBP": 0.0000302453715,
    "LSL": 0.14884868310000002,
    "LRD": 0.013534565229999998,
    "LYD": 0.5615304994,
    "MOP": 0.3374003805,
    "MKD": 0.0477196002,
    "MGA": 0.0005947426057,
    "MWK": 0.001564390656,
    "MYR": 0.5942220045000001,
    "MVR": 0.1767653149,
    "MRU": 0.06821608002,
    "MUR": 0.058226107199999995,
    "MXN": null,
    "MDL": 0.1536147,
    "MNT": null,
    "MAD": 0.27381670950000003,
    "MZN": 0.042508972199999995,
    "MMK": 0.0008359422555000001,
    "NAD": 0.148930334,
    "NPR": 0.02029119867,
    "ANG": 1.5079571550000002,
    "TWD": 0.08281731200999999,
    "NZD": 1.6135109250000002,
    "NIO": 0.07361713539999999,
    "NGN": 0.001634488589,
    "KPW": null,
    "NOK": 0.24898586250000002,
    "OMR": null,
    "PKR": 0.009731182549,
    "PAB": 2.7151058850000003,
    "PGK": 0.6908396778,
    "PYG": 0.000358458192,
    "PEN": 0.72764715,
    "PHP": 0.04656748995,
    "PLN": 0.681297756,
    "QAR": null,
    "RON": 0.588108639,
    "RUB": 0.031666674,
    "RWF": 0.002060721055,
    "SHP": 3.48185175,
    "WST": null,
    "STN": null,
    "SAR": 0.7235861073000001,
    "RSD": 0.025003913859999997,
    "SCR": 0.2002625268,
    "SLL": 0.00014203211750000002,
    "SGD": 2.0285945140000003,
    "SBD": null,
    "SOS": null,
    "ZAR": 0.1489646652,
    "KRW": 0.001985599774,
    "SSP": null,
    "LKR": 0.008979099585,
    "SDG": 0.004513715464,
    "SRD": 0.09368045054999999,
    "SZL": 0.1490120745,
    "SEK": 0.2538360471,
    "CHF": 3.0958873500000004,
    "SYP": null,
    "TJS": 0.2560332423,
    "TZS": 0.001005555554,
    "THB": 0.07623516375,
    "TOP": 1.1411145,
    "TTD": 0.400575987,
    "TND": 0.8719286031,
    "TRY": 0.08194741515,
    "TMT": 0.7771416,
    "UGX": 0.000729365745,
    "UAH": 0.0662300901,
    "AED": 0.7391758545,
    "GBP": 3.46404135,
    "USD": 2.715,
    "UYU": 0.0673863,
    "UZS": null,
    "VUV": null,
    "VES": 0.0741988866,
    "VND": 0.000107624772,
    "XOF": 0.004495033006,
    "YER": 0.010844869299999999,
    "ZMW": 0.1041602419,
    "ZWL": null,
    "AFN": 0.03850736859869725,
    "ALL": 0.029269751872864222,
    "DZD": 0.02013946361855219,
    "AOA": 0.003065804049924514,
    "ARS": 0.0029168493958569904,
    "AMD": 0.006987062893389153,
    "AWG": 1.5082052701156425,
    "AUD": 1.7716726834752712,
    "AZN": 1.5969232271812686,
    "BSD": 2.7157343868302863,
    "BHD": 7.202923142130586,
    "BDT": 0.023092609540194587,
    "BBD": 1.345016642678427,
    "BYN": 0.8299587941891869,
    "BZD": 1.3472955206449118,
    "BMD": 2.7147694862081564,
    "BTN": 0.032431096720023825,
    "BOB": 0.3926606132051611,
    "BAM": 1.502944130859585,
    "BWP": 0.20069279908850274,
    "BRL": null,
    "BND": 2.0286542688713634,
    "BGN": 1.4975939848977053,
    "BIF": 0.0009434472589013996,
    "CVE": 0.02665811851703598,
    "KHR": 0.000660929881218574,
    "XAF": 0.004484981284002673,
    "CAD": 1.9628363305625571,
    "KYD": 3.25870073340221,
    "CLP": 0.0028779492063653305,
    "CNY": 0.37474559121405426,
    "COP": 0.0006697346707399814,
    "KMF": 0.005957034367786132,
    "CDF": 0.0009475635204915032,
    "CRC": 0.005177675110877635,
    "HRK": null,
    "CUP": 0.11315212255734147,
    "CZK": 0.1148403936759105,
    "DKK": 0.3921530214909134,
    "DJF": 0.015250400174236919,
    "DOP": 0.04568396275689127,
    "EGP": null,
    "ERN": null,
    "ETB": 0.04689906078637075,
    "EUR": 2.9263126262283055,
    "FJD": 1.20231603282007,
    "GMD": 0.03906143145623247,
    "GEL": 1
  }
}