{
  "meta": {
    "code": "GEL",
    "createdAt": "2024-08-12T13:33:33Z"
  },
  "data": {
    "GHS": 0.172672983,
    "GIP": null,
    "GTQ": 0.347204756,
    "GNF": 0.000311991311,
    "GYD": 0.01288142546,
    "HTG": 0.02040573744,
    "HNL": 0.10861663170000001,
    "HKD": 0.345299429,
    "HUF": 0.00748171045,
    "ISK": 0.019451876349999998,
    "INR": 0.032041665999999996,
    "IDR": 0.0001685009651,
    "IRR": 0.00006390687069,
    "IQD": 0.002053779492,
    "ILS": 0.7144984320000001,
    "JMD": 0.01711198039,
    "JPY": 0.018153413889999997,
    "JOD": 3.79519457,
    "KZT": 0.0056050992,
    "KES": 0.020852712949999998,
    "KWD": 8.780353680000001,
    "KGS": 0.031498826689999995,
    "LAK": 0.00012141046000000001,
    "LBP": 0.000030032236,
    "LSL": 0.1475378651,
    "LRD": null,
    "LYD": 0.559768825,
    "MOP": 0.335138761,
    "MKD": 0.0477533911,
    "MGA": 0.0005888272810000001,
    "MWK": 0.001550934564,
    "MYR": 0.603680654,
    "MVR": 0.1745785252,
    "MRU": 0.06781489731,
    "MUR": 0.0580010806,
    "MXN": 0.14285783000000002,
    "MDL": 0.1537066,
    "MNT": null,
    "MAD": 0.274148929,
    "MZN": 0.0420947878,
    "MMK": 0.000828244813,
    "NAD": 0.1475378651,
    "NPR": 0.0200217776,
    "ANG": 1.493187258,
    "TWD": 0.08286382255,
    "NZD": 1.6216934,
    "NIO": 0.0730716711,
    "NGN": 0.001691823878,
    "KPW": null,
    "NOK": 0.2499767665,
    "OMR": 6.98789639,
    "PKR": 0.00965325599,
    "PAB": 2.69065636,
    "PGK": 0.6930072150000001,
    "PYG": 0.00035549291500000003,
    "PEN": 0.721379452,
    "PHP": 0.0469823833,
    "PLN": 0.6826180853,
    "QAR": 0.7352424477,
    "RON": 0.5905727682,
    "RUB": 0.0296173842,
    "RWF": 0.002031422364,
    "SHP": 3.4349955000000003,
    "WST": null,
    "STN": null,
    "SAR": 0.7166235858000001,
    "RSD": 0.025119527729999997,
    "SCR": 0.19839484370000002,
    "SLL": 0.00014203211750000002,
    "SGD": 2.030502922,
    "SBD": 0.317151,
    "SOS": null,
    "ZAR": 0.1478884259,
    "KRW": 0.001961921372,
    "SSP": null,
    "LKR": 0.00898970831,
    "SDG": 0.004472152707,
    "SRD": 0.09343684064999999,
    "SZL": 0.1475812279,
    "SEK": 0.2557839008,
    "CHF": 3.0889350700000002,
    "SYP": null,
    "TJS": 0.2537436919,
    "TZS": null,
    "THB": 0.0762850375,
    "TOP": 1.1338350000000001,
    "TTD": 0.39570438,
    "TND": 0.871955161,
    "TRY": 0.080229788,
    "TMT": 0.7699856,
    "UGX": 0.0007210125360000001,
    "UAH": 0.0651195738,
    "AED": 0.73237133,
    "GBP": 3.4357433200000003,
    "USD": 2.69,
    "UYU": 0.0667249927,
    "UZS": 0.000212734077,
    "VUV": null,
    "VES": 0.07345733639999999,
    "VND": 0.000107043439,
    "XOF": 0.00448000401,
    "YER": 0.01074285394,
    "ZMW": 0.10274656750000001,
    "ZWL": null,
    "AFN": 0.03797987292183668,
    "ALL": 0.029405289747566083,
    "DZD": 0.01998621668553877,
    "AOA": 0.0030237943752188623,
    "ARS": 0.0028712991758882097,
    "AMD": 0.0069274844087386135,
    "AWG": 1.4942583868614043,
    "AUD": 1.774759055866524,
    "AZN": 1.5821559390297222,
    "BSD": 2.688863815389167,
    "BHD": 7.136790565014427,
    "BDT": 0.022885936388678953,
    "BBD": 1.3317573545861425,
    "BYN": 0.8216686951544104,
    "BZD": 1.3340189902795268,
    "BMD": 2.6896650963505278,
    "BTN": 0.03202599902370536,
    "BOB": 0.3891625001136013,
    "BAM": 1.502261266528012,
    "BWP": 0.19898255444331825,
    "BRL": 0.48965312344510187,
    "BND": 2.0299680950036305,
    "BGN": 1.5018384996287366,
    "BIF": 0.0009327248588302506,
    "CVE": 0.026647840081346644,
    "KHR": 0.0006559894779812524,
    "XAF": 0.004479221644866429,
    "CAD": 1.959040821939806,
    "KYD": 3.2266379978589903,
    "CLP": 0.0028919575258684028,
    "CNY": 0.37466778530627853,
    "COP": 0.0006623436828008868,
    "KMF": 0.005963119604375208,
    "CDF": 0.0009384735158236316,
    "CRC": null,
    "HRK": null,
    "CUP": 0.11203945514766595,
    "CZK": 0.11684036039750338,
    "DKK": 0.3938004716343472,
    "DJF": 0.015100874592793327,
    "DOP": 0.045035605947192074,
    "EGP": 0.0545594143155992,
    "ERN": null,
    "ETB": 0.026076872332172003,
    "EUR": 2.9389144296422964,
    "FJD": null,
    "GMD": 0.03870021721367666,
    "GEL": 1
  }
}