{
  "meta": {
    "code": "GEL",
    "createdAt": "2024-08-22T14:04:19Z"
  },
  "data": {
    "GHS": 0.1735463891,
    "GIP": null,
    "GTQ": null,
    "GNF": 0.0003136125605,
    "GYD": 0.012943376309999999,
    "HTG": 0.020493426239999998,
    "HNL": 0.1091251641,
    "HKD": null,
    "HUF": 0.007634491915,
    "ISK": 0.01974308439,
    "INR": 0.032220093549999995,
    "IDR": 0.0001728595085,
    "IRR": 0.0000642632287,
    "IQD": 0.002064163319,
    "ILS": 0.7279298365,
    "JMD": 0.017261145999999998,
    "JPY": 0.018482724,
    "JOD": 3.81689566,
    "KZT": 0.00563834528,
    "KES": 0.02095521302,
    "KWD": 8.849055850000001,
    "KGS": 0.031638572649999995,
    "LAK": 0.0001224561615,
    "LBP": 0.000030184013,
    "LSL": 0.150558677,
    "LRD": 0.01386116793,
    "LYD": 0.5655543670000001,
    "MOP": 0.3367511305,
    "MKD": 0.04880563875,
    "MGA": 0.0005933222740000001,
    "MWK": 0.001558831719,
    "MYR": 0.6178623045,
    "MVR": 0.1757709,
    "MRU": 0.06825748850999999,
    "MUR": 0.05876820785,
    "MXN": 0.1391411425,
    "MDL": 0.156092025,
    "MNT": null,
    "MAD": 0.2800472975,
    "MZN": 0.0423327631,
    "MMK": 0.0008328632785000001,
    "NAD": 0.150558677,
    "NPR": 0.02012728555,
    "ANG": 1.500712089,
    "TWD": 0.0845249203,
    "NZD": 1.66078885,
    "NIO": 0.07343520475,
    "NGN": 0.001716828064,
    "KPW": null,
    "NOK": 0.25558463000000003,
    "OMR": 7.02696244,
    "PKR": 0.00970167726,
    "PAB": 2.7044554830000003,
    "PGK": 0.684990937,
    "PYG": 0.00035643785,
    "PEN": 0.7209298375000001,
    "PHP": 0.047902953199999994,
    "PLN": 0.701846874,
    "QAR": 0.7412559108,
    "RON": null,
    "RUB": 0.029385794549999997,
    "RWF": null,
    "SHP": 3.53908675,
    "WST": null,
    "STN": null,
    "SAR": 0.7208978914,
    "RSD": null,
    "SCR": 0.20041490520000002,
    "SLL": 0.00014203211750000002,
    "SGD": 2.065555582,
    "SBD": 0.316485,
    "SOS": 0.00474811896,
    "ZAR": 0.15027903410000001,
    "KRW": 0.002017700886,
    "SSP": null,
    "LKR": 0.0089764343,
    "SDG": 0.004497090361,
    "SRD": null,
    "SZL": 0.1505854565,
    "SEK": 0.26407324730000004,
    "CHF": 3.1717071750000003,
    "SYP": null,
    "TJS": 0.2535892326,
    "TZS": 0.0009955833379,
    "THB": 0.0784399146,
    "TOP": 1.1520595,
    "TTD": 0.39833261950000004,
    "TND": 0.8909629185,
    "TRY": 0.07977723954999999,
    "TMT": 0.773266989,
    "UGX": 0.0007275879245,
    "UAH": null,
    "AED": 0.7364551850000001,
    "GBP": 3.5434823750000004,
    "USD": 2.705,
    "UYU": 0.06704342499999999,
    "UZS": 0.0002137677645,
    "VUV": null,
    "VES": 0.07390230415,
    "VND": 0.00010831929050000001,
    "XOF": 0.004592697775,
    "YER": 0.010804925029999999,
    "ZMW": 0.10386107180000001,
    "ZWL": null,
    "AFN": 0.03810197511955579,
    "ALL": 0.030159882116385053,
    "DZD": 0.020169191770177754,
    "AOA": 0.0030036305308742215,
    "ARS": 0.002861419718184518,
    "AMD": 0.006971054877953685,
    "AWG": 1.5026496070255722,
    "AUD": 1.816035851870335,
    "AZN": 1.5910407603800176,
    "BSD": 2.702620709573002,
    "BHD": 7.179003600332045,
    "BDT": 0.02261698109606113,
    "BBD": 1.3385805345827586,
    "BYN": 0.8258648407473347,
    "BZD": 1.340844666851708,
    "BMD": 2.70476929264603,
    "BTN": 0.03219682488809104,
    "BOB": 0.39110994072938876,
    "BAM": 1.540216339400038,
    "BWP": 0.20243051796561412,
    "BRL": 0.4873809450683814,
    "BND": 2.067069946101331,
    "BGN": 1.5408542316720677,
    "BIF": 0.0009357133594382639,
    "CVE": 0.027319237959941053,
    "KHR": 0.0006616170649640433,
    "XAF": 0.004592286157841513,
    "CAD": 1.9881723373166973,
    "KYD": 3.243291591078648,
    "CLP": 0.0029393276386905478,
    "CNY": 0.37875026859927485,
    "COP": 0.0006666377381442326,
    "KMF": 0.006120772332665534,
    "CDF": 0.000940462202601188,
    "CRC": 0.005139638684078942,
    "HRK": null,
    "CUP": 0.11262879682532921,
    "CZK": 0.1198869417465232,
    "DKK": 0.40290973205246144,
    "DJF": 0.015177750790623836,
    "DOP": 0.0452373590636242,
    "EGP": 0.05541322315160141,
    "ERN": null,
    "ETB": 0.024738524807611715,
    "EUR": 3.006451687482624,
    "FJD": 1.2197931328186231,
    "GMD": 0.038917543779079564,
    "GEL": 1
  }
}