{
  "meta": {
    "code": "GEL",
    "createdAt": "2024-08-26T08:06:23Z"
  },
  "data": {
    "GHS": 0.173338627,
    "GIP": null,
    "GTQ": 0.350499842,
    "GNF": 0.000314696767,
    "GYD": 0.012990099429999999,
    "HTG": 0.020582421089999997,
    "HNL": 0.1095170114,
    "HKD": 0.3456705637,
    "HUF": 0.00762769084,
    "ISK": 0.01975951308,
    "INR": 0.0321273645,
    "IDR": 0.000174489931,
    "IRR": 0.00006402565669,
    "IQD": 0.002071590444,
    "ILS": 0.7369814375,
    "JMD": 0.017323656729999998,
    "JPY": null,
    "JOD": null,
    "KZT": 0.00561253154,
    "KES": 0.02093203858,
    "KWD": 8.824780195,
    "KGS": 0.03157967312,
    "LAK": 0.0001228410645,
    "LBP": 0.000030292339,
    "LSL": 0.15119995660000002,
    "LRD": 0.01391150834,
    "LYD": 0.567654318,
    "MOP": 0.33780962600000003,
    "MKD": 0.04891697195,
    "MGA": 0.000593962908,
    "MWK": 0.00156437716,
    "MYR": 0.61968291,
    "MVR": 0.1755774713,
    "MRU": 0.06819140442999999,
    "MUR": 0.058806597849999996,
    "MXN": 0.140396025,
    "MDL": 0.15466605,
    "MNT": null,
    "MAD": 0.2815598555,
    "MZN": 0.04217963365,
    "MMK": 0.0008297843015000001,
    "NAD": 0.15116416700000002,
    "NPR": 0.020213136019999998,
    "ANG": 1.5051989220000002,
    "TWD": 0.08467919075,
    "NZD": 1.6733659250000001,
    "NIO": 0.0737080344,
    "NGN": 0.001716757311,
    "KPW": null,
    "NOK": 0.25677555750000003,
    "OMR": 7.00079072,
    "PKR": 0.00973894306,
    "PAB": 2.713953935,
    "PGK": 0.6870387755,
    "PYG": 0.0003572262925,
    "PEN": 0.724512481,
    "PHP": 0.04812070725,
    "PLN": 0.703919986,
    "QAR": 0.743953133,
    "RON": 0.6056554350000001,
    "RUB": 0.029176910839999997,
    "RWF": null,
    "SHP": 3.5590170000000003,
    "WST": null,
    "STN": null,
    "SAR": 0.718254664,
    "RSD": 0.02574783353,
    "SCR": 0.2011650949,
    "SLL": 0.00014203211750000002,
    "SGD": 2.068724581,
    "SBD": 0.3188185,
    "SOS": 0.004765409495,
    "ZAR": 0.1512676819,
    "KRW": 0.00203384077,
    "SSP": null,
    "LKR": 0.00904790194,
    "SDG": 0.004480465258,
    "SRD": 0.09367722171,
    "SZL": 0.15120726,
    "SEK": 0.2647800309,
    "CHF": 3.18374903,
    "SYP": null,
    "TJS": null,
    "TZS": 0.0009944649445,
    "THB": 0.07928455535,
    "TOP": 1.1515735,
    "TTD": 0.3997436905,
    "TND": 0.8890601258,
    "TRY": 0.0792149974,
    "TMT": 0.7714168,
    "UGX": 0.0007302808590000001,
    "UAH": 0.0657364939,
    "AED": 0.7337576785000001,
    "GBP": 3.5557830000000004,
    "USD": 2.695,
    "UYU": 0.066768625,
    "UZS": 0.000214001865,
    "VUV": null,
    "VES": 0.07374875585,
    "VND": 0.000108363794,
    "XOF": 0.00459850006,
    "YER": 0.01076712329,
    "ZMW": 0.1033200206,
    "ZWL": null,
    "AFN": 0.03829626562467532,
    "ALL": 0.03007751771564891,
    "DZD": 0.02008777083091952,
    "AOA": 0.0029795467431675943,
    "ARS": 0.0028486433120726387,
    "AMD": 0.006991936219535432,
    "AWG": 1.4972222380179168,
    "AUD": 1.8258228296253407,
    "AZN": 1.585294134371912,
    "BSD": 2.712386192649079,
    "BHD": 7.151115475757891,
    "BDT": 0.022698081410871304,
    "BBD": 1.3433816097884952,
    "BYN": 0.8289531717149694,
    "BZD": 1.3456590803304123,
    "BMD": 2.69500002843225,
    "BTN": 0.03233559662968262,
    "BOB": null,
    "BAM": 1.542258616188802,
    "BWP": 0.20302724422184154,
    "BRL": 0.4911097722738424,
    "BND": 2.0732464601947123,
    "BGN": null,
    "BIF": 0.0009390870218511652,
    "CVE": 0.027355205752156816,
    "KHR": 0.0006640540275525551,
    "XAF": 0.0045981062203855495,
    "CAD": 1.9947579850658836,
    "KYD": 3.2547898512710107,
    "CLP": 0.0029648678962964493,
    "CNY": 0.37843619129799455,
    "COP": 0.0006696740635057741,
    "KMF": null,
    "CDF": 0.0009556737691302691,
    "CRC": null,
    "HRK": null,
    "CUP": 0.11302184006742688,
    "CZK": 0.1203612680628466,
    "DKK": 0.403867938234208,
    "DJF": 0.01523236542919427,
    "DOP": 0.045396139895225146,
    "EGP": 0.05518018401545153,
    "ERN": null,
    "ETB": 0.024827513925613526,
    "EUR": 3.013288043718497,
    "FJD": 1.2217570469010897,
    "GMD": 0.038500000406175,
    "GEL": 1
  }
}