{
  "meta": {
    "code": "GEL",
    "createdAt": "2024-08-02T18:35:24Z"
  },
  "data": {
    "GHS": 0.1742765255,
    "GIP": null,
    "GTQ": 0.350067773,
    "GNF": 0.0003143851488,
    "GYD": 0.01298663978,
    "HTG": 0.020596842809999998,
    "HNL": 0.1091580954,
    "HKD": 0.347162111,
    "HUF": 0.0074323294699999995,
    "ISK": 0.01965477201,
    "INR": 0.0323427389,
    "IDR": 0.000167693445,
    "IRR": 0.00006436290108,
    "IQD": 0.0020687022659999998,
    "ILS": 0.7131672585000001,
    "JMD": 0.01733280228,
    "JPY": 0.018465126999999998,
    "JOD": 3.82395092,
    "KZT": 0.00571323284,
    "KES": 0.02084615359,
    "KWD": 8.87937191,
    "KGS": 0.03225038481,
    "LAK": null,
    "LBP": 0.00003026242095,
    "LSL": 0.1482494524,
    "LRD": 0.013872863979999999,
    "LYD": 0.5610765843000001,
    "MOP": 0.337216953,
    "MKD": 0.047643398899999995,
    "MGA": 0.0005936473155,
    "MWK": 0.001564213544,
    "MYR": 0.593127673,
    "MVR": 0.1765547114,
    "MRU": 0.0681246846,
    "MUR": 0.05799446069999999,
    "MXN": 0.1418414,
    "MDL": 0.15337245,
    "MNT": null,
    "MAD": 0.2727318255,
    "MZN": 0.0424143997,
    "MMK": 0.000834402767,
    "NAD": 0.1482494524,
    "NPR": 0.020242090259999998,
    "ANG": 1.5054169240000002,
    "TWD": 0.08297792359999999,
    "NZD": 1.6168402000000002,
    "NIO": 0.07352143008999999,
    "NGN": 0.001675911994,
    "KPW": null,
    "NOK": 0.24736338000000002,
    "OMR": 7.039620660000001,
    "PKR": 0.009715002578,
    "PAB": 2.71288615,
    "PGK": 0.6896814771,
    "PYG": 0.00035810780100000003,
    "PEN": 0.7248411797000001,
    "PHP": 0.046812973599999995,
    "PLN": 0.689003679,
    "QAR": 0.7443015000000001,
    "RON": 0.5944807489,
    "RUB": 0.0316960516,
    "RWF": 0.0020553659229999998,
    "SHP": 3.4518625000000003,
    "WST": null,
    "STN": null,
    "SAR": 0.7219102876,
    "RSD": 0.02527961468,
    "SCR": 0.1998613347,
    "SLL": 0.00014203211750000002,
    "SGD": 2.0429706270000003,
    "SBD": 0.31978,
    "SOS": 0.004746059314,
    "ZAR": 0.14847485670000002,
    "KRW": 0.001994716367,
    "SSP": null,
    "LKR": 0.00898174216,
    "SDG": 0.004505402913,
    "SRD": 0.09395693847,
    "SZL": 0.1482494524,
    "SEK": 0.2563446452,
    "CHF": 3.15401453,
    "SYP": null,
    "TJS": 0.256437002,
    "TZS": 0.001003703702,
    "THB": 0.0768140557,
    "TOP": 1.137929,
    "TTD": 0.40057052000000004,
    "TND": 0.871807,
    "TRY": 0.0816633839,
    "TMT": 0.773492265,
    "UGX": 0.000727902206,
    "UAH": 0.06572121269999999,
    "AED": 0.7378164700000001,
    "GBP": 3.472052,
    "USD": 2.71,
    "UYU": 0.0669912,
    "UZS": 0.000215079364,
    "VUV": null,
    "VES": 0.0740457636,
    "VND": null,
    "XOF": 0.004464579744,
    "YER": 0.010824889039999999,
    "ZMW": 0.1047923125,
    "ZWL": null,
    "AFN": 0.03843500729339815,
    "ALL": 0.02919271724647049,
    "DZD": 0.02018991285375825,
    "AOA": 0.0030844257422907896,
    "ARS": 0.0029034749685306793,
    "AMD": 0.006986381372734487,
    "AWG": 1.5053711189914278,
    "AUD": 1.7672731445368415,
    "AZN": 1.5939223612850413,
    "BSD": 2.7108070957097636,
    "BHD": 7.188886091373804,
    "BDT": 0.023072884457797215,
    "BBD": 1.3426887163988732,
    "BYN": 0.8285820656239018,
    "BZD": null,
    "BMD": 2.70966801418457,
    "BTN": 0.03237862846995957,
    "BOB": 0.3923439275600874,
    "BAM": 1.5002859830888247,
    "BWP": 0.20035091691497703,
    "BRL": 0.47459768365035404,
    "BND": 2.036219092767189,
    "BGN": 1.5117161276537876,
    "BIF": 0.0009416743757074853,
    "CVE": 0.026709393933429647,
    "KHR": 0.0006592866214560998,
    "XAF": 0.004473125134744787,
    "CAD": 1.9551896546898626,
    "KYD": 3.253479265846677,
    "CLP": 0.002847157237321403,
    "CNY": 0.378476969419425,
    "COP": 0.0006550233913863993,
    "KMF": 0.0059704043521783155,
    "CDF": 0.0009424932227692147,
    "CRC": 0.005179770602535889,
    "HRK": null,
    "CUP": 0.11296246869986494,
    "CZK": 0.11676583703831458,
    "DKK": 0.39637397924103135,
    "DJF": 0.015246837803933608,
    "DOP": 0.04554063889385832,
    "EGP": 0.05567738531479888,
    "ERN": null,
    "ETB": 0.046810930201658135,
    "EUR": 2.957345718291848,
    "FJD": 1.202533179963903,
    "GMD": 0.03843500729339815,
    "GEL": 1
  }
}