{
  "meta": {
    "code": "GEL",
    "createdAt": "2024-08-07T08:05:12Z"
  },
  "data": {
    "GHS": 0.1745160775,
    "GIP": null,
    "GTQ": null,
    "GNF": 0.00031447707850000003,
    "GYD": 0.01298167911,
    "HTG": 0.020540593319999998,
    "HNL": 0.10951311520000001,
    "HKD": 0.3469868505,
    "HUF": 0.007421851865,
    "ISK": 0.019573082449999998,
    "INR": 0.0322143319,
    "IDR": 0.00016872816200000002,
    "IRR": 0.0000642632287,
    "IQD": 0.002069839761,
    "ILS": 0.712611151,
    "JMD": 0.01728631873,
    "JPY": 0.01844228425,
    "JOD": 3.8163573650000004,
    "KZT": 0.00566739157,
    "KES": 0.02088803082,
    "KWD": 8.85381124,
    "KGS": null,
    "LAK": 0.0001223755525,
    "LBP": 0.0000302659745,
    "LSL": 0.1463004389,
    "LRD": 0.013517767909999999,
    "LYD": null,
    "MOP": null,
    "MKD": 0.04796973424,
    "MGA": 0.0005967303035,
    "MWK": 0.001563050708,
    "MYR": 0.602248774,
    "MVR": 0.1755520114,
    "MRU": 0.06842414085,
    "MUR": 0.05826166955,
    "MXN": 0.13974706250000002,
    "MDL": 0.1536981,
    "MNT": null,
    "MAD": null,
    "MZN": 0.0423392551,
    "MMK": null,
    "NAD": 0.1463004389,
    "NPR": 0.02018083103,
    "ANG": 1.5047869010000001,
    "TWD": null,
    "NZD": 1.626124275,
    "NIO": 0.07364638409999999,
    "NGN": 0.001697041936,
    "KPW": null,
    "NOK": 0.24928739,
    "OMR": 7.0268434200000005,
    "PKR": 0.00972584914,
    "PAB": null,
    "PGK": 0.689396841,
    "PYG": 0.00035801811100000003,
    "PEN": 0.7279996255000001,
    "PHP": 0.0470107901,
    "PLN": 0.68471665,
    "QAR": 0.740936315,
    "RON": 0.5934756475,
    "RUB": 0.031582606199999995,
    "RWF": 0.002042422152,
    "SHP": 3.4362967500000003,
    "WST": null,
    "STN": null,
    "SAR": 0.720520571,
    "RSD": 0.025237681909999997,
    "SCR": 0.2051665137,
    "SLL": 0.00014203211750000002,
    "SGD": 2.038339225,
    "SBD": 0.3178375,
    "SOS": 0.00476214168,
    "ZAR": 0.1472501644,
    "KRW": 0.001968274856,
    "SSP": null,
    "LKR": 0.008970778145,
    "SDG": 0.004497090361,
    "SRD": 0.09420163581999999,
    "SZL": 0.1463452878,
    "SEK": 0.2584543374,
    "CHF": 3.1596239400000004,
    "SYP": null,
    "TJS": 0.2568065055,
    "TZS": 0.001004057048,
    "THB": 0.07606863045,
    "TOP": 1.1369115,
    "TTD": 0.3995843041,
    "TND": 0.8773730797,
    "TRY": 0.08050547964999999,
    "TMT": 0.7742792000000001,
    "UGX": 0.0007277464375,
    "UAH": 0.06609004774999999,
    "AED": 0.736450316,
    "GBP": 3.4350118750000003,
    "USD": 2.705,
    "UYU": 0.06655652499999999,
    "UZS": 0.0002151916765,
    "VUV": null,
    "VES": 0.07386995234999999,
    "VND": 0.00010751184800000001,
    "XOF": 0.00450715215,
    "YER": 0.010804925029999999,
    "ZMW": 0.10434115520000001,
    "ZWL": null,
    "AFN": 0.03818433855088667,
    "ALL": 0.029512145999919952,
    "DZD": 0.020077505729428968,
    "AOA": 0.003068371291050473,
    "ARS": 0.002891202100111844,
    "AMD": 0.0069887266325311965,
    "AWG": 1.5026496070255722,
    "AUD": 1.7705958434788407,
    "AZN": 1.5910407603800176,
    "BSD": 2.710150025037775,
    "BHD": 7.17555257893543,
    "BDT": 0.0230650309651881,
    "BBD": 1.34222267852663,
    "BYN": 0.8281030702262507,
    "BZD": 1.3444811142675275,
    "BMD": 2.70476929264603,
    "BTN": 0.03228201121832882,
    "BOB": 0.3921753820356091,
    "BAM": 1.5115273107741793,
    "BWP": 0.1991926517849879,
    "BRL": 0.47811940636004097,
    "BND": 2.041859264071867,
    "BGN": 1.5104038526521146,
    "BIF": 0.0009403242270846336,
    "CVE": 0.026810234679794015,
    "KHR": 0.0006595756345375994,
    "XAF": 0.0045067665460474925,
    "CAD": 1.9650184480146864,
    "KYD": 3.2518372556936863,
    "CLP": 0.002861947447090475,
    "CNY": 0.37675079295869646,
    "COP": 0.0006533653708168106,
    "KMF": null,
    "CDF": 0.0009424283249637735,
    "CRC": 0.005125252126143448,
    "HRK": null,
    "CUP": 0.11292103381956765,
    "CZK": 0.11686697600714006,
    "DKK": null,
    "DJF": 0.015218768299826966,
    "DOP": 0.045564814251895285,
    "EGP": 0.054951642348664516,
    "ERN": null,
    "ETB": 0.03367113520364938,
    "EUR": 2.953417513184916,
    "FJD": 1.2035907410067486,
    "GMD": 0.038917543779079564,
    "GEL": 1
  }
}