{
  "meta": {
    "code": "GEL",
    "createdAt": "2024-08-07T12:43:09Z"
  },
  "data": {
    "GHS": 0.1735432513,
    "GIP": null,
    "GTQ": 0.3492606735,
    "GNF": 0.00031392796350000003,
    "GYD": 0.012956595639999999,
    "HTG": 0.020550545019999998,
    "HNL": 0.10930761630000001,
    "HKD": 0.3469289635,
    "HUF": 0.0074157899599999995,
    "ISK": 0.01957025031,
    "INR": 0.032222501,
    "IDR": 0.000168615634,
    "IRR": 0.0000642632287,
    "IQD": null,
    "ILS": 0.7155425595,
    "JMD": 0.017288699129999998,
    "JPY": 0.018401574,
    "JOD": 3.8163573650000004,
    "KZT": 0.00566752682,
    "KES": 0.02088803082,
    "KWD": 8.843789215000001,
    "KGS": 0.03192222436,
    "LAK": 0.0001220487885,
    "LBP": 0.0000302118745,
    "LSL": 0.1476390082,
    "LRD": 0.01384260459,
    "LYD": 0.5636167755,
    "MOP": 0.337033262,
    "MKD": 0.0480152648,
    "MGA": 0.0005955996135,
    "MWK": 0.001560261312,
    "MYR": 0.6015792865,
    "MVR": 0.1755520114,
    "MRU": 0.06828314543,
    "MUR": 0.05826166955,
    "MXN": 0.1407397975,
    "MDL": 0.1523997,
    "MNT": null,
    "MAD": 0.275944083,
    "MZN": 0.0423392551,
    "MMK": 0.0008328632785000001,
    "NAD": 0.1476390082,
    "NPR": 0.02014064284,
    "ANG": 1.502109492,
    "TWD": 0.0829187454,
    "NZD": null,
    "NIO": 0.0735070766,
    "NGN": 0.001680347082,
    "KPW": null,
    "NOK": 0.250816659,
    "OMR": 7.027879435,
    "PKR": 0.00970575099,
    "PAB": 2.70692596,
    "PGK": 0.6879667075,
    "PYG": 0.00035773733200000004,
    "PEN": 0.7267964415,
    "PHP": 0.046899127699999994,
    "PLN": 0.683350625,
    "QAR": 0.7415694744,
    "RON": 0.5933709099000001,
    "RUB": 0.031437212449999995,
    "RWF": 0.002050669156,
    "SHP": 3.4362967500000003,
    "WST": null,
    "STN": null,
    "SAR": 0.7206125139,
    "RSD": 0.025231277019999998,
    "SCR": 0.1994992952,
    "SLL": 0.00014203211750000002,
    "SGD": 2.038332705,
    "SBD": 0.3178375,
    "SOS": 0.004753304445,
    "ZAR": 0.1474319675,
    "KRW": 0.0019669865989999998,
    "SSP": null,
    "LKR": 0.0089603125,
    "SDG": 0.004497090361,
    "SRD": 0.09420163581999999,
    "SZL": 0.147601057,
    "SEK": 0.2586876707,
    "CHF": 3.140761975,
    "SYP": null,
    "TJS": 0.2555044267,
    "TZS": 0.0010040251289999999,
    "THB": 0.07602269954999999,
    "TOP": 1.1369115,
    "TTD": 0.3987967975,
    "TND": 0.8802576105000001,
    "TRY": 0.08075907339999999,
    "TMT": 0.7742792000000001,
    "UGX": 0.0007263717565,
    "UAH": 0.06602826554999999,
    "AED": 0.736457349,
    "GBP": 3.4422639800000003,
    "USD": 2.705,
    "UYU": 0.06656899505,
    "UZS": 0.00021444834250000002,
    "VUV": null,
    "VES": 0.07386903265,
    "VND": 0.0001074904785,
    "XOF": 0.0045030676,
    "YER": 0.010804925029999999,
    "ZMW": null,
    "ZWL": null,
    "AFN": 0.038145000508038006,
    "ALL": 0.02949197933328314,
    "DZD": 0.020069371697891823,
    "AOA": 0.003068371291050473,
    "ARS": 0.00289130810761401,
    "AMD": 0.006975909249202302,
    "AWG": 1.5026496070255722,
    "AUD": 1.7761267500288098,
    "AZN": 1.5910407603800176,
    "BSD": 2.7052770736121907,
    "BHD": 7.1766777957251255,
    "BDT": 0.02302184063672799,
    "BBD": 1.33977800530656,
    "BYN": 0.8266043509705401,
    "BZD": 1.3420675025559279,
    "BMD": 2.70476929264603,
    "BTN": 0.03221878544115733,
    "BOB": 0.3915193146890392,
    "BAM": 1.5101441168238983,
    "BWP": 0.19964992168859597,
    "BRL": 0.4813099318012271,
    "BND": 2.0380482896885947,
    "BGN": 1.511469029032784,
    "BIF": 0.000938525758501572,
    "CVE": 0.026786073353027583,
    "KHR": 0.0006585374286471239,
    "XAF": 0.0045026432071289075,
    "CAD": 1.9681999752551205,
    "KYD": 3.246094894443723,
    "CLP": 0.002870086261461469,
    "CNY": 0.3766406212169392,
    "COP": 0.0006536179921958064,
    "KMF": 0.00600059743508219,
    "CDF": 0.0009424283249637735,
    "CRC": 0.005120703271652141,
    "HRK": null,
    "CUP": 0.11271764770216415,
    "CZK": null,
    "DKK": 0.39569038032415593,
    "DJF": 0.015191961855563983,
    "DOP": 0.04546006471967574,
    "EGP": 0.05497286269580579,
    "ERN": null,
    "ETB": 0.03367113520364938,
    "EUR": 2.9527726697623926,
    "FJD": 1.2049580312195933,
    "GMD": 0.038917543779079564,
    "GEL": 1
  }
}