{
  "meta": {
    "code": "GEL",
    "createdAt": "2024-08-26T11:05:01Z"
  },
  "data": {
    "GHS": 0.173338627,
    "GIP": null,
    "GTQ": 0.350499842,
    "GNF": 0.000314696767,
    "GYD": 0.012990099429999999,
    "HTG": 0.020582421089999997,
    "HNL": 0.1095170114,
    "HKD": 0.3457094795,
    "HUF": 0.00761843082,
    "ISK": 0.01971614594,
    "INR": 0.03212270215,
    "IDR": 0.0001744675625,
    "IRR": 0.00006402565669,
    "IQD": 0.002071590444,
    "ILS": null,
    "JMD": 0.017323656729999998,
    "JPY": 0.01871232825,
    "JOD": 3.80278514,
    "KZT": 0.00561253154,
    "KES": 0.02089147264,
    "KWD": 8.82360787,
    "KGS": 0.03157967312,
    "LAK": 0.0001228410645,
    "LBP": 0.000030292339,
    "LSL": 0.15119995660000002,
    "LRD": 0.01391150834,
    "LYD": 0.567654318,
    "MOP": 0.33780962600000003,
    "MKD": 0.04891697195,
    "MGA": 0.000593962908,
    "MWK": 0.00156437716,
    "MYR": 0.6198966235000001,
    "MVR": null,
    "MRU": 0.06819140442999999,
    "MUR": 0.05847468165,
    "MXN": 0.14065205,
    "MDL": 0.15466605,
    "MNT": null,
    "MAD": 0.2815598555,
    "MZN": 0.04217963365,
    "MMK": 0.0008297843015000001,
    "NAD": 0.15116416700000002,
    "NPR": 0.020213136019999998,
    "ANG": null,
    "TWD": 0.08467787019999999,
    "NZD": 1.6733050180000002,
    "NIO": 0.0737080344,
    "NGN": 0.001708594318,
    "KPW": null,
    "NOK": 0.25578784,
    "OMR": 7.002070845,
    "PKR": 0.00973894306,
    "PAB": 2.713953935,
    "PGK": 0.6870387755,
    "PYG": 0.0003572262925,
    "PEN": 0.724512481,
    "PHP": 0.048058075449999994,
    "PLN": 0.7036642305,
    "QAR": 0.743953133,
    "RON": 0.605142846,
    "RUB": 0.029381536799999997,
    "RWF": 0.002049410594,
    "SHP": 3.5590170000000003,
    "WST": null,
    "STN": null,
    "SAR": 0.7182531279000001,
    "RSD": 0.025724976429999998,
    "SCR": 0.1987325609,
    "SLL": 0.00014203211750000002,
    "SGD": 2.069072775,
    "SBD": 0.3188185,
    "SOS": 0.004765409495,
    "ZAR": 0.1519816817,
    "KRW": null,
    "SSP": null,
    "LKR": 0.00904790194,
    "SDG": 0.004480465258,
    "SRD": 0.09367722171,
    "SZL": 0.15120726,
    "SEK": 0.2638379128,
    "CHF": 3.1843769650000002,
    "SYP": null,
    "TJS": 0.2552193028,
    "TZS": 0.0009944649445,
    "THB": 0.07932303995,
    "TOP": 1.1515735,
    "TTD": 0.3997436905,
    "TND": 0.8890601258,
    "TRY": 0.07924884659999999,
    "TMT": 0.7714168,
    "UGX": 0.0007302808590000001,
    "UAH": 0.0657364939,
    "AED": 0.733760643,
    "GBP": 3.5589280650000004,
    "USD": null,
    "UYU": 0.066768625,
    "UZS": 0.000214001865,
    "VUV": null,
    "VES": 0.07374837855,
    "VND": 0.0001083527445,
    "XOF": 0.00459850006,
    "YER": 0.01076712329,
    "ZMW": 0.1033200206,
    "ZWL": null,
    "AFN": 0.03829626562467532,
    "ALL": 0.03007751771564891,
    "DZD": 0.020090062137338705,
    "AOA": 0.0029795467431675943,
    "ARS": 0.002848592120162663,
    "AMD": 0.006991936219535432,
    "AWG": 1.4972222380179168,
    "AUD": 1.8262447695260902,
    "AZN": 1.5851579002732148,
    "BSD": 2.712386192649079,
    "BHD": null,
    "BDT": 0.022698081410871304,
    "BBD": 1.3433816097884952,
    "BYN": 0.8289531717149694,
    "BZD": 1.3456590803304123,
    "BMD": 2.69500002843225,
    "BTN": 0.03233559662968262,
    "BOB": 0.39254225518947,
    "BAM": 1.542258616188802,
    "BWP": 0.20302724422184154,
    "BRL": 0.49113662456843404,
    "BND": 2.0732464601947123,
    "BGN": 1.5402989584824522,
    "BIF": 0.0009390870218511652,
    "CVE": 0.027355205752156816,
    "KHR": 0.0006640540275525551,
    "XAF": null,
    "CAD": 1.996043443086323,
    "KYD": 3.2547898512710107,
    "CLP": null,
    "CNY": 0.37857973765573544,
    "COP": 0.0006696740635057741,
    "KMF": 0.006110418387575622,
    "CDF": 0.0009556737691302691,
    "CRC": 0.005155760255461156,
    "HRK": null,
    "CUP": 0.11302184006742688,
    "CZK": 0.12029786572948446,
    "DKK": 0.40348213767751295,
    "DJF": 0.01523236542919427,
    "DOP": 0.045396139895225146,
    "EGP": 0.05529998831854107,
    "ERN": null,
    "ETB": 0.024827513925613526,
    "EUR": 3.0107462499663633,
    "FJD": 1.2217570469010897,
    "GMD": 0.038500000406175,
    "GEL": 1
  }
}