{
  "meta": {
    "code": "GEL",
    "createdAt": "2024-08-06T14:33:41Z"
  },
  "data": {
    "GHS": 0.1734779854,
    "GIP": null,
    "GTQ": 0.34787140850000003,
    "GNF": 0.0003126450096,
    "GYD": 0.0129045763,
    "HTG": 0.020418408779999998,
    "HNL": 0.1088761674,
    "HKD": 0.345776585,
    "HUF": 0.0074045259749999995,
    "ISK": 0.01951201829,
    "INR": 0.0321148597,
    "IDR": 0.0001668665845,
    "IRR": 0.00006400664886,
    "IQD": 0.002057527664,
    "ILS": 0.7031360105000001,
    "JMD": 0.01718365148,
    "JPY": 0.01864549225,
    "JOD": 3.8022488350000003,
    "KZT": 0.005633391648,
    "KES": 0.02081081075,
    "KWD": 8.817686955000001,
    "KGS": 0.03186147849,
    "LAK": 0.0001216477185,
    "LBP": 0.000030085363,
    "LSL": 0.14542885660000002,
    "LRD": 0.01343735516,
    "LYD": 0.5613078625,
    "MOP": 0.3358252975,
    "MKD": 0.04779321085,
    "MGA": 0.0005931859395,
    "MWK": 0.001553753201,
    "MYR": 0.6023694215000001,
    "MVR": 0.1755774713,
    "MRU": 0.06801836657,
    "MUR": 0.05829751235,
    "MXN": 0.13906604250000001,
    "MDL": 0.1531299,
    "MNT": null,
    "MAD": 0.274077188,
    "MZN": 0.0421958306,
    "MMK": 0.0008297843015000001,
    "NAD": 0.14542885660000002,
    "NPR": 0.020060235189999998,
    "ANG": 1.4958357640000002,
    "TWD": 0.08219396955,
    "NZD": 1.6022987750000002,
    "NIO": 0.0732096211,
    "NGN": 0.001690768213,
    "KPW": null,
    "NOK": 0.24662484,
    "OMR": 7.000820365,
    "PKR": 0.009652578551,
    "PAB": 2.6957114800000004,
    "PGK": 0.685299153,
    "PYG": 0.0003559359265,
    "PEN": 0.7236692155000001,
    "PHP": 0.046699013899999996,
    "PLN": 0.6830747,
    "QAR": 0.7365321810000001,
    "RON": 0.5915673225,
    "RUB": 0.031499887649999996,
    "RWF": 0.002030273399,
    "SHP": 3.44353625,
    "WST": null,
    "STN": null,
    "SAR": 0.7177685938,
    "RSD": 0.02516198904,
    "SCR": 0.2016429723,
    "SLL": 0.00014203211750000002,
    "SGD": 2.03346347,
    "SBD": 0.317471,
    "SOS": 0.00473381601,
    "ZAR": 0.14551922,
    "KRW": 0.001956023993,
    "SSP": null,
    "LKR": 0.00891741543,
    "SDG": 0.004480465258,
    "SRD": 0.09385338577999999,
    "SZL": 0.1454700901,
    "SEK": 0.2555725634,
    "CHF": 3.1646307,
    "SYP": null,
    "TJS": null,
    "TZS": null,
    "THB": 0.0758225826,
    "TOP": 1.131361,
    "TTD": 0.397370743,
    "TND": 0.8690216150000001,
    "TRY": 0.08020487089999999,
    "TMT": 0.7692109425,
    "UGX": 0.000723430708,
    "UAH": 0.06569690435,
    "AED": 0.733732615,
    "GBP": null,
    "USD": 2.695,
    "UYU": 0.066310475,
    "UZS": 0.000213913469,
    "VUV": null,
    "VES": 0.07362311495,
    "VND": 0.000107199554,
    "XOF": 0.004480341019,
    "YER": 0.010763900069999999,
    "ZMW": 0.1037214409,
    "ZWL": null,
    "AFN": 0.03795700828683288,
    "ALL": 0.029336710528510637,
    "DZD": 0.019999171990281426,
    "AOA": 0.0030689627644770235,
    "ARS": 0.002879782043995498,
    "AMD": 0.006941522453951969,
    "AWG": 1.4950171597583717,
    "AUD": 1.7540924840059553,
    "AZN": 1.5851579002732148,
    "BSD": 2.6940652796689513,
    "BHD": 7.149514178071445,
    "BDT": 0.022927818646838696,
    "BBD": 1.3342498596270078,
    "BYN": 0.823176669521564,
    "BZD": null,
    "BMD": 2.694768430464465,
    "BTN": 0.03208981766422482,
    "BOB": 0.3898423427666032,
    "BAM": 1.5025486590214727,
    "BWP": 0.1980094796087917,
    "BRL": 0.47538518003396774,
    "BND": 2.0297219236594866,
    "BGN": 1.5029542591193856,
    "BIF": 0.000934730253173998,
    "CVE": 0.02665087352957863,
    "KHR": 0.0006556579094157286,
    "XAF": 0.004479915174347265,
    "CAD": 1.9531907374572401,
    "KYD": 3.2324918307383568,
    "CLP": 0.0028333474548314936,
    "CNY": 0.3770119662059865,
    "COP": 0.0006504169378103116,
    "KMF": 0.005983720288477165,
    "CDF": 0.0009405823492022564,
    "CRC": 0.005094808314822137,
    "HRK": null,
    "CUP": 0.11224923181497362,
    "CZK": 0.11651037358523264,
    "DKK": 0.39447373570159827,
    "DJF": 0.015128227267318396,
    "DOP": 0.045293750273446856,
    "EGP": 0.05470689063086339,
    "ERN": null,
    "ETB": 0.033546636456677076,
    "EUR": 2.944008162241433,
    "FJD": 1.1950722562675469,
    "GMD": 0.03877364648150309,
    "GEL": 1
  }
}