{
  "meta": {
    "code": "GEL",
    "createdAt": "2024-07-23T18:34:55Z"
  },
  "data": {
    "GHS": 0.1751612902,
    "GIP": null,
    "GTQ": 0.3503824245,
    "GNF": 0.0003230219848,
    "GYD": 0.013008420219999999,
    "HTG": 0.02057928732,
    "HNL": 0.1097270779,
    "HKD": 0.347673669,
    "HUF": 0.007553626573,
    "ISK": 0.019682470419999997,
    "INR": 0.0324383313,
    "IDR": 0.0001674442692,
    "IRR": 0.00006448165182,
    "IQD": 0.002074369957,
    "ILS": 0.7483276308,
    "JMD": 0.01739047095,
    "JPY": 0.01743369375,
    "JOD": 3.83100618,
    "KZT": 0.00573251073,
    "KES": 0.020490565999999998,
    "KWD": 8.879467230000001,
    "KGS": 0.032180941149999996,
    "LAK": 0.0001226210745,
    "LBP": 0.0000303327945,
    "LSL": 0.148003528,
    "LRD": 0.013923443099999998,
    "LYD": 0.5619819225,
    "MOP": 0.33794202300000004,
    "MKD": 0.047899468949999996,
    "MGA": 0.0005988662835,
    "MWK": 0.001566487396,
    "MYR": 0.581121858,
    "MVR": 0.1768804581,
    "MRU": 0.0686709294,
    "MUR": 0.058326236399999995,
    "MXN": 0.1497336075,
    "MDL": 0.15347895,
    "MNT": null,
    "MAD": 0.275943912,
    "MZN": 0.042492655049999994,
    "MMK": 0.0008359422555000001,
    "NAD": 0.148003528,
    "NPR": 0.020283012939999998,
    "ANG": 1.5081662100000002,
    "TWD": 0.08283879037,
    "NZD": 1.615968,
    "NIO": 0.07380616185,
    "NGN": 0.001689483493,
    "KPW": null,
    "NOK": 0.24640525500000002,
    "OMR": 7.052728350000001,
    "PKR": 0.009757096409999999,
    "PAB": 2.7178643250000003,
    "PGK": 0.693456612,
    "PYG": 0.000359051691,
    "PEN": 0.723162513,
    "PHP": 0.0464412153,
    "PLN": 0.6889041,
    "QAR": 0.7456744785,
    "RON": 0.5925495645000001,
    "RUB": 0.030904247699999998,
    "RWF": 0.002073969766,
    "SHP": 3.50574375,
    "WST": null,
    "STN": null,
    "SAR": 0.723782076,
    "RSD": 0.025166385429999997,
    "SCR": 0.1963345191,
    "SLL": 0.00014203211750000002,
    "SGD": 2.017537405,
    "SBD": 0.32104875,
    "SOS": 0.0047730188699999995,
    "ZAR": 0.147514095,
    "KRW": 0.0019592854509999998,
    "SSP": null,
    "LKR": 0.00894187965,
    "SDG": 0.004633105689,
    "SRD": 0.09259574831999999,
    "SZL": 0.1480261983,
    "SEK": 0.2523081808,
    "CHF": 3.045320475,
    "SYP": null,
    "TJS": 0.25508136330000003,
    "TZS": 0.001011173161,
    "THB": 0.07506220501,
    "TOP": 1.144644,
    "TTD": 0.4003161615,
    "TND": 0.873974247,
    "TRY": 0.08270555175,
    "TMT": 0.7749193725,
    "UGX": 0.0007349138475,
    "UAH": 0.0658302792,
    "AED": 0.739177755,
    "GBP": 3.503436,
    "USD": 2.715,
    "UYU": 0.06765779999999999,
    "UZS": 0.0002156988765,
    "VUV": null,
    "VES": 0.07441301865,
    "VND": 0.000107037246,
    "XOF": 0.00449771787,
    "YER": 0.010844880159999999,
    "ZMW": 0.10477728,
    "ZWL": null,
    "AFN": 0.03878242123154509,
    "ALL": 0.029406483301481406,
    "DZD": 0.020160746303539107,
    "AOA": 0.0031109987285634407,
    "ARS": 0.002931702894287593,
    "AMD": 0.0069984519256377645,
    "AWG": 1.5082052701156425,
    "AUD": 1.7950871180110775,
    "AZN": 1.5969232271812686,
    "BSD": 2.7159441327054497,
    "BHD": 7.201935234897743,
    "BDT": 0.02311594962620986,
    "BBD": 1.3452159200678986,
    "BYN": 0.8299504208367353,
    "BZD": 1.347427924559069,
    "BMD": 2.7147694862081564,
    "BTN": 0.03244557359828091,
    "BOB": 0.39307906167798445,
    "BAM": 1.5083644865353434,
    "BWP": 0.19990909337885868,
    "BRL": 0.48527420526213927,
    "BND": 2.0187912150824943,
    "BGN": 1.5064352089064903,
    "BIF": 0.0009409946226024808,
    "CVE": 0.02660234675363211,
    "KHR": 0.0006597252700384342,
    "XAF": 0.004497334976660134,
    "CAD": 1.9708517754835646,
    "KYD": 3.259372887758307,
    "CLP": 0.0028662205822734795,
    "CNY": 0.3731693200833232,
    "COP": 0.0006762409980717171,
    "KMF": 0.005996177773654487,
    "CDF": 0.0009475635204915032,
    "CRC": 0.005126969822949911,
    "HRK": null,
    "CUP": 0.11316782969862012,
    "CZK": 0.11604802558367476,
    "DKK": 0.39483421185853834,
    "DJF": 0.015275542913233811,
    "DOP": 0.04572243346237955,
    "EGP": 0.056136208285020826,
    "ERN": null,
    "ETB": 0.046989296552012866,
    "EUR": 2.946288865828888,
    "FJD": 1.206698293753507,
    "GMD": 0.04007039832041559,
    "GEL": 1
  }
}