{
  "meta": {
    "code": "GEL",
    "createdAt": "2024-08-20T16:04:12Z"
  },
  "data": {
    "GHS": 0.1727067425,
    "GIP": null,
    "GTQ": 0.348414449,
    "GNF": 0.000312795621,
    "GYD": 0.01291594892,
    "HTG": 0.0204681562,
    "HNL": 0.1088679853,
    "HKD": 0.34535296,
    "HUF": 0.00760086669,
    "ISK": 0.01963933707,
    "INR": 0.0321165287,
    "IDR": 0.000174224306,
    "IRR": 0.00006390687069,
    "IQD": 0.0020595716,
    "ILS": 0.7278492786,
    "JMD": 0.017177780479999998,
    "JPY": 0.018460124999999997,
    "JOD": 3.7968005000000002,
    "KZT": 0.00566159727,
    "KES": 0.02090653205,
    "KWD": 8.802696820000001,
    "KGS": 0.03139860267,
    "LAK": 0.000121924788,
    "LBP": 0.00003011455,
    "LSL": 0.1515587695,
    "LRD": 0.01382910412,
    "LYD": 0.5643060480000001,
    "MOP": 0.336247579,
    "MKD": 0.048551567899999995,
    "MGA": 0.000590107721,
    "MWK": 0.001555204939,
    "MYR": 0.61450629,
    "MVR": 0.1746919087,
    "MRU": 0.06806051314,
    "MUR": 0.058305669299999995,
    "MXN": 0.1423299175,
    "MDL": 0.15361602770000002,
    "MNT": null,
    "MAD": 0.277773166,
    "MZN": 0.0421013783,
    "MMK": 0.000828244813,
    "NAD": 0.151568319,
    "NPR": 0.020118518069999997,
    "ANG": 1.497192668,
    "TWD": 0.0841887955,
    "NZD": 1.65231905,
    "NIO": 0.07327839759999999,
    "NGN": 0.0017122638169999999,
    "KPW": null,
    "NOK": 0.25603554500000003,
    "OMR": 6.987807620000001,
    "PKR": 0.00969055284,
    "PAB": 2.6981829800000003,
    "PGK": 0.6838192510000001,
    "PYG": 0.000355496681,
    "PEN": 0.72096304,
    "PHP": 0.0476304312,
    "PLN": 0.69822985,
    "QAR": 0.7395052638,
    "RON": 0.600219431,
    "RUB": 0.0294327964,
    "RWF": 0.001997850895,
    "SHP": 3.4815325,
    "WST": null,
    "STN": null,
    "SAR": 0.7169018394000001,
    "RSD": 0.02552012657,
    "SCR": 0.199259259,
    "SLL": 0.00014203211750000002,
    "SGD": 2.058715373,
    "SBD": 0.317689,
    "SOS": 0.00473799653,
    "ZAR": 0.1505248949,
    "KRW": 0.002019292078,
    "SSP": null,
    "LKR": 0.00900341655,
    "SDG": 0.004472152707,
    "SRD": 0.09309891209,
    "SZL": null,
    "SEK": 0.26279180280000003,
    "CHF": 3.1362172000000004,
    "SYP": null,
    "TJS": 0.2532482477,
    "TZS": 0.0009954423010000001,
    "THB": 0.0786080408,
    "TOP": 1.1378700000000002,
    "TTD": 0.39800271600000003,
    "TND": 0.8817622285000001,
    "TRY": 0.07942225,
    "TMT": 0.7699856,
    "UGX": 0.000724420497,
    "UAH": 0.06517748949999999,
    "AED": 0.7323713569,
    "GBP": 3.50338875,
    "USD": 2.69,
    "UYU": 0.06681959999999999,
    "UZS": 0.000213324263,
    "VUV": null,
    "VES": 0.0734276926,
    "VND": 0.000107923876,
    "XOF": 0.00455609604,
    "YER": 0.010745008629999999,
    "ZMW": 0.10462865290000001,
    "ZWL": null,
    "AFN": 0.038030674874535146,
    "ALL": 0.02997689370840812,
    "DZD": 0.020081568923177678,
    "AOA": 0.0030355543756369193,
    "ARS": 0.0028500275995675234,
    "AMD": 0.006949062192786305,
    "AWG": 1.4942583868614043,
    "AUD": 1.8124427872981994,
    "AZN": 1.5821559390297222,
    "BSD": 2.696448822390004,
    "BHD": 7.137349245346402,
    "BDT": 0.022600328515708465,
    "BBD": 1.3354026026972154,
    "BYN": 0.8239087964666322,
    "BZD": 1.3377225528160417,
    "BMD": 2.6896650963505278,
    "BTN": 0.03217825836638772,
    "BOB": 0.39021745171085764,
    "BAM": 1.5277995280835648,
    "BWP": 0.20250223769225195,
    "BRL": 0.4913258492257646,
    "BND": 2.061164508945429,
    "BGN": 1.5273700730657491,
    "BIF": 0.0009348070245748549,
    "CVE": 0.02709947700272191,
    "KHR": 0.0006591637862840636,
    "XAF": 0.004555529241249532,
    "CAD": 1.972951137037655,
    "KYD": 3.235592748202386,
    "CLP": 0.0029150573297110267,
    "CNY": null,
    "COP": 0.0006703532623666936,
    "KMF": 0.006045549780093399,
    "CDF": 0.0009371655387980934,
    "CRC": 0.005202493285334409,
    "HRK": null,
    "CUP": 0.11234612497264662,
    "CZK": 0.11876474131276754,
    "DKK": null,
    "DJF": 0.015142004064152656,
    "DOP": 0.045137007815059,
    "EGP": 0.05500281382294899,
    "ERN": null,
    "ETB": 0.024719823322399647,
    "EUR": 2.98697350477049,
    "FJD": 1.2140765082380283,
    "GMD": 0.03842378709072183,
    "GEL": 1
  }
}