{
  "meta": {
    "code": "GEL",
    "createdAt": "2024-08-14T16:07:05Z"
  },
  "data": {
    "GHS": 0.1720945072,
    "GIP": null,
    "GTQ": 0.34810263950000003,
    "GNF": 0.0003121018862,
    "GYD": 0.01291362072,
    "HTG": 0.020457340749999997,
    "HNL": 0.1085451136,
    "HKD": 0.345855279,
    "HUF": 0.007534257884999999,
    "ISK": 0.019527570329999997,
    "INR": 0.03210367545,
    "IDR": 0.000173004986,
    "IRR": 0.00006402565669,
    "IQD": 0.002057251885,
    "ILS": 0.7244496875,
    "JMD": 0.01717747993,
    "JPY": 0.018343113249999998,
    "JOD": 3.80385775,
    "KZT": 0.00561501094,
    "KES": null,
    "KWD": 8.803990965,
    "KGS": 0.03144697941,
    "LAK": 0.0001215332564,
    "LBP": 0.00003009491677,
    "LSL": 0.14848484650000002,
    "LRD": 0.01380304887,
    "LYD": 0.560291039,
    "MOP": 0.33607997500000003,
    "MKD": 0.0482880937,
    "MGA": 0.0005858695535,
    "MWK": 0.001554658182,
    "MYR": 0.6055505995,
    "MVR": 0.17490302060000001,
    "MRU": 0.06779874024,
    "MUR": 0.058376071599999996,
    "MXN": 0.14312428130000002,
    "MDL": 0.15418095,
    "MNT": null,
    "MAD": 0.274705662,
    "MZN": 0.0421730309,
    "MMK": 0.0008297843015000001,
    "NAD": 0.14848484650000002,
    "NPR": null,
    "ANG": 1.496405757,
    "TWD": 0.08358922495,
    "NZD": 1.6215815,
    "NIO": 0.07315417955999999,
    "NGN": 0.0016949685319999999,
    "KPW": null,
    "NOK": 0.252087605,
    "OMR": 7.00073143,
    "PKR": 0.009669895812,
    "PAB": 2.69642296,
    "PGK": null,
    "PYG": 0.0003561790155,
    "PEN": 0.7195300997,
    "PHP": 0.047324712049999995,
    "PLN": 0.69248025,
    "QAR": 0.740232416,
    "RON": null,
    "RUB": null,
    "RWF": 0.002043989358,
    "SHP": 3.46240125,
    "WST": null,
    "STN": null,
    "SAR": 0.7181009682,
    "RSD": 0.02537927638,
    "SCR": 0.19079904690000002,
    "SLL": 0.00014203211750000002,
    "SGD": 2.048429075,
    "SBD": 0.3166625,
    "SOS": 0.004719789613,
    "ZAR": 0.14901441940000001,
    "KRW": 0.001986357835,
    "SSP": null,
    "LKR": 0.009008169554999999,
    "SDG": 0.004480465258,
    "SRD": 0.09387626902,
    "SZL": 0.14848484650000002,
    "SEK": 0.2579523831,
    "CHF": 3.118511165,
    "SYP": null,
    "TJS": 0.25355974870000003,
    "TZS": null,
    "THB": 0.07697801265,
    "TOP": 1.1370205,
    "TTD": null,
    "TND": 0.874154512,
    "TRY": 0.08014773689999999,
    "TMT": 0.7714168,
    "UGX": null,
    "UAH": 0.0653338609,
    "AED": 0.733732615,
    "GBP": 3.462199125,
    "USD": 2.695,
    "UYU": 0.06668777499999999,
    "UZS": 0.0002131277174,
    "VUV": null,
    "VES": 0.0736312269,
    "VND": 0.0001076492902,
    "XOF": 0.004487926635,
    "YER": 0.010763910849999999,
    "ZMW": null,
    "ZWL": null,
    "AFN": 0.03795448493611922,
    "ALL": 0.02962260559638423,
    "DZD": 0.020092518759320867,
    "AOA": 0.0030689641621878755,
    "ARS": 0.002862889923804001,
    "AMD": 0.006937769505591519,
    "AWG": 1.497093572480258,
    "AUD": 1.781765210255959,
    "AZN": 1.5851579002732148,
    "BSD": null,
    "BHD": 7.14885413787205,
    "BDT": 0.02293070613481462,
    "BBD": 1.3346760968555085,
    "BYN": 0.8235724019534152,
    "BZD": 1.3369108556238607,
    "BMD": 2.694768430464465,
    "BTN": 0.032102440613825924,
    "BOB": 0.38999659330955805,
    "BAM": 1.5186696498455494,
    "BWP": 0.20075798655176172,
    "BRL": 0.49372818445045097,
    "BND": 2.0492722599861533,
    "BGN": null,
    "BIF": null,
    "CVE": 0.026654484969974922,
    "KHR": 0.0006568600685800142,
    "XAF": 0.004528062168105609,
    "CAD": 1.966740208137571,
    "KYD": 3.233766096683949,
    "CLP": 0.002890390027594363,
    "CNY": null,
    "COP": 0.000670132031537172,
    "KMF": 0.006002379843968629,
    "CDF": 0.000938943703994587,
    "CRC": 0.005122825166113664,
    "HRK": null,
    "CUP": 0.11228271971045588,
    "CZK": null,
    "DKK": 0.3979374041614022,
    "DJF": null,
    "DOP": 0.045100726869698154,
    "EGP": 0.054882037911531595,
    "ERN": null,
    "ETB": 0.024485740991710334,
    "EUR": 2.9691636940414226,
    "FJD": 1.203989112109741,
    "GMD": 0.03905461493426761,
    "GEL": 1
  }
}