{
  "meta": {
    "code": "GEL",
    "createdAt": "2024-08-08T16:04:23Z"
  },
  "data": {
    "GHS": 0.17395498210000002,
    "GIP": null,
    "GTQ": 0.3492682475,
    "GNF": 0.0003138051024,
    "GYD": 0.01295190517,
    "HTG": 0.02055028534,
    "HNL": 0.1084277069,
    "HKD": 0.34712372350000004,
    "HUF": 0.00745182056,
    "ISK": 0.01953773919,
    "INR": 0.032211058849999995,
    "IDR": 0.000169456348,
    "IRR": 0.0000642632287,
    "IQD": 0.002064885472,
    "ILS": 0.7139520195,
    "JMD": null,
    "JPY": 0.018384039369999997,
    "JOD": 3.8163573650000004,
    "KZT": 0.00566801913,
    "KES": 0.02088803082,
    "KWD": 8.83492493,
    "KGS": null,
    "LAK": 0.0001220117272,
    "LBP": null,
    "LSL": 0.1464537069,
    "LRD": 0.013838395889999999,
    "LYD": 0.5629552407,
    "MOP": 0.33722153,
    "MKD": 0.047956701549999994,
    "MGA": 0.0005919037179,
    "MWK": 0.001560426858,
    "MYR": 0.604604829,
    "MVR": 0.1755520114,
    "MRU": 0.06796482374,
    "MUR": 0.058465951149999994,
    "MXN": 0.14155806,
    "MDL": 0.1539686,
    "MNT": null,
    "MAD": 0.2750031758,
    "MZN": 0.0423392551,
    "MMK": 0.0008328632785000001,
    "NAD": 0.1464537069,
    "NPR": 0.0201413245,
    "ANG": 1.502037539,
    "TWD": 0.08332360274999999,
    "NZD": 1.62437955,
    "NIO": 0.0733957388,
    "NGN": 0.0016917351859999999,
    "KPW": null,
    "NOK": 0.2492698075,
    "OMR": 7.0268488300000005,
    "PKR": 0.009686660452,
    "PAB": 2.7068258750000003,
    "PGK": 0.6879450404,
    "PYG": null,
    "PEN": 0.7270527943,
    "PHP": 0.047100433799999994,
    "PLN": 0.6826329885,
    "QAR": 0.742979104,
    "RON": 0.5931115545,
    "RUB": 0.031218161549999998,
    "RWF": 0.0020515737349999998,
    "SHP": 3.4362967500000003,
    "WST": null,
    "STN": null,
    "SAR": 0.7207689982000001,
    "RSD": 0.02522897263,
    "SCR": 0.1926321658,
    "SLL": 0.00014203211750000002,
    "SGD": 2.040131368,
    "SBD": null,
    "SOS": null,
    "ZAR": 0.147269397,
    "KRW": 0.001964066146,
    "SSP": null,
    "LKR": 0.0089884445,
    "SDG": 0.004497090361,
    "SRD": 0.09364559872,
    "SZL": 0.1464537069,
    "SEK": 0.256864095,
    "CHF": 3.1252488,
    "SYP": null,
    "TJS": 0.256946895,
    "TZS": 0.001003823795,
    "THB": 0.07674194010999999,
    "TOP": 1.1382640000000002,
    "TTD": 0.39897668000000003,
    "TND": 0.8759717815,
    "TRY": 0.08084474074999999,
    "TMT": null,
    "UGX": 0.0007253903825,
    "UAH": 0.06588933675,
    "AED": 0.7364551850000001,
    "GBP": null,
    "USD": 2.705,
    "UYU": 0.0669217,
    "UZS": 0.0002140454976,
    "VUV": null,
    "VES": 0.07384512045,
    "VND": 0.00010759759650000001,
    "XOF": 0.004504579424,
    "YER": 0.010804925029999999,
    "ZMW": null,
    "ZWL": null,
    "AFN": 0.03809534214994408,
    "ALL": 0.029409256200125855,
    "DZD": null,
    "AOA": 0.003068371291050473,
    "ARS": 0.002887516147798803,
    "AMD": 0.006962262333898019,
    "AWG": 1.5026496070255722,
    "AUD": 1.7807070062969914,
    "AZN": 1.5910407603800176,
    "BSD": null,
    "BHD": 7.176121809466463,
    "BDT": 0.023022134565434633,
    "BBD": 1.3500928637479686,
    "BYN": 0.82669530348016,
    "BZD": 1.3420002484635623,
    "BMD": 2.70476929264603,
    "BTN": null,
    "BOB": 0.39149647681573935,
    "BAM": 1.5110713112388998,
    "BWP": 0.19923373494200194,
    "BRL": 0.4829600196142814,
    "BND": 2.0417313342615797,
    "BGN": 1.5069032602854577,
    "BIF": 0.0009375283514433029,
    "CVE": 0.026726969294921243,
    "KHR": 0.0006572950895589176,
    "XAF": null,
    "CAD": 1.968436318895395,
    "KYD": 3.2459460832424467,
    "CLP": 0.002891100735143313,
    "CNY": 0.37691354540576993,
    "COP": 0.0006590311523847794,
    "KMF": 0.00600059743508219,
    "CDF": null,
    "CRC": 0.005117493469057394,
    "HRK": null,
    "CUP": null,
    "CZK": 0.11681498869623581,
    "DKK": 0.395585054173053,
    "DJF": 0.015190989164724524,
    "DOP": 0.04545830743942907,
    "EGP": 0.05491404444105315,
    "ERN": null,
    "ETB": 0.03367113520364938,
    "EUR": 2.9521119964219453,
    "FJD": 1.2046896903801596,
    "GMD": 0.038917543779079564,
    "GEL": 1
  }
}