{
  "meta": {
    "code": "GEL",
    "createdAt": "2024-08-09T10:04:22Z"
  },
  "data": {
    "GHS": 0.17268085830000002,
    "GIP": null,
    "GTQ": 0.3475550155,
    "GNF": 0.0003123890385,
    "GYD": 0.012888080199999999,
    "HTG": 0.020450236729999998,
    "HNL": 0.1087611448,
    "HKD": null,
    "HUF": 0.00744354688,
    "ISK": 0.019472543279999997,
    "INR": 0.03210011805,
    "IDR": 0.00016897623050000002,
    "IRR": 0.00006400664886,
    "IQD": 0.002055934919,
    "ILS": 0.723012983,
    "JMD": 0.017180732799999997,
    "JPY": 0.01830592225,
    "JOD": 3.8022488350000003,
    "KZT": 0.005640475995,
    "KES": 0.020851063809999997,
    "KWD": 8.80485606,
    "KGS": 0.03164865165,
    "LAK": 0.00012145529550000001,
    "LBP": null,
    "LSL": 0.146141738,
    "LRD": 0.013774055249999998,
    "LYD": 0.5595038295,
    "MOP": 0.33556280450000003,
    "MKD": 0.04784959025,
    "MGA": 0.0005920863795,
    "MWK": null,
    "MYR": 0.6093839675,
    "MVR": 0.1750166148,
    "MRU": 0.06788067632,
    "MUR": 0.05807129405,
    "MXN": 0.1433807375,
    "MDL": 0.1531299,
    "MNT": null,
    "MAD": 0.2737632205,
    "MZN": 0.04217963365,
    "MMK": null,
    "NAD": 0.14612399950000002,
    "NPR": 0.02004317315,
    "ANG": 1.494711141,
    "TWD": 0.08325868319999999,
    "NZD": 1.6222822000000001,
    "NIO": 0.07313947024999999,
    "NGN": 0.001701442569,
    "KPW": null,
    "NOK": 0.248697295,
    "OMR": null,
    "PKR": 0.00966236194,
    "PAB": 2.6935242180000003,
    "PGK": 0.684234089,
    "PYG": 0.00035582273650000003,
    "PEN": 0.720239289,
    "PHP": 0.0470459143,
    "PLN": 0.679827225,
    "QAR": 0.7400095125,
    "RON": 0.5912169725,
    "RUB": 0.03054704345,
    "RWF": 0.002045128239,
    "SHP": 3.43625975,
    "WST": null,
    "STN": null,
    "SAR": 0.7180476072,
    "RSD": 0.025145320199999998,
    "SCR": 0.1987732824,
    "SLL": 0.00014203211750000002,
    "SGD": 2.0354677420000002,
    "SBD": 0.31801,
    "SOS": 0.0047298328,
    "ZAR": 0.1472507575,
    "KRW": 0.001973542301,
    "SSP": null,
    "LKR": 0.008944599895,
    "SDG": 0.004480465258,
    "SRD": 0.09329940427,
    "SZL": 0.1461736199,
    "SEK": 0.25607216250000003,
    "CHF": 3.11538766,
    "SYP": null,
    "TJS": 0.2556842442,
    "TZS": 0.0009981481471,
    "THB": null,
    "TOP": 1.1359425,
    "TTD": 0.39703791050000004,
    "TND": 0.8760296121000001,
    "TRY": 0.0802508476,
    "TMT": 0.7692109425,
    "UGX": 0.0007218290695,
    "UAH": 0.06556797554999999,
    "AED": null,
    "GBP": 3.4374725,
    "USD": 2.695,
    "UYU": 0.06667429999999999,
    "UZS": 0.000212971836,
    "VUV": null,
    "VES": 0.07355972855,
    "VND": 0.000107327836,
    "XOF": 0.00448385476,
    "YER": 0.01076497268,
    "ZMW": 0.10324431810000001,
    "ZWL": null,
    "AFN": 0.038026059624471344,
    "ALL": 0.029365306502229287,
    "DZD": 0.0200371364359425,
    "AOA": 0.0030604979335201194,
    "ARS": 0.002878283467634481,
    "AMD": 0.006937614112825414,
    "AWG": 1.497093572480258,
    "AUD": 1.774064458071754,
    "AZN": 1.5851579002732148,
    "BSD": 2.691931135248127,
    "BHD": 7.149252424908102,
    "BDT": 0.022909301387839223,
    "BBD": 1.3435189113380706,
    "BYN": 0.8226697915175406,
    "BZD": 1.3354658502527317,
    "BMD": 2.694768430464465,
    "BTN": 0.03206091253285091,
    "BOB": 0.3895723315810041,
    "BAM": 1.5036654259644557,
    "BWP": 0.19825552740970295,
    "BRL": 0.4857539171967017,
    "BND": null,
    "BGN": 1.5043772659206809,
    "BIF": 0.0009338378567916168,
    "CVE": 0.02667065620566541,
    "KHR": 0.0006557330550181922,
    "XAF": 0.004483427248573123,
    "CAD": 1.9617433939152416,
    "KYD": 3.230037290951716,
    "CLP": 0.0028798876063268796,
    "CNY": 0.3757555399778247,
    "COP": 0.0006602397232983914,
    "KMF": 0.00597178599727223,
    "CDF": 0.0009405823492022564,
    "CRC": null,
    "HRK": null,
    "CUP": 0.11215953038440334,
    "CZK": 0.11658850588388717,
    "DKK": 0.39429192273648367,
    "DJF": 0.015116745130621043,
    "DOP": null,
    "EGP": 0.0547154992546589,
    "ERN": null,
    "ETB": 0.033546636456677076,
    "EUR": 2.9423687625463506,
    "FJD": 1.201546507914997,
    "GMD": 0.03877364648150309,
    "GEL": 1
  }
}