{
  "meta": {
    "code": "GEL",
    "createdAt": "2024-07-24T12:06:02Z"
  },
  "data": {
    "GHS": 0.1751215996,
    "GIP": null,
    "GTQ": 0.3500240445,
    "GNF": 0.0003150000015,
    "GYD": 0.012998974739999999,
    "HTG": 0.020564775639999998,
    "HNL": 0.10964611660000001,
    "HKD": 0.34765493550000004,
    "HUF": 0.00749229228,
    "ISK": 0.01967391301,
    "INR": 0.03243276555,
    "IDR": 0.0001671231825,
    "IRR": 0.00006448165182,
    "IQD": 0.002072937795,
    "ILS": 0.7477156155,
    "JMD": 0.017345855349999998,
    "JPY": 0.017614784249999998,
    "JOD": 3.83100618,
    "KZT": 0.005727159465,
    "KES": 0.020881246899999997,
    "KWD": 8.880425625,
    "KGS": 0.03223420402,
    "LAK": 0.00012247365,
    "LBP": null,
    "LSL": 0.14828029510000001,
    "LRD": 0.01391991441,
    "LYD": 0.5616762135,
    "MOP": 0.33761025,
    "MKD": 0.047774470349999994,
    "MGA": 0.0005974001835,
    "MWK": 0.001565395695,
    "MYR": 0.5810596845,
    "MVR": 0.1767653149,
    "MRU": 0.06857944747,
    "MUR": 0.05812633095,
    "MXN": 0.14875077750000001,
    "MDL": 0.15265502890000002,
    "MNT": null,
    "MAD": 0.2748103995,
    "MZN": 0.04252594095,
    "MMK": 0.0008359422555000001,
    "NAD": 0.14828029510000001,
    "NPR": 0.02026960084,
    "ANG": 1.5070954140000001,
    "TWD": null,
    "NZD": 1.6125471,
    "NIO": 0.07375468545,
    "NGN": 0.0016351437729999999,
    "KPW": null,
    "NOK": 0.24660480750000002,
    "OMR": 7.052823375,
    "PKR": 0.009746543205,
    "PAB": 2.7157167600000003,
    "PGK": 0.702328146,
    "PYG": 0.0003584785545,
    "PEN": 0.7225084695,
    "PHP": 0.0463152393,
    "PLN": 0.6869584495000001,
    "QAR": 0.7440117310000001,
    "RON": 0.592472187,
    "RUB": 0.03130875555,
    "RWF": 0.00206685891,
    "SHP": 3.5046577500000002,
    "WST": null,
    "STN": null,
    "SAR": 0.7237485186,
    "RSD": 0.02515542606,
    "SCR": 0.2004201868,
    "SLL": 0.00014203211750000002,
    "SGD": 2.0204576590000003,
    "SBD": 0.32037,
    "SOS": 0.0047690821199999995,
    "ZAR": 0.1483326946,
    "KRW": 0.001963414695,
    "SSP": null,
    "LKR": 0.00894275931,
    "SDG": 0.004633105689,
    "SRD": 0.09259574831999999,
    "SZL": 0.1483113004,
    "SEK": 0.2520133209,
    "CHF": 3.065873025,
    "SYP": null,
    "TJS": 0.254897775,
    "TZS": 0.001011216954,
    "THB": 0.07512035759999999,
    "TOP": 1.1427435000000001,
    "TTD": 0.3994989465,
    "TND": 0.8739159559,
    "TRY": 0.08261117835,
    "TMT": 0.7749193725,
    "UGX": 0.0007298422275,
    "UAH": 0.0658201251,
    "AED": 0.739184814,
    "GBP": 3.50726415,
    "USD": 2.715,
    "UYU": 0.06763893074999999,
    "UZS": 0.00021568982460000002,
    "VUV": null,
    "VES": 0.074347017,
    "VND": 0.00010705815150000001,
    "XOF": 0.004486708545,
    "YER": 0.010844880159999999,
    "ZMW": 0.1041988492,
    "ZWL": null,
    "AFN": 0.03835815267682929,
    "ALL": 0.029273223630358735,
    "DZD": 0.02016495431917353,
    "AOA": 0.003100821800351978,
    "ARS": 0.002931689280917429,
    "AMD": 0.006995096027072886,
    "AWG": 1.5082052701156425,
    "AUD": 1.7930371981976643,
    "AZN": 1.5969232271812686,
    "BSD": 2.71404212326689,
    "BHD": 7.202705280210254,
    "BDT": 0.023099191897293182,
    "BBD": 1.344190838038047,
    "BYN": 0.8293419159539711,
    "BZD": 1.3464662484366021,
    "BMD": 2.7147694862081564,
    "BTN": 0.032424136151090285,
    "BOB": 0.39279730689304887,
    "BAM": 1.5046717993455299,
    "BWP": null,
    "BRL": 0.4848062372463326,
    "BND": 2.018406970961983,
    "BGN": 1.5047969052745314,
    "BIF": 0.0009421601585063116,
    "CVE": 0.026688781268388976,
    "KHR": 0.0006608661676527035,
    "XAF": 0.004486326509684997,
    "CAD": 1.9694577450060917,
    "KYD": 3.256792201918253,
    "CLP": 0.0028688860446185243,
    "CNY": 0.3730872653486485,
    "COP": 0.0006759042664986055,
    "KMF": 0.005982963056793994,
    "CDF": 0.0009475635204915032,
    "CRC": 0.0051197587550014766,
    "HRK": null,
    "CUP": 0.11308599290941981,
    "CZK": 0.11585735261436399,
    "DKK": 0.3946777922315845,
    "DJF": 0.015241547025216915,
    "DOP": 0.04584572855127028,
    "EGP": 0.056158504269365486,
    "ERN": null,
    "ETB": 0.04695325319415622,
    "EUR": 2.9450103994619523,
    "FJD": 1.2061353679907785,
    "GMD": 0.04007039832041559,
    "GEL": 1
  }
}