{
  "meta": {
    "code": "GEL",
    "createdAt": "2024-08-06T16:35:43Z"
  },
  "data": {
    "GHS": 0.17395498210000002,
    "GIP": null,
    "GTQ": 0.3491622115,
    "GNF": 0.0003138051024,
    "GYD": 0.012952459699999998,
    "HTG": 0.02049417282,
    "HNL": 0.10928016060000001,
    "HKD": 0.34704176200000003,
    "HUF": 0.0074333941,
    "ISK": 0.019592930379999998,
    "INR": 0.03222723475,
    "IDR": 0.0001673916215,
    "IRR": 0.0000642632287,
    "IQD": 0.002064885472,
    "ILS": 0.7058967729000001,
    "JMD": 0.01724741271,
    "JPY": 0.01861095452,
    "JOD": 3.8163573650000004,
    "KZT": 0.005654480605,
    "KES": null,
    "KWD": 8.851411905,
    "KGS": 0.0319797029,
    "LAK": 0.0001220117272,
    "LBP": 0.00003020658622,
    "LSL": 0.1464537069,
    "LRD": 0.013838395889999999,
    "LYD": 0.5629552407,
    "MOP": 0.3370714025,
    "MKD": 0.048054081549999995,
    "MGA": 0.0005919037179,
    "MWK": 0.001560426858,
    "MYR": 0.611300245,
    "MVR": 0.1755520114,
    "MRU": 0.06796482374,
    "MUR": 0.058513829649999995,
    "MXN": 0.1401609275,
    "MDL": 0.1536981,
    "MNT": null,
    "MAD": 0.2750031758,
    "MZN": 0.0423392551,
    "MMK": 0.0008328632785000001,
    "NAD": 0.1461372219,
    "NPR": 0.0201346702,
    "ANG": 1.5013861750000002,
    "TWD": 0.08250095815,
    "NZD": 1.6119095,
    "NIO": 0.07336587829999999,
    "NGN": 0.001697041936,
    "KPW": null,
    "NOK": 0.24845289750000002,
    "OMR": 7.026821780000001,
    "PKR": 0.009688395169,
    "PAB": 2.70571412,
    "PGK": 0.7867946399,
    "PYG": 0.0003572566535,
    "PEN": 0.7235038343,
    "PHP": 0.046866613599999996,
    "PLN": 0.68614489,
    "QAR": null,
    "RON": 0.5940623620000001,
    "RUB": 0.03157235425,
    "RWF": 0.002053130922,
    "SHP": 3.45631375,
    "WST": null,
    "STN": null,
    "SAR": 0.7204581937,
    "RSD": 0.0252651328,
    "SCR": 0.2033500791,
    "SLL": 0.00014203211750000002,
    "SGD": 2.040423698,
    "SBD": 0.318649,
    "SOS": 0.004737302747,
    "ZAR": 0.14650280000000002,
    "KRW": 0.001963096945,
    "SSP": null,
    "LKR": 0.00895050417,
    "SDG": 0.004497090361,
    "SRD": 0.09420163581999999,
    "SZL": null,
    "SEK": 0.2569222525,
    "CHF": 3.1700760600000004,
    "SYP": null,
    "TJS": 0.2562285011,
    "TZS": 0.001001499091,
    "THB": null,
    "TOP": null,
    "TTD": 0.39884521700000003,
    "TND": 0.8722461850000001,
    "TRY": null,
    "TMT": 0.7720651575,
    "UGX": null,
    "UAH": 0.06594067765,
    "AED": 0.7364551850000001,
    "GBP": 3.4371461200000004,
    "USD": 2.705,
    "UYU": null,
    "UZS": 0.0002149384181,
    "VUV": null,
    "VES": 0.07389197104999999,
    "VND": 0.000107597326,
    "XOF": 0.004519632208,
    "YER": 0.01080384033,
    "ZMW": 0.1041063071,
    "ZWL": null,
    "AFN": 0.03809787486004226,
    "ALL": 0.029502282863931254,
    "DZD": 0.02008114284985696,
    "AOA": 0.003068371291050473,
    "ARS": 0.0028904296845884566,
    "AMD": 0.006967283926915617,
    "AWG": 1.5026496070255722,
    "AUD": 1.765641980239618,
    "AZN": 1.5910407603800176,
    "BSD": 2.704063532176034,
    "BHD": 7.176205580165646,
    "BDT": 0.023012908688402858,
    "BBD": 1.3392015463055298,
    "BYN": 0.8262316540043043,
    "BZD": 1.3414551405715576,
    "BMD": 2.70476929264603,
    "BTN": 0.032208909844247555,
    "BOB": 0.3912891310681317,
    "BAM": 1.5081249385003614,
    "BWP": 0.1987443351586643,
    "BRL": 0.4793055755635676,
    "BND": 2.0372546557493716,
    "BGN": 1.5110654019871272,
    "BIF": 0.0009375283514433029,
    "CVE": 0.026726969294921243,
    "KHR": 0.0006572950895589176,
    "XAF": 0.004496541097812775,
    "CAD": 1.9616195386313802,
    "KYD": 3.244488298967086,
    "CLP": 0.002866436300621316,
    "CNY": 0.37792998173768255,
    "COP": 0.0006543722797044973,
    "KMF": 0.00600059743508219,
    "CDF": 0.0009424283249637735,
    "CRC": 0.005113716239302918,
    "HRK": null,
    "CUP": 0.11266581272425105,
    "CZK": 0.11700347331737147,
    "DKK": 0.39621321062375636,
    "DJF": 0.015184371354226268,
    "DOP": 0.04545830743942907,
    "EGP": 0.05497498562288678,
    "ERN": null,
    "ETB": 0.03367113520364938,
    "EUR": 2.9560481672074364,
    "FJD": null,
    "GMD": 0.038917543779079564,
    "GEL": 1
  }
}