{
  "meta": {
    "code": "GEL",
    "createdAt": "2024-08-14T14:34:03Z"
  },
  "data": {
    "GHS": 0.1722114702,
    "GIP": null,
    "GTQ": 0.34810263950000003,
    "GNF": 0.00031264317700000003,
    "GYD": 0.01291362072,
    "HTG": 0.020457340749999997,
    "HNL": 0.10882895100000001,
    "HKD": 0.3458948955,
    "HUF": 0.00755749148,
    "ISK": 0.0195701109,
    "INR": 0.032108310849999995,
    "IDR": 0.0001732154655,
    "IRR": 0.00006402565669,
    "IQD": 0.002058142663,
    "ILS": 0.723981027,
    "JMD": 0.01717747993,
    "JPY": 0.01837087175,
    "JOD": 3.80278514,
    "KZT": 0.00561501094,
    "KES": 0.02089147264,
    "KWD": 8.804777905,
    "KGS": 0.03144697941,
    "LAK": 0.0001218131915,
    "LBP": 0.00003020017,
    "LSL": 0.1493325372,
    "LRD": 0.0138065009,
    "LYD": 0.56070553,
    "MOP": 0.33607997500000003,
    "MKD": 0.04833846325,
    "MGA": 0.0005924938635,
    "MWK": 0.0015542498889999999,
    "MYR": 0.609728658,
    "MVR": 0.17490302060000001,
    "MRU": 0.06807506666999999,
    "MUR": 0.058376071599999996,
    "MXN": null,
    "MDL": 0.15418095,
    "MNT": null,
    "MAD": 0.2755052685,
    "MZN": 0.0421730309,
    "MMK": 0.0008297843015000001,
    "NAD": 0.1493325372,
    "NPR": 0.0200683687,
    "ANG": 1.496405757,
    "TWD": 0.08362423299999999,
    "NZD": 1.6224286190000001,
    "NIO": 0.07322948324999999,
    "NGN": 0.0016949685319999999,
    "KPW": null,
    "NOK": 0.2529055375,
    "OMR": 7.000766465000001,
    "PKR": 0.009672891305,
    "PAB": 2.69642296,
    "PGK": 0.6842117205,
    "PYG": 0.0003561790155,
    "PEN": 0.7195992265000001,
    "PHP": 0.047324712049999995,
    "PLN": 0.694531145,
    "QAR": 0.7386420965,
    "RON": 0.5982514615,
    "RUB": 0.0300273127,
    "RWF": 0.002043181101,
    "SHP": 3.46240125,
    "WST": null,
    "STN": null,
    "SAR": 0.7180787883,
    "RSD": 0.02543796701,
    "SCR": 0.20151134850000002,
    "SLL": 0.00014203211750000002,
    "SGD": 2.0506459820000003,
    "SBD": 0.3166625,
    "SOS": 0.0047157791829999995,
    "ZAR": 0.14923390020000002,
    "KRW": 0.001989187585,
    "SSP": null,
    "LKR": 0.009008169554999999,
    "SDG": 0.004480465258,
    "SRD": 0.09387626902,
    "SZL": 0.1493224309,
    "SEK": 0.25912020750000003,
    "CHF": 3.124461725,
    "SYP": null,
    "TJS": 0.2535308502,
    "TZS": 0.000998457075,
    "THB": 0.07706829515,
    "TOP": 1.1370205,
    "TTD": 0.3968034455,
    "TND": 0.8769948533,
    "TRY": null,
    "TMT": 0.7714168,
    "UGX": 0.0007235592595,
    "UAH": 0.0653338609,
    "AED": 0.733732615,
    "GBP": 3.4648537000000004,
    "USD": 2.695,
    "UYU": 0.06668777499999999,
    "UZS": 0.000213554495,
    "VUV": null,
    "VES": 0.07361327819999999,
    "VND": 0.0001076493495,
    "XOF": 0.00452853247,
    "YER": 0.010763910849999999,
    "ZMW": 0.1027669258,
    "ZWL": null,
    "AFN": 0.03795448493611922,
    "ALL": 0.029716999616049233,
    "DZD": 0.020092518759320867,
    "AOA": 0.0030689641621878755,
    "ARS": 0.002864447106420335,
    "AMD": 0.006937769505591519,
    "AWG": 1.4950171597583717,
    "AUD": 1.7838965706058894,
    "AZN": 1.5851579002732148,
    "BSD": 2.6949029064022816,
    "BHD": 7.149394682128953,
    "BDT": 0.02293070613481462,
    "BBD": 1.3346760968555085,
    "BYN": 0.8235724019534152,
    "BZD": 1.3369108556238607,
    "BMD": 2.694768430464465,
    "BTN": 0.032102440613825924,
    "BOB": 0.38999659330955805,
    "BAM": 1.5186696498455494,
    "BWP": 0.20075798655176172,
    "BRL": 0.49538916313487097,
    "BND": 2.0492722599861533,
    "BGN": 1.519412047366038,
    "BIF": 0.0009363337147217184,
    "CVE": 0.026937528856541576,
    "KHR": 0.00065873020392637,
    "XAF": 0.004528062168105609,
    "CAD": 1.9682054051911797,
    "KYD": 3.233766096683949,
    "CLP": 0.0028963858499979588,
    "CNY": 0.37755074339378925,
    "COP": null,
    "KMF": 0.006002379843968629,
    "CDF": null,
    "CRC": 0.005122825166113664,
    "HRK": null,
    "CUP": 0.11228271971045588,
    "CZK": 0.11839931592550373,
    "DKK": null,
    "DJF": 0.015133307709536007,
    "DOP": 0.04517435919183297,
    "EGP": 0.054881367259326914,
    "ERN": null,
    "ETB": 0.024440526243556655,
    "EUR": 2.976345606689602,
    "FJD": 1.203989112109741,
    "GMD": 0.03905461493426761,
    "GEL": 1
  }
}