{
  "meta": {
    "code": "GEL",
    "createdAt": "2024-08-07T17:33:28Z"
  },
  "data": {
    "GHS": 0.1735432513,
    "GIP": null,
    "GTQ": 0.3492606735,
    "GNF": 0.00031392796350000003,
    "GYD": 0.012956595639999999,
    "HTG": 0.020550545019999998,
    "HNL": 0.10930761630000001,
    "HKD": 0.34685051850000004,
    "HUF": 0.0074208499329999995,
    "ISK": 0.0195844191,
    "INR": 0.0322189845,
    "IDR": 0.0001688463705,
    "IRR": 0.0000642632287,
    "IQD": 0.002066064663,
    "ILS": 0.7136016949,
    "JMD": 0.017288699129999998,
    "JPY": null,
    "JOD": 3.8163573650000004,
    "KZT": null,
    "KES": 0.02096899201,
    "KWD": null,
    "KGS": 0.03192222436,
    "LAK": 0.0001220487885,
    "LBP": 0.0000302118745,
    "LSL": 0.1476390082,
    "LRD": 0.013838395889999999,
    "LYD": 0.5636167755,
    "MOP": 0.337033262,
    "MKD": null,
    "MGA": 0.0005955996135,
    "MWK": 0.001560261312,
    "MYR": 0.6015792865,
    "MVR": 0.1755520114,
    "MRU": 0.06828314543,
    "MUR": 0.05826166955,
    "MXN": null,
    "MDL": 0.1528325,
    "MNT": null,
    "MAD": 0.275944083,
    "MZN": 0.0423392551,
    "MMK": 0.0008328632785000001,
    "NAD": 0.1476390082,
    "NPR": 0.02014064284,
    "ANG": 1.502109492,
    "TWD": 0.08283240721,
    "NZD": 1.6245553750000001,
    "NIO": 0.0735070766,
    "NGN": 0.001710455571,
    "KPW": null,
    "NOK": 0.250334225,
    "OMR": 7.02814182,
    "PKR": 0.00970575099,
    "PAB": 2.70692596,
    "PGK": 0.6879667075,
    "PYG": 0.00035773733200000004,
    "PEN": null,
    "PHP": 0.0468966932,
    "PLN": 0.6834601775,
    "QAR": 0.7415694744,
    "RON": 0.593827568,
    "RUB": 0.0315430591,
    "RWF": 0.002050669156,
    "SHP": 3.4362967500000003,
    "WST": null,
    "STN": null,
    "SAR": 0.7206209535,
    "RSD": 0.025252543729999997,
    "SCR": 0.201549009,
    "SLL": 0.00014203211750000002,
    "SGD": 2.0378490790000003,
    "SBD": 0.3178375,
    "SOS": 0.004753304445,
    "ZAR": 0.1470685237,
    "KRW": 0.001966530131,
    "SSP": null,
    "LKR": 0.0089603125,
    "SDG": 0.004497090361,
    "SRD": 0.09377708336,
    "SZL": 0.147601057,
    "SEK": 0.2583559025,
    "CHF": 3.1366287350000004,
    "SYP": null,
    "TJS": 0.2555044267,
    "TZS": 0.0010040251289999999,
    "THB": 0.0758634562,
    "TOP": 1.1369115,
    "TTD": 0.3987967975,
    "TND": 0.8802576105000001,
    "TRY": 0.08080779045,
    "TMT": 0.7742792000000001,
    "UGX": 0.0007263717565,
    "UAH": 0.06602826554999999,
    "AED": 0.7364551850000001,
    "GBP": 3.4360262500000003,
    "USD": 2.705,
    "UYU": 0.066772925,
    "UZS": 0.00021444834250000002,
    "VUV": null,
    "VES": 0.0738699794,
    "VND": 0.0001074904785,
    "XOF": 0.0045030676,
    "YER": 0.010804925029999999,
    "ZMW": 0.1043996102,
    "ZWL": null,
    "AFN": 0.038145000508038006,
    "ALL": 0.02949197933328314,
    "DZD": 0.020080099279079076,
    "AOA": 0.0030803537446081413,
    "ARS": 0.002889626502655628,
    "AMD": 0.006975909249202302,
    "AWG": 1.5026496070255722,
    "AUD": 1.7684009760609254,
    "AZN": 1.5910407603800176,
    "BSD": 2.7052770736121907,
    "BHD": 7.177492893578641,
    "BDT": 0.02302184063672799,
    "BBD": 1.33977800530656,
    "BYN": 0.8266043509705401,
    "BZD": 1.3420675025559279,
    "BMD": 2.70476929264603,
    "BTN": 0.03221878544115733,
    "BOB": 0.3915193146890392,
    "BAM": 1.5101441168238983,
    "BWP": 0.19964992168859597,
    "BRL": null,
    "BND": 2.0380482896885947,
    "BGN": 1.5107109284727196,
    "BIF": 0.000938525758501572,
    "CVE": 0.026786073353027583,
    "KHR": 0.0006585374286471239,
    "XAF": 0.0045026432071289075,
    "CAD": 1.9696260616666088,
    "KYD": null,
    "CLP": 0.00286376555636648,
    "CNY": 0.3766406212169392,
    "COP": 0.000653562714204281,
    "KMF": 0.00600059743508219,
    "CDF": 0.0009424283249637735,
    "CRC": 0.005120703271652141,
    "HRK": null,
    "CUP": 0.11271764770216415,
    "CZK": 0.11695591587423004,
    "DKK": 0.3959840851097591,
    "DJF": 0.015219273536422561,
    "DOP": 0.04546006471967574,
    "EGP": 0.054909250794845724,
    "ERN": null,
    "ETB": 0.03367113520364938,
    "EUR": 2.9550631414458413,
    "FJD": 1.2030553954085976,
    "GMD": 0.038917543779079564,
    "GEL": 1
  }
}