{
  "meta": {
    "code": "GEL",
    "createdAt": "2024-07-25T17:04:20Z"
  },
  "data": {
    "GHS": 0.1747259817,
    "GIP": null,
    "GTQ": 0.34951439100000004,
    "GNF": 0.00031465891300000003,
    "GYD": 0.01297486212,
    "HTG": 0.020527396349999998,
    "HNL": 0.10946210320000001,
    "HKD": 0.347129591,
    "HUF": 0.007503225509,
    "ISK": 0.01969476727,
    "INR": 0.032350841799999995,
    "IDR": 0.00016616337900000002,
    "IRR": 0.00006438201471,
    "IQD": 0.0020687022659999998,
    "ILS": 0.7388504434000001,
    "JMD": 0.01731165886,
    "JPY": 0.017613644999999997,
    "JOD": 3.82395092,
    "KZT": 0.00570649307,
    "KES": 0.02037593959,
    "KWD": 8.86122304,
    "KGS": 0.03218527164,
    "LAK": 0.0001221766373,
    "LBP": 0.00003024553494,
    "LSL": 0.1476839215,
    "LRD": 0.01387104015,
    "LYD": 0.5599173547,
    "MOP": 0.337204758,
    "MKD": 0.047735809899999995,
    "MGA": 0.000596456366,
    "MWK": 0.001561509642,
    "MYR": 0.579989322,
    "MVR": 0.1765547114,
    "MRU": 0.06817609872,
    "MUR": 0.0579324288,
    "MXN": null,
    "MDL": 0.1524276627,
    "MNT": null,
    "MAD": 0.273778834,
    "MZN": 0.0424143997,
    "MMK": 0.000834402767,
    "NAD": 0.1476839215,
    "NPR": 0.02023346433,
    "ANG": 1.504384143,
    "TWD": 0.08281386019999999,
    "NZD": 1.60070215,
    "NIO": 0.07362766479999999,
    "NGN": 0.001710588585,
    "KPW": null,
    "NOK": 0.24668994500000002,
    "OMR": 7.03989708,
    "PKR": null,
    "PAB": 2.71082655,
    "PGK": 0.700809252,
    "PYG": 0.000357346562,
    "PEN": 0.720888455,
    "PHP": 0.0463098079,
    "PLN": 0.687005054,
    "QAR": 0.744403396,
    "RON": 0.5925569470000001,
    "RUB": 0.031883239429999995,
    "RWF": 0.002056145671,
    "SHP": 3.4979325,
    "WST": null,
    "STN": null,
    "SAR": 0.7223328308,
    "RSD": 0.02515074036,
    "SCR": 0.19688998230000002,
    "SLL": 0.00014203211750000002,
    "SGD": 2.018832386,
    "SBD": 0.31978,
    "SOS": 0.004746059314,
    "ZAR": 0.14779662500000001,
    "KRW": 0.00196013216,
    "SSP": null,
    "LKR": 0.00893115188,
    "SDG": 0.004624573266,
    "SRD": 0.09364848898,
    "SZL": 0.1475231345,
    "SEK": 0.25115743420000003,
    "CHF": null,
    "SYP": null,
    "TJS": 0.2551629226,
    "TZS": 0.001007533285,
    "THB": 0.07484120279999999,
    "TOP": 1.1400970000000001,
    "TTD": 0.398785985,
    "TND": 0.873067421,
    "TRY": 0.0819506168,
    "TMT": 0.7452500000000001,
    "UGX": 0.000725176488,
    "UAH": 0.0657429469,
    "AED": 0.7378164700000001,
    "GBP": 3.49242307,
    "USD": 2.71,
    "UYU": 0.0673164,
    "UZS": 0.000214616553,
    "VUV": null,
    "VES": 0.0742194746,
    "VND": 0.000106861533,
    "XOF": 0.00448234813,
    "YER": 0.01082489717,
    "ZMW": 0.103774301,
    "ZWL": null,
    "AFN": 0.03816433822795169,
    "ALL": 0.029296140636732484,
    "DZD": 0.02015762076996075,
    "AOA": 0.0031051526801414743,
    "ARS": 0.0029183687339739204,
    "AMD": 0.00698566092083342,
    "AWG": 1.5053711189914278,
    "AUD": 1.776932857418496,
    "AZN": 1.5939223612850413,
    "BSD": 2.7090557679583207,
    "BHD": 7.1895193573728635,
    "BDT": 0.02305598111645056,
    "BBD": 1.3417924554435827,
    "BYN": 0.8279610151409769,
    "BZD": null,
    "BMD": 2.70966801418457,
    "BTN": 0.03236520854718746,
    "BOB": 0.39208692120377664,
    "BAM": 1.5031539669569192,
    "BWP": 0.19885472172340932,
    "BRL": 0.4816331345017057,
    "BND": 2.0185851889258086,
    "BGN": 1.5046188096092732,
    "BIF": 0.0009397149348245249,
    "CVE": 0.026531557962281526,
    "KHR": 0.0006580058316030028,
    "XAF": 0.0044817999502349,
    "CAD": 1.963406612263129,
    "KYD": 3.250987310460568,
    "CLP": 0.0028687699983390973,
    "CNY": 0.3747034521938647,
    "COP": 0.0006742211951469151,
    "KMF": 0.005965475291375378,
    "CDF": 0.0009457829024313958,
    "CRC": 0.0051234593282599074,
    "HRK": null,
    "CUP": 0.11288082217489136,
    "CZK": 0.116001028049831,
    "DKK": 0.3944938816287024,
    "DJF": 0.015246837803933608,
    "DOP": 0.045617306636103874,
    "EGP": 0.05605587271800171,
    "ERN": null,
    "ETB": 0.04686340781618573,
    "EUR": 2.944267227233477,
    "FJD": 1.2000566949504712,
    "GMD": 0.03998034695679928,
    "GEL": 1
  }
}