{
  "meta": {
    "code": "GEL",
    "createdAt": "2024-07-30T14:04:01Z"
  },
  "data": {
    "GHS": 0.1747470382,
    "GIP": null,
    "GTQ": 0.35018194890000004,
    "GNF": 0.00031492343850000003,
    "GYD": 0.012997766559999999,
    "HTG": 0.020561813579999998,
    "HNL": 0.1096666692,
    "HKD": 0.3474860625,
    "HUF": 0.00742936944,
    "ISK": 0.01961421749,
    "INR": 0.03242462055,
    "IDR": 0.000166232934,
    "IRR": 0.00006448165182,
    "IQD": 0.0020726060219999998,
    "ILS": 0.7245702405000001,
    "JMD": 0.01736976907,
    "JPY": 0.01756700025,
    "JOD": 3.83100618,
    "KZT": 0.00571499898,
    "KES": 0.02088461513,
    "KWD": 8.879961360000001,
    "KGS": 0.03230988736,
    "LAK": 0.0001223995305,
    "LBP": 0.0000303072735,
    "LSL": 0.1481565726,
    "LRD": 0.01396110829,
    "LYD": 0.5616604665,
    "MOP": 0.3374503365,
    "MKD": 0.047727528,
    "MGA": 0.000598882845,
    "MWK": 0.001565196957,
    "MYR": 0.587344638,
    "MVR": 0.176707051,
    "MRU": 0.06856001621999999,
    "MUR": 0.058226107199999995,
    "MXN": 0.1446348375,
    "MDL": 0.15380475000000002,
    "MNT": null,
    "MAD": 0.273777885,
    "MZN": 0.04252594095,
    "MMK": 0.0008359422555000001,
    "NAD": 0.1470747537,
    "NPR": 0.02026373644,
    "ANG": 1.506927627,
    "TWD": 0.08256295995,
    "NZD": 1.598592,
    "NIO": 0.07373595194999999,
    "NGN": 0.001675925924,
    "KPW": null,
    "NOK": 0.246883095,
    "OMR": 7.052755500000001,
    "PKR": 0.009740798265,
    "PAB": 2.71557015,
    "PGK": 0.691567515,
    "PYG": 0.000358957209,
    "PEN": 0.7263664845000001,
    "PHP": 0.046305763949999995,
    "PLN": 0.6837831484,
    "QAR": 0.7436754511,
    "RON": 0.589410753,
    "RUB": 0.03133063845,
    "RWF": 0.002040711016,
    "SHP": 3.48782475,
    "WST": null,
    "STN": null,
    "SAR": 0.7237063275000001,
    "RSD": 0.025051440749999997,
    "SCR": 0.2046871623,
    "SLL": 0.00014203211750000002,
    "SGD": 2.018062215,
    "SBD": 0.322542,
    "SOS": 0.0047690766899999995,
    "ZAR": 0.1476964344,
    "KRW": 0.001960205022,
    "SSP": null,
    "LKR": 0.00897906429,
    "SDG": 0.0045287739399999995,
    "SRD": 0.0936319878,
    "SZL": null,
    "SEK": 0.25109745370000003,
    "CHF": 3.064841325,
    "SYP": null,
    "TJS": 0.2565315262,
    "TZS": 0.001003696838,
    "THB": 0.07541984924999999,
    "TOP": 1.1383995,
    "TTD": 0.400577073,
    "TND": 0.8711231712,
    "TRY": null,
    "TMT": 0.8092418595,
    "UGX": 0.0007294700010000001,
    "UAH": 0.06617014289999999,
    "AED": 0.739172868,
    "GBP": 3.4829241750000004,
    "USD": 2.715,
    "UYU": 0.0673863,
    "UZS": 0.00021583815600000002,
    "VUV": null,
    "VES": null,
    "VND": 0.0001073758065,
    "XOF": 0.004482299385,
    "YER": 0.01084509736,
    "ZMW": 0.1027078798,
    "ZWL": null,
    "AFN": 0.0382657785681508,
    "ALL": 0.029340913476175342,
    "DZD": 0.02014938894787777,
    "AOA": 0.003104367622879539,
    "ARS": 0.0029128828020497555,
    "AMD": 0.006989982715883719,
    "AWG": 1.5071586322902073,
    "AUD": 1.7728759510121674,
    "AZN": 1.5969232271812686,
    "BSD": 2.7138169367978198,
    "BHD": 7.202701461920575,
    "BDT": 0.02309622445667744,
    "BBD": 1.3440058371055172,
    "BYN": 0.8292555300762554,
    "BZD": 1.346320012102523,
    "BMD": 2.7147694862081564,
    "BTN": 0.0324148600249294,
    "BOB": 0.392727698152765,
    "BAM": 1.5031588320674494,
    "BWP": 0.19973906539906552,
    "BRL": 0.4798023165324129,
    "BND": 2.0189263356974516,
    "BGN": 1.5026504722747487,
    "BIF": 0.0009419022450522582,
    "CVE": 0.02666254322970107,
    "KHR": 0.0006606651326295362,
    "XAF": 0.004481939529858312,
    "CAD": 1.9590544406130614,
    "KYD": 3.256490607251549,
    "CLP": 0.0028372240776780274,
    "CNY": 0.3743528573852907,
    "COP": 0.0006675394562596477,
    "KMF": 0.005963249834195715,
    "CDF": 0.0009467373975564931,
    "CRC": 0.005128110678925624,
    "HRK": null,
    "CUP": 0.1130722393599188,
    "CZK": 0.11547296836274591,
    "DKK": 0.39297442291583184,
    "DJF": 0.015239271182696896,
    "DOP": 0.0457792884531971,
    "EGP": 0.0561007105953871,
    "ERN": null,
    "ETB": 0.04694088849011498,
    "EUR": 2.9321914855803604,
    "FJD": 1.2001633449196094,
    "GMD": 0.04005561765771841,
    "GEL": 1
  }
}