{
  "meta": {
    "code": "GEL",
    "createdAt": "2024-07-30T18:35:20Z"
  },
  "data": {
    "GHS": 0.1747104237,
    "GIP": null,
    "GTQ": 0.3503807955,
    "GNF": 0.0003150565549,
    "GYD": 0.012997766559999999,
    "HTG": 0.020561813579999998,
    "HNL": 0.1094918232,
    "HKD": 0.3474866055,
    "HUF": 0.0074274064949999994,
    "ISK": 0.01963407554,
    "INR": 0.03242798715,
    "IDR": 0.0001663787295,
    "IRR": 0.00006450080071,
    "IQD": 0.00207251906,
    "ILS": 0.7244829804,
    "JMD": 0.01736976907,
    "JPY": 0.01770632862,
    "JOD": 3.83100618,
    "KZT": 0.00571499898,
    "KES": 0.0209652509,
    "KWD": 8.882554185,
    "KGS": 0.03230988736,
    "LAK": 0.0001223248462,
    "LBP": 0.00003030133851,
    "LSL": 0.1470747537,
    "LRD": 0.013887830439999999,
    "LYD": 0.5615304994,
    "MOP": 0.3374503365,
    "MKD": 0.047727528,
    "MGA": 0.0005960482764000001,
    "MWK": 0.001564390656,
    "MYR": 0.5846570595,
    "MVR": 0.176707051,
    "MRU": 0.06827611953,
    "MUR": 0.058226107199999995,
    "MXN": 0.144695925,
    "MDL": 0.15380475000000002,
    "MNT": null,
    "MAD": 0.2740762906,
    "MZN": 0.04252594095,
    "MMK": null,
    "NAD": 0.1470747537,
    "NPR": 0.02026373644,
    "ANG": 1.506927627,
    "TWD": 0.0826333056,
    "NZD": 1.6017142500000001,
    "NIO": 0.07362711846,
    "NGN": 0.00165296802,
    "KPW": null,
    "NOK": 0.247605285,
    "OMR": 7.0527337800000005,
    "PKR": null,
    "PAB": 2.71557015,
    "PGK": 0.7026397465,
    "PYG": 0.000358957209,
    "PEN": 0.7264213818,
    "PHP": 0.046346869049999996,
    "PLN": 0.6841740270000001,
    "QAR": 0.7456744785,
    "RON": 0.589974387,
    "RUB": 0.031661814149999995,
    "RWF": 0.002060721055,
    "SHP": 3.48782475,
    "WST": null,
    "STN": null,
    "SAR": 0.7236943,
    "RSD": 0.025077356229999997,
    "SCR": 0.20451454260000002,
    "SLL": 0.00014203211750000002,
    "SGD": 2.0216761510000003,
    "SBD": 0.3244425,
    "SOS": 0.004754815881,
    "ZAR": 0.1483748586,
    "KRW": 0.001961421885,
    "SSP": null,
    "LKR": 0.00897906429,
    "SDG": 0.0045287739399999995,
    "SRD": 0.0936319878,
    "SZL": 0.1470747537,
    "SEK": 0.251757253,
    "CHF": 3.07116999,
    "SYP": null,
    "TJS": 0.2565315262,
    "TZS": 0.001003696838,
    "THB": 0.0756688962,
    "TOP": 1.1383995,
    "TTD": 0.400577073,
    "TND": 0.873132597,
    "TRY": 0.08206087499999999,
    "TMT": 0.7771416,
    "UGX": 0.0007294700010000001,
    "UAH": 0.06617014289999999,
    "AED": 0.7391677095,
    "GBP": 3.4836165,
    "USD": 2.715,
    "UYU": 0.0673863,
    "UZS": 0.0002156473376,
    "VUV": null,
    "VES": 0.0742556844,
    "VND": 0.00010735490100000001,
    "XOF": 0.004498757172,
    "YER": 0.01084509736,
    "ZMW": 0.1027078798,
    "ZWL": null,
    "AFN": 0.03823308650549715,
    "ALL": 0.02927368858627717,
    "DZD": 0.020161790087017302,
    "AOA": 0.0031041156573031583,
    "ARS": 0.002911852168312377,
    "AMD": 0.006989415371944801,
    "AWG": 1.5080828566057212,
    "AUD": 1.7747173822421123,
    "AZN": 1.5967936128766458,
    "BSD": 2.713596669756071,
    "BHD": 7.2028793539028735,
    "BDT": 0.02309434985481544,
    "BBD": 1.3438967508079969,
    "BYN": 0.8291882234771416,
    "BZD": 1.3462107381328523,
    "BMD": 2.7145491418902976,
    "BTN": 0.03241222907011124,
    "BOB": 0.39269582251566293,
    "BAM": 1.5030368281194493,
    "BWP": 0.19972285358361042,
    "BRL": 0.48245785878959263,
    "BND": 2.0187624696409063,
    "BGN": 1.5006670603144467,
    "BIF": 0.0009433706842088334,
    "CVE": 0.026548157870421803,
    "KHR": 0.000660715380791037,
    "XAF": 0.004481575753585254,
    "CAD": 1.9598571502691264,
    "KYD": 3.2562262941190205,
    "CLP": 0.002840794029066389,
    "CNY": 0.3743534459744758,
    "COP": 0.0006643569332350673,
    "KMF": 0.00595949317826381,
    "CDF": 0.0009458359379408704,
    "CRC": null,
    "HRK": null,
    "CUP": 0.11306306184794071,
    "CZK": 0.11541793939365359,
    "DKK": 0.393282395009493,
    "DJF": 0.015274303073031034,
    "DOP": 0.04640254943402218,
    "EGP": 0.0560325877461639,
    "ERN": null,
    "ETB": 0.04716853418819295,
    "EUR": 2.9348698194688643,
    "FJD": 1.201154513154901,
    "GMD": 0.04006714601378773,
    "GEL": 1
  }
}