{
  "meta": {
    "code": "GEL",
    "createdAt": "2024-08-15T17:04:07Z"
  },
  "data": {
    "GHS": 0.1718849824,
    "GIP": null,
    "GTQ": 0.347577321,
    "GNF": 0.0003117033465,
    "GYD": 0.012885121519999999,
    "HTG": 0.0204015249,
    "HNL": 0.108408883,
    "HKD": 0.345050335,
    "HUF": 0.00746599278,
    "ISK": null,
    "INR": 0.032037980699999996,
    "IDR": 0.0001709678727,
    "IRR": 0.00006388789812,
    "IQD": 0.002053435091,
    "ILS": 0.7296408993,
    "JMD": 0.01712615131,
    "JPY": 0.018057835499999998,
    "JOD": 3.79572988,
    "KZT": 0.0056154449399999995,
    "KES": 0.020852712949999998,
    "KWD": 8.78788299,
    "KGS": 0.03138856359,
    "LAK": 0.0001215132691,
    "LBP": 0.00003002232066,
    "LSL": 0.1487009377,
    "LRD": 0.01376867085,
    "LYD": 0.5598334926,
    "MOP": 0.335342663,
    "MKD": 0.0480231712,
    "MGA": 0.0005841476494000001,
    "MWK": 0.001550879203,
    "MYR": 0.608666838,
    "MVR": 0.1746919087,
    "MRU": 0.06758793932,
    "MUR": 0.058252407299999996,
    "MXN": 0.14420014,
    "MDL": null,
    "MNT": null,
    "MAD": 0.2755018376,
    "MZN": 0.0421013783,
    "MMK": 0.000828244813,
    "NAD": 0.1487009377,
    "NPR": 0.02003163376,
    "ANG": 1.493747316,
    "TWD": 0.0830118936,
    "NZD": 1.614538,
    "NIO": 0.07303828282,
    "NGN": 0.001691940947,
    "KPW": null,
    "NOK": 0.25047128,
    "OMR": 6.988224570000001,
    "PKR": 0.009653687196999999,
    "PAB": 2.6917673300000002,
    "PGK": 0.69237103,
    "PYG": 0.000355602667,
    "PEN": 0.7192513123000001,
    "PHP": 0.0470169767,
    "PLN": 0.688969794,
    "QAR": 0.738808231,
    "RON": 0.593492279,
    "RUB": 0.0302651631,
    "RWF": 0.002037878767,
    "SHP": 3.4511355000000004,
    "WST": null,
    "STN": null,
    "SAR": 0.7168293170000001,
    "RSD": 0.02523568893,
    "SCR": 0.1798273877,
    "SLL": 0.00014203211750000002,
    "SGD": 2.03550955,
    "SBD": 0.316075,
    "SOS": 0.004711033046,
    "ZAR": 0.149436225,
    "KRW": 0.001968785176,
    "SSP": null,
    "LKR": 0.00900016972,
    "SDG": 0.004472152707,
    "SRD": 0.09369720575,
    "SZL": 0.1487009377,
    "SEK": 0.2554403287,
    "CHF": 3.08433517,
    "SYP": null,
    "TJS": 0.2532372456,
    "TZS": 0.0009922537633,
    "THB": 0.0766818663,
    "TOP": 1.13518,
    "TTD": 0.396163025,
    "TND": 0.8790901170000001,
    "TRY": 0.08002524039999999,
    "TMT": null,
    "UGX": 0.000722558479,
    "UAH": 0.0654148282,
    "AED": 0.73237133,
    "GBP": 3.4572552500000002,
    "USD": 2.69,
    "UYU": 0.0667927,
    "UZS": 0.0002128164555,
    "VUV": null,
    "VES": 0.0735664159,
    "VND": 0.000107406589,
    "XOF": 0.004479600241,
    "YER": 0.010743929939999999,
    "ZMW": 0.1023926173,
    "ZWL": null,
    "AFN": 0.03815127796241883,
    "ALL": 0.02968725271910075,
    "DZD": 0.020002730056609592,
    "AOA": 0.0030547019838288864,
    "ARS": 0.0028575981378427444,
    "AMD": 0.0069274844087386135,
    "AWG": 1.492152793675443,
    "AUD": 1.7815938418825457,
    "AZN": 1.5821559390297222,
    "BSD": 2.6900438550694172,
    "BHD": 7.136029384844559,
    "BDT": 0.022893747840633083,
    "BBD": 1.3322679295058866,
    "BYN": 0.8219742911396871,
    "BZD": 1.3345372604997778,
    "BMD": 2.6896650963505278,
    "BTN": 0.03204234758696654,
    "BOB": 0.3892926131848107,
    "BAM": 1.5143632415883304,
    "BWP": 0.2004018293553537,
    "BRL": 0.4916401801214458,
    "BND": 2.0415922582507977,
    "BGN": 1.5110639363263079,
    "BIF": 0.0009343981581502316,
    "CVE": 0.02656459354773113,
    "KHR": 0.0006560158771586654,
    "XAF": 0.004515140440510819,
    "CAD": null,
    "KYD": 3.228052626430645,
    "CLP": 0.0028838026943550253,
    "CNY": 0.3749236952014943,
    "COP": null,
    "KMF": 0.00601782100180149,
    "CDF": 0.0009371655387980934,
    "CRC": 0.00511438169671993,
    "HRK": null,
    "CUP": 0.11208717286290688,
    "CZK": 0.11705901973747455,
    "DKK": 0.3958026592456834,
    "DJF": 0.015134284809534817,
    "DOP": 0.044865139231924756,
    "EGP": 0.05498549750355229,
    "ERN": null,
    "ETB": 0.02467582657202319,
    "EUR": 2.953031182370058,
    "FJD": 1.200609350113925,
    "GMD": 0.03842378709072183,
    "GEL": 1
  }
}