{
  "meta": {
    "code": "GEL",
    "createdAt": "2024-07-30T08:05:16Z"
  },
  "data": {
    "GHS": 0.1748371219,
    "GIP": null,
    "GTQ": 0.3498720045,
    "GNF": 0.0003144722055,
    "GYD": 0.0129787507,
    "HTG": 0.02053225266,
    "HNL": 0.1094918232,
    "HKD": 0.3475816305,
    "HUF": 0.0074485074749999994,
    "ISK": 0.01965824338,
    "INR": 0.032424973499999996,
    "IDR": 0.0001664123955,
    "IRR": 0.00006448165182,
    "IQD": 0.0020696512869999998,
    "ILS": 0.7269903372000001,
    "JMD": 0.01732166742,
    "JPY": 0.01753116225,
    "JOD": null,
    "KZT": 0.005710342755,
    "KES": 0.02088461513,
    "KWD": null,
    "KGS": 0.03230988736,
    "LAK": 0.0001222018785,
    "LBP": 0.0000302627475,
    "LSL": 0.1475594626,
    "LRD": 0.013869349159999999,
    "LYD": null,
    "MOP": 0.337011864,
    "MKD": 0.0476623137,
    "MGA": 0.0005960482764000001,
    "MWK": 0.001564390656,
    "MYR": 0.5874717,
    "MVR": 0.176707051,
    "MRU": 0.06847100494,
    "MUR": 0.058226107199999995,
    "MXN": 0.1460455786,
    "MDL": 0.1528874601,
    "MNT": null,
    "MAD": 0.27474247020000003,
    "MZN": 0.04252594095,
    "MMK": 0.0008359422555000001,
    "NAD": 0.1470747537,
    "NPR": 0.02023034466,
    "ANG": 1.504677163,
    "TWD": 0.08260995659999999,
    "NZD": 1.599881625,
    "NIO": 0.07362711846,
    "NGN": 0.001632513753,
    "KPW": null,
    "NOK": 0.2471369475,
    "OMR": 7.052475855000001,
    "PKR": 0.009748653303,
    "PAB": 2.711444707,
    "PGK": null,
    "PYG": 0.0003579447855,
    "PEN": 0.7264213818,
    "PHP": 0.0462809217,
    "PLN": 0.6850794795,
    "QAR": null,
    "RON": 0.5908119645000001,
    "RUB": 0.03146030685,
    "RWF": null,
    "SHP": 3.48782475,
    "WST": null,
    "STN": null,
    "SAR": 0.7237025265,
    "RSD": null,
    "SCR": 0.2083046826,
    "SLL": 0.00014203211750000002,
    "SGD": 2.020126972,
    "SBD": 0.322542,
    "SOS": 0.00476159958,
    "ZAR": 0.14807785110000002,
    "KRW": 0.001960642951,
    "SSP": null,
    "LKR": 0.008953665465,
    "SDG": 0.0045287739399999995,
    "SRD": 0.09409603559999999,
    "SZL": 0.1476028755,
    "SEK": 0.2508477009,
    "CHF": 3.06217248,
    "SYP": null,
    "TJS": 0.25533193060000003,
    "TZS": 0.001004004285,
    "THB": 0.07545861945,
    "TOP": 1.1383995,
    "TTD": 0.39920898450000003,
    "TND": 0.8704779786,
    "TRY": 0.08206087499999999,
    "TMT": 0.8092418595,
    "UGX": 0.0007276813590000001,
    "UAH": 0.06605809485,
    "AED": 0.739179927,
    "GBP": 3.489657375,
    "USD": 2.715,
    "UYU": 0.06741345,
    "UZS": 0.0002156473376,
    "VUV": null,
    "VES": 0.07425431603999999,
    "VND": 0.00010738653070000001,
    "XOF": 0.004498757172,
    "YER": 0.01084509736,
    "ZMW": 0.1035351132,
    "ZWL": null,
    "AFN": 0.038303355693983326,
    "ALL": 0.029276064772642208,
    "DZD": 0.020153771758926214,
    "AOA": 0.003104367622879539,
    "ARS": 0.0029134764467401266,
    "AMD": 0.006984558793055166,
    "AWG": 1.5071586322902073,
    "AUD": 1.7787443857397567,
    "AZN": 1.5969232271812686,
    "BSD": 2.7097726658360837,
    "BHD": 7.202193172685015,
    "BDT": 0.023062418119839338,
    "BBD": 1.3420670607351604,
    "BYN": 0.8280386677828296,
    "BZD": 1.3443406063690893,
    "BMD": 2.7147694862081564,
    "BTN": 0.03236139755896548,
    "BOB": 0.39213517843862283,
    "BAM": null,
    "BWP": 0.1993015035561331,
    "BRL": 0.48339912513053473,
    "BND": 2.016714138359581,
    "BGN": 1.503103070461783,
    "BIF": 0.000940921892989721,
    "CVE": 0.026629563447372852,
    "KHR": null,
    "XAF": 0.004476373190872936,
    "CAD": 1.9602780626909624,
    "KYD": 3.2517256409649646,
    "CLP": 0.0028393012389815375,
    "CNY": 0.37426512168512405,
    "COP": 0.0006706429795333806,
    "KMF": 0.005963249834195715,
    "CDF": null,
    "CRC": 0.005120872254475962,
    "HRK": null,
    "CUP": 0.11290886612515222,
    "CZK": null,
    "DKK": 0.39377242607798846,
    "DJF": 0.015217189801297753,
    "DOP": 0.045779674429485925,
    "EGP": 0.056153393217984765,
    "ERN": null,
    "ETB": 0.047172362922817665,
    "EUR": 2.9384597340619125,
    "FJD": 1.2006941557753898,
    "GMD": 0.04005561765771841,
    "GEL": 1
  }
}