{
  "meta": {
    "code": "GEL",
    "createdAt": "2024-08-02T14:33:23Z"
  },
  "data": {
    "GHS": 0.1743631344,
    "GIP": null,
    "GTQ": 0.350067773,
    "GNF": 0.00031460444200000003,
    "GYD": 0.01298663978,
    "HTG": 0.020596842809999998,
    "HNL": 0.1095694734,
    "HKD": 0.347133385,
    "HUF": 0.00744441065,
    "ISK": 0.019624882059999998,
    "INR": 0.0323437958,
    "IDR": 0.000167732469,
    "IRR": 0.00006438201471,
    "IQD": 0.002070728344,
    "ILS": 0.713131351,
    "JMD": 0.01733280228,
    "JPY": 0.01843386986,
    "JOD": 3.8244902100000004,
    "KZT": 0.00571323284,
    "KES": 0.02084615359,
    "KWD": 8.8795318,
    "KGS": 0.03225038481,
    "LAK": null,
    "LBP": 0.000030279372,
    "LSL": 0.1490626286,
    "LRD": 0.01352383793,
    "LYD": 0.561489236,
    "MOP": 0.337216953,
    "MKD": 0.047643398899999995,
    "MGA": 0.000594950961,
    "MWK": 0.0015636759619999999,
    "MYR": 0.602691263,
    "MVR": 0.1765547114,
    "MRU": 0.06814267086999999,
    "MUR": 0.05799446069999999,
    "MXN": 0.142609685,
    "MDL": 0.15337245,
    "MNT": null,
    "MAD": 0.27472814700000003,
    "MZN": 0.0424143997,
    "MMK": 0.000834402767,
    "NAD": 0.1490626286,
    "NPR": 0.020242090259999998,
    "ANG": 1.5054169240000002,
    "TWD": 0.08298375009999999,
    "NZD": 1.6202277,
    "NIO": 0.07366966979999999,
    "NGN": 0.001659552835,
    "KPW": null,
    "NOK": 0.24805036500000002,
    "OMR": 7.03973719,
    "PKR": null,
    "PAB": 2.71288615,
    "PGK": 0.690287406,
    "PYG": 0.00035810780100000003,
    "PEN": 0.724734487,
    "PHP": 0.0468562523,
    "PLN": 0.689813427,
    "QAR": 0.7436157887,
    "RON": 0.5943772540000001,
    "RUB": 0.0317153197,
    "RWF": 0.002063848738,
    "SHP": 3.4518625000000003,
    "WST": null,
    "STN": null,
    "SAR": 0.7219039462,
    "RSD": 0.0252737207,
    "SCR": 0.1998613347,
    "SLL": 0.00014203211750000002,
    "SGD": null,
    "SBD": 0.31978,
    "SOS": 0.00476461902,
    "ZAR": 0.149238345,
    "KRW": 0.001995347797,
    "SSP": null,
    "LKR": 0.00898174216,
    "SDG": 0.004505402913,
    "SRD": 0.09401234984,
    "SZL": 0.1491156633,
    "SEK": 0.2566078946,
    "CHF": 3.14653493,
    "SYP": null,
    "TJS": 0.2564063735,
    "TZS": 0.001003703702,
    "THB": 0.0770127529,
    "TOP": 1.137929,
    "TTD": 0.40057052000000004,
    "TND": 0.8739964632,
    "TRY": 0.0816773946,
    "TMT": 0.773492265,
    "UGX": 0.000727902206,
    "UAH": 0.06572121269999999,
    "AED": 0.7378164700000001,
    "GBP": 3.4778920500000003,
    "USD": 2.71,
    "UYU": 0.06714025,
    "UZS": 0.000215619795,
    "VUV": null,
    "VES": 0.0740489343,
    "VND": null,
    "XOF": 0.00447400404,
    "YER": 0.010824889039999999,
    "ZMW": 0.1047923125,
    "ZWL": null,
    "AFN": 0.038207555820939126,
    "ALL": 0.0292983706617941,
    "DZD": 0.02011870760148855,
    "AOA": 0.0030930341302026453,
    "ARS": 0.002905810203301082,
    "AMD": 0.006986381372734487,
    "AWG": 1.5043264479036644,
    "AUD": 1.771147552878982,
    "AZN": 1.5939223612850413,
    "BSD": 2.7108070957097636,
    "BHD": 7.18918172911132,
    "BDT": 0.023072884457797215,
    "BBD": 1.3426887163988732,
    "BYN": 0.8285820656239018,
    "BZD": 1.3449906927968873,
    "BMD": 2.70966801418457,
    "BTN": 0.03237862846995957,
    "BOB": 0.3923439275600874,
    "BAM": 1.5002859830888247,
    "BWP": 0.20035091691497703,
    "BRL": 0.4741160439782134,
    "BND": 2.036219092767189,
    "BGN": 1.5070665690574414,
    "BIF": null,
    "CVE": 0.02661194359032147,
    "KHR": 0.000659958944706403,
    "XAF": 0.004473125134744787,
    "CAD": 1.9582841700217595,
    "KYD": 3.253479265846677,
    "CLP": 0.0028634949643851814,
    "CNY": 0.3782761914614378,
    "COP": 0.0006613947167173609,
    "KMF": 0.005935095861816611,
    "CDF": 0.0009441351965799896,
    "CRC": 0.005179770602535889,
    "HRK": null,
    "CUP": 0.11296246869986494,
    "CZK": 0.11709305778922532,
    "DKK": 0.39625109533213715,
    "DJF": 0.015224290913605294,
    "DOP": 0.0455763416397246,
    "EGP": 0.05567715650686228,
    "ERN": null,
    "ETB": 0.046810930201658135,
    "EUR": 2.957862234270197,
    "FJD": 1.2038688529633073,
    "GMD": 0.03927055093021116,
    "GEL": 1
  }
}