{
  "meta": {
    "code": "GEL",
    "createdAt": "2024-07-23T16:05:02Z"
  },
  "data": {
    "GHS": null,
    "GIP": null,
    "GTQ": 0.3503824245,
    "GNF": 0.00031523322,
    "GYD": 0.013008420219999999,
    "HTG": 0.02057928732,
    "HNL": null,
    "HKD": 0.34768344300000004,
    "HUF": 0.00754427367,
    "ISK": 0.01968389742,
    "INR": 0.032431570949999995,
    "IDR": 0.000167325993,
    "IRR": 0.00006450080071,
    "IQD": 0.002074369957,
    "ILS": 0.7483276308,
    "JMD": 0.01739047095,
    "JPY": 0.01740192825,
    "JOD": 3.831546465,
    "KZT": 0.00573251073,
    "KES": 0.020490565999999998,
    "KWD": 8.879467230000001,
    "KGS": 0.032180941149999996,
    "LAK": 0.0001226210745,
    "LBP": 0.0000303327945,
    "LSL": 0.148003528,
    "LRD": 0.013923443099999998,
    "LYD": 0.5619819225,
    "MOP": 0.33794202300000004,
    "MKD": 0.047899468949999996,
    "MGA": 0.0005988662835,
    "MWK": 0.001566487396,
    "MYR": 0.581121858,
    "MVR": 0.1768804581,
    "MRU": 0.0686709294,
    "MUR": 0.058326236399999995,
    "MXN": 0.15004311750000002,
    "MDL": 0.15347895,
    "MNT": null,
    "MAD": 0.275943912,
    "MZN": 0.042492655049999994,
    "MMK": 0.0008359422555000001,
    "NAD": 0.148003528,
    "NPR": 0.020283012939999998,
    "ANG": 1.5081662100000002,
    "TWD": null,
    "NZD": 1.6176513000000001,
    "NIO": 0.07380616185,
    "NGN": 0.001689483493,
    "KPW": null,
    "NOK": 0.24614325750000002,
    "OMR": 7.0529075400000005,
    "PKR": 0.009757096409999999,
    "PAB": 2.7178643250000003,
    "PGK": 0.693456612,
    "PYG": 0.000359051691,
    "PEN": 0.723162513,
    "PHP": 0.0464388261,
    "PLN": 0.688673325,
    "QAR": 0.7456744785,
    "RON": 0.5926402455,
    "RUB": 0.031081862999999998,
    "RWF": 0.002073969766,
    "SHP": 3.50574375,
    "WST": null,
    "STN": null,
    "SAR": 0.723782076,
    "RSD": 0.02516965157,
    "SCR": 0.1973459109,
    "SLL": 0.00014203211750000002,
    "SGD": 2.01777714,
    "SBD": 0.32104875,
    "SOS": 0.0047730188699999995,
    "ZAR": 0.14761734640000002,
    "KRW": 0.001959101646,
    "SSP": null,
    "LKR": 0.00894187965,
    "SDG": 0.004633105689,
    "SRD": 0.09259574831999999,
    "SZL": 0.1480261983,
    "SEK": 0.2522112553,
    "CHF": 3.0451684350000003,
    "SYP": null,
    "TJS": 0.25508136330000003,
    "TZS": 0.001011173161,
    "THB": 0.07508297205,
    "TOP": 1.144644,
    "TTD": 0.4003161615,
    "TND": 0.873974247,
    "TRY": 0.08272605,
    "TMT": 0.7749193725,
    "UGX": 0.0007349138475,
    "UAH": 0.0658302792,
    "AED": 0.739177755,
    "GBP": 3.505643295,
    "USD": 2.715,
    "UYU": 0.06765779999999999,
    "UZS": 0.0002156988765,
    "VUV": null,
    "VES": 0.07441524495,
    "VND": 0.000107037246,
    "XOF": 0.00449771787,
    "YER": 0.010844880159999999,
    "ZMW": 0.10477728,
    "ZWL": null,
    "AFN": 0.03878242123154509,
    "ALL": 0.029406483301481406,
    "DZD": 0.020160925970749564,
    "AOA": 0.0031109987285634407,
    "ARS": 0.0029309385118553213,
    "AMD": 0.0069984519256377645,
    "AWG": 1.5061134458852463,
    "AUD": 1.7966612264255817,
    "AZN": 1.5969232271812686,
    "BSD": 2.716174784280679,
    "BHD": 7.203043687023239,
    "BDT": 0.023117912754490683,
    "BBD": 1.3452159200678986,
    "BYN": 0.8299504208367353,
    "BZD": 1.347427924559069,
    "BMD": 2.7147694862081564,
    "BTN": 0.03244557359828091,
    "BOB": 0.39307906167798445,
    "BAM": 1.5083644865353434,
    "BWP": 0.19990909337885868,
    "BRL": 0.4876013877184254,
    "BND": 2.0187912150824943,
    "BGN": 1.5051865351113947,
    "BIF": 0.0009429324557614353,
    "CVE": 0.026754273277673383,
    "KHR": 0.0006611516870590078,
    "XAF": 0.004497334976660134,
    "CAD": 1.9718681579631852,
    "KYD": 3.259372887758307,
    "CLP": 0.0028723160199821546,
    "CNY": 0.3731847094079632,
    "COP": 0.0006783786216651201,
    "KMF": 0.005996177773654487,
    "CDF": 0.000958943654980389,
    "CRC": 0.005126969822949911,
    "HRK": null,
    "CUP": 0.11316782969862012,
    "CZK": 0.11605050597491413,
    "DKK": 0.3948525884137164,
    "DJF": 0.015252088064962874,
    "DOP": 0.045858212389952656,
    "EGP": 0.056132493998221115,
    "ERN": null,
    "ETB": 0.046989296552012866,
    "EUR": 2.9678046614714257,
    "FJD": 1.2072349022221343,
    "GMD": 0.04005561765771841,
    "GEL": 1
  }
}