{
  "meta": {
    "code": "GEL",
    "createdAt": "2024-07-25T08:06:04Z"
  },
  "data": {
    "GHS": 0.17575770400000001,
    "GIP": null,
    "GTQ": 0.35129528250000003,
    "GNF": 0.00031614142,
    "GYD": 0.013046190919999999,
    "HTG": 0.02063928352,
    "HNL": 0.1100433752,
    "HKD": 0.349101385,
    "HUF": 0.007507366824999999,
    "ISK": 0.019782214069999998,
    "INR": 0.032562087749999996,
    "IDR": 0.0001676202,
    "IRR": 0.00006473837272,
    "IQD": 0.002080467195,
    "ILS": 0.7436173475000001,
    "JMD": 0.017408700649999997,
    "JPY": 0.01790566162,
    "JOD": 3.8445744250000002,
    "KZT": 0.0057479624,
    "KES": 0.02048872155,
    "KWD": 8.915935675,
    "KGS": 0.03235293037,
    "LAK": 0.0001229173925,
    "LBP": 0.00003042081,
    "LSL": 0.1488175092,
    "LRD": 0.013970475769999999,
    "LYD": 0.56370876,
    "MOP": 0.33883631000000003,
    "MKD": 0.047948446,
    "MGA": 0.0005995618575,
    "MWK": 0.001571060055,
    "MYR": 0.5843879675,
    "MVR": 0.1775319515,
    "MRU": 0.06882760855,
    "MUR": 0.058253087999999995,
    "MXN": 0.1474538347,
    "MDL": 0.15326762500000002,
    "MNT": null,
    "MAD": 0.275808695,
    "MZN": 0.042649165749999995,
    "MMK": 0.0008390212325000001,
    "NAD": 0.148818899,
    "NPR": 0.02034303787,
    "ANG": 1.512569837,
    "TWD": 0.08332393275,
    "NZD": 1.6135270000000002,
    "NIO": 0.0740219,
    "NGN": 0.0017200567869999999,
    "KPW": null,
    "NOK": 0.24661931250000002,
    "OMR": 7.079629025,
    "PKR": 0.0097818126,
    "PAB": 2.725607675,
    "PGK": 0.7048727525,
    "PYG": 0.00035978066,
    "PEN": 0.725139395,
    "PHP": 0.046512420049999996,
    "PLN": 0.6877662925,
    "QAR": 0.7467142282,
    "RON": 0.5952510710000001,
    "RUB": 0.03190748825,
    "RWF": 0.002074347117,
    "SHP": 3.5172937500000003,
    "WST": null,
    "STN": null,
    "SAR": 0.7263842295,
    "RSD": 0.025261186539999998,
    "SCR": 0.2009973625,
    "SLL": 0.00014203211750000002,
    "SGD": null,
    "SBD": 0.32155,
    "SOS": 0.004786361675,
    "ZAR": 0.1472869448,
    "KRW": 0.001972294777,
    "SSP": null,
    "LKR": 0.008975160825,
    "SDG": 0.0046501705349999995,
    "SRD": 0.09347557416999999,
    "SZL": 0.1488479475,
    "SEK": 0.2520377025,
    "CHF": 3.0946299,
    "SYP": null,
    "TJS": null,
    "TZS": 0.001009259258,
    "THB": 0.07537516225,
    "TOP": 1.1464075,
    "TTD": 0.40094996,
    "TND": 0.8770904907,
    "TRY": 0.08258676575,
    "TMT": 0.778793555,
    "UGX": 0.0007324933525,
    "UAH": 0.0660583055,
    "AED": 0.7419033225,
    "GBP": 3.516925875,
    "USD": 2.725,
    "UYU": 0.067798,
    "UZS": 0.000216476725,
    "VUV": null,
    "VES": 0.07463003824999999,
    "VND": 0.0001076012575,
    "XOF": 0.0045029426,
    "YER": 0.010884813569999999,
    "ZMW": 0.104577325,
    "ZWL": null,
    "AFN": 0.038496968628387175,
    "ALL": 0.029379165359335425,
    "DZD": 0.020256241844197696,
    "AOA": 0.003112244885462568,
    "ARS": 0.0029361882865291803,
    "AMD": 0.007020510633836174,
    "AWG": 1.51166180151039,
    "AUD": 1.7813613999847213,
    "AZN": null,
    "BSD": 2.7238660738996945,
    "BHD": 7.229037864745379,
    "BDT": null,
    "BBD": 1.3490745546868808,
    "BYN": 0.8323472820277154,
    "BZD": 1.3513581165422683,
    "BMD": 2.724770397222478,
    "BTN": 0.032541931246533616,
    "BOB": null,
    "BAM": 1.5101520684080354,
    "BWP": 0.20075360022718655,
    "BRL": 0.4818675893273235,
    "BND": 2.0257205651019285,
    "BGN": 1.509425925283092,
    "BIF": 0.000945574200476945,
    "CVE": 0.02678573048151489,
    "KHR": 0.0006632610066683327,
    "XAF": null,
    "CAD": 1.9712501655500243,
    "KYD": null,
    "CLP": 0.0028754133006218346,
    "CNY": 0.3771099728170609,
    "COP": null,
    "KMF": 0.005998723976630332,
    "CDF": 0.0009510542398682297,
    "CRC": 0.0051383112298779,
    "HRK": null,
    "CUP": 0.11349686856890388,
    "CZK": 0.11635218599523556,
    "DKK": 0.3962826858001331,
    "DJF": 0.015296707575989178,
    "DOP": 0.046011860708314326,
    "EGP": 0.05637005035909768,
    "ERN": null,
    "ETB": 0.047123395665145215,
    "EUR": 2.9573031438942445,
    "FJD": 1.2062110260612573,
    "GMD": 0.04020317813013943,
    "GEL": 1
  }
}