{
  "meta": {
    "code": "GEL",
    "createdAt": "2024-08-21T17:03:57Z"
  },
  "data": {
    "GHS": 0.17306461780000001,
    "GIP": null,
    "GTQ": 0.3492195575,
    "GNF": 0.0003134051411,
    "GYD": 0.01294344934,
    "HTG": 0.020507705929999998,
    "HNL": 0.1089924838,
    "HKD": 0.3470771975,
    "HUF": 0.007680985455,
    "ISK": 0.01979654547,
    "INR": 0.032242599149999995,
    "IDR": 0.000174602881,
    "IRR": 0.0000642632287,
    "IQD": 0.002064885472,
    "ILS": 0.7259406336,
    "JMD": 0.01721759009,
    "JPY": 0.01862974075,
    "JOD": 3.81689566,
    "KZT": 0.005654383225,
    "KES": 0.02096899201,
    "KWD": 8.85440093,
    "KGS": 0.03159718074,
    "LAK": 0.00012225988670000001,
    "LBP": 0.00003020658622,
    "LSL": 0.1513710128,
    "LRD": 0.013854601539999999,
    "LYD": 0.5664921364000001,
    "MOP": 0.336836338,
    "MKD": 0.04878940875,
    "MGA": 0.0005867678696000001,
    "MWK": 0.001558628628,
    "MYR": 0.617580714,
    "MVR": 0.1757709,
    "MRU": 0.06834259592,
    "MUR": 0.058704423949999994,
    "MXN": 0.1400053629,
    "MDL": 0.15590267500000002,
    "MNT": null,
    "MAD": 0.2793988278,
    "MZN": 0.0423327631,
    "MMK": null,
    "NAD": 0.1513710128,
    "NPR": 0.02013709929,
    "ANG": 1.50063662,
    "TWD": 0.08479809825,
    "NZD": 1.665319725,
    "NIO": null,
    "NGN": 0.001716098309,
    "KPW": null,
    "NOK": 0.2573739875,
    "OMR": 7.027084165000001,
    "PKR": 0.009708389176,
    "PAB": 2.704153064,
    "PGK": 0.6857649727,
    "PYG": 0.0003565252215,
    "PEN": 0.7233587111,
    "PHP": 0.04804407305,
    "PLN": 0.7045303692,
    "QAR": 0.743029958,
    "RON": 0.6058374975,
    "RUB": 0.029562728599999998,
    "RWF": 0.002052352044,
    "SHP": 3.53908675,
    "WST": null,
    "STN": null,
    "SAR": 0.7208719505000001,
    "RSD": 0.025761527349999997,
    "SCR": 0.1941422321,
    "SLL": 0.00014203211750000002,
    "SGD": 2.072574516,
    "SBD": 0.316485,
    "SOS": 0.004737302747,
    "ZAR": 0.15128129070000002,
    "KRW": 0.002027827324,
    "SSP": null,
    "LKR": 0.008999924519999999,
    "SDG": 0.004497090361,
    "SRD": 0.09383238438,
    "SZL": 0.15128635170000002,
    "SEK": 0.26519205960000003,
    "CHF": 3.1769170050000004,
    "SYP": null,
    "TJS": 0.2538137747,
    "TZS": 0.0009994712615,
    "THB": 0.07908914165,
    "TOP": 1.151248,
    "TTD": 0.3986799415,
    "TND": 0.888925756,
    "TRY": 0.0797980951,
    "TMT": 0.773266989,
    "UGX": 0.0007267653340000001,
    "UAH": 0.06537825405,
    "AED": 0.7364551850000001,
    "GBP": 3.5405745000000004,
    "USD": 2.705,
    "UYU": 0.06716514999999999,
    "UZS": 0.0002135807326,
    "VUV": null,
    "VES": 0.07383457095,
    "VND": 0.0001084604915,
    "XOF": 0.004512093373,
    "YER": 0.010804925029999999,
    "ZMW": 0.1041553217,
    "ZWL": null,
    "AFN": 0.03863956132351471,
    "ALL": 0.0302885699064505,
    "DZD": 0.020206544884207717,
    "AOA": 0.0030036305308742215,
    "ARS": 0.0028645786961473724,
    "AMD": 0.006964592885913799,
    "AWG": 1.5026496070255722,
    "AUD": 1.8235829908320031,
    "AZN": 1.5910407603800176,
    "BSD": 2.7026909233530185,
    "BHD": 7.178134819623381,
    "BDT": 0.02266432233504196,
    "BBD": 1.3385911340468564,
    "BYN": 0.8258436594608498,
    "BZD": 1.3407928220422436,
    "BMD": 2.70476929264603,
    "BTN": 0.03221270359487262,
    "BOB": 0.39112719065934415,
    "BAM": 1.5372986096680137,
    "BWP": 0.2029735949105092,
    "BRL": 0.4924567208030479,
    "BND": 2.0677036082816636,
    "BGN": 1.5397902023438597,
    "BIF": 0.0009398086496396165,
    "CVE": 0.02721780420828341,
    "KHR": null,
    "XAF": 0.004583564652090631,
    "CAD": 1.9899422409016374,
    "KYD": 3.2430683755940235,
    "CLP": 0.0029511295917299283,
    "CNY": 0.37909532049770767,
    "COP": 0.0006723999873637216,
    "KMF": 0.006120772332665534,
    "CDF": 0.000940462202601188,
    "CRC": 0.005194788123517055,
    "HRK": null,
    "CUP": 0.11260853986100079,
    "CZK": 0.1202825343247703,
    "DKK": null,
    "DJF": 0.015219273536422561,
    "DOP": 0.04511708579243013,
    "EGP": 0.05543775568371072,
    "ERN": null,
    "ETB": 0.02457764009975842,
    "EUR": 3.0148966353285935,
    "FJD": 1.2062746316100332,
    "GMD": 0.038917543779079564,
    "GEL": 1
  }
}