{
  "meta": {
    "code": "GEL",
    "createdAt": "2024-08-01T18:04:42Z"
  },
  "data": {
    "GHS": 0.17459806890000001,
    "GIP": null,
    "GTQ": 0.35082659850000003,
    "GNF": 0.0003149651952,
    "GYD": 0.013013896379999999,
    "HTG": 0.02056004883,
    "HNL": 0.1094476773,
    "HKD": 0.34740216900000004,
    "HUF": 0.007394999169,
    "ISK": 0.019543622059999998,
    "INR": 0.032411995799999996,
    "IDR": 0.0001667910674,
    "IRR": 0.00006448165182,
    "IQD": 0.00207251906,
    "ILS": null,
    "JMD": 0.01735302159,
    "JPY": 0.018135113999999997,
    "JOD": 3.83100618,
    "KZT": 0.005725731375,
    "KES": 0.021046511389999998,
    "KWD": 8.88259491,
    "KGS": 0.03230988736,
    "LAK": null,
    "LBP": 0.00003031825567,
    "LSL": 0.14884868310000002,
    "LRD": 0.013894837859999998,
    "LYD": null,
    "MOP": 0.337742742,
    "MKD": null,
    "MGA": 0.0005947426057,
    "MWK": 0.001564390656,
    "MYR": 0.590924094,
    "MVR": 0.1767653149,
    "MRU": 0.06821608002,
    "MUR": 0.0582385962,
    "MXN": 0.1442932362,
    "MDL": 0.1537843603,
    "MNT": null,
    "MAD": 0.27326252370000004,
    "MZN": 0.042508972199999995,
    "MMK": 0.0008359422555000001,
    "NAD": 0.148930334,
    "NPR": 0.02029119867,
    "ANG": 1.5087830580000001,
    "TWD": 0.08275295565,
    "NZD": 1.616144475,
    "NIO": 0.07361713539999999,
    "NGN": 0.001634488589,
    "KPW": null,
    "NOK": 0.24807090750000002,
    "OMR": 7.053417960000001,
    "PKR": 0.009731182549,
    "PAB": 2.7189666150000003,
    "PGK": 0.6908396778,
    "PYG": 0.000358612404,
    "PEN": 0.7268103327000001,
    "PHP": 0.0465782685,
    "PLN": 0.681185355,
    "QAR": 0.7457771055,
    "RON": null,
    "RUB": 0.03175466715,
    "RWF": 0.002060721055,
    "SHP": 3.48185175,
    "WST": null,
    "STN": null,
    "SAR": 0.7234979784000001,
    "RSD": null,
    "SCR": 0.185263998,
    "SLL": 0.00014203211750000002,
    "SGD": null,
    "SBD": 0.3217275,
    "SOS": 0.004754815881,
    "ZAR": 0.1486978893,
    "KRW": 0.001981245729,
    "SSP": null,
    "LKR": 0.008978073586,
    "SDG": 0.004513715464,
    "SRD": 0.09418580436,
    "SZL": null,
    "SEK": 0.2531153775,
    "CHF": 3.108894915,
    "SYP": null,
    "TJS": 0.2563909707,
    "TZS": 0.001006738833,
    "THB": 0.0762805857,
    "TOP": 1.1411145,
    "TTD": 0.40145076,
    "TND": 0.87439833,
    "TRY": 0.08202615014999999,
    "TMT": 0.7771416,
    "UGX": 0.0007276373760000001,
    "UAH": 0.06601443765,
    "AED": 0.739177755,
    "GBP": 3.46034895,
    "USD": 2.715,
    "UYU": 0.06741345,
    "UZS": 0.0002158016039,
    "VUV": null,
    "VES": 0.07419752909999999,
    "VND": 0.000107631288,
    "XOF": null,
    "YER": 0.010844869299999999,
    "ZMW": 0.1050194037,
    "ZWL": null,
    "AFN": 0.03823618994659375,
    "ALL": 0.029269751872864222,
    "DZD": 0.02014461938287977,
    "AOA": 0.003086719142931389,
    "ARS": 0.002913634667897014,
    "AMD": 0.0069998955412588285,
    "AWG": 1.5071586322902073,
    "AUD": 1.7654143753346134,
    "AZN": 1.5969232271812686,
    "BSD": 2.7170224412335395,
    "BHD": 7.202347945263582,
    "BDT": 0.023124278518463475,
    "BBD": 1.3457213759453361,
    "BYN": 0.8302804006031196,
    "BZD": 1.3472955206449118,
    "BMD": null,
    "BTN": 0.032445065618492135,
    "BOB": 0.39322083118889534,
    "BAM": 1.4982659404118976,
    "BWP": 0.20052750870714806,
    "BRL": 0.47394271889057027,
    "BND": 2.0286542688713634,
    "BGN": 1.4968367948246524,
    "BIF": 0.0009431195026967079,
    "CVE": 0.026517894862692123,
    "KHR": 0.000660929881218574,
    "XAF": 0.004467226836720126,
    "CAD": 1.9575641123163356,
    "KYD": 3.25870073340221,
    "CLP": 0.002862322195625782,
    "CNY": 0.3747404183895602,
    "COP": null,
    "KMF": 0.005957034367786132,
    "CDF": 0.0009459127129645146,
    "CRC": 0.005198347659450984,
    "HRK": null,
    "CUP": 0.11315212255734147,
    "CZK": 0.11565991336312835,
    "DKK": 0.3926084264846163,
    "DJF": 0.015275542913233811,
    "DOP": 0.04568396275689127,
    "EGP": 0.05574853095373628,
    "ERN": null,
    "ETB": 0.04689906078637075,
    "EUR": 2.929217499900731,
    "FJD": 1.2017837872932262,
    "GMD": 0.03906143145623247,
    "GEL": 1
  }
}