{
  "meta": {
    "code": "GEL",
    "createdAt": "2024-08-19T14:04:43Z"
  },
  "data": {
    "GHS": 0.1715501542,
    "GIP": null,
    "GTQ": 0.34685581800000004,
    "GNF": 0.000311397171,
    "GYD": 0.012852818439999998,
    "HTG": 0.020371487009999998,
    "HNL": 0.1083994375,
    "HKD": 0.3445308765,
    "HUF": 0.0075308262449999995,
    "ISK": null,
    "INR": 0.03200963025,
    "IDR": 0.00017232195750000002,
    "IRR": 0.00006376914738,
    "IQD": 0.002050474893,
    "ILS": 0.722366493,
    "JMD": 0.01710307141,
    "JPY": 0.018360969749999997,
    "JOD": 3.7892089350000004,
    "KZT": 0.005608774365,
    "KES": 0.02081395326,
    "KWD": null,
    "KGS": 0.03133022053,
    "LAK": 0.0001213252155,
    "LBP": 0.00002998071,
    "LSL": 0.1505779414,
    "LRD": 0.013768143259999999,
    "LYD": 0.560293986,
    "MOP": 0.334664307,
    "MKD": 0.0481100985,
    "MGA": 0.000592694955,
    "MWK": 0.001548329146,
    "MYR": 0.6128039940000001,
    "MVR": 0.17425402980000002,
    "MRU": 0.06779145727,
    "MUR": 0.058056090299999995,
    "MXN": 0.14266747500000002,
    "MDL": 0.15390420000000002,
    "MNT": null,
    "MAD": 0.276049146,
    "MZN": 0.04202312295,
    "MMK": 0.0008267053245000001,
    "NAD": 0.1505779414,
    "NPR": 0.0200070192,
    "ANG": 1.4907111940000002,
    "TWD": 0.08389969859999999,
    "NZD": 1.6329633000000001,
    "NIO": 0.0729448449,
    "NGN": 0.001688591398,
    "KPW": null,
    "NOK": 0.253069305,
    "OMR": 6.974939955000001,
    "PKR": 0.00964421928,
    "PAB": 2.686146495,
    "PGK": 0.6811077090000001,
    "PYG": 0.0003541238445,
    "PEN": 0.7191694635,
    "PHP": 0.047376639729999996,
    "PLN": 0.6949232422,
    "QAR": 0.7365163893000001,
    "RON": null,
    "RUB": 0.02989062825,
    "RWF": 0.0020140595799999998,
    "SHP": 3.4750612500000004,
    "WST": null,
    "STN": null,
    "SAR": 0.7155441496,
    "RSD": 0.02534405599,
    "SCR": 0.1980433714,
    "SLL": null,
    "SGD": 2.049813846,
    "SBD": 0.31683,
    "SOS": 0.00471646026,
    "ZAR": null,
    "KRW": 0.002010829525,
    "SSP": null,
    "LKR": 0.0089864265,
    "SDG": 0.004463840155,
    "SRD": 0.09350513574,
    "SZL": 0.1506127122,
    "SEK": 0.2584657254,
    "CHF": 3.1053823950000004,
    "SYP": null,
    "TJS": 0.2522376531,
    "TZS": 0.000990610881,
    "THB": 0.07784865103,
    "TOP": 1.135755,
    "TTD": 0.3956344815,
    "TND": 0.8725339785,
    "TRY": 0.0795620274,
    "TMT": 0.7663567275000001,
    "UGX": 0.0007212594675,
    "UAH": 0.06488675715,
    "AED": 0.731012193,
    "GBP": 3.4812099,
    "USD": 2.685,
    "UYU": 0.0665555115,
    "UZS": 0.0002121050655,
    "VUV": null,
    "VES": 0.0732835308,
    "VND": null,
    "XOF": 0.004517337975,
    "YER": 0.01072289655,
    "ZMW": 0.1045696072,
    "ZWL": null,
    "AFN": 0.03784702116793848,
    "ALL": 0.029703481620408756,
    "DZD": 0.019981416104119618,
    "AOA": 0.003021684870978904,
    "ARS": 0.002844032847314361,
    "AMD": 0.006916650374842542,
    "AWG": 1.4915372265915312,
    "AUD": 1.7995454215098905,
    "AZN": 1.5792747105086802,
    "BSD": 2.6846461990092383,
    "BHD": 7.123149403291922,
    "BDT": 0.02250356029783873,
    "BBD": 1.3398946496871345,
    "BYN": 0.8203330102479116,
    "BZD": 1.3318300825130134,
    "BMD": 2.6847670078647563,
    "BTN": 0.03200967894843861,
    "BOB": 0.38847808693027525,
    "BAM": 1.5150029388133057,
    "BWP": 0.20106698382575922,
    "BRL": 0.49405009175362435,
    "BND": 2.048339677092863,
    "BGN": 1.5152577448211455,
    "BIF": 0.0009322936373557552,
    "CVE": 0.026870921490725924,
    "KHR": null,
    "XAF": 0.004516946004996592,
    "CAD": 1.9658973309045555,
    "KYD": 3.2212678867494957,
    "CLP": 0.0028807440241858926,
    "CNY": null,
    "COP": 0.0006663093702604332,
    "KMF": 0.00600048501560352,
    "CDF": 0.0009351330581237368,
    "CRC": 0.005177429633372643,
    "HRK": null,
    "CUP": 0.1118593727715498,
    "CZK": 0.11775810377332281,
    "DKK": 0.39747033092254114,
    "DJF": 0.015075414543413686,
    "DOP": 0.04499002271337943,
    "EGP": 0.05503838689444864,
    "ERN": null,
    "ETB": 0.02452950884877919,
    "EUR": 2.965757723444132,
    "FJD": 1.206501295596771,
    "GMD": 0.038909666780648645,
    "GEL": 1
  }
}