{
  "meta": {
    "code": "GEL",
    "createdAt": "2024-08-02T16:36:46Z"
  },
  "data": {
    "GHS": 0.1741645239,
    "GIP": null,
    "GTQ": 0.350067773,
    "GNF": 0.0003143851488,
    "GYD": 0.01298663978,
    "HTG": 0.020596842809999998,
    "HNL": 0.1091580954,
    "HKD": 0.34712661,
    "HUF": 0.007429135193,
    "ISK": 0.019649071799999997,
    "INR": 0.032340326999999995,
    "IDR": 0.00016751052,
    "IRR": 0.00006438201471,
    "IQD": 0.0020687022659999998,
    "ILS": 0.7131672585000001,
    "JMD": 0.01733280228,
    "JPY": 0.018433691,
    "JOD": 3.8244414300000003,
    "KZT": 0.00571323284,
    "KES": 0.02084615359,
    "KWD": 8.87837734,
    "KGS": 0.03225038481,
    "LAK": 0.0001220995703,
    "LBP": 0.00003024553494,
    "LSL": 0.1482494524,
    "LRD": 0.013865766489999999,
    "LYD": 0.5610765843000001,
    "MOP": 0.337216953,
    "MKD": 0.047643398899999995,
    "MGA": 0.0005929978098,
    "MWK": 0.001564213544,
    "MYR": 0.593127673,
    "MVR": 0.1765547114,
    "MRU": 0.0681246846,
    "MUR": 0.05799446069999999,
    "MXN": 0.1422871137,
    "MDL": 0.15337245,
    "MNT": null,
    "MAD": 0.2727318255,
    "MZN": 0.0424143997,
    "MMK": 0.000834402767,
    "NAD": 0.1482494524,
    "NPR": 0.020242090259999998,
    "ANG": 1.5054169240000002,
    "TWD": 0.08293041729999999,
    "NZD": 1.6160543,
    "NIO": 0.07352143008999999,
    "NGN": 0.001675911994,
    "KPW": null,
    "NOK": 0.24749075,
    "OMR": 7.03966402,
    "PKR": 0.009715002578,
    "PAB": 2.71288615,
    "PGK": 0.6896814771,
    "PYG": 0.00035810780100000003,
    "PEN": 0.7240181527,
    "PHP": 0.0467338145,
    "PLN": 0.6894511,
    "QAR": 0.7443015000000001,
    "RON": 0.594298935,
    "RUB": 0.03169546082,
    "RWF": null,
    "SHP": 3.4518625000000003,
    "WST": null,
    "STN": null,
    "SAR": 0.721906873,
    "RSD": 0.025269370609999998,
    "SCR": 0.1998613347,
    "SLL": null,
    "SGD": 2.042438925,
    "SBD": 0.31978,
    "SOS": 0.004746059314,
    "ZAR": 0.14826681,
    "KRW": 0.0019929266829999998,
    "SSP": null,
    "LKR": 0.00898174216,
    "SDG": null,
    "SRD": 0.09395693847,
    "SZL": 0.1482494524,
    "SEK": 0.2562845374,
    "CHF": 3.1483208200000004,
    "SYP": null,
    "TJS": 0.256437002,
    "TZS": 0.001003703702,
    "THB": 0.0767902348,
    "TOP": 1.137929,
    "TTD": 0.40057052000000004,
    "TND": 0.872927585,
    "TRY": 0.081616257,
    "TMT": 0.773492265,
    "UGX": 0.000727902206,
    "UAH": 0.06572121269999999,
    "AED": 0.7378164700000001,
    "GBP": 3.4671740000000004,
    "USD": 2.71,
    "UYU": 0.06714025,
    "UZS": 0.000215079364,
    "VUV": null,
    "VES": 0.07404844649999999,
    "VND": 0.000107465321,
    "XOF": 0.00447194715,
    "YER": 0.010824889039999999,
    "ZMW": 0.1047923125,
    "ZWL": null,
    "AFN": 0.03843500729339815,
    "ALL": 0.02919271724647049,
    "DZD": 0.020152673453841762,
    "AOA": 0.0030844257422907896,
    "ARS": 0.0029048983924088376,
    "AMD": 0.006986381372734487,
    "AWG": 1.5053711189914278,
    "AUD": 1.766809907470091,
    "AZN": 1.5939223612850413,
    "BSD": 2.7108070957097636,
    "BHD": 7.189155023915176,
    "BDT": 0.023072884457797215,
    "BBD": 1.3426887163988732,
    "BYN": 0.8285820656239018,
    "BZD": 1.3449906927968873,
    "BMD": 2.70966801418457,
    "BTN": 0.03237862846995957,
    "BOB": 0.3923439275600874,
    "BAM": 1.5002859830888247,
    "BWP": 0.20035091691497703,
    "BRL": 0.47318047939830743,
    "BND": 2.036219092767189,
    "BGN": 1.5123286711960728,
    "BIF": 0.0009416743757074853,
    "CVE": 0.026422896290029804,
    "KHR": 0.0006588858394239297,
    "XAF": 0.004473125134744787,
    "CAD": 1.955881184980974,
    "KYD": 3.253479265846677,
    "CLP": 0.002847366666938391,
    "CNY": 0.37842939749334525,
    "COP": 0.0006600028293001287,
    "KMF": 0.005935095861816611,
    "CDF": 0.0009424932227692147,
    "CRC": 0.005179770602535889,
    "HRK": null,
    "CUP": 0.11296246869986494,
    "CZK": 0.11682725618243461,
    "DKK": 0.39617606912170084,
    "DJF": 0.015224290913605294,
    "DOP": 0.04554063889385832,
    "EGP": 0.05566606162537738,
    "ERN": null,
    "ETB": 0.046810930201658135,
    "EUR": 2.9565551522142863,
    "FJD": 1.2022664008562094,
    "GMD": 0.038709543059779576,
    "GEL": 1
  }
}