{
  "meta": {
    "code": "GEL",
    "createdAt": "2024-07-25T15:32:56Z"
  },
  "data": {
    "GHS": 0.1757734272,
    "GIP": null,
    "GTQ": 0.3514489725,
    "GNF": 0.0003161651275,
    "GYD": 0.0130466787,
    "HTG": 0.020641016619999997,
    "HNL": 0.11006798200000001,
    "HKD": 0.34902999,
    "HUF": 0.007537151075,
    "ISK": 0.01978939717,
    "INR": 0.032523120249999996,
    "IDR": 0.00016699345,
    "IRR": 0.00006473837272,
    "IQD": 0.0020807737569999997,
    "ILS": 0.7429400215,
    "JMD": 0.017407479849999997,
    "JPY": 0.01770854875,
    "JOD": 3.8451167,
    "KZT": 0.0057380788249999995,
    "KES": 0.0209600678,
    "KWD": 8.9107827,
    "KGS": 0.032363418899999996,
    "LAK": 0.00012293456,
    "LBP": 0.0000304243525,
    "LSL": 0.1474060137,
    "LRD": 0.01394313339,
    "LYD": 0.56337631,
    "MOP": 0.339071205,
    "MKD": 0.04800003025,
    "MGA": 0.000599757785,
    "MWK": 0.0015711938519999999,
    "MYR": 0.5845133175,
    "MVR": 0.1775319515,
    "MRU": 0.06883590072,
    "MUR": 0.058253087999999995,
    "MXN": 0.1483830625,
    "MDL": 0.1532713582,
    "MNT": null,
    "MAD": 0.27729164,
    "MZN": 0.042649165749999995,
    "MMK": 0.0008390212325000001,
    "NAD": null,
    "NPR": 0.020345457669999997,
    "ANG": 1.5127109920000001,
    "TWD": 0.08324959474999999,
    "NZD": 1.6076682500000001,
    "NIO": 0.074035198,
    "NGN": 0.0017200567869999999,
    "KPW": null,
    "NOK": 0.2471534125,
    "OMR": 7.078683450000001,
    "PKR": 0.009784559945,
    "PAB": 2.725831125,
    "PGK": 0.70468827,
    "PYG": 0.00035932449500000003,
    "PEN": 0.7248786125000001,
    "PHP": 0.046546624249999995,
    "PLN": 0.6898007775,
    "QAR": null,
    "RON": null,
    "RUB": 0.03206134175,
    "RWF": 0.002067526551,
    "SHP": 3.5172937500000003,
    "WST": null,
    "STN": null,
    "SAR": 0.7262872467,
    "RSD": 0.02527345667,
    "SCR": 0.1979797792,
    "SLL": null,
    "SGD": 2.0290243720000003,
    "SBD": 0.32155,
    "SOS": 0.00478692575,
    "ZAR": 0.1485993457,
    "KRW": null,
    "SSP": null,
    "LKR": 0.0089805863,
    "SDG": 0.0046501705349999995,
    "SRD": null,
    "SZL": 0.1474417385,
    "SEK": 0.2521599187,
    "CHF": 3.0959978500000003,
    "SYP": null,
    "TJS": 0.2565752635,
    "TZS": 0.001013110037,
    "THB": 0.07527738924999999,
    "TOP": 1.1464075,
    "TTD": 0.4009932875,
    "TND": 0.8778998975000001,
    "TRY": 0.08253398249999999,
    "TMT": 0.778793555,
    "UGX": 0.00072919038,
    "UAH": 0.06610683775,
    "AED": 0.741900325,
    "GBP": 3.5098000000000003,
    "USD": 2.725,
    "UYU": 0.067702625,
    "UZS": 0.0002158044675,
    "VUV": null,
    "VES": 0.07462472449999999,
    "VND": 0.00010772878750000001,
    "XOF": 0.0045071581749999996,
    "YER": 0.010884813569999999,
    "ZMW": 0.1043486975,
    "ZWL": null,
    "AFN": 0.03837704784820392,
    "ALL": 0.029459423198970124,
    "DZD": 0.020258064111830353,
    "AOA": 0.0031224593046280196,
    "ARS": 0.0029353434226157085,
    "AMD": 0.007024595626904866,
    "AWG": 1.5137613317902654,
    "AUD": 1.7841958639848066,
    "AZN": 1.602806116013222,
    "BSD": 2.7241547387592306,
    "BHD": null,
    "BDT": 0.02318448404149574,
    "BBD": 1.349270959688764,
    "BYN": 0.8325756707400073,
    "BZD": 1.3515538462625858,
    "BMD": 2.724770397222478,
    "BTN": 0.03254559661029748,
    "BOB": 0.39427222460850886,
    "BAM": 1.5115318224139835,
    "BWP": 0.19996304207070492,
    "BRL": 0.4830828562411071,
    "BND": 2.02983580958552,
    "BGN": 1.5096600886089615,
    "BIF": 0.0009449524534557929,
    "CVE": 0.026810452309210316,
    "KHR": 0.0006635809942511942,
    "XAF": 0.004506779341978985,
    "CAD": 1.9715140314358977,
    "KYD": 3.2691067469906154,
    "CLP": 0.0028763846318408323,
    "CNY": 0.37681271147989337,
    "COP": 0.0006744664825955459,
    "KMF": 0.005998723976630332,
    "CDF": 0.0009510542398682297,
    "CRC": 0.005152015020308239,
    "HRK": null,
    "CUP": 0.1135099654527596,
    "CZK": 0.11650790599377618,
    "DKK": 0.39640202451948287,
    "DJF": 0.015298347962795708,
    "DOP": 0.045989828341365266,
    "EGP": 0.05636620221977601,
    "ERN": null,
    "ETB": 0.04712460186715316,
    "EUR": 2.9583948375607743,
    "FJD": 1.205944100254954,
    "GMD": 0.04020317813013943,
    "GEL": 1
  }
}