{
  "meta": {
    "code": "GEL",
    "createdAt": "2024-08-14T12:06:33Z"
  },
  "data": {
    "GHS": 0.1722114702,
    "GIP": null,
    "GTQ": 0.34810263950000003,
    "GNF": 0.00031264317700000003,
    "GYD": 0.01291362072,
    "HTG": 0.020457340749999997,
    "HNL": 0.10882895100000001,
    "HKD": 0.3460140145,
    "HUF": 0.0075288112899999995,
    "ISK": 0.01952474085,
    "INR": 0.0321053733,
    "IDR": 0.0001726570615,
    "IRR": 0.00006402565669,
    "IQD": 0.002058142663,
    "ILS": 0.7223458088,
    "JMD": 0.01717747993,
    "JPY": 0.018338262249999997,
    "JOD": 3.8033214450000004,
    "KZT": null,
    "KES": 0.02089147264,
    "KWD": 8.804791380000001,
    "KGS": 0.03144697941,
    "LAK": 0.0001218131915,
    "LBP": 0.000030091292,
    "LSL": null,
    "LRD": 0.0138065009,
    "LYD": 0.56070553,
    "MOP": 0.33607997500000003,
    "MKD": 0.04828283845,
    "MGA": 0.0005924938635,
    "MWK": 0.0015542498889999999,
    "MYR": 0.609728658,
    "MVR": 0.17490302060000001,
    "MRU": 0.06807506666999999,
    "MUR": 0.058376071599999996,
    "MXN": 0.1422615579,
    "MDL": 0.153509868,
    "MNT": null,
    "MAD": 0.2755052685,
    "MZN": 0.0421730309,
    "MMK": 0.0008297843015000001,
    "NAD": 0.1493325372,
    "NPR": 0.0200683687,
    "ANG": 1.496405757,
    "TWD": 0.08367877979999999,
    "NZD": 1.621298525,
    "NIO": 0.07322948324999999,
    "NGN": 0.0016433269159999999,
    "KPW": null,
    "NOK": 0.2523934875,
    "OMR": 7.0011626300000005,
    "PKR": 0.009672891305,
    "PAB": 2.69642296,
    "PGK": 0.6842117205,
    "PYG": 0.0003561790155,
    "PEN": 0.7195992265000001,
    "PHP": 0.047327218399999996,
    "PLN": 0.6910519,
    "QAR": 0.7386420965,
    "RON": 0.5968338915,
    "RUB": 0.030366208949999998,
    "RWF": 0.002043181101,
    "SHP": 3.46240125,
    "WST": null,
    "STN": null,
    "SAR": 0.7179511801,
    "RSD": 0.02538047161,
    "SCR": 0.2044320278,
    "SLL": 0.00014203211750000002,
    "SGD": 2.049117997,
    "SBD": 0.3166625,
    "SOS": 0.0047157791829999995,
    "ZAR": 0.1491646117,
    "KRW": 0.001988365071,
    "SSP": null,
    "LKR": 0.009008169554999999,
    "SDG": 0.004480465258,
    "SRD": 0.09400725411,
    "SZL": 0.1493224309,
    "SEK": 0.2585775692,
    "CHF": 3.1211172300000003,
    "SYP": null,
    "TJS": 0.2535308502,
    "TZS": 0.000998457075,
    "THB": 0.07727381585,
    "TOP": 1.1370205,
    "TTD": 0.3968034455,
    "TND": 0.8769948533,
    "TRY": 0.0803292182,
    "TMT": 0.7714168,
    "UGX": 0.0007235592595,
    "UAH": 0.0653338609,
    "AED": 0.7337377355,
    "GBP": 3.461606225,
    "USD": 2.695,
    "UYU": 0.0668857497,
    "UZS": 0.000213554495,
    "VUV": null,
    "VES": 0.07359174515,
    "VND": 0.0001076493495,
    "XOF": 0.00452853247,
    "YER": 0.010763910849999999,
    "ZMW": 0.1027669258,
    "ZWL": null,
    "AFN": 0.03799199534720543,
    "ALL": 0.029716999616049233,
    "DZD": 0.020054986127226067,
    "AOA": 0.003057026013005632,
    "ARS": 0.002867563506731059,
    "AMD": 0.006934891424423739,
    "AWG": 1.4950171597583717,
    "AUD": 1.7852651168364575,
    "AZN": 1.5851579002732148,
    "BSD": 2.6949029064022816,
    "BHD": 7.149631786670361,
    "BDT": 0.02293070613481462,
    "BBD": 1.3346760968555085,
    "BYN": 0.8235724019534152,
    "BZD": 1.3369108556238607,
    "BMD": 2.694768430464465,
    "BTN": 0.032102440613825924,
    "BOB": 0.38999659330955805,
    "BAM": 1.5186696498455494,
    "BWP": 0.20075798655176172,
    "BRL": 0.49473305996996625,
    "BND": 2.0492722599861533,
    "BGN": 1.5181605809605458,
    "BIF": 0.0009345587680351748,
    "CVE": 0.026937528856541576,
    "KHR": 0.00065873020392637,
    "XAF": 0.004528062168105609,
    "CAD": 1.9644963717570154,
    "KYD": 3.233766096683949,
    "CLP": 0.002893151853378045,
    "CNY": 0.3766852250009669,
    "COP": 0.0006675225306793772,
    "KMF": 0.006002379843968629,
    "CDF": 0.000938943703994587,
    "CRC": 0.005122825166113664,
    "HRK": null,
    "CUP": 0.11228271971045588,
    "CZK": 0.11785045178831001,
    "DKK": 0.39804614638694663,
    "DJF": 0.015133307709536007,
    "DOP": 0.04517435919183297,
    "EGP": 0.05487510880972685,
    "ERN": null,
    "ETB": 0.024440526243556655,
    "EUR": 2.9702109429911125,
    "FJD": 1.2045272799589393,
    "GMD": 0.03905461493426761,
    "GEL": 1
  }
}