{
  "meta": {
    "code": "GEL",
    "createdAt": "2024-08-19T16:04:23Z"
  },
  "data": {
    "GHS": 0.1717850273,
    "GIP": null,
    "GTQ": 0.34685581800000004,
    "GNF": 0.00031108791270000003,
    "GYD": 0.012852818439999998,
    "HTG": 0.020371487009999998,
    "HNL": 0.1081216474,
    "HKD": null,
    "HUF": 0.00753283731,
    "ISK": 0.019487588759999997,
    "INR": 0.03201822225,
    "IDR": 0.000172508565,
    "IRR": 0.00006376914738,
    "IQD": 0.002049618297,
    "ILS": 0.7224150378,
    "JMD": 0.01710307141,
    "JPY": 0.01833928569,
    "JOD": 3.7902775650000002,
    "KZT": 0.005608774365,
    "KES": 0.02081395326,
    "KWD": 8.782734345,
    "KGS": 0.03133022053,
    "LAK": null,
    "LBP": 0.00002996651709,
    "LSL": 0.150335945,
    "LRD": 0.013732601649999999,
    "LYD": 0.5599582804000001,
    "MOP": 0.334664307,
    "MKD": 0.048159556199999995,
    "MGA": null,
    "MWK": 0.001547104571,
    "MYR": 0.6128042625,
    "MVR": 0.17425402980000002,
    "MRU": 0.06742842648,
    "MUR": 0.058056090299999995,
    "MXN": null,
    "MDL": 0.15403845,
    "MNT": null,
    "MAD": 0.2747505726,
    "MZN": 0.04202312295,
    "MMK": 0.0008267053245000001,
    "NAD": 0.150335945,
    "NPR": 0.02000965372,
    "ANG": 1.4907111940000002,
    "TWD": 0.08393903385,
    "NZD": 1.636386675,
    "NIO": 0.07286295777,
    "NGN": null,
    "KPW": null,
    "NOK": 0.2539271625,
    "OMR": 6.97471173,
    "PKR": 0.00963660811,
    "PAB": 2.686146495,
    "PGK": 0.6905419935,
    "PYG": 0.0003541238445,
    "PEN": 0.7166688693000001,
    "PHP": null,
    "PLN": 0.6963099105,
    "QAR": 0.7374854595,
    "RON": 0.5970255915,
    "RUB": 0.02989105785,
    "RWF": 0.002034090888,
    "SHP": 3.4750612500000004,
    "WST": null,
    "STN": null,
    "SAR": 0.7155624345,
    "RSD": 0.025396554989999997,
    "SCR": 0.2008470484,
    "SLL": 0.00014203211750000002,
    "SGD": 2.0512701900000003,
    "SBD": 0.31683,
    "SOS": 0.004702276479,
    "ZAR": 0.1516820671,
    "KRW": 0.002012080467,
    "SSP": null,
    "LKR": 0.0089864265,
    "SDG": 0.004463840155,
    "SRD": null,
    "SZL": null,
    "SEK": 0.25988571450000003,
    "CHF": 3.1108222050000003,
    "SYP": null,
    "TJS": 0.2522376531,
    "TZS": 0.000990610881,
    "THB": null,
    "TOP": 1.135755,
    "TTD": 0.3956344815,
    "TND": 0.87473541,
    "TRY": 0.07954078904999999,
    "TMT": 0.7663567275000001,
    "UGX": 0.0007212594675,
    "UAH": 0.06488675715,
    "AED": 0.731010045,
    "GBP": 3.4857744000000004,
    "USD": 2.685,
    "UYU": null,
    "UZS": 0.0002119179156,
    "VUV": null,
    "VES": 0.07328393355,
    "VND": 0.0001075184085,
    "XOF": null,
    "YER": 0.01072289655,
    "ZMW": 0.1045696072,
    "ZWL": null,
    "AFN": 0.037813619829081074,
    "ALL": 0.029731639068269727,
    "DZD": 0.020010188627763974,
    "AOA": 0.003021684870978904,
    "ARS": 0.002844914650724086,
    "AMD": 0.006916650374842542,
    "AWG": 1.4915372265915312,
    "AUD": 1.8031277127594385,
    "AZN": 1.5792747105086802,
    "BSD": 2.6846461990092383,
    "BHD": 7.124098257378385,
    "BDT": 0.02250356029783873,
    "BBD": 1.3398946496871345,
    "BYN": null,
    "BZD": 1.3318300825130134,
    "BMD": null,
    "BTN": 0.03200967894843861,
    "BOB": 0.38847808693027525,
    "BAM": 1.5150029388133057,
    "BWP": 0.20106698382575922,
    "BRL": 0.4967467220156965,
    "BND": 2.048339677092863,
    "BGN": null,
    "BIF": 0.0009338320027355675,
    "CVE": 0.026847670078647565,
    "KHR": 0.0006548212214304284,
    "XAF": null,
    "CAD": 1.9661996748440542,
    "KYD": 3.2212678867494957,
    "CLP": 0.0028979081525636126,
    "CNY": null,
    "COP": 0.0006663606374342421,
    "KMF": null,
    "CDF": 0.0009354588877577549,
    "CRC": 0.005177429633372643,
    "HRK": null,
    "CUP": 0.1118593727715498,
    "CZK": 0.11813688382248455,
    "DKK": 0.39829792718011797,
    "DJF": null,
    "DOP": 0.044858262453880644,
    "EGP": 0.05504075642520361,
    "ERN": null,
    "ETB": 0.024608313545964773,
    "EUR": 2.971666556071143,
    "FJD": 1.2081300519864704,
    "GMD": 0.03835381439806795,
    "GEL": 1
  }
}