{
  "meta": {
    "code": "GEL",
    "createdAt": "2024-07-23T17:33:20Z"
  },
  "data": {
    "GHS": 0.1760436679,
    "GIP": null,
    "GTQ": 0.3503824245,
    "GNF": 0.00031523322,
    "GYD": null,
    "HTG": 0.02057928732,
    "HNL": 0.1097270779,
    "HKD": 0.347676384,
    "HUF": 0.00755240238,
    "ISK": 0.01968389742,
    "INR": 0.0324395802,
    "IDR": 0.000167440566,
    "IRR": 0.00006450080071,
    "IQD": 0.002074369957,
    "ILS": 0.7483276308,
    "JMD": 0.01739047095,
    "JPY": 0.01744331571,
    "JOD": 3.830465895,
    "KZT": 0.00573251073,
    "KES": 0.020490565999999998,
    "KWD": 8.879969505,
    "KGS": 0.032180941149999996,
    "LAK": 0.0001226210745,
    "LBP": 0.0000303327945,
    "LSL": 0.148003528,
    "LRD": 0.013923443099999998,
    "LYD": 0.5619819225,
    "MOP": 0.33794202300000004,
    "MKD": 0.047899468949999996,
    "MGA": 0.0005988662835,
    "MWK": 0.001566487396,
    "MYR": 0.581121858,
    "MVR": 0.1768804581,
    "MRU": 0.0686709294,
    "MUR": 0.058326236399999995,
    "MXN": 0.1495869975,
    "MDL": 0.15347895,
    "MNT": null,
    "MAD": 0.275943912,
    "MZN": 0.042492655049999994,
    "MMK": 0.0008359422555000001,
    "NAD": 0.148003528,
    "NPR": 0.020283012939999998,
    "ANG": 1.5081662100000002,
    "TWD": 0.08283500295,
    "NZD": 1.6169318250000002,
    "NIO": 0.07380616185,
    "NGN": 0.001689483493,
    "KPW": null,
    "NOK": 0.2463591,
    "OMR": 7.052997135,
    "PKR": 0.009757096409999999,
    "PAB": 2.7178643250000003,
    "PGK": null,
    "PYG": 0.000359051691,
    "PEN": 0.723162513,
    "PHP": 0.046444391849999996,
    "PLN": 0.6890243745,
    "QAR": 0.7456744785,
    "RON": 0.592601421,
    "RUB": 0.030907234199999998,
    "RWF": 0.002073969766,
    "SHP": 3.50574375,
    "WST": null,
    "STN": null,
    "SAR": 0.7237843837,
    "RSD": 0.025172685309999998,
    "SCR": 0.1973484358,
    "SLL": 0.00014203211750000002,
    "SGD": 2.01786945,
    "SBD": 0.32104875,
    "SOS": 0.0047730188699999995,
    "ZAR": 0.1476234552,
    "KRW": 0.001959511611,
    "SSP": null,
    "LKR": 0.00894187965,
    "SDG": 0.004633105689,
    "SRD": 0.09259574831999999,
    "SZL": 0.1480261983,
    "SEK": 0.2523033753,
    "CHF": 3.045597405,
    "SYP": null,
    "TJS": 0.25508136330000003,
    "TZS": 0.001011173161,
    "THB": 0.0751037418,
    "TOP": 1.144644,
    "TTD": 0.4003161615,
    "TND": 0.873974247,
    "TRY": 0.0826821213,
    "TMT": 0.7749193725,
    "UGX": 0.0007349138475,
    "UAH": 0.0658302792,
    "AED": 0.739177755,
    "GBP": 3.5045627250000004,
    "USD": 2.715,
    "UYU": 0.06765779999999999,
    "UZS": 0.0002156988765,
    "VUV": null,
    "VES": 0.07441054799999999,
    "VND": 0.000107037246,
    "XOF": 0.00449771787,
    "YER": 0.010844880159999999,
    "ZMW": 0.10477728,
    "ZWL": null,
    "AFN": 0.03878242123154509,
    "ALL": 0.029406483301481406,
    "DZD": 0.020160925970749564,
    "AOA": 0.0031109987285634407,
    "ARS": 0.002930884719754288,
    "AMD": 0.0069984519256377645,
    "AWG": 1.5082052701156425,
    "AUD": 1.795850661402083,
    "AZN": 1.5969232271812686,
    "BSD": 2.7159441327054497,
    "BHD": 7.201935234897743,
    "BDT": 0.02311594962620986,
    "BBD": 1.3452159200678986,
    "BYN": 0.8299504208367353,
    "BZD": 1.347427924559069,
    "BMD": 2.7147694862081564,
    "BTN": 0.03244557359828091,
    "BOB": 0.39307906167798445,
    "BAM": 1.5083644865353434,
    "BWP": 0.19990909337885868,
    "BRL": 0.4855693157348219,
    "BND": 2.0187912150824943,
    "BGN": 1.5064853660961377,
    "BIF": 0.0009409946226024808,
    "CVE": 0.026754273277673383,
    "KHR": 0.0006611516870590078,
    "XAF": 0.004497334976660134,
    "CAD": 1.971188067712968,
    "KYD": 3.259372887758307,
    "CLP": 0.0028637413098624455,
    "CNY": 0.3732308848593051,
    "COP": 0.0006757763964947279,
    "KMF": 0.005996177773654487,
    "CDF": 0.0009475635204915032,
    "CRC": 0.005126969822949911,
    "HRK": null,
    "CUP": 0.11316782969862012,
    "CZK": 0.11607432321839169,
    "DKK": 0.3948583315452075,
    "DJF": 0.015275542913233811,
    "DOP": 0.045858212389952656,
    "EGP": 0.05613783344400851,
    "ERN": null,
    "ETB": 0.046989296552012866,
    "EUR": 2.9468325499138723,
    "FJD": 1.2072349022221343,
    "GMD": 0.04005561765771841,
    "GEL": 1
  }
}