{
  "meta": {
    "code": "GEL",
    "createdAt": "2024-08-15T16:04:22Z"
  },
  "data": {
    "GHS": 0.1718849824,
    "GIP": null,
    "GTQ": 0.347577321,
    "GNF": 0.0003117033465,
    "GYD": 0.012885121519999999,
    "HTG": 0.0204015249,
    "HNL": 0.108408883,
    "HKD": 0.34500864000000003,
    "HUF": 0.00746936604,
    "ISK": 0.01938040332,
    "INR": 0.0320380614,
    "IDR": 0.00017098904300000002,
    "IRR": 0.00006388789812,
    "IQD": 0.002053435091,
    "ILS": 0.7296408993,
    "JMD": 0.01712615131,
    "JPY": 0.018067923,
    "JOD": 3.79626519,
    "KZT": 0.0056154449399999995,
    "KES": 0.020852712949999998,
    "KWD": 8.79006189,
    "KGS": 0.03138856359,
    "LAK": 0.0001215132691,
    "LBP": 0.00003002232066,
    "LSL": 0.1487009377,
    "LRD": 0.01376867085,
    "LYD": 0.5598334926,
    "MOP": 0.335342663,
    "MKD": 0.0480378048,
    "MGA": 0.0005841476494000001,
    "MWK": 0.001550879203,
    "MYR": null,
    "MVR": 0.1746919087,
    "MRU": 0.06758793932,
    "MUR": 0.058252407299999996,
    "MXN": 0.14424318,
    "MDL": 0.1533313181,
    "MNT": null,
    "MAD": null,
    "MZN": 0.0421013783,
    "MMK": 0.000828244813,
    "NAD": 0.1487009377,
    "NPR": 0.02003163376,
    "ANG": 1.493747316,
    "TWD": 0.0830118936,
    "NZD": 1.6160444,
    "NIO": 0.07303828282,
    "NGN": 0.001691940947,
    "KPW": null,
    "NOK": 0.250921855,
    "OMR": 6.9889212800000005,
    "PKR": 0.009653687196999999,
    "PAB": 2.6917673300000002,
    "PGK": 0.69237103,
    "PYG": 0.000355602667,
    "PEN": 0.7192513123000001,
    "PHP": 0.047004145399999996,
    "PLN": 0.6898505,
    "QAR": 0.738808231,
    "RON": 0.5939113810000001,
    "RUB": 0.030266965399999998,
    "RWF": 0.002037878767,
    "SHP": 3.4511355000000004,
    "WST": null,
    "STN": null,
    "SAR": 0.7168254165,
    "RSD": 0.02525655579,
    "SCR": 0.1944900666,
    "SLL": 0.00014203211750000002,
    "SGD": null,
    "SBD": 0.316075,
    "SOS": 0.004711033046,
    "ZAR": 0.14956938,
    "KRW": 0.001973001751,
    "SSP": null,
    "LKR": 0.00900016972,
    "SDG": 0.004472152707,
    "SRD": 0.09369720575,
    "SZL": 0.1487009377,
    "SEK": 0.2559857262,
    "CHF": 3.0870171,
    "SYP": null,
    "TJS": 0.2532372456,
    "TZS": 0.0009922537633,
    "THB": 0.0766395795,
    "TOP": 1.13518,
    "TTD": 0.396163025,
    "TND": 0.8790901170000001,
    "TRY": 0.080007863,
    "TMT": 0.767783835,
    "UGX": 0.000722558479,
    "UAH": 0.0654148282,
    "AED": 0.73237133,
    "GBP": 3.46053705,
    "USD": 2.69,
    "UYU": 0.0667927,
    "UZS": 0.0002128164555,
    "VUV": null,
    "VES": 0.0735589108,
    "VND": 0.000107406589,
    "XOF": 0.004479600241,
    "YER": 0.010743929939999999,
    "ZMW": 0.1023926173,
    "ZWL": null,
    "AFN": 0.03815127796241883,
    "ALL": 0.02968725271910075,
    "DZD": 0.020005289022318067,
    "AOA": 0.0030547019838288864,
    "ARS": 0.002859077746993808,
    "AMD": 0.0069274844087386135,
    "AWG": 1.492152793675443,
    "AUD": 1.7832073197604772,
    "AZN": 1.5821559390297222,
    "BSD": 2.6900438550694172,
    "BHD": 7.137682598284001,
    "BDT": 0.022893747840633083,
    "BBD": 1.3322679295058866,
    "BYN": 0.8219742911396871,
    "BZD": 1.3345372604997778,
    "BMD": 2.6896650963505278,
    "BTN": 0.03204234758696654,
    "BOB": null,
    "BAM": 1.5143632415883304,
    "BWP": 0.2004018293553537,
    "BRL": 0.49254048809887613,
    "BND": 2.0415922582507977,
    "BGN": 1.5088946653179092,
    "BIF": 0.0009343981581502316,
    "CVE": 0.02676283677960724,
    "KHR": 0.0006560158771586654,
    "XAF": 0.004515140440510819,
    "CAD": 1.963481340144422,
    "KYD": 3.228052626430645,
    "CLP": 0.00288364810478607,
    "CNY": 0.3767723950868581,
    "COP": 0.0006707093192444815,
    "KMF": 0.00601782100180149,
    "CDF": 0.0009371655387980934,
    "CRC": 0.00511438169671993,
    "HRK": null,
    "CUP": 0.11208717286290688,
    "CZK": 0.11713548890996114,
    "DKK": 0.396102265613222,
    "DJF": 0.015106285652814008,
    "DOP": null,
    "EGP": 0.054982799821453474,
    "ERN": null,
    "ETB": 0.02467582657202319,
    "EUR": 2.9553024582254315,
    "FJD": 1.2008773731136406,
    "GMD": 0.03842378709072183,
    "GEL": 1
  }
}