{
  "meta": {
    "code": "GEL",
    "createdAt": "2024-08-27T17:33:22Z"
  },
  "data": {
    "GHS": 0.17220447120000001,
    "GIP": null,
    "GTQ": 0.34818025550000004,
    "GNF": 0.0003122465269,
    "GYD": 0.0129060855,
    "HTG": 0.02044142677,
    "HNL": 0.1085451136,
    "HKD": 0.34542515700000004,
    "HUF": 0.0076640571699999995,
    "ISK": 0.019690216809999998,
    "INR": null,
    "IDR": 0.0001742859195,
    "IRR": null,
    "IQD": 0.002057251885,
    "ILS": 0.7320385649000001,
    "JMD": 0.01719148315,
    "JPY": 0.01871047139,
    "JOD": 3.80278514,
    "KZT": 0.0056105345449999995,
    "KES": 0.02089147264,
    "KWD": 8.828828085000001,
    "KGS": 0.031655046879999996,
    "LAK": 0.0001220147128,
    "LBP": 0.000030081050999999998,
    "LSL": 0.1518309854,
    "LRD": 0.01381723266,
    "LYD": 0.5661764608000001,
    "MOP": 0.3355865205,
    "MKD": 0.048859191149999995,
    "MGA": 0.0005893931043,
    "MWK": 0.0015533141039999999,
    "MYR": 0.61968291,
    "MVR": 0.1755774713,
    "MRU": null,
    "MUR": 0.058423961749999996,
    "MXN": 0.1368993972,
    "MDL": 0.15501963400000002,
    "MNT": null,
    "MAD": 0.2795497897,
    "MZN": 0.04219650435,
    "MMK": 0.0008297843015000001,
    "NAD": 0.1518309854,
    "NPR": 0.0200744055,
    "ANG": 1.4963782680000002,
    "TWD": 0.0844271813,
    "NZD": 1.6828927500000002,
    "NIO": 0.07323369552999999,
    "NGN": 0.00169502184,
    "KPW": null,
    "NOK": 0.25732399,
    "OMR": 7.000898520000001,
    "PKR": 0.009673366703,
    "PAB": 2.69655771,
    "PGK": 0.6820971426,
    "PYG": 0.0003538446065,
    "PEN": 0.7201068567000001,
    "PHP": 0.0478864309,
    "PLN": 0.702815575,
    "QAR": 0.740232416,
    "RON": 0.6052099515,
    "RUB": 0.02945449045,
    "RWF": 0.00201872659,
    "SHP": 3.5662935,
    "WST": null,
    "STN": null,
    "SAR": 0.7182456627,
    "RSD": 0.025738243369999997,
    "SCR": 0.2014780113,
    "SLL": 0.00014203211750000002,
    "SGD": 2.0704491110000003,
    "SBD": 0.320705,
    "SOS": 0.004719789613,
    "ZAR": 0.1520344364,
    "KRW": 0.002028596031,
    "SSP": null,
    "LKR": 0.008974266455,
    "SDG": 0.004480465258,
    "SRD": 0.09347901254999999,
    "SZL": 0.15191657050000001,
    "SEK": null,
    "CHF": 3.200002575,
    "SYP": null,
    "TJS": 0.2528583211,
    "TZS": 0.0009926335034,
    "THB": 0.07943445125,
    "TOP": 1.1504955000000001,
    "TTD": 0.396972961,
    "TND": 0.8862946785,
    "TRY": 0.07924024954999999,
    "TMT": 0.7714168,
    "UGX": 0.0007262402455000001,
    "UAH": 0.06517604169999999,
    "AED": null,
    "GBP": 3.569621825,
    "USD": 2.695,
    "UYU": 0.066957275,
    "UZS": 0.0002127071816,
    "VUV": null,
    "VES": 0.0738027906,
    "VND": 0.0001085381605,
    "XOF": 0.004480465258,
    "YER": 0.010787731949999999,
    "ZMW": 0.1025759042,
    "ZWL": null,
    "AFN": 0.03795448493611922,
    "ALL": 0.030062119934744842,
    "DZD": 0.02012109858636463,
    "AOA": 0.002969441796655058,
    "ARS": 0.002840373653040066,
    "AMD": 0.006948502992662219,
    "AWG": 1.497093572480258,
    "AUD": 1.8287507242248333,
    "AZN": 1.5851579002732148,
    "BSD": 2.6953716553111904,
    "BHD": 7.151083212653739,
    "BDT": 0.022554345835849806,
    "BBD": 1.3348942770053336,
    "BYN": 0.823614437940342,
    "BZD": 1.3369499891224679,
    "BMD": 2.694768430464465,
    "BTN": 0.03210724850487444,
    "BOB": 0.38999580316546306,
    "BAM": 1.5388344572364676,
    "BWP": 0.20278951205600995,
    "BRL": 0.48896219168845334,
    "BND": 2.066926964052862,
    "BGN": 1.5394981950980893,
    "BIF": 0.0009334147670511723,
    "CVE": 0.027165004339359526,
    "KHR": 0.0006612928663716479,
    "XAF": 0.004587486426464881,
    "CAD": 2.0028677517122864,
    "KYD": 3.233953927000634,
    "CLP": 0.0029711115122686067,
    "CNY": 0.37822372987126257,
    "COP": 0.0006657974148777506,
    "KMF": 0.006107123923597347,
    "CDF": 0.0009471945274040299,
    "CRC": 0.005103788986441164,
    "HRK": null,
    "CUP": 0.11230466604750565,
    "CZK": 0.12043603964985806,
    "DKK": 0.4038056038893141,
    "DJF": 0.015163000398330809,
    "DOP": 0.0451763357999072,
    "EGP": 0.05533837199835346,
    "ERN": null,
    "ETB": 0.0241900218174548,
    "EUR": 3.0125974627886696,
    "FJD": 1.223921167539173,
    "GMD": 0.03795448493611922,
    "GEL": 1
  }
}