{
  "meta": {
    "code": "GEL",
    "createdAt": "2024-08-22T13:06:42Z"
  },
  "data": {
    "GHS": 0.1735463891,
    "GIP": null,
    "GTQ": 0.3492330825,
    "GNF": 0.0003136125605,
    "GYD": 0.012943376309999999,
    "HTG": 0.020493426239999998,
    "HNL": 0.1091251641,
    "HKD": 0.346956284,
    "HUF": 0.00765220696,
    "ISK": 0.019784961849999998,
    "INR": 0.0322269372,
    "IDR": 0.0001731218935,
    "IRR": 0.0000642632287,
    "IQD": 0.002064163319,
    "ILS": 0.727610376,
    "JMD": 0.017261145999999998,
    "JPY": 0.0185397995,
    "JOD": 3.81689566,
    "KZT": 0.00563834528,
    "KES": 0.02095521302,
    "KWD": 8.851114355,
    "KGS": 0.031638572649999995,
    "LAK": 0.0001224561615,
    "LBP": 0.000030184013,
    "LSL": 0.150558677,
    "LRD": 0.01386116793,
    "LYD": 0.5655543670000001,
    "MOP": 0.3367511305,
    "MKD": 0.0488980686,
    "MGA": 0.0005933222740000001,
    "MWK": 0.001558831719,
    "MYR": 0.6178623045,
    "MVR": 0.1757709,
    "MRU": 0.06825748850999999,
    "MUR": 0.05876820785,
    "MXN": 0.1391763075,
    "MDL": 0.156092025,
    "MNT": null,
    "MAD": 0.2800472975,
    "MZN": 0.0423327631,
    "MMK": 0.0008328632785000001,
    "NAD": 0.150558677,
    "NPR": 0.02012728555,
    "ANG": 1.500712089,
    "TWD": 0.08466355155,
    "NZD": 1.6651168500000002,
    "NIO": 0.07343520475,
    "NGN": 0.001716828064,
    "KPW": null,
    "NOK": 0.25617973,
    "OMR": 7.027333025000001,
    "PKR": 0.00970167726,
    "PAB": 2.7044554830000003,
    "PGK": 0.684990937,
    "PYG": 0.00035643785,
    "PEN": 0.7209298375000001,
    "PHP": 0.047954239999999995,
    "PLN": 0.703313525,
    "QAR": 0.7412559108,
    "RON": 0.60538982,
    "RUB": 0.029404404949999997,
    "RWF": 0.002041949859,
    "SHP": 3.53908675,
    "WST": null,
    "STN": null,
    "SAR": 0.7208896412,
    "RSD": 0.025738372269999997,
    "SCR": 0.20434535680000002,
    "SLL": 0.00014203211750000002,
    "SGD": 2.0682722140000003,
    "SBD": 0.316485,
    "SOS": 0.00474811896,
    "ZAR": 0.1507858429,
    "KRW": 0.002021923391,
    "SSP": null,
    "LKR": 0.0089764343,
    "SDG": 0.004497090361,
    "SRD": 0.09383238438,
    "SZL": 0.1505854565,
    "SEK": 0.2647045375,
    "CHF": 3.1776176,
    "SYP": null,
    "TJS": 0.2535892326,
    "TZS": 0.0009955833379,
    "THB": 0.07863375489999999,
    "TOP": 1.1520595,
    "TTD": 0.39833261950000004,
    "TND": 0.8909629185,
    "TRY": 0.07978227084999999,
    "TMT": 0.773266989,
    "UGX": 0.0007275879245,
    "UAH": 0.06542764734999999,
    "AED": 0.736475202,
    "GBP": 3.54866245,
    "USD": 2.705,
    "UYU": 0.06704342499999999,
    "UZS": 0.0002137677645,
    "VUV": null,
    "VES": 0.07390176315,
    "VND": 0.00010831929050000001,
    "XOF": 0.004592697775,
    "YER": 0.010804925029999999,
    "ZMW": 0.10386107180000001,
    "ZWL": null,
    "AFN": 0.03810197511955579,
    "ALL": 0.030159882116385053,
    "DZD": 0.020204205321519814,
    "AOA": 0.0030036305308742215,
    "ARS": 0.0028651959102043443,
    "AMD": 0.006971054877953685,
    "AWG": 1.5026496070255722,
    "AUD": 1.820917694708118,
    "AZN": 1.5910407603800176,
    "BSD": 2.702620709573002,
    "BHD": 7.1784624911473225,
    "BDT": 0.02261698109606113,
    "BBD": null,
    "BYN": 0.8258648407473347,
    "BZD": 1.340844666851708,
    "BMD": 2.70476929264603,
    "BTN": 0.03219682488809104,
    "BOB": 0.39110994072938876,
    "BAM": 1.540216339400038,
    "BWP": 0.20243051796561412,
    "BRL": 0.48797006853279035,
    "BND": null,
    "BGN": 1.5404373920950372,
    "BIF": 0.0009357133594382639,
    "CVE": 0.027319237959941053,
    "KHR": 0.0006616170649640433,
    "XAF": 0.004592286157841513,
    "CAD": 1.9912021060667502,
    "KYD": 3.243291591078648,
    "CLP": 0.002937731392120657,
    "CNY": 0.37882984021952143,
    "COP": 0.0006681560760931926,
    "KMF": 0.006120772332665534,
    "CDF": 0.000940462202601188,
    "CRC": 0.005139638684078942,
    "HRK": null,
    "CUP": 0.11262879682532921,
    "CZK": 0.12003591589838158,
    "DKK": 0.4037439124552708,
    "DJF": 0.015177750790623836,
    "DOP": 0.0452373590636242,
    "EGP": 0.055453099546230164,
    "ERN": null,
    "ETB": 0.024738524807611715,
    "EUR": 3.0125125080573714,
    "FJD": 1.2211699367363036,
    "GMD": 0.038917543779079564,
    "GEL": 1
  }
}