{
  "meta": {
    "code": "GEL",
    "createdAt": "2024-08-05T12:06:16Z"
  },
  "data": {
    "GHS": 0.1740498437,
    "GIP": null,
    "GTQ": 0.349425949,
    "GNF": 0.000314025614,
    "GYD": 0.012961253649999999,
    "HTG": 0.02051299421,
    "HNL": 0.10936801900000001,
    "HKD": null,
    "HUF": 0.007449004655,
    "ISK": 0.01971574333,
    "INR": 0.0321442183,
    "IDR": 0.0001671038095,
    "IRR": 0.00006424415034,
    "IQD": 0.002066979765,
    "ILS": 0.7066836845000001,
    "JMD": 0.01725583879,
    "JPY": 0.019022642,
    "JOD": 3.8163573650000004,
    "KZT": 0.00564560009,
    "KES": 0.02081890238,
    "KWD": 8.86083342,
    "KGS": 0.03201088614,
    "LAK": 0.00012195492500000001,
    "LBP": 0.00003022348706,
    "LSL": 0.1453512274,
    "LRD": 0.01349912207,
    "LYD": 0.560379702,
    "MOP": 0.33784205700000003,
    "MKD": 0.0481086414,
    "MGA": 0.000596876644,
    "MWK": 0.001560863986,
    "MYR": 0.611299704,
    "MVR": 0.1761142456,
    "MRU": 0.06827788961999999,
    "MUR": 0.058324506699999994,
    "MXN": 0.13697579000000001,
    "MDL": 0.15269178590000002,
    "MNT": null,
    "MAD": 0.275762307,
    "MZN": 0.04236930765,
    "MMK": 0.0008328632785000001,
    "NAD": 0.14534925270000001,
    "NPR": 0.02013197332,
    "ANG": 1.5026702390000002,
    "TWD": 0.0829281588,
    "NZD": 1.6072028,
    "NIO": 0.07354067269999999,
    "NGN": 0.001696392709,
    "KPW": null,
    "NOK": 0.24508111500000002,
    "OMR": 7.028198625000001,
    "PKR": 0.009713127525,
    "PAB": 2.70801878,
    "PGK": 0.688711935,
    "PYG": 0.0003572279805,
    "PEN": 0.725851044,
    "PHP": 0.046887739649999996,
    "PLN": 0.6885577500000001,
    "QAR": 0.7422827288,
    "RON": 0.5961893035,
    "RUB": 0.03182543405,
    "RWF": 0.002059998971,
    "SHP": 3.465646,
    "WST": null,
    "STN": null,
    "SAR": 0.720590901,
    "RSD": 0.025349551789999997,
    "SCR": 0.19950665280000002,
    "SLL": 0.00014203211750000002,
    "SGD": 2.049727275,
    "SBD": null,
    "SOS": 0.00475539,
    "ZAR": 0.1454816625,
    "KRW": 0.001984171059,
    "SSP": null,
    "LKR": 0.009006505785,
    "SDG": 0.004497090361,
    "SRD": 0.09378358617999999,
    "SZL": 0.1454182032,
    "SEK": 0.2572708729,
    "CHF": 3.18833481,
    "SYP": null,
    "TJS": 0.25657003440000004,
    "TZS": null,
    "THB": 0.076581255,
    "TOP": 1.1371820000000001,
    "TTD": null,
    "TND": 0.8803564512000001,
    "TRY": 0.08107872325,
    "TMT": 0.7742792000000001,
    "UGX": 0.000725642759,
    "UAH": 0.0657206259,
    "AED": 0.7364603245,
    "GBP": 3.45512355,
    "USD": 2.705,
    "UYU": 0.0670680946,
    "UZS": 0.000215115125,
    "VUV": null,
    "VES": 0.07388823815,
    "VND": 0.000107779643,
    "XOF": 0.004517358115,
    "YER": 0.010804925029999999,
    "ZMW": 0.1045626676,
    "ZWL": null,
    "AFN": 0.03813763195956746,
    "ALL": 0.029576158738887737,
    "DZD": 0.02008979376005766,
    "AOA": 0.0030753488266764472,
    "ARS": 0.00289825226681961,
    "AMD": 0.006974905459847116,
    "AWG": 1.5026496070255722,
    "AUD": 1.7432781664996575,
    "AZN": 1.5910407603800176,
    "BSD": 2.7063503429068074,
    "BHD": 7.175693449238052,
    "BDT": null,
    "BBD": 1.3403330417884685,
    "BYN": 0.827074741594764,
    "BZD": 1.3425797862958506,
    "BMD": 2.70476929264603,
    "BTN": 0.03220411234341471,
    "BOB": 0.39166416780684576,
    "BAM": 1.51495016083026,
    "BWP": 0.19890846877287452,
    "BRL": 0.46400351555047575,
    "BND": 2.047925772317643,
    "BGN": null,
    "BIF": 0.0009391253527588433,
    "CVE": 0.026871069388308518,
    "KHR": 0.0006585773548700755,
    "XAF": 0.004516972226828932,
    "CAD": 1.9533603864123295,
    "KYD": 3.247412975568911,
    "CLP": 0.0028458973425804623,
    "CNY": 0.37898908380535806,
    "COP": 0.0006675129859111051,
    "KMF": null,
    "CDF": 0.0009407893196237702,
    "CRC": 0.005170876770488622,
    "HRK": null,
    "CUP": 0.11276116202144205,
    "CZK": 0.117150437143658,
    "DKK": 0.3976636982544273,
    "DJF": 0.015197681062078305,
    "DOP": 0.04553423100041489,
    "EGP": 0.05492140376676108,
    "ERN": null,
    "ETB": 0.033645489262959447,
    "EUR": 2.9667642432657293,
    "FJD": 1.1962712484060283,
    "GMD": null,
    "GEL": 1
  }
}