{
  "meta": {
    "code": "GEL",
    "createdAt": "2024-08-06T10:04:32Z"
  },
  "data": {
    "GHS": 0.1735362244,
    "GIP": null,
    "GTQ": 0.3481965063,
    "GNF": 0.000313099171,
    "GYD": 0.012922767549999999,
    "HTG": 0.020453017969999997,
    "HNL": null,
    "HKD": 0.34584935,
    "HUF": 0.00739117764,
    "ISK": 0.01953889633,
    "INR": 0.0320961025,
    "IDR": null,
    "IRR": 0.00006400664886,
    "IQD": 0.00206089884,
    "ILS": 0.7005881575,
    "JMD": 0.01720491503,
    "JPY": 0.018606414749999998,
    "JOD": 3.8022488350000003,
    "KZT": 0.0056289899049999995,
    "KES": null,
    "KWD": 8.817926810000001,
    "KGS": 0.031892546449999996,
    "LAK": 0.000121595166,
    "LBP": 0.000030563456,
    "LSL": 0.1449209569,
    "LRD": 0.01345928626,
    "LYD": 0.5587209320000001,
    "MOP": 0.3368510145,
    "MKD": 0.04781148295,
    "MGA": 0.00059511529,
    "MWK": 0.001556208076,
    "MYR": 0.6023694215000001,
    "MVR": 0.1755774713,
    "MRU": 0.06807638992,
    "MUR": 0.05829751235,
    "MXN": 0.13836534250000002,
    "MDL": 0.1524831,
    "MNT": null,
    "MAD": 0.2746739149,
    "MZN": 0.0421958306,
    "MMK": 0.0008297843015000001,
    "NAD": 0.1449203101,
    "NPR": null,
    "ANG": 1.498249406,
    "TWD": 0.0821571289,
    "NZD": 1.5952783000000001,
    "NIO": 0.07332332315,
    "NGN": 0.001690768213,
    "KPW": null,
    "NOK": 0.2442114675,
    "OMR": 7.001925315,
    "PKR": 0.00968455257,
    "PAB": 2.700026175,
    "PGK": 0.686679532,
    "PYG": 0.00035617524250000003,
    "PEN": 0.7237155695,
    "PHP": 0.0465780623,
    "PLN": 0.6803923665,
    "QAR": 0.7400920334000001,
    "RON": 0.590789276,
    "RUB": 0.0316126168,
    "RWF": 0.0020539195979999997,
    "SHP": 3.44353625,
    "WST": null,
    "STN": null,
    "SAR": 0.717771747,
    "RSD": 0.02512398846,
    "SCR": 0.2041840339,
    "SLL": null,
    "SGD": 2.0301839250000002,
    "SBD": 0.317471,
    "SOS": 0.004741203005,
    "ZAR": 0.14507459890000002,
    "KRW": 0.00195328183,
    "SSP": null,
    "LKR": 0.0089800095,
    "SDG": 0.004480465258,
    "SRD": 0.09395317892999999,
    "SZL": 0.1449890596,
    "SEK": 0.25499487120000003,
    "CHF": 3.1537348150000004,
    "SYP": null,
    "TJS": 0.2557874869,
    "TZS": 0.0009981481471,
    "THB": 0.07584287865,
    "TOP": 1.131361,
    "TTD": 0.39865895300000004,
    "TND": 0.8777586433000001,
    "TRY": 0.08023580949999999,
    "TMT": 0.7692109425,
    "UGX": 0.0007235080545,
    "UAH": 0.06552668815,
    "AED": 0.733732615,
    "GBP": 3.42461196,
    "USD": 2.695,
    "UYU": 0.066606925,
    "UZS": 0.0002144788746,
    "VUV": null,
    "VES": 0.0736202852,
    "VND": 0.000107210334,
    "XOF": 0.00450398641,
    "YER": 0.010763900069999999,
    "ZMW": 0.1042545658,
    "ZWL": null,
    "AFN": 0.03802540499666765,
    "ALL": 0.029488857078013672,
    "DZD": 0.019990389180612855,
    "AOA": 0.003067465487153631,
    "ARS": 0.00288286283436392,
    "AMD": 0.006954316487879292,
    "AWG": 1.4950171597583717,
    "AUD": 1.7458590953654487,
    "AZN": 1.5851579002732148,
    "BSD": 2.698386697358124,
    "BHD": 7.148702422366839,
    "BDT": 0.022964806125277074,
    "BBD": 1.3363824468662502,
    "BYN": 0.8246447776854698,
    "BZD": 1.3386229282498048,
    "BMD": 2.694768430464465,
    "BTN": 0.032109058061220934,
    "BOB": 0.3905081172594906,
    "BAM": 1.510478086796554,
    "BWP": 0.19832133102785393,
    "BRL": 0.470784142422372,
    "BND": 2.0418996155336413,
    "BGN": 1.5063871443082106,
    "BIF": 0.0009363317631452288,
    "CVE": 0.026791756283651377,
    "KHR": 0.0006566454283064167,
    "XAF": 0.004503639454769898,
    "CAD": 1.9454704764948856,
    "KYD": 3.2378275527683553,
    "CLP": 0.0028257119209098877,
    "CNY": 0.3770119662059865,
    "COP": 0.0006470311879139202,
    "KMF": 0.005983720288477165,
    "CDF": 0.0009405823492022564,
    "CRC": 0.005155660628560759,
    "HRK": null,
    "CUP": 0.11242934723112429,
    "CZK": 0.11610876947098955,
    "DKK": 0.39395068257232724,
    "DJF": 0.01515268374944452,
    "DOP": 0.045400239277330286,
    "EGP": 0.0547509062760107,
    "ERN": null,
    "ETB": 0.033546636456677076,
    "EUR": 2.939832901238457,
    "FJD": 1.1926656622456278,
    "GMD": 0.03877364648150309,
    "GEL": 1
  }
}