{
  "meta": {
    "code": "GEL",
    "createdAt": "2024-08-26T12:43:24Z"
  },
  "data": {
    "GHS": 0.1727406065,
    "GIP": null,
    "GTQ": 0.348143873,
    "GNF": 0.00031264721950000003,
    "GYD": 0.01290394028,
    "HTG": 0.02043468658,
    "HNL": 0.1087935117,
    "HKD": 0.3457024725,
    "HUF": 0.007611997855,
    "ISK": 0.01967296881,
    "INR": 0.03213186515,
    "IDR": 0.0001745343985,
    "IRR": 0.00006402565669,
    "IQD": 0.002057922212,
    "ILS": 0.7341037165000001,
    "JMD": 0.017219616259999997,
    "JPY": 0.0186980717,
    "JOD": 3.80278514,
    "KZT": 0.00557641854,
    "KES": 0.020910924879999997,
    "KWD": 8.823025750000001,
    "KGS": 0.03162774114,
    "LAK": 0.0001220314865,
    "LBP": 0.000030091831,
    "LSL": 0.151920923,
    "LRD": 0.0138189111,
    "LYD": 0.5661200545,
    "MOP": null,
    "MKD": 0.048869270449999995,
    "MGA": 0.000590596314,
    "MWK": 0.001554027821,
    "MYR": 0.6198966235000001,
    "MVR": 0.1755774713,
    "MRU": 0.06812080352,
    "MUR": 0.05847468165,
    "MXN": 0.14037716,
    "MDL": 0.1546839448,
    "MNT": null,
    "MAD": 0.280183519,
    "MZN": 0.04217963365,
    "MMK": 0.0008297843015000001,
    "NAD": 0.15191957550000001,
    "NPR": 0.020078803739999998,
    "ANG": 1.496156469,
    "TWD": 0.0845994457,
    "NZD": 1.671856725,
    "NIO": 0.07322412019999999,
    "NGN": 0.001694874989,
    "KPW": null,
    "NOK": 0.2555399,
    "OMR": null,
    "PKR": 0.009680943965,
    "PAB": 2.69597559,
    "PGK": 0.691991916,
    "PYG": 0.000354555278,
    "PEN": 0.7204174285,
    "PHP": 0.0480156831,
    "PLN": 0.7026131805,
    "QAR": 0.7390162164,
    "RON": 0.604559109,
    "RUB": 0.029293194699999997,
    "RWF": 0.002034270838,
    "SHP": 3.5590170000000003,
    "WST": null,
    "STN": null,
    "SAR": 0.7182336161,
    "RSD": 0.02570314046,
    "SCR": 0.1987349056,
    "SLL": 0.00014203211750000002,
    "SGD": null,
    "SBD": 0.3188185,
    "SOS": 0.00473343332,
    "ZAR": 0.1518224477,
    "KRW": 0.002031111274,
    "SSP": null,
    "LKR": 0.00895708583,
    "SDG": 0.004480465258,
    "SRD": 0.09367722171,
    "SZL": 0.1519843902,
    "SEK": 0.2636278375,
    "CHF": 3.1792915,
    "SYP": null,
    "TJS": 0.2530314479,
    "TZS": 0.0009946617065,
    "THB": 0.07929503889999999,
    "TOP": 1.1515735,
    "TTD": 0.396903969,
    "TND": 0.8849557486,
    "TRY": 0.07921879735,
    "TMT": null,
    "UGX": 0.0007260330000000001,
    "UAH": 0.0652127476,
    "AED": 0.7337407,
    "GBP": 3.5560794500000004,
    "USD": 2.695,
    "UYU": 0.0667789738,
    "UZS": 0.000212384326,
    "VUV": null,
    "VES": 0.07373334044999999,
    "VND": 0.0001083527445,
    "XOF": 0.00458952571,
    "YER": 0.01076712329,
    "ZMW": 0.1024623099,
    "ZWL": null,
    "AFN": 0.03804176668942415,
    "ALL": 0.030062693417262965,
    "DZD": 0.02005737446061997,
    "AOA": 0.0029795467431675943,
    "ARS": 0.002848553878768526,
    "AMD": 0.006943310997141599,
    "AWG": 1.4972222380179168,
    "AUD": 1.8253404979532275,
    "AZN": 1.5851579002732148,
    "BSD": 2.6944558740942397,
    "BHD": null,
    "BDT": 0.022548853890789214,
    "BBD": 1.334506230147273,
    "BYN": 0.8233565009907041,
    "BZD": 1.3367875007991332,
    "BMD": 2.69500002843225,
    "BTN": 0.03211929177941907,
    "BOB": 0.3899193963770745,
    "BAM": 1.5391508701476009,
    "BWP": 0.2031570400047063,
    "BRL": 0.4911545274883182,
    "BND": 2.068272227113191,
    "BGN": 1.5373990509652877,
    "BIF": 0.0009359132371965939,
    "CVE": 0.027300339170814255,
    "KHR": null,
    "XAF": 0.0045889652575819015,
    "CAD": 1.9971159245516135,
    "KYD": 3.233360239277116,
    "CLP": 0.002967185755350874,
    "CNY": 0.37832993075626276,
    "COP": 0.000669055552711549,
    "KMF": 0.006110418387575622,
    "CDF": 0.0009556737691302691,
    "CRC": 0.005121206143848942,
    "HRK": null,
    "CUP": 0.11227228768308789,
    "CZK": 0.1201337602876442,
    "DKK": 0.4031242089103122,
    "DJF": 0.015131489233067405,
    "DOP": 0.0452872725493382,
    "EGP": 0.05530010180444592,
    "ERN": null,
    "ETB": 0.02428566022999787,
    "EUR": 3.0078058221776067,
    "FJD": 1.2212310480359387,
    "GMD": null,
    "GEL": 1
  }
}