{
  "meta": {
    "code": "GEL",
    "createdAt": "2024-07-24T18:05:25Z"
  },
  "data": {
    "GHS": 0.17504835430000001,
    "GIP": null,
    "GTQ": 0.3500240445,
    "GNF": 0.0003152394645,
    "GYD": null,
    "HTG": 0.020564775639999998,
    "HNL": 0.10948693620000001,
    "HKD": null,
    "HUF": 0.007488103035,
    "ISK": 0.01969246379,
    "INR": 0.032422041299999996,
    "IDR": 0.000167278752,
    "IRR": 0.00006448165182,
    "IQD": 0.00207251906,
    "ILS": 0.7438936828,
    "JMD": 0.017345855349999998,
    "JPY": 0.0176461425,
    "JOD": 3.83100618,
    "KZT": 0.005727159465,
    "KES": 0.020490565999999998,
    "KWD": 8.88183471,
    "KGS": 0.03223420402,
    "LAK": 0.0001224075723,
    "LBP": 0.00003031825567,
    "LSL": 0.1476345839,
    "LRD": 0.01391443744,
    "LYD": 0.5621117809,
    "MOP": 0.33761025,
    "MKD": 0.047774470349999994,
    "MGA": 0.000598347094,
    "MWK": 0.001564390656,
    "MYR": 0.581121858,
    "MVR": 0.1767653149,
    "MRU": 0.06827611953,
    "MUR": 0.05812633095,
    "MXN": 0.1480720275,
    "MDL": 0.153126,
    "MNT": null,
    "MAD": 0.2753968395,
    "MZN": 0.04252594095,
    "MMK": 0.0008359422555000001,
    "NAD": 0.1476345839,
    "NPR": 0.02026960084,
    "ANG": 1.5070954140000001,
    "TWD": 0.0829126791,
    "NZD": 1.6110402750000001,
    "NIO": 0.07372708747,
    "NGN": 0.001713744652,
    "KPW": null,
    "NOK": 0.24626679,
    "OMR": 7.05260889,
    "PKR": 0.009750403935,
    "PAB": 2.7157167600000003,
    "PGK": 0.7026397465,
    "PYG": 0.0003584785545,
    "PEN": null,
    "PHP": 0.046412273399999995,
    "PLN": 0.684985269,
    "QAR": 0.745572123,
    "RON": 0.592316889,
    "RUB": 0.03147965394,
    "RWF": 0.002064638773,
    "SHP": 3.5046577500000002,
    "WST": null,
    "STN": null,
    "SAR": 0.7237297851000001,
    "RSD": 0.025145873599999997,
    "SCR": 0.2004165216,
    "SLL": 0.00014203211750000002,
    "SGD": 2.0218869980000003,
    "SBD": 0.32037,
    "SOS": 0.004754815881,
    "ZAR": null,
    "KRW": 0.001964992653,
    "SSP": null,
    "LKR": 0.00894275931,
    "SDG": 0.004633105689,
    "SRD": 0.09313254454,
    "SZL": 0.1477149072,
    "SEK": 0.2518343862,
    "CHF": 3.065579805,
    "SYP": null,
    "TJS": 0.254897775,
    "TZS": 0.001005555554,
    "THB": 0.07520617874999999,
    "TOP": 1.1427435000000001,
    "TTD": 0.3994989465,
    "TND": 0.8729906025,
    "TRY": 0.08272119015,
    "TMT": 0.7771416,
    "UGX": 0.0007298422275,
    "UAH": 0.0658201251,
    "AED": 0.739177755,
    "GBP": 3.5051193,
    "USD": 2.715,
    "UYU": 0.06754919999999999,
    "UZS": 0.00021556172820000002,
    "VUV": null,
    "VES": 0.07436414322,
    "VND": 0.000107037246,
    "XOF": 0.004498757172,
    "YER": 0.01084270545,
    "ZMW": 0.1041988492,
    "ZWL": null,
    "AFN": 0.03850736859869725,
    "ALL": 0.029348859310358452,
    "DZD": 0.02015568703345805,
    "AOA": 0.003100821800351978,
    "ARS": 0.002925424949297873,
    "AMD": 0.006989802740343496,
    "AWG": 1.5061134458852463,
    "AUD": 1.788218418654147,
    "AZN": 1.5969232271812686,
    "BSD": 2.71404212326689,
    "BHD": 7.203368458175304,
    "BDT": 0.023099191897293182,
    "BBD": 1.344190838038047,
    "BYN": 0.8293419159539711,
    "BZD": 1.3464662484366021,
    "BMD": 2.7147694862081564,
    "BTN": 0.032424136151090285,
    "BOB": 0.39279730689304887,
    "BAM": 1.5046717993455299,
    "BWP": 0.20002972969861804,
    "BRL": 0.4809924498841208,
    "BND": 2.018406970961983,
    "BGN": 1.5063140092020648,
    "BIF": 0.0009409946226024808,
    "CVE": 0.026581508727626376,
    "KHR": 0.0006597252700384342,
    "XAF": 0.004486326509684997,
    "CAD": 1.9668750740614518,
    "KYD": 3.256792201918253,
    "CLP": 0.0028648292422927646,
    "CNY": 0.37380132270106403,
    "COP": 0.0006709960472327404,
    "KMF": 0.005982963056793994,
    "CDF": 0.0009475635204915032,
    "CRC": 0.0051197587550014766,
    "HRK": null,
    "CUP": 0.11308599290941981,
    "CZK": 0.11579953192184843,
    "DKK": 0.39448423339972416,
    "DJF": 0.015275542913233811,
    "DOP": 0.04570319000350432,
    "EGP": 0.05616094398001381,
    "ERN": null,
    "ETB": 0.0472133823688375,
    "EUR": 2.9436372855600124,
    "FJD": 1.2055997363325406,
    "GMD": 0.04005561765771841,
    "GEL": 1
  }
}