{
  "meta": {
    "code": "GEL",
    "createdAt": "2024-08-02T15:04:23Z"
  },
  "data": {
    "GHS": 0.1741645239,
    "GIP": null,
    "GTQ": 0.350067773,
    "GNF": 0.0003143851488,
    "GYD": 0.01298663978,
    "HTG": 0.020596842809999998,
    "HNL": 0.1091580954,
    "HKD": 0.347079185,
    "HUF": 0.0074414404899999995,
    "ISK": 0.01966332883,
    "INR": 0.032344825599999995,
    "IDR": 0.00016757257900000002,
    "IRR": 0.00006438201471,
    "IQD": 0.0020687022659999998,
    "ILS": 0.713107232,
    "JMD": 0.01733280228,
    "JPY": 0.0184530675,
    "JOD": 3.8244902100000004,
    "KZT": 0.00571323284,
    "KES": 0.02084615359,
    "KWD": 8.879130720000001,
    "KGS": 0.03225038481,
    "LAK": 0.0001220995703,
    "LBP": 0.00003024553494,
    "LSL": 0.1482494524,
    "LRD": 0.013865766489999999,
    "LYD": 0.5610765843000001,
    "MOP": 0.337216953,
    "MKD": 0.047643398899999995,
    "MGA": 0.0005929978098,
    "MWK": 0.001564213544,
    "MYR": 0.593127673,
    "MVR": 0.1765547114,
    "MRU": 0.0681246846,
    "MUR": null,
    "MXN": 0.14242947,
    "MDL": 0.15337245,
    "MNT": null,
    "MAD": 0.2727318255,
    "MZN": null,
    "MMK": 0.000834402767,
    "NAD": 0.1482494524,
    "NPR": 0.020242090259999998,
    "ANG": 1.5054169240000002,
    "TWD": null,
    "NZD": 1.6174364,
    "NIO": 0.07352143008999999,
    "NGN": 0.001675911994,
    "KPW": null,
    "NOK": 0.24721568500000002,
    "OMR": 7.03952852,
    "PKR": 0.009715002578,
    "PAB": 2.71288615,
    "PGK": 0.6896814771,
    "PYG": 0.00035810780100000003,
    "PEN": 0.7240181527,
    "PHP": 0.0468615097,
    "PLN": 0.6894782,
    "QAR": 0.7443015000000001,
    "RON": 0.594872913,
    "RUB": 0.03170981027,
    "RWF": 0.0020553659229999998,
    "SHP": 3.4518625000000003,
    "WST": null,
    "STN": null,
    "SAR": 0.7219016427,
    "RSD": null,
    "SCR": 0.1998613347,
    "SLL": 0.00014203211750000002,
    "SGD": 2.0451286,
    "SBD": 0.31978,
    "SOS": 0.004746059314,
    "ZAR": 0.1486511693,
    "KRW": 0.001995957276,
    "SSP": null,
    "LKR": 0.00898174216,
    "SDG": 0.004505402913,
    "SRD": 0.09395693847,
    "SZL": null,
    "SEK": 0.25620611,
    "CHF": 3.1526486900000004,
    "SYP": null,
    "TJS": 0.256437002,
    "TZS": 0.001003703702,
    "THB": 0.0769680108,
    "TOP": 1.137929,
    "TTD": 0.40057052000000004,
    "TND": 0.872927585,
    "TRY": 0.081557721,
    "TMT": 0.773492265,
    "UGX": 0.000727902206,
    "UAH": 0.06572121269999999,
    "AED": 0.7378164700000001,
    "GBP": 3.47111705,
    "USD": 2.71,
    "UYU": 0.06714025,
    "UZS": 0.000215079364,
    "VUV": null,
    "VES": 0.0740354385,
    "VND": 0.000107411934,
    "XOF": 0.00447194715,
    "YER": 0.010824889039999999,
    "ZMW": 0.1047923125,
    "ZWL": null,
    "AFN": 0.03843500729339815,
    "ALL": 0.02919271724647049,
    "DZD": 0.020144732842731692,
    "AOA": 0.0030844257422907896,
    "ARS": 0.00290586349014369,
    "AMD": 0.006986381372734487,
    "AWG": 1.5053711189914278,
    "AUD": 1.7658093608244956,
    "AZN": 1.5939223612850413,
    "BSD": 2.7108070957097636,
    "BHD": 7.1882109906663505,
    "BDT": 0.023072884457797215,
    "BBD": 1.3426887163988732,
    "BYN": 0.8285820656239018,
    "BZD": 1.3449906927968873,
    "BMD": 2.70966801418457,
    "BTN": 0.03237862846995957,
    "BOB": 0.3923439275600874,
    "BAM": 1.5002859830888247,
    "BWP": null,
    "BRL": 0.4719278287529494,
    "BND": 2.036219092767189,
    "BGN": 1.5070665690574414,
    "BIF": null,
    "CVE": 0.026422896290029804,
    "KHR": 0.0006588858394239297,
    "XAF": 0.004473125134744787,
    "CAD": 1.9552460876167108,
    "KYD": null,
    "CLP": 0.002856973571663398,
    "CNY": 0.37854570546330535,
    "COP": 0.0006616321155847805,
    "KMF": null,
    "CDF": 0.0009441351965799896,
    "CRC": 0.005179770602535889,
    "HRK": null,
    "CUP": 0.11296246869986494,
    "CZK": 0.1169689676727205,
    "DKK": 0.3965015810645268,
    "DJF": 0.015224290913605294,
    "DOP": 0.04554063889385832,
    "EGP": 0.05567841498928676,
    "ERN": null,
    "ETB": 0.046810930201658135,
    "EUR": 2.9592835852849424,
    "FJD": 1.2030670933768874,
    "GMD": 0.038709543059779576,
    "GEL": 1
  }
}