{
  "meta": {
    "code": "GEL",
    "createdAt": "2024-08-07T16:37:00Z"
  },
  "data": {
    "GHS": 0.1735432513,
    "GIP": null,
    "GTQ": 0.3492606735,
    "GNF": 0.00031392796350000003,
    "GYD": 0.012956595639999999,
    "HTG": 0.020550545019999998,
    "HNL": 0.10930761630000001,
    "HKD": 0.3468467315,
    "HUF": 0.00742483007,
    "ISK": 0.01958158372,
    "INR": 0.0322291553,
    "IDR": 0.0001687987625,
    "IRR": 0.0000642632287,
    "IQD": 0.002066064663,
    "ILS": 0.7136016949,
    "JMD": 0.017288699129999998,
    "JPY": 0.01835740135,
    "JOD": 3.81689566,
    "KZT": 0.00566752682,
    "KES": 0.02096899201,
    "KWD": 8.842317695,
    "KGS": 0.03192222436,
    "LAK": 0.0001220487885,
    "LBP": 0.0000302118745,
    "LSL": 0.1476390082,
    "LRD": 0.013838395889999999,
    "LYD": 0.5636167755,
    "MOP": 0.337033262,
    "MKD": 0.0480354982,
    "MGA": 0.0005955996135,
    "MWK": 0.001560261312,
    "MYR": 0.6015792865,
    "MVR": 0.1755520114,
    "MRU": 0.06828314543,
    "MUR": 0.05826166955,
    "MXN": 0.140852055,
    "MDL": 0.1528325,
    "MNT": null,
    "MAD": 0.275944083,
    "MZN": 0.0423392551,
    "MMK": 0.0008328632785000001,
    "NAD": 0.1476390082,
    "NPR": 0.02014064284,
    "ANG": 1.502109492,
    "TWD": 0.08286997424999999,
    "NZD": 1.6254345000000001,
    "NIO": 0.0735070766,
    "NGN": 0.001710455571,
    "KPW": null,
    "NOK": 0.25093744,
    "OMR": 7.02814182,
    "PKR": 0.00970575099,
    "PAB": 2.70692596,
    "PGK": 0.6879667075,
    "PYG": 0.00035773733200000004,
    "PEN": 0.7267964415,
    "PHP": 0.0469007507,
    "PLN": 0.683339805,
    "QAR": 0.7415694744,
    "RON": 0.593827568,
    "RUB": 0.03154146315,
    "RWF": 0.002050669156,
    "SHP": 3.4362967500000003,
    "WST": null,
    "STN": null,
    "SAR": 0.7206209535,
    "RSD": 0.025252543729999997,
    "SCR": 0.201549009,
    "SLL": null,
    "SGD": 2.037449902,
    "SBD": 0.3178375,
    "SOS": 0.004753304445,
    "ZAR": 0.14713577,
    "KRW": 0.00196664347,
    "SSP": null,
    "LKR": 0.0089603125,
    "SDG": 0.004497090361,
    "SRD": 0.09377708336,
    "SZL": 0.147601057,
    "SEK": 0.258469242,
    "CHF": 3.1295497500000002,
    "SYP": null,
    "TJS": 0.2555044267,
    "TZS": 0.0010040251289999999,
    "THB": 0.07594073805,
    "TOP": 1.1369115,
    "TTD": 0.3987967975,
    "TND": 0.8802576105000001,
    "TRY": 0.0808159866,
    "TMT": 0.7742792000000001,
    "UGX": 0.0007263717565,
    "UAH": 0.06602826554999999,
    "AED": 0.7364551850000001,
    "GBP": 3.4381767250000004,
    "USD": null,
    "UYU": 0.066772925,
    "UZS": 0.00021444834250000002,
    "VUV": null,
    "VES": 0.0738694384,
    "VND": 0.0001074904785,
    "XOF": 0.0045030676,
    "YER": 0.010804925029999999,
    "ZMW": 0.1043996102,
    "ZWL": null,
    "AFN": 0.038145000508038006,
    "ALL": 0.02949197933328314,
    "DZD": 0.020079353940088505,
    "AOA": 0.0030803537446081413,
    "ARS": 0.002889626502655628,
    "AMD": 0.006975909249202302,
    "AWG": 1.5026496070255722,
    "AUD": 1.7714887753227586,
    "AZN": 1.5910407603800176,
    "BSD": 2.7052770736121907,
    "BHD": 7.177492893578641,
    "BDT": 0.02302184063672799,
    "BBD": 1.33977800530656,
    "BYN": 0.8266043509705401,
    "BZD": 1.3420675025559279,
    "BMD": 2.70476929264603,
    "BTN": 0.03221878544115733,
    "BOB": 0.3915193146890392,
    "BAM": 1.5101441168238983,
    "BWP": 0.19964992168859597,
    "BRL": 0.48245175854626066,
    "BND": 2.0380482896885947,
    "BGN": 1.5110822857188606,
    "BIF": 0.000938525758501572,
    "CVE": 0.026786073353027583,
    "KHR": 0.0006585374286471239,
    "XAF": null,
    "CAD": 1.9704870126397083,
    "KYD": 3.246094894443723,
    "CLP": 0.0028647361603678662,
    "CNY": 0.3766406212169392,
    "COP": 0.000653562714204281,
    "KMF": 0.00600059743508219,
    "CDF": 0.0009424283249637735,
    "CRC": 0.005120703271652141,
    "HRK": null,
    "CUP": 0.11271764770216415,
    "CZK": 0.1169468135400965,
    "DKK": 0.39593191628094226,
    "DJF": 0.015191961855563983,
    "DOP": 0.04546006471967574,
    "EGP": 0.05490930651257947,
    "ERN": null,
    "ETB": 0.03367113520364938,
    "EUR": 2.9546919083490817,
    "FJD": 1.2035907410067486,
    "GMD": 0.038917543779079564,
    "GEL": 1
  }
}