{
  "meta": {
    "code": "GEL",
    "createdAt": "2024-08-09T16:36:02Z"
  },
  "data": {
    "GHS": 0.1728672202,
    "GIP": null,
    "GTQ": 0.347756332,
    "GNF": 0.0003124637439,
    "GYD": 0.01289876049,
    "HTG": 0.020431080669999997,
    "HNL": 0.107941218,
    "HKD": 0.3456081475,
    "HUF": 0.00746265443,
    "ISK": null,
    "INR": 0.032102624399999995,
    "IDR": 0.000169009379,
    "IRR": 0.00006400664886,
    "IQD": 0.002057251885,
    "ILS": 0.7234025183,
    "JMD": 0.01714444193,
    "JPY": 0.01838185118,
    "JOD": 3.8022488350000003,
    "KZT": 0.00563024847,
    "KES": 0.02089147264,
    "KWD": 8.80512017,
    "KGS": 0.03155737469,
    "LAK": 0.00012147847510000001,
    "LBP": 0.00003007812423,
    "LSL": 0.1467864898,
    "LRD": 0.013789018699999999,
    "LYD": 0.5608740753,
    "MOP": 0.33561670450000003,
    "MKD": 0.0478817955,
    "MGA": 0.0005884279439,
    "MWK": 0.001555555536,
    "MYR": 0.6023023160000001,
    "MVR": 0.1750166148,
    "MRU": 0.06779874024,
    "MUR": 0.05804628445,
    "MXN": 0.1431063326,
    "MDL": 0.1530866183,
    "MNT": null,
    "MAD": 0.2736735039,
    "MZN": 0.04217963365,
    "MMK": 0.0008297843015000001,
    "NAD": 0.1467864898,
    "NPR": 0.020064479819999998,
    "ANG": 1.4955250310000001,
    "TWD": 0.08313538695,
    "NZD": 1.6185092,
    "NIO": 0.07323369552999999,
    "NGN": 0.001698151247,
    "KPW": null,
    "NOK": 0.24910424,
    "OMR": 7.000631715000001,
    "PKR": 0.009669895812,
    "PAB": 2.69567375,
    "PGK": 0.6845313475,
    "PYG": 0.0003560194715,
    "PEN": 0.7233928163000001,
    "PHP": 0.047063674349999994,
    "PLN": 0.68126905,
    "QAR": 0.7401814805,
    "RON": 0.5912428445,
    "RUB": 0.03041800685,
    "RWF": 0.002045540789,
    "SHP": 3.43625975,
    "WST": null,
    "STN": null,
    "SAR": 0.7179819839,
    "RSD": 0.02514825775,
    "SCR": 0.2025984845,
    "SLL": 0.00014203211750000002,
    "SGD": 2.0361140030000002,
    "SBD": 0.31801,
    "SOS": 0.004719789613,
    "ZAR": 0.1471536836,
    "KRW": 0.001975582147,
    "SSP": null,
    "LKR": 0.008983262365,
    "SDG": 0.004480465258,
    "SRD": 0.09361051507,
    "SZL": 0.1467864898,
    "SEK": 0.2560560464,
    "CHF": 3.1185650650000003,
    "SYP": null,
    "TJS": 0.2555763633,
    "TZS": 0.0009979442165,
    "THB": 0.0764973055,
    "TOP": 1.1359425,
    "TTD": 0.3965495765,
    "TND": 0.8714635545,
    "TRY": 0.0804936671,
    "TMT": 0.7692109425,
    "UGX": 0.0007233552480000001,
    "UAH": 0.06549636939999999,
    "AED": 0.733732615,
    "GBP": 3.4376881000000004,
    "USD": 2.695,
    "UYU": 0.06686294999999999,
    "UZS": 0.0002124137904,
    "VUV": null,
    "VES": 0.0735583002,
    "VND": null,
    "XOF": 0.004495412806,
    "YER": 0.01076497268,
    "ZMW": 0.1031344699,
    "ZWL": null,
    "AFN": 0.03795448493611922,
    "ALL": 0.028867364011402944,
    "DZD": 0.020039609932279163,
    "AOA": 0.0030604979335201194,
    "ARS": 0.0028770109638451484,
    "AMD": 0.006941343649828515,
    "AWG": 1.497093572480258,
    "AUD": 1.7712716658179566,
    "AZN": 1.5851579002732148,
    "BSD": 2.694027573498834,
    "BHD": 7.150043437014382,
    "BDT": 0.02292296228442562,
    "BBD": 1.3339407603329925,
    "BYN": 0.8230057137673711,
    "BZD": 1.3361829933437799,
    "BMD": 2.694768430464465,
    "BTN": 0.03209602085935288,
    "BOB": 0.38978792722879707,
    "BAM": 1.5038718573552952,
    "BWP": 0.19895430603561037,
    "BRL": 0.4893836272430293,
    "BND": 2.034225045069756,
    "BGN": 1.5039969185100446,
    "BIF": 0.00093503415422631,
    "CVE": 0.026582179342270074,
    "KHR": 0.0006556614186044927,
    "XAF": 0.00448396139895917,
    "CAD": 1.963186850630072,
    "KYD": 3.232952157120324,
    "CLP": 0.0028868910286548293,
    "CNY": 0.375980973461783,
    "COP": 0.0006592657254595809,
    "KMF": 0.00597178599727223,
    "CDF": 0.0009402541631116439,
    "CRC": 0.005086799068985955,
    "HRK": null,
    "CUP": 0.11222160530576791,
    "CZK": 0.11656429886586588,
    "DKK": 0.3943300030206073,
    "DJF": 0.01512489879232582,
    "DOP": 0.04506301723184724,
    "EGP": 0.05472301037706754,
    "ERN": null,
    "ETB": 0.033546636456677076,
    "EUR": 2.942529406664177,
    "FJD": null,
    "GMD": 0.03877364648150309,
    "GEL": 1
  }
}