{
  "meta": {
    "code": "GEL",
    "createdAt": "2024-08-01T15:32:59Z"
  },
  "data": {
    "GHS": 0.17459806890000001,
    "GIP": null,
    "GTQ": 0.35082659850000003,
    "GNF": 0.0003149651952,
    "GYD": 0.013013896379999999,
    "HTG": 0.02056004883,
    "HNL": 0.1094476773,
    "HKD": 0.3473932095,
    "HUF": 0.007392402,
    "ISK": 0.0195394024,
    "INR": 0.0324254079,
    "IDR": 0.000167107707,
    "IRR": 0.00006448165182,
    "IQD": 0.00207251906,
    "ILS": 0.7159007568,
    "JMD": 0.01735302159,
    "JPY": 0.01808447925,
    "JOD": 3.831546465,
    "KZT": 0.005725731375,
    "KES": 0.021046511389999998,
    "KWD": 8.883645615,
    "KGS": 0.03230988736,
    "LAK": 0.0001222972971,
    "LBP": null,
    "LSL": 0.14884868310000002,
    "LRD": 0.013894837859999998,
    "LYD": 0.5615304994,
    "MOP": 0.337742742,
    "MKD": 0.047578800299999995,
    "MGA": 0.0005947426057,
    "MWK": 0.001564390656,
    "MYR": 0.590924094,
    "MVR": 0.1767653149,
    "MRU": 0.06821608002,
    "MUR": 0.0582385962,
    "MXN": 0.145879665,
    "MDL": 0.1537843603,
    "MNT": null,
    "MAD": 0.27326252370000004,
    "MZN": 0.042508972199999995,
    "MMK": 0.0008359422555000001,
    "NAD": null,
    "NPR": 0.02029119867,
    "ANG": 1.5087830580000001,
    "TWD": 0.08277691280999999,
    "NZD": 1.61778705,
    "NIO": 0.07361713539999999,
    "NGN": 0.001634488589,
    "KPW": null,
    "NOK": 0.248778165,
    "OMR": 7.052807085,
    "PKR": 0.009731182549,
    "PAB": 2.7189666150000003,
    "PGK": 0.6908396778,
    "PYG": 0.000358612404,
    "PEN": 0.7268103327000001,
    "PHP": 0.04661103855,
    "PLN": 0.6813648165,
    "QAR": null,
    "RON": 0.5885929950000001,
    "RUB": 0.031755128699999996,
    "RWF": 0.002060721055,
    "SHP": 3.48185175,
    "WST": null,
    "STN": null,
    "SAR": 0.7234603756,
    "RSD": 0.0250212228,
    "SCR": 0.2007877164,
    "SLL": 0.00014203211750000002,
    "SGD": 2.030756794,
    "SBD": 0.3217275,
    "SOS": 0.004754815881,
    "ZAR": 0.1493712636,
    "KRW": 0.001986050193,
    "SSP": null,
    "LKR": 0.008978073586,
    "SDG": 0.004513715464,
    "SRD": 0.09418580436,
    "SZL": 0.1490120745,
    "SEK": 0.2537800638,
    "CHF": 3.10559619,
    "SYP": null,
    "TJS": 0.2563909707,
    "TZS": 0.001006738833,
    "THB": 0.0763972221,
    "TOP": 1.1411145,
    "TTD": 0.40145076,
    "TND": 0.87439833,
    "TRY": 0.08206135554999999,
    "TMT": 0.7771416,
    "UGX": 0.0007276373760000001,
    "UAH": 0.06601443765,
    "AED": 0.739177755,
    "GBP": 3.4675029750000004,
    "USD": 2.715,
    "UYU": 0.06741345,
    "UZS": 0.0002158016039,
    "VUV": null,
    "VES": 0.07420301339999999,
    "VND": 0.000107631288,
    "XOF": 0.004495033006,
    "YER": 0.010844869299999999,
    "ZMW": 0.1050194037,
    "ZWL": null,
    "AFN": 0.03823618994659375,
    "ALL": 0.029269751872864222,
    "DZD": 0.02014013596023334,
    "AOA": 0.003086719142931389,
    "ARS": 0.0029122203569415246,
    "AMD": 0.0069998955412588285,
    "AWG": 1.5071586322902073,
    "AUD": 1.7702170648821318,
    "AZN": 1.5969232271812686,
    "BSD": 2.7170224412335395,
    "BHD": null,
    "BDT": 0.023124278518463475,
    "BBD": 1.3457213759453361,
    "BYN": 0.8302804006031196,
    "BZD": 1.3472955206449118,
    "BMD": 2.7147694862081564,
    "BTN": 0.032445065618492135,
    "BOB": 0.39322083118889534,
    "BAM": 1.4982659404118976,
    "BWP": 0.20052750870714806,
    "BRL": 0.47768325706842274,
    "BND": 2.0286542688713634,
    "BGN": 1.4990816923869692,
    "BIF": 0.0009431195026967079,
    "CVE": 0.026517894862692123,
    "KHR": 0.000660929881218574,
    "XAF": 0.004467226836720126,
    "CAD": 1.9607806855122882,
    "KYD": 3.25870073340221,
    "CLP": 0.0028832064046163132,
    "CNY": 0.3747973281574002,
    "COP": 0.0006690942154187581,
    "KMF": 0.005957034367786132,
    "CDF": 0.0009475635204915032,
    "CRC": 0.005198347659450984,
    "HRK": null,
    "CUP": 0.11315212255734147,
    "CZK": 0.11547296836274591,
    "DKK": 0.3923893825372291,
    "DJF": 0.015258843356470982,
    "DOP": 0.04568396275689127,
    "EGP": 0.055766292626657575,
    "ERN": null,
    "ETB": 0.04689906078637075,
    "EUR": 2.9286329041532024,
    "FJD": 1.2026089689040689,
    "GMD": 0.03906143145623247,
    "GEL": 1
  }
}