{
  "meta": {
    "code": "GEL",
    "createdAt": "2024-08-12T14:34:51Z"
  },
  "data": {
    "GHS": 0.172672983,
    "GIP": null,
    "GTQ": 0.347204756,
    "GNF": 0.000311991311,
    "GYD": 0.01288142546,
    "HTG": 0.02040573744,
    "HNL": 0.10861663170000001,
    "HKD": null,
    "HUF": 0.00746658727,
    "ISK": 0.019450469749999998,
    "INR": 0.0320419619,
    "IDR": 0.000168538453,
    "IRR": 0.00006390687069,
    "IQD": 0.002053779492,
    "ILS": 0.713434537,
    "JMD": 0.01711198039,
    "JPY": 0.018197312,
    "JOD": 3.79519457,
    "KZT": 0.0056050992,
    "KES": 0.020852712949999998,
    "KWD": 8.78089437,
    "KGS": 0.031498826689999995,
    "LAK": 0.00012141046000000001,
    "LBP": 0.000030032236,
    "LSL": 0.1475378651,
    "LRD": 0.01376366691,
    "LYD": 0.559768825,
    "MOP": 0.335138761,
    "MKD": 0.0477285893,
    "MGA": 0.0005888272810000001,
    "MWK": 0.001550934564,
    "MYR": 0.603680654,
    "MVR": 0.1745785252,
    "MRU": 0.06781489731,
    "MUR": 0.0580010806,
    "MXN": 0.1425190514,
    "MDL": 0.1537066,
    "MNT": null,
    "MAD": 0.274148929,
    "MZN": 0.0420947878,
    "MMK": 0.000828244813,
    "NAD": null,
    "NPR": 0.0200217776,
    "ANG": 1.493187258,
    "TWD": 0.082889122,
    "NZD": 1.6208460500000001,
    "NIO": 0.0730716711,
    "NGN": 0.001691823878,
    "KPW": null,
    "NOK": 0.24973018500000002,
    "OMR": 6.987907150000001,
    "PKR": 0.00965325599,
    "PAB": 2.69065636,
    "PGK": 0.6930072150000001,
    "PYG": 0.00035549291500000003,
    "PEN": 0.721379452,
    "PHP": 0.046982813699999994,
    "PLN": 0.683217767,
    "QAR": 0.7352424477,
    "RON": 0.590392054,
    "RUB": 0.0296278483,
    "RWF": 0.002031422364,
    "SHP": null,
    "WST": null,
    "STN": null,
    "SAR": 0.716625953,
    "RSD": 0.025112258279999997,
    "SCR": 0.19839484370000002,
    "SLL": 0.00014203211750000002,
    "SGD": 2.030839979,
    "SBD": 0.317151,
    "SOS": 0.0047255794899999995,
    "ZAR": 0.14774295070000001,
    "KRW": 0.001962672958,
    "SSP": null,
    "LKR": 0.00898970831,
    "SDG": 0.004472152707,
    "SRD": 0.09333472018,
    "SZL": 0.1475812279,
    "SEK": 0.2554329312,
    "CHF": 3.0953372700000004,
    "SYP": null,
    "TJS": 0.2537436919,
    "TZS": 0.000992665145,
    "THB": 0.07635866279999999,
    "TOP": 1.1338350000000001,
    "TTD": 0.39570438,
    "TND": 0.871955161,
    "TRY": 0.0802151813,
    "TMT": 0.7699856,
    "UGX": 0.0007210125360000001,
    "UAH": 0.0651195738,
    "AED": 0.73237133,
    "GBP": 3.43589665,
    "USD": 2.69,
    "UYU": 0.0668734,
    "UZS": 0.000212734077,
    "VUV": null,
    "VES": 0.073457713,
    "VND": 0.000107043439,
    "XOF": 0.00448000401,
    "YER": 0.01074285394,
    "ZMW": 0.10274656750000001,
    "ZWL": null,
    "AFN": 0.03815127796241883,
    "ALL": 0.029405289747566083,
    "DZD": 0.019981465416472093,
    "AOA": 0.0030631521786594978,
    "ARS": 0.0028637224328921856,
    "AMD": 0.0069274844087386135,
    "AWG": 1.4923100931843833,
    "AUD": 1.7753564992412725,
    "AZN": 1.5821559390297222,
    "BSD": 2.688863815389167,
    "BHD": 7.135421691973211,
    "BDT": 0.022885936388678953,
    "BBD": 1.3317573545861425,
    "BYN": 0.8216686951544104,
    "BZD": 1.3340189902795268,
    "BMD": 2.6896650963505278,
    "BTN": 0.03202599902370536,
    "BOB": 0.3891625001136013,
    "BAM": 1.502261266528012,
    "BWP": 0.19898255444331825,
    "BRL": 0.4907789754175863,
    "BND": 2.0299680950036305,
    "BGN": 1.5020188175308673,
    "BIF": 0.0009327248588302506,
    "CVE": 0.026647840081346644,
    "KHR": 0.0006559894779812524,
    "XAF": 0.004479221644866429,
    "CAD": null,
    "KYD": 3.2266379978589903,
    "CLP": 0.0028907764113253057,
    "CNY": 0.37477741814540655,
    "COP": 0.000662400774765143,
    "KMF": null,
    "CDF": 0.0009384735158236316,
    "CRC": 0.00507886456580751,
    "HRK": null,
    "CUP": 0.11203945514766595,
    "CZK": 0.11687590042618112,
    "DKK": 0.3937266840766726,
    "DJF": 0.015100874592793327,
    "DOP": 0.045035605947192074,
    "EGP": 0.05454863690301353,
    "ERN": null,
    "ETB": 0.026076872332172003,
    "EUR": 2.938882316816573,
    "FJD": 1.1998059981849916,
    "GMD": 0.03870021721367666,
    "GEL": 1
  }
}