{
  "meta": {
    "code": "GEL",
    "createdAt": "2024-08-19T15:33:34Z"
  },
  "data": {
    "GHS": 0.1714559376,
    "GIP": null,
    "GTQ": 0.34685581800000004,
    "GNF": 0.0003111239722,
    "GYD": 0.012852818439999998,
    "HTG": 0.020371487009999998,
    "HNL": 0.1081216474,
    "HKD": 0.3445829655,
    "HUF": 0.007533065535,
    "ISK": 0.01953011326,
    "INR": 0.032021095199999995,
    "IDR": 0.0001725168885,
    "IRR": 0.00006376914738,
    "IQD": 0.002049618297,
    "ILS": 0.7224150378,
    "JMD": 0.01710307141,
    "JPY": 0.018323245499999998,
    "JOD": 3.7902775650000002,
    "KZT": 0.005608774365,
    "KES": 0.02081395326,
    "KWD": 8.783545215,
    "KGS": 0.03133022053,
    "LAK": 0.00012149321050000001,
    "LBP": 0.00002996651709,
    "LSL": 0.150335945,
    "LRD": 0.013732601649999999,
    "LYD": 0.5599582804000001,
    "MOP": null,
    "MKD": 0.048159556199999995,
    "MGA": 0.0005830618731,
    "MWK": 0.001547104571,
    "MYR": 0.6128042625,
    "MVR": 0.17425402980000002,
    "MRU": 0.06742842648,
    "MUR": 0.058056090299999995,
    "MXN": 0.14332798500000002,
    "MDL": 0.15403845,
    "MNT": null,
    "MAD": 0.2747505726,
    "MZN": 0.04202312295,
    "MMK": 0.0008267053245000001,
    "NAD": 0.150335945,
    "NPR": 0.02000965372,
    "ANG": 1.4907111940000002,
    "TWD": 0.08392854087,
    "NZD": 1.636896825,
    "NIO": 0.07286295777,
    "NGN": 0.001688636748,
    "KPW": null,
    "NOK": 0.253949985,
    "OMR": 6.974934585000001,
    "PKR": 0.00963660811,
    "PAB": 2.686146495,
    "PGK": 0.6905419935,
    "PYG": 0.0003541238445,
    "PEN": 0.7183946262,
    "PHP": 0.047393364599999994,
    "PLN": 0.6959372325000001,
    "QAR": 0.7374854595,
    "RON": 0.5967603135,
    "RUB": 0.029891326349999997,
    "RWF": 0.002034090888,
    "SHP": 3.4750612500000004,
    "WST": null,
    "STN": null,
    "SAR": 0.7155624345,
    "RSD": 0.02538191019,
    "SCR": 0.2008463235,
    "SLL": 0.00014203211750000002,
    "SGD": 2.051168428,
    "SBD": null,
    "SOS": null,
    "ZAR": 0.1514560062,
    "KRW": 0.002013226962,
    "SSP": null,
    "LKR": 0.0089864265,
    "SDG": 0.004463840155,
    "SRD": 0.09350513574,
    "SZL": 0.150335945,
    "SEK": 0.2599009169,
    "CHF": 3.10798416,
    "SYP": null,
    "TJS": 0.2522376531,
    "TZS": 0.000990610881,
    "THB": 0.0779573103,
    "TOP": 1.135755,
    "TTD": 0.3956344815,
    "TND": null,
    "TRY": 0.07955262989999999,
    "TMT": 0.7663567275000001,
    "UGX": 0.0007212594675,
    "UAH": 0.06488675715,
    "AED": 0.731010045,
    "GBP": 3.485632095,
    "USD": 2.685,
    "UYU": 0.0665555115,
    "UZS": 0.0002119179156,
    "VUV": null,
    "VES": 0.07328425575,
    "VND": 0.00010751826880000001,
    "XOF": 0.004471273846,
    "YER": 0.01072289655,
    "ZMW": 0.1045696072,
    "ZWL": null,
    "AFN": 0.037813619829081074,
    "ALL": 0.029731639068269727,
    "DZD": 0.020034513159308747,
    "AOA": 0.003021684870978904,
    "ARS": 0.002844901688170494,
    "AMD": 0.006916650374842542,
    "AWG": 1.4915372265915312,
    "AUD": 1.804659725325282,
    "AZN": 1.5792747105086802,
    "BSD": 2.6846461990092383,
    "BHD": 7.124232475623096,
    "BDT": 0.02250356029783873,
    "BBD": 1.3398946496871345,
    "BYN": 0.8203330102479116,
    "BZD": 1.3318300825130134,
    "BMD": 2.6847670078647563,
    "BTN": 0.03200967894843861,
    "BOB": 0.38847808693027525,
    "BAM": 1.5150029388133057,
    "BWP": 0.20106698382575922,
    "BRL": 0.49572861044542993,
    "BND": 2.048339677092863,
    "BGN": 1.5165262084761202,
    "BIF": 0.0009338320027355675,
    "CVE": 0.026680914367432713,
    "KHR": 0.0006548212214304284,
    "XAF": 0.004516946004996592,
    "CAD": 1.9686073427588058,
    "KYD": 3.2212678867494957,
    "CLP": 0.0028939410690840277,
    "CNY": null,
    "COP": 0.0006663093702604332,
    "KMF": 0.00600048501560352,
    "CDF": 0.0009354588877577549,
    "CRC": null,
    "HRK": null,
    "CUP": 0.1118593727715498,
    "CZK": 0.11807921045234487,
    "DKK": 0.3980853190094104,
    "DJF": 0.015075414543413686,
    "DOP": 0.044783436328019295,
    "EGP": 0.05504165916591043,
    "ERN": null,
    "ETB": 0.024608313545964773,
    "EUR": 2.97068011566911,
    "FJD": 1.2086467419954774,
    "GMD": 0.03835381439806795,
    "GEL": 1
  }
}