{
  "meta": {
    "code": "GEL",
    "createdAt": "2024-07-25T17:33:31Z"
  },
  "data": {
    "GHS": 0.1748387095,
    "GIP": null,
    "GTQ": 0.34951439100000004,
    "GNF": 0.0003143851488,
    "GYD": 0.01297486212,
    "HTG": 0.020527396349999998,
    "HNL": 0.10946210320000001,
    "HKD": 0.34714016000000003,
    "HUF": null,
    "ISK": 0.019683323489999998,
    "INR": 0.0323476982,
    "IDR": 0.000166130588,
    "IRR": 0.00006436290108,
    "IQD": 0.0020687022659999998,
    "ILS": 0.7388504434000001,
    "JMD": 0.01731165886,
    "JPY": 0.017607683,
    "JOD": 3.82395092,
    "KZT": 0.00570649307,
    "KES": 0.02037593959,
    "KWD": 8.86143171,
    "KGS": 0.03218527164,
    "LAK": 0.0001221766373,
    "LBP": 0.00003024553494,
    "LSL": 0.1476839215,
    "LRD": null,
    "LYD": 0.5599173547,
    "MOP": 0.337204758,
    "MKD": 0.047735809899999995,
    "MGA": 0.000596456366,
    "MWK": 0.001561509642,
    "MYR": 0.579989322,
    "MVR": 0.1765547114,
    "MRU": 0.06817609872,
    "MUR": 0.0579324288,
    "MXN": 0.1471355747,
    "MDL": 0.1524276627,
    "MNT": null,
    "MAD": 0.273778834,
    "MZN": 0.0424143997,
    "MMK": 0.000834402767,
    "NAD": 0.1476839215,
    "NPR": 0.02023346433,
    "ANG": 1.504384143,
    "TWD": 0.0827809608,
    "NZD": 1.5981141,
    "NIO": 0.07362766479999999,
    "NGN": 0.001710588585,
    "KPW": null,
    "NOK": 0.2460409,
    "OMR": 7.039615240000001,
    "PKR": 0.009730699982,
    "PAB": 2.71082655,
    "PGK": 0.700809252,
    "PYG": 0.000357346562,
    "PEN": 0.720888455,
    "PHP": 0.04630499765,
    "PLN": 0.6866424560000001,
    "QAR": 0.744403396,
    "RON": 0.592233915,
    "RUB": 0.031882337,
    "RWF": 0.002056145671,
    "SHP": 3.4979325,
    "WST": null,
    "STN": null,
    "SAR": 0.7223607709000001,
    "RSD": 0.025142553449999997,
    "SCR": 0.19688998230000002,
    "SLL": 0.00014203211750000002,
    "SGD": 2.0181099000000002,
    "SBD": 0.31978,
    "SOS": 0.004746059314,
    "ZAR": 0.147587955,
    "KRW": 0.001959090436,
    "SSP": null,
    "LKR": 0.00893115188,
    "SDG": 0.004624573266,
    "SRD": 0.09364848898,
    "SZL": 0.1475231345,
    "SEK": 0.250925675,
    "CHF": 3.0797524000000003,
    "SYP": null,
    "TJS": null,
    "TZS": 0.001007533285,
    "THB": 0.0747586291,
    "TOP": 1.1400970000000001,
    "TTD": 0.398785985,
    "TND": 0.873067421,
    "TRY": 0.0820116189,
    "TMT": 0.7452500000000001,
    "UGX": 0.000725176488,
    "UAH": 0.0657429469,
    "AED": 0.7378164700000001,
    "GBP": 3.4901006000000003,
    "USD": 2.71,
    "UYU": 0.06732995,
    "UZS": 0.000214616553,
    "VUV": null,
    "VES": null,
    "VND": 0.000106861533,
    "XOF": 0.00448234813,
    "YER": 0.01082489717,
    "ZMW": null,
    "ZWL": null,
    "AFN": 0.03816433822795169,
    "ALL": 0.029296140636732484,
    "DZD": 0.020157095939774307,
    "AOA": 0.0031051526801414743,
    "ARS": 0.002917512792907756,
    "AMD": 0.00698566092083342,
    "AWG": 1.5053711189914278,
    "AUD": 1.7742498058420695,
    "AZN": 1.5939223612850413,
    "BSD": 2.7090557679583207,
    "BHD": 7.187999334365385,
    "BDT": 0.02305598111645056,
    "BBD": 1.3417924554435827,
    "BYN": 0.8279610151409769,
    "BZD": 1.3440626888300131,
    "BMD": 2.70966801418457,
    "BTN": 0.03236520854718746,
    "BOB": 0.39208692120377664,
    "BAM": 1.5031539669569192,
    "BWP": 0.19885472172340932,
    "BRL": 0.480582447779916,
    "BND": 2.0185851889258086,
    "BGN": 1.5046188096092732,
    "BIF": 0.0009397149348245249,
    "CVE": 0.026643736619317307,
    "KHR": 0.0006582456008018105,
    "XAF": 0.0044817999502349,
    "CAD": 1.9618003093336907,
    "KYD": 3.250987310460568,
    "CLP": 0.0028648270476767084,
    "CNY": 0.37469827070471873,
    "COP": 0.0006732211527467643,
    "KMF": 0.005965475291375378,
    "CDF": 0.0009457829024313958,
    "CRC": 0.0051234593282599074,
    "HRK": null,
    "CUP": 0.11288082217489136,
    "CZK": 0.11592658570946536,
    "DKK": 0.3942837873622661,
    "DJF": 0.015246837803933608,
    "DOP": 0.04557894053493842,
    "EGP": 0.05604497414587056,
    "ERN": null,
    "ETB": 0.04686340781618573,
    "EUR": 2.9426205720196736,
    "FJD": 1.1995254495953154,
    "GMD": null,
    "GEL": 1
  }
}