{
  "meta": {
    "code": "GEL",
    "createdAt": "2024-08-19T16:35:58Z"
  },
  "data": {
    "GHS": 0.1717850273,
    "GIP": null,
    "GTQ": 0.34685581800000004,
    "GNF": 0.00031108791270000003,
    "GYD": 0.012852818439999998,
    "HTG": 0.020371487009999998,
    "HNL": 0.1081216474,
    "HKD": 0.3446307585,
    "HUF": 0.00753494772,
    "ISK": 0.019487588759999997,
    "INR": null,
    "IDR": 0.00017237404650000002,
    "IRR": 0.00006378808468,
    "IQD": 0.002049618297,
    "ILS": 0.7224150378,
    "JMD": null,
    "JPY": 0.0183253935,
    "JOD": 3.7897432500000003,
    "KZT": 0.005608774365,
    "KES": null,
    "KWD": 8.7831183,
    "KGS": 0.03133022053,
    "LAK": 0.0001213559319,
    "LBP": 0.00002998324732,
    "LSL": 0.1516949148,
    "LRD": 0.0137519256,
    "LYD": 0.5623036548,
    "MOP": 0.334664307,
    "MKD": 0.048159556199999995,
    "MGA": 0.0005830618731,
    "MWK": 0.001547550415,
    "MYR": 0.6128042625,
    "MVR": 0.1743672025,
    "MRU": 0.0701044371,
    "MUR": 0.058056090299999995,
    "MXN": 0.14323401,
    "MDL": 0.15403845,
    "MNT": null,
    "MAD": 0.276163527,
    "MZN": 0.04202312295,
    "MMK": 0.0008267053245000001,
    "NAD": 0.1516949148,
    "NPR": 0.02000965372,
    "ANG": 1.4907111940000002,
    "TWD": 0.08363310495,
    "NZD": 1.635688575,
    "NIO": 0.07286295777,
    "NGN": 0.001680751171,
    "KPW": null,
    "NOK": 0.25375625150000003,
    "OMR": null,
    "PKR": 0.009640933377,
    "PAB": 2.686146495,
    "PGK": 0.6905419935,
    "PYG": 0.0003541238445,
    "PEN": 0.7166688693000001,
    "PHP": 0.0473607687,
    "PLN": 0.6963662955000001,
    "QAR": 0.7374349815,
    "RON": 0.597145074,
    "RUB": 0.029890252349999997,
    "RWF": 0.002037177537,
    "SHP": 3.4750612500000004,
    "WST": null,
    "STN": null,
    "SAR": 0.7155570913,
    "RSD": 0.0254003991,
    "SCR": 0.20084796130000002,
    "SLL": 0.00014203211750000002,
    "SGD": null,
    "SBD": 0.31683,
    "SOS": 0.004702276479,
    "ZAR": 0.1517521725,
    "KRW": 0.002011417272,
    "SSP": null,
    "LKR": 0.0089864265,
    "SDG": 0.004463840155,
    "SRD": 0.09350513574,
    "SZL": 0.1516949148,
    "SEK": 0.259803285,
    "CHF": 3.1117404750000004,
    "SYP": null,
    "TJS": 0.2522376531,
    "TZS": 0.000990610881,
    "THB": 0.0779164446,
    "TOP": 1.135755,
    "TTD": 0.3956344815,
    "TND": 0.87473541,
    "TRY": 0.07959800639999999,
    "TMT": 0.7663567275000001,
    "UGX": 0.0007212594675,
    "UAH": 0.06488675715,
    "AED": 0.731010045,
    "GBP": 3.4832907750000004,
    "USD": 2.685,
    "UYU": 0.0665555115,
    "UZS": 0.0002119179156,
    "VUV": null,
    "VES": 0.07327561005,
    "VND": 0.0001075184085,
    "XOF": 0.004471273846,
    "YER": 0.01072289655,
    "ZMW": 0.1045696072,
    "ZWL": null,
    "AFN": 0.037813619829081074,
    "ALL": 0.029731639068269727,
    "DZD": 0.02003259969854567,
    "AOA": 0.003021684870978904,
    "ARS": 0.0028463068782153627,
    "AMD": 0.006916650374842542,
    "AWG": 1.4915372265915312,
    "AUD": 1.8035456068289426,
    "AZN": 1.5792747105086802,
    "BSD": 2.6846461990092383,
    "BHD": 7.124510388684618,
    "BDT": 0.02250356029783873,
    "BBD": 1.3398946496871345,
    "BYN": 0.8203330102479116,
    "BZD": 1.3318300825130134,
    "BMD": 2.6847670078647563,
    "BTN": 0.03200967894843861,
    "BOB": 0.38847808693027525,
    "BAM": 1.5150029388133057,
    "BWP": 0.20106698382575922,
    "BRL": 0.4959575506837594,
    "BND": 2.048339677092863,
    "BGN": 1.5188211612813554,
    "BIF": 0.0009338320027355675,
    "CVE": 0.026847670078647565,
    "KHR": 0.0006548212214304284,
    "XAF": 0.004516946004996592,
    "CAD": 1.9663292793991218,
    "KYD": 3.2212678867494957,
    "CLP": 0.002895314260952301,
    "CNY": null,
    "COP": 0.0006663606374342421,
    "KMF": 0.006034540364551098,
    "CDF": 0.0009354588877577549,
    "CRC": 0.005177429633372643,
    "HRK": null,
    "CUP": 0.1118593727715498,
    "CZK": 0.11814676148249409,
    "DKK": 0.3982429817530804,
    "DJF": 0.015075414543413686,
    "DOP": null,
    "EGP": 0.055033648444942566,
    "ERN": null,
    "ETB": 0.024608313545964773,
    "EUR": 2.972291639862293,
    "FJD": 1.2081300519864704,
    "GMD": 0.03835381439806795,
    "GEL": 1
  }
}