{
  "meta": {
    "code": "GEL",
    "createdAt": "2024-08-13T16:04:28Z"
  },
  "data": {
    "GHS": 0.17220447120000001,
    "GIP": null,
    "GTQ": 0.34826056650000004,
    "GNF": 0.0003121018862,
    "GYD": 0.01291193634,
    "HTG": 0.020478116499999997,
    "HNL": 0.1084577417,
    "HKD": 0.3459611925,
    "HUF": 0.00750803284,
    "ISK": 0.01946551094,
    "INR": 0.03211057465,
    "IDR": 0.00017050914650000001,
    "IRR": 0.00006400664886,
    "IQD": null,
    "ILS": 0.7242413909000001,
    "JMD": null,
    "JPY": 0.01834985075,
    "JOD": 3.8022488350000003,
    "KZT": 0.005614420735,
    "KES": 0.02089147264,
    "KWD": 8.801931985000001,
    "KGS": 0.03145692665,
    "LAK": 0.000121505859,
    "LBP": 0.00003007812423,
    "LSL": 0.14767123140000002,
    "LRD": 0.01380658471,
    "LYD": 0.560291039,
    "MOP": 0.3361837325,
    "MKD": 0.0479915359,
    "MGA": 0.0005865070557000001,
    "MWK": 0.001555555536,
    "MYR": 0.6048035455,
    "MVR": 0.1750166148,
    "MRU": 0.06779021326,
    "MUR": 0.058171628899999994,
    "MXN": 0.14152523,
    "MDL": 0.15410010000000002,
    "MNT": null,
    "MAD": 0.2746356728,
    "MZN": 0.04217963365,
    "MMK": 0.0008297843015000001,
    "NAD": 0.14767123140000002,
    "NPR": 0.020066406739999997,
    "ANG": 1.496755029,
    "TWD": null,
    "NZD": 1.6332912750000002,
    "NIO": 0.07313432819,
    "NGN": 0.0016949685319999999,
    "KPW": null,
    "NOK": 0.2500973475,
    "OMR": 7.000855400000001,
    "PKR": 0.00966816131,
    "PAB": 2.697201815,
    "PGK": 0.6940956599,
    "PYG": 0.000356581918,
    "PEN": 0.7197222532,
    "PHP": 0.04725706755,
    "PLN": 0.6883480065,
    "QAR": 0.7401814805,
    "RON": 0.5933907595,
    "RUB": 0.02961565145,
    "RWF": 0.0020432145459999998,
    "SHP": 3.4397632500000004,
    "WST": null,
    "STN": null,
    "SAR": 0.7178570976,
    "RSD": 0.02523360974,
    "SCR": 0.1847788804,
    "SLL": 0.00014203211750000002,
    "SGD": 2.041610725,
    "SBD": 0.317471,
    "SOS": 0.004719789613,
    "ZAR": 0.1484263973,
    "KRW": 0.0019708516129999997,
    "SSP": null,
    "LKR": null,
    "SDG": 0.004480465258,
    "SRD": 0.09400725411,
    "SZL": 0.14767123140000002,
    "SEK": 0.2566301353,
    "CHF": 3.116026375,
    "SYP": null,
    "TJS": 0.25410634860000003,
    "TZS": 0.0009950177160000001,
    "THB": 0.07700000385,
    "TOP": 1.1370205,
    "TTD": 0.39733166550000004,
    "TND": 0.8739429545,
    "TRY": 0.08031943535,
    "TMT": 0.7692109425,
    "UGX": 0.0007228693395000001,
    "UAH": 0.0651951762,
    "AED": 0.733732615,
    "GBP": 3.4578601750000004,
    "USD": 2.695,
    "UYU": 0.06687642499999999,
    "UZS": 0.0002132963975,
    "VUV": null,
    "VES": 0.0736703044,
    "VND": 0.0001072424045,
    "XOF": 0.004480465258,
    "YER": 0.01076283285,
    "ZMW": 0.1031860252,
    "ZWL": null,
    "AFN": 0.03822366568034702,
    "ALL": 0.029489696111002415,
    "DZD": 0.020048122832410743,
    "AOA": 0.0030604979335201194,
    "ARS": 0.002869037803444253,
    "AMD": 0.00693419904016179,
    "AWG": 1.4950171597583717,
    "AUD": 1.7817946632689752,
    "AZN": 1.5851579002732148,
    "BSD": 2.6955579594978714,
    "BHD": 7.152011298415595,
    "BDT": 0.022940173617418607,
    "BBD": 1.3350067006863247,
    "BYN": 0.8236657935715905,
    "BZD": 1.3372505307934826,
    "BMD": 2.694768430464465,
    "BTN": 0.03209917497715029,
    "BOB": 0.39008449283166224,
    "BAM": 1.5054631111772419,
    "BWP": 0.1996039007896508,
    "BRL": 0.4911545274883182,
    "BND": 2.0374764805303234,
    "BGN": 1.5092598841152107,
    "BIF": 0.0009373107584224226,
    "CVE": 0.026654484969974922,
    "KHR": 0.0006556614186044927,
    "XAF": 0.004488644387062702,
    "CAD": 1.9637447937688963,
    "KYD": 3.234491926357533,
    "CLP": 0.0028923444827515226,
    "CNY": 0.3765483728870168,
    "COP": 0.0006677938189362057,
    "KMF": 0.005977084245123838,
    "CDF": 0.000938943703994587,
    "CRC": 0.005090521656673988,
    "HRK": null,
    "CUP": 0.11231575946746501,
    "CZK": 0.11714347203329288,
    "DKK": 0.39566746265002517,
    "DJF": 0.015137235071553607,
    "DOP": 0.045100726869698154,
    "EGP": 0.05457327787785295,
    "ERN": null,
    "ETB": 0.024485740991710334,
    "EUR": 2.952636981663869,
    "FJD": 1.2042581359092286,
    "GMD": 0.03905461493426761,
    "GEL": 1
  }
}