{
  "meta": {
    "code": "GEL",
    "createdAt": "2024-08-15T08:05:34Z"
  },
  "data": {
    "GHS": 0.1717017047,
    "GIP": null,
    "GTQ": 0.347065952,
    "GNF": 0.00031170644,
    "GYD": 0.01287539448,
    "HTG": 0.02039604268,
    "HNL": 0.10850435110000001,
    "HKD": null,
    "HUF": 0.0075058263,
    "ISK": 0.01946877009,
    "INR": 0.0320437104,
    "IDR": 0.000171258312,
    "IRR": 0.00006388789812,
    "IQD": 0.002051994677,
    "ILS": 0.725616202,
    "JMD": 0.01712593342,
    "JPY": 0.01826779,
    "JOD": null,
    "KZT": 0.00559823701,
    "KES": 0.020632488299999998,
    "KWD": 8.790010780000001,
    "KGS": 0.031388636219999995,
    "LAK": 0.000121450003,
    "LBP": 0.000030001301,
    "LSL": 0.1488871153,
    "LRD": 0.01376532206,
    "LYD": 0.559023157,
    "MOP": 0.335080657,
    "MKD": 0.048160253599999994,
    "MGA": 0.00059072669,
    "MWK": 0.001549614043,
    "MYR": 0.607566628,
    "MVR": 0.1746919087,
    "MRU": 0.06787077937,
    "MUR": 0.058267767199999994,
    "MXN": 0.1431895339,
    "MDL": 0.1532762,
    "MNT": null,
    "MAD": 0.274684777,
    "MZN": 0.0421013783,
    "MMK": 0.000828244813,
    "NAD": 0.1488850978,
    "NPR": 0.020008510519999998,
    "ANG": null,
    "TWD": 0.08329593069999999,
    "NZD": null,
    "NIO": 0.07301007009999999,
    "NGN": 0.001708587394,
    "KPW": null,
    "NOK": null,
    "OMR": 6.98814118,
    "PKR": 0.00964404005,
    "PAB": 2.6884422210000003,
    "PGK": 0.682158445,
    "PYG": 0.00035511012800000004,
    "PEN": 0.717468999,
    "PHP": 0.047232768499999994,
    "PLN": 0.6913031000000001,
    "QAR": 0.7364290336,
    "RON": 0.595080724,
    "RUB": 0.030098436899999997,
    "RWF": 0.002037086966,
    "SHP": 3.4511355000000004,
    "WST": null,
    "STN": null,
    "SAR": 0.7168983962000001,
    "RSD": 0.025305738409999997,
    "SCR": 0.2013842945,
    "SLL": 0.00014203211750000002,
    "SGD": 2.041955059,
    "SBD": 0.316075,
    "SOS": 0.00472075094,
    "ZAR": 0.14929769,
    "KRW": 0.001983622409,
    "SSP": null,
    "LKR": 0.00898117832,
    "SDG": 0.004472152707,
    "SRD": 0.09370210155,
    "SZL": 0.1488770278,
    "SEK": 0.2567428536,
    "CHF": 3.1064335200000004,
    "SYP": null,
    "TJS": 0.2528057427,
    "TZS": 0.0009926199261,
    "THB": 0.0769208728,
    "TOP": 1.13518,
    "TTD": 0.395614534,
    "TND": 0.8743829936,
    "TRY": 0.07998381439999999,
    "TMT": 0.767783835,
    "UGX": 0.000721391288,
    "UAH": 0.06513781199999999,
    "AED": 0.7323802070000001,
    "GBP": 3.4556547,
    "USD": 2.69,
    "UYU": 0.06656405,
    "UZS": 0.000212914307,
    "VUV": null,
    "VES": 0.0735624885,
    "VND": 0.00010741116200000001,
    "XOF": 0.0045149438819999995,
    "YER": 0.010743929939999999,
    "ZMW": 0.1024604053,
    "ZWL": null,
    "AFN": 0.03787721349232267,
    "ALL": 0.02962721999296238,
    "DZD": 0.02005446768153676,
    "AOA": 0.0030547019838288864,
    "ARS": 0.002860546111784061,
    "AMD": 0.006913972015443835,
    "AWG": 1.4942583868614043,
    "AUD": 1.7814003261219196,
    "AZN": 1.5821559390297222,
    "BSD": 2.6866640928442567,
    "BHD": 7.13736629049808,
    "BDT": 0.022861950994554837,
    "BBD": 1.3305958380180214,
    "BYN": 0.8210842520347867,
    "BZD": 1.3328713606528797,
    "BMD": 2.6896650963505278,
    "BTN": 0.032010688097305055,
    "BOB": 0.3888271983648522,
    "BAM": 1.5141160185475988,
    "BWP": 0.20015144170618623,
    "BRL": 0.4916671414573335,
    "BND": 2.0430344711540718,
    "BGN": 1.5145917816947376,
    "BIF": 0.0009317138765979239,
    "CVE": 0.026855803287679867,
    "KHR": 0.0006567310733250409,
    "XAF": 0.0045143818540578735,
    "CAD": 1.9625715784052455,
    "KYD": 3.22398171124415,
    "CLP": 0.0028792954985842794,
    "CNY": 0.3759981403613255,
    "COP": 0.000669653951873867,
    "KMF": 0.00601782100180149,
    "CDF": 0.000936839114458523,
    "CRC": 0.005107348560567558,
    "HRK": null,
    "CUP": 0.11194195176478208,
    "CZK": null,
    "DKK": 0.3968169688738857,
    "DJF": 0.015087583933183709,
    "DOP": null,
    "EGP": 0.0548631330434932,
    "ERN": null,
    "ETB": 0.02436670474447556,
    "EUR": 2.960849282404704,
    "FJD": 1.2014406112976734,
    "GMD": 0.03842378709072183,
    "GEL": 1
  }
}