{
  "meta": {
    "code": "GEL",
    "createdAt": "2024-08-07T10:04:19Z"
  },
  "data": {
    "GHS": 0.1745160775,
    "GIP": null,
    "GTQ": 0.3499515305,
    "GNF": 0.00031447707850000003,
    "GYD": 0.01298167911,
    "HTG": 0.020540593319999998,
    "HNL": null,
    "HKD": 0.34692355350000004,
    "HUF": 0.007412162555,
    "ISK": 0.01956317349,
    "INR": 0.03221982305,
    "IDR": 0.000168355954,
    "IRR": null,
    "IQD": 0.002069839761,
    "ILS": 0.7144632645,
    "JMD": 0.01728631873,
    "JPY": 0.01833550167,
    "JOD": 3.8163573650000004,
    "KZT": 0.00566739157,
    "KES": null,
    "KWD": 8.839147435000001,
    "KGS": 0.0319797029,
    "LAK": 0.0001223755525,
    "LBP": 0.0000302659745,
    "LSL": 0.1463004389,
    "LRD": 0.013517767909999999,
    "LYD": 0.564666586,
    "MOP": 0.33783772900000003,
    "MKD": 0.0479771243,
    "MGA": 0.0005967303035,
    "MWK": 0.001563050708,
    "MYR": 0.6015792865,
    "MVR": 0.1755520114,
    "MRU": 0.06842414085,
    "MUR": 0.05826166955,
    "MXN": 0.1405342175,
    "MDL": 0.15313005000000002,
    "MNT": null,
    "MAD": 0.275714699,
    "MZN": 0.0423392551,
    "MMK": 0.0008328632785000001,
    "NAD": 0.1463004389,
    "NPR": 0.02018083103,
    "ANG": 1.5047869010000001,
    "TWD": null,
    "NZD": 1.6278825250000002,
    "NIO": 0.07364638409999999,
    "NGN": 0.001697041936,
    "KPW": null,
    "NOK": 0.250826535,
    "OMR": 7.028620605,
    "PKR": 0.00972584914,
    "PAB": 2.711819305,
    "PGK": 0.689396841,
    "PYG": 0.00035801811100000003,
    "PEN": 0.7279996255000001,
    "PHP": 0.046904808199999995,
    "PLN": 0.683567025,
    "QAR": 0.740936315,
    "RON": 0.5931375225000001,
    "RUB": 0.03149927867,
    "RWF": 0.002042422152,
    "SHP": 3.4362967500000003,
    "WST": null,
    "STN": null,
    "SAR": 0.7205643379000001,
    "RSD": 0.025222856079999998,
    "SCR": 0.1995125768,
    "SLL": 0.00014203211750000002,
    "SGD": 2.037166066,
    "SBD": 0.3178375,
    "SOS": 0.00476214168,
    "ZAR": null,
    "KRW": 0.001966000492,
    "SSP": null,
    "LKR": 0.008970778145,
    "SDG": 0.004497090361,
    "SRD": 0.09420163581999999,
    "SZL": 0.1463452878,
    "SEK": 0.258997285,
    "CHF": 3.135746905,
    "SYP": null,
    "TJS": 0.2568065055,
    "TZS": 0.001001110275,
    "THB": 0.07584679069,
    "TOP": 1.1369115,
    "TTD": 0.3995843041,
    "TND": 0.8773730797,
    "TRY": 0.08068317109999999,
    "TMT": 0.7742792000000001,
    "UGX": 0.0007277464375,
    "UAH": 0.06609004774999999,
    "AED": 0.736454103,
    "GBP": 3.4371488250000004,
    "USD": 2.705,
    "UYU": 0.06655652499999999,
    "UZS": 0.0002151916765,
    "VUV": null,
    "VES": 0.07387027695,
    "VND": 0.0001074969705,
    "XOF": 0.00450715215,
    "YER": 0.010804925029999999,
    "ZMW": 0.10434115520000001,
    "ZWL": null,
    "AFN": 0.03818433855088667,
    "ALL": 0.029512145999919952,
    "DZD": 0.020067316886089107,
    "AOA": 0.003068371291050473,
    "ARS": 0.002891255257121367,
    "AMD": 0.0069887266325311965,
    "AWG": 1.5026496070255722,
    "AUD": 1.7769120302245687,
    "AZN": 1.5910407603800176,
    "BSD": 2.710150025037775,
    "BHD": 7.177308150205045,
    "BDT": 0.0230650309651881,
    "BBD": 1.34222267852663,
    "BYN": 0.8281030702262507,
    "BZD": 1.3444811142675275,
    "BMD": 2.70476929264603,
    "BTN": 0.03228201121832882,
    "BOB": null,
    "BAM": 1.5115273107741793,
    "BWP": 0.1991926517849879,
    "BRL": 0.4781363101918952,
    "BND": 2.041859264071867,
    "BGN": 1.5103355368300648,
    "BIF": null,
    "CVE": 0.026810234679794015,
    "KHR": 0.0006595756345375994,
    "XAF": null,
    "CAD": 1.9669976497025665,
    "KYD": 3.2518372556936863,
    "CLP": 0.002861947447090475,
    "CNY": 0.3766406212169392,
    "COP": null,
    "KMF": 0.00600059743508219,
    "CDF": 0.0009424283249637735,
    "CRC": 0.005125252126143448,
    "HRK": null,
    "CUP": 0.11292103381956765,
    "CZK": 0.11683668650738788,
    "DKK": 0.3955497650005817,
    "DJF": 0.015218768299826966,
    "DOP": 0.045564814251895285,
    "EGP": 0.05494148474473829,
    "ERN": null,
    "ETB": 0.03367113520364938,
    "EUR": 2.9521603286674574,
    "FJD": 1.2046896903801596,
    "GMD": 0.038917543779079564,
    "GEL": 1
  }
}