{
  "meta": {
    "code": "GEL",
    "createdAt": "2024-07-25T09:04:22Z"
  },
  "data": {
    "GHS": 0.17575770400000001,
    "GIP": null,
    "GTQ": 0.35129528250000003,
    "GNF": 0.00031614142,
    "GYD": 0.013046190919999999,
    "HTG": 0.02063928352,
    "HNL": 0.1100433752,
    "HKD": 0.3491507075,
    "HUF": 0.00750987655,
    "ISK": 0.0197678634,
    "INR": 0.0325558475,
    "IDR": 0.00016748504000000002,
    "IRR": 0.00006473837272,
    "IQD": 0.002080467195,
    "ILS": null,
    "JMD": 0.017408700649999997,
    "JPY": 0.01784626752,
    "JOD": 3.845658975,
    "KZT": 0.0057479624,
    "KES": 0.02048872155,
    "KWD": 8.911256850000001,
    "KGS": 0.03235293037,
    "LAK": 0.0001229173925,
    "LBP": 0.00003042081,
    "LSL": 0.1488175092,
    "LRD": 0.013970475769999999,
    "LYD": 0.56370876,
    "MOP": 0.33883631000000003,
    "MKD": 0.047948446,
    "MGA": 0.0005995618575,
    "MWK": 0.001571060055,
    "MYR": 0.5845133175,
    "MVR": 0.1775319515,
    "MRU": null,
    "MUR": 0.058253087999999995,
    "MXN": 0.1476990875,
    "MDL": 0.15326762500000002,
    "MNT": null,
    "MAD": 0.275808695,
    "MZN": 0.042649165749999995,
    "MMK": 0.0008390212325000001,
    "NAD": 0.148818899,
    "NPR": null,
    "ANG": 1.512569837,
    "TWD": 0.0832404115,
    "NZD": 1.6112516250000002,
    "NIO": 0.0740219,
    "NGN": 0.0017200567869999999,
    "KPW": null,
    "NOK": 0.24596395000000001,
    "OMR": 7.079934225000001,
    "PKR": 0.0097818126,
    "PAB": 2.725607675,
    "PGK": 0.7048727525,
    "PYG": 0.00035978066,
    "PEN": 0.725139395,
    "PHP": 0.046495366999999996,
    "PLN": 0.687812345,
    "QAR": 0.7467142282,
    "RON": 0.5947841150000001,
    "RUB": 0.03191847,
    "RWF": 0.002074347117,
    "SHP": 3.5172937500000003,
    "WST": null,
    "STN": null,
    "SAR": 0.7264177470000001,
    "RSD": 0.025247599149999998,
    "SCR": 0.2011041552,
    "SLL": 0.00014203211750000002,
    "SGD": 2.02878975,
    "SBD": 0.32155,
    "SOS": 0.004786361675,
    "ZAR": 0.14742795,
    "KRW": 0.001971594452,
    "SSP": null,
    "LKR": 0.008975160825,
    "SDG": 0.0046501705349999995,
    "SRD": 0.09347557416999999,
    "SZL": 0.1488479475,
    "SEK": 0.2511775835,
    "CHF": 3.0950822500000004,
    "SYP": null,
    "TJS": 0.255823654,
    "TZS": null,
    "THB": 0.0753345325,
    "TOP": 1.1464075,
    "TTD": null,
    "TND": 0.8770904907,
    "TRY": 0.08259752949999999,
    "TMT": 0.778793555,
    "UGX": 0.0007324933525,
    "UAH": 0.0660583055,
    "AED": 0.7419033225,
    "GBP": 3.511612125,
    "USD": 2.725,
    "UYU": 0.067798,
    "UZS": 0.000216476725,
    "VUV": null,
    "VES": 0.0746307195,
    "VND": 0.0001076650225,
    "XOF": 0.0045029426,
    "YER": 0.010884813569999999,
    "ZMW": null,
    "ZWL": null,
    "AFN": 0.038496968628387175,
    "ALL": 0.029379165359335425,
    "DZD": 0.02022333188008268,
    "AOA": 0.003112244885462568,
    "ARS": 0.0029361882865291803,
    "AMD": 0.007020510633836174,
    "AWG": 1.51166180151039,
    "AUD": 1.7808968487503802,
    "AZN": 1.602806116013222,
    "BSD": 2.7238660738996945,
    "BHD": 7.229839648352571,
    "BDT": 0.023183320196466305,
    "BBD": 1.3490745546868808,
    "BYN": null,
    "BZD": 1.3513581165422683,
    "BMD": 2.724770397222478,
    "BTN": 0.032541931246533616,
    "BOB": 0.39422430781476114,
    "BAM": 1.5101520684080354,
    "BWP": 0.20075360022718655,
    "BRL": 0.481833845662684,
    "BND": 2.0257205651019285,
    "BGN": 1.5109073957355497,
    "BIF": 0.000945574200476945,
    "CVE": 0.02678573048151489,
    "KHR": 0.0006632610066683327,
    "XAF": 0.004502583540111031,
    "CAD": 1.9703307524366185,
    "KYD": 3.2686239972721634,
    "CLP": 0.0028754133006218346,
    "CNY": 0.37698996878777147,
    "COP": 0.0006736477447116914,
    "KMF": 0.005998723976630332,
    "CDF": 0.0009510542398682297,
    "CRC": 0.0051383112298779,
    "HRK": null,
    "CUP": 0.11349686856890388,
    "CZK": 0.11636361450928014,
    "DKK": 0.395990407837233,
    "DJF": 0.015296707575989178,
    "DOP": 0.046011860708314326,
    "EGP": null,
    "ERN": null,
    "ETB": 0.047123395665145215,
    "EUR": 2.9551542205461305,
    "FJD": 1.205944100254954,
    "GMD": 0.04020317813013943,
    "GEL": 1
  }
}