{
  "meta": {
    "code": "GEL",
    "createdAt": "2024-08-14T15:33:14Z"
  },
  "data": {
    "GHS": 0.1720945072,
    "GIP": null,
    "GTQ": 0.34810263950000003,
    "GNF": 0.0003121018862,
    "GYD": 0.01291362072,
    "HTG": 0.020457340749999997,
    "HNL": 0.1085451136,
    "HKD": 0.34586013,
    "HUF": 0.007528183355,
    "ISK": 0.01953181603,
    "INR": 0.03210577755,
    "IDR": 0.00017295162500000001,
    "IRR": 0.00006402565669,
    "IQD": 0.002057251885,
    "ILS": 0.7244496875,
    "JMD": 0.01717747993,
    "JPY": 0.01836406418,
    "JOD": 3.80385775,
    "KZT": 0.00561501094,
    "KES": 0.02089147264,
    "KWD": 8.804395215000001,
    "KGS": 0.03144697941,
    "LAK": 0.0001215332564,
    "LBP": 0.00003009491677,
    "LSL": 0.14848484650000002,
    "LRD": 0.01380304887,
    "LYD": 0.560291039,
    "MOP": 0.33607997500000003,
    "MKD": 0.04830650055,
    "MGA": 0.0005858695535,
    "MWK": 0.001554658182,
    "MYR": 0.6055505995,
    "MVR": 0.17490302060000001,
    "MRU": 0.06779874024,
    "MUR": 0.058376071599999996,
    "MXN": 0.143123365,
    "MDL": 0.1540462,
    "MNT": null,
    "MAD": 0.274705662,
    "MZN": null,
    "MMK": 0.0008297843015000001,
    "NAD": 0.14848484650000002,
    "NPR": 0.0200683687,
    "ANG": 1.496405757,
    "TWD": 0.08356979399999999,
    "NZD": 1.621675825,
    "NIO": 0.07315417955999999,
    "NGN": 0.0016949685319999999,
    "KPW": null,
    "NOK": 0.2522452625,
    "OMR": 7.0006937,
    "PKR": 0.009669895812,
    "PAB": 2.69642296,
    "PGK": 0.6842272167,
    "PYG": 0.0003561790155,
    "PEN": 0.7195300997,
    "PHP": 0.0473130966,
    "PLN": 0.69258805,
    "QAR": 0.740232416,
    "RON": 0.5969917646,
    "RUB": 0.030281559,
    "RWF": 0.002043989358,
    "SHP": 3.46240125,
    "WST": null,
    "STN": null,
    "SAR": 0.7181018845,
    "RSD": 0.02538381826,
    "SCR": 0.19079904690000002,
    "SLL": null,
    "SGD": 2.049172625,
    "SBD": 0.3166625,
    "SOS": 0.004719789613,
    "ZAR": 0.1491753378,
    "KRW": 0.00198807994,
    "SSP": null,
    "LKR": 0.009008169554999999,
    "SDG": 0.004480465258,
    "SRD": 0.09387626902,
    "SZL": 0.14848484650000002,
    "SEK": 0.25799105640000003,
    "CHF": 3.1194786700000003,
    "SYP": null,
    "TJS": 0.25355974870000003,
    "TZS": 0.000998457075,
    "THB": 0.0769858012,
    "TOP": 1.1370205,
    "TTD": 0.3968034455,
    "TND": 0.874154512,
    "TRY": 0.08026542754999999,
    "TMT": 0.7714168,
    "UGX": 0.0007235592595,
    "UAH": 0.0653338609,
    "AED": 0.733732615,
    "GBP": 3.4609594250000004,
    "USD": 2.695,
    "UYU": 0.0667821,
    "UZS": 0.0002131277174,
    "VUV": null,
    "VES": 0.0736192611,
    "VND": null,
    "XOF": 0.004487926635,
    "YER": 0.010763910849999999,
    "ZMW": 0.1027669258,
    "ZWL": null,
    "AFN": 0.03795448493611922,
    "ALL": 0.02962260559638423,
    "DZD": 0.020042784650939685,
    "AOA": 0.0030689641621878755,
    "ARS": 0.002864476336414467,
    "AMD": 0.006937769505591519,
    "AWG": 1.497093572480258,
    "AUD": 1.7820067522498992,
    "AZN": 1.5851579002732148,
    "BSD": 2.6949029064022816,
    "BHD": 7.1502464373548555,
    "BDT": 0.02293070613481462,
    "BBD": 1.3346760968555085,
    "BYN": 0.8235724019534152,
    "BZD": 1.3369108556238607,
    "BMD": 2.694768430464465,
    "BTN": 0.032102440613825924,
    "BOB": 0.38999659330955805,
    "BAM": 1.5186696498455494,
    "BWP": 0.20075798655176172,
    "BRL": 0.494879700210825,
    "BND": 2.0492722599861533,
    "BGN": 1.5203592930595897,
    "BIF": 0.0009363337147217184,
    "CVE": 0.026654484969974922,
    "KHR": 0.0006568600685800142,
    "XAF": 0.004528062168105609,
    "CAD": 1.9672427256916052,
    "KYD": 3.233766096683949,
    "CLP": 0.002892810218623913,
    "CNY": 0.37750843064662604,
    "COP": 0.0006690339590324241,
    "KMF": 0.006002379843968629,
    "CDF": 0.000938943703994587,
    "CRC": 0.005122825166113664,
    "HRK": null,
    "CUP": 0.11228271971045588,
    "CZK": 0.11811906858312646,
    "DKK": 0.39810612714331706,
    "DJF": 0.015133307709536007,
    "DOP": 0.045100726869698154,
    "EGP": 0.054879690760757424,
    "ERN": null,
    "ETB": 0.024485740991710334,
    "EUR": 2.9704237556270203,
    "FJD": 1.203989112109741,
    "GMD": 0.03905461493426761,
    "GEL": 1
  }
}