{
  "meta": {
    "code": "GEL",
    "createdAt": "2024-08-09T13:32:58Z"
  },
  "data": {
    "GHS": 0.173045411,
    "GIP": null,
    "GTQ": 0.347756332,
    "GNF": 0.000312486328,
    "GYD": 0.01289876049,
    "HTG": 0.020431080669999997,
    "HNL": 0.10880531580000001,
    "HKD": 0.3456442605,
    "HUF": 0.00744495906,
    "ISK": 0.019476765,
    "INR": 0.0320942699,
    "IDR": 0.0001689541315,
    "IRR": 0.00006400664886,
    "IQD": 0.002057052266,
    "ILS": 0.7225319255,
    "JMD": 0.01714444193,
    "JPY": 0.018375048999999997,
    "JOD": 3.8011762250000003,
    "KZT": 0.00563024847,
    "KES": 0.020851063809999997,
    "KWD": 8.803398065,
    "KGS": 0.03155737469,
    "LAK": 0.000121601634,
    "LBP": 0.000030078895,
    "LSL": 0.1471263024,
    "LRD": 0.013778597399999998,
    "LYD": 0.5605942265,
    "MOP": 0.33561670450000003,
    "MKD": 0.04782226295,
    "MGA": 0.0005902322195,
    "MWK": 0.001553365147,
    "MYR": 0.6093839675,
    "MVR": 0.1750166148,
    "MRU": 0.06802786105,
    "MUR": 0.05804628445,
    "MXN": 0.1428528409,
    "MDL": 0.1530866183,
    "MNT": null,
    "MAD": 0.2748379865,
    "MZN": 0.04217963365,
    "MMK": 0.0008297843015000001,
    "NAD": 0.1471229336,
    "NPR": 0.020064479819999998,
    "ANG": 1.4955250310000001,
    "TWD": 0.08322243544999999,
    "NZD": 1.6206786750000002,
    "NIO": 0.0731870909,
    "NGN": 0.001688628222,
    "KPW": null,
    "NOK": 0.249036865,
    "OMR": 6.99995527,
    "PKR": 0.009671904935,
    "PAB": 2.69567375,
    "PGK": 0.6843855480000001,
    "PYG": 0.0003560194715,
    "PEN": 0.7231183575,
    "PHP": 0.04702578265,
    "PLN": 0.680420125,
    "QAR": 0.7389939018,
    "RON": 0.5913199754,
    "RUB": 0.03040016595,
    "RWF": 0.002045700118,
    "SHP": 3.43625975,
    "WST": null,
    "STN": null,
    "SAR": 0.7180032205,
    "RSD": 0.02515400402,
    "SCR": 0.2025984845,
    "SLL": 0.00014203211750000002,
    "SGD": 2.036355475,
    "SBD": 0.31801,
    "SOS": 0.0047326895,
    "ZAR": 0.14711382450000002,
    "KRW": 0.001974612216,
    "SSP": null,
    "LKR": 0.008983262365,
    "SDG": 0.004480465258,
    "SRD": 0.09329940427,
    "SZL": 0.1471752975,
    "SEK": 0.2562337547,
    "CHF": 3.118538115,
    "SYP": null,
    "TJS": 0.2555763633,
    "TZS": 0.0009979442165,
    "THB": 0.07647889865,
    "TOP": 1.1359425,
    "TTD": 0.3965495765,
    "TND": 0.8720796584,
    "TRY": 0.08035684195,
    "TMT": 0.7692109425,
    "UGX": 0.0007233552480000001,
    "UAH": 0.06549636939999999,
    "AED": 0.733732615,
    "GBP": 3.4324598,
    "USD": 2.695,
    "UYU": 0.06686294999999999,
    "UZS": 0.00021295755250000002,
    "VUV": null,
    "VES": 0.07356145335,
    "VND": 0.0001073491265,
    "XOF": 0.00448438837,
    "YER": 0.01076497268,
    "ZMW": 0.1031344699,
    "ZWL": null,
    "AFN": 0.03804025232342824,
    "ALL": 0.029398697849355896,
    "DZD": 0.02002220412381821,
    "AOA": 0.0030604979335201194,
    "ARS": 0.002875933551253901,
    "AMD": 0.006941343649828515,
    "AWG": 1.497093572480258,
    "AUD": 1.7731714402605698,
    "AZN": 1.5851579002732148,
    "BSD": 2.694027573498834,
    "BHD": 7.14764817058218,
    "BDT": 0.02292296228442562,
    "BBD": 1.3339407603329925,
    "BYN": 0.8230057137673711,
    "BZD": 1.3361829933437799,
    "BMD": 2.694768430464465,
    "BTN": 0.03209602085935288,
    "BOB": 0.38978792722879707,
    "BAM": 1.5038718573552952,
    "BWP": 0.19895430603561037,
    "BRL": 0.4888114115632327,
    "BND": 2.034225045069756,
    "BGN": 1.5049275565324407,
    "BIF": 0.0009343549469412856,
    "CVE": 0.02667641187292708,
    "KHR": 0.0006569303652269073,
    "XAF": 0.00448396139895917,
    "CAD": 1.9624862945869175,
    "KYD": 3.232952157120324,
    "CLP": 0.002886612711887707,
    "CNY": 0.37592852286940076,
    "COP": 0.000658572920070686,
    "KMF": 0.00597178599727223,
    "CDF": 0.0009405823492022564,
    "CRC": 0.005086799068985955,
    "HRK": null,
    "CUP": 0.11222160530576791,
    "CZK": 0.11661120908100779,
    "DKK": 0.3944315863625867,
    "DJF": 0.01512489879232582,
    "DOP": 0.045084571887412314,
    "EGP": 0.05471211100784,
    "ERN": null,
    "ETB": 0.033546636456677076,
    "EUR": 2.943220379593007,
    "FJD": 1.2013054701869847,
    "GMD": 0.03877364648150309,
    "GEL": 1
  }
}