{
  "meta": {
    "code": "GTQ",
    "createdAt": "2024-08-27T17:04:12Z"
  },
  "data": {
    "GNF": 0.0008972754431000001,
    "GYD": 0.037048394369999994,
    "HTG": 0.05874073428,
    "HNL": 0.3119165675,
    "HKD": 0.9925761411,
    "HUF": 0.02200021793,
    "ISK": 0.05655312519,
    "INR": 0.09226311791,
    "IDR": 0.0004999410969,
    "IRR": 0.000183984911,
    "IQD": 0.005911744208,
    "ILS": 2.1035949830000003,
    "JMD": 0.049401656499999995,
    "JPY": 0.05373751307,
    "JOD": 10.92913167,
    "KZT": 0.01612250076,
    "KES": 0.060033991589999995,
    "KWD": 25.36925773,
    "KGS": 0.09096433034,
    "LAK": 0.00035062297280000004,
    "LBP": 0.00008644127649,
    "LSL": 0.43630337890000004,
    "LRD": 0.03970536896,
    "LYD": 1.62697161,
    "MOP": 0.9643455345,
    "MKD": 0.14040236990000002,
    "MGA": 0.001693687241,
    "MWK": null,
    "MYR": 1.7807283980000002,
    "MVR": 0.5045415714,
    "MRU": 0.19492536500000002,
    "MUR": 0.1678878118,
    "MXN": 0.3934263745,
    "MDL": 0.4454663184,
    "MNT": null,
    "MAD": 0.8033176988,
    "MZN": 0.1212563915,
    "MMK": 0.0023844783289999998,
    "NAD": 0.43630337890000004,
    "NPR": 0.057686057459999995,
    "ANG": 4.300010913,
    "TWD": 0.2426603911,
    "NZD": 4.829553373,
    "NIO": 0.21044524420000002,
    "NGN": 0.004870835514,
    "KPW": null,
    "NOK": 0.7387291407000001,
    "OMR": 20.11874282,
    "PKR": 0.027797504999999997,
    "PAB": 7.756508672000001,
    "PGK": 1.9600827010000001,
    "PYG": 0.001016812194,
    "PEN": 2.0693078810000003,
    "PHP": 0.1375325332,
    "PLN": 2.01751142,
    "QAR": 2.1271409340000003,
    "RON": 1.7371127960000001,
    "RUB": 0.08464457917,
    "RWF": 0.005801037449,
    "SHP": 10.24814467,
    "WST": null,
    "STN": null,
    "SAR": 2.063869309,
    "RSD": 0.07389045743,
    "SCR": 0.5789696804000001,
    "SLL": 0.00039433166970000003,
    "SGD": 5.945647808,
    "SBD": 0.921581815,
    "SOS": 0.01356284522,
    "ZAR": 0.4363710029,
    "KRW": 0.005820351404,
    "SSP": null,
    "LKR": 0.02578856197,
    "SDG": 0.01287511982,
    "SRD": 0.2686224351,
    "SZL": 0.4365493174,
    "SEK": 0.7616372639,
    "CHF": 9.186157155,
    "SYP": null,
    "TJS": 0.7266167677,
    "TZS": 0.00285244379,
    "THB": 0.2281124864,
    "TOP": 3.306077956,
    "TTD": 1.1407463610000002,
    "TND": 2.54686724,
    "TRY": 0.2277338635,
    "TMT": 2.216752762,
    "UGX": 0.002084515839,
    "UAH": 0.1872906715,
    "AED": 2.1084630260000004,
    "GBP": 10.25008076,
    "USD": 7.744384999999999,
    "UYU": 0.1924092453,
    "UZS": 0.0006112379616,
    "VUV": null,
    "VES": 0.21207711780000002,
    "VND": 0.000311896587,
    "XOF": 0.01287511982,
    "YER": 0.03099975864,
    "ZMW": 0.2947633743,
    "ZWL": null,
    "AFN": 0.10901751572433215,
    "ALL": 0.08634809929091607,
    "DZD": 0.05779406561472158,
    "AOA": 0.008529194071326155,
    "ARS": 0.008158322568079976,
    "AMD": 0.01995834051277253,
    "AWG": 4.300135342459768,
    "AUD": 5.245563686078437,
    "AZN": 4.5555206516624915,
    "BSD": null,
    "BHD": 20.541360924077953,
    "BDT": 0.06481801479618195,
    "BBD": 3.8342466800967108,
    "BYN": 2.3656861654057493,
    "BZD": 3.840151348413598,
    "BMD": 7.740243616427583,
    "BTN": 0.09222236786081024,
    "BOB": 1.120193665371877,
    "BAM": 4.424391542621066,
    "BWP": null,
    "BRL": 1.4063198125940581,
    "BND": 5.936880534753352,
    "BGN": 4.418905708845133,
    "BIF": 0.0026810681040622046,
    "CVE": 0.07802664935914903,
    "KHR": 0.0018994462862398978,
    "XAF": 0.013176739831009586,
    "CAD": 5.749612708100347,
    "KYD": 9.288958174360943,
    "CLP": 0.008535684014276745,
    "CNY": 1.086380476167157,
    "COP": 0.0019122241672595189,
    "KMF": 0.017541628594008988,
    "CDF": 0.0027206480198339487,
    "CRC": 0.014705044293004357,
    "HRK": null,
    "CUP": null,
    "CZK": 0.34559287481493395,
    "DKK": 1.1586809442094907,
    "DJF": 0.04355302509072964,
    "DOP": 0.1297609994371766,
    "EGP": 0.15893756695711886,
    "ERN": null,
    "ETB": 0.06948154054243791,
    "EUR": 8.64377769956369,
    "FJD": 3.512465055130582,
    "GMD": 0.10901751572433215,
    "GEL": 2.872075553405411,
    "GHS": 0.49458425664074007,
    "GIP": null,
    "GTQ": 1
  }
}