{
  "meta": {
    "code": "GTQ",
    "createdAt": "2024-08-23T12:06:01Z"
  },
  "data": {
    "GNF": 0.0009001391828000001,
    "GYD": 0.03708862759,
    "HTG": 0.058756300289999994,
    "HNL": 0.31264211540000003,
    "HKD": 0.9933487838,
    "HUF": 0.02188313846,
    "ISK": 0.056561521069999995,
    "INR": 0.09233623045,
    "IDR": 0.0004988837410000001,
    "IRR": 0.000183984464,
    "IQD": null,
    "ILS": 2.092879569,
    "JMD": 0.049454003049999994,
    "JPY": null,
    "JOD": 10.93094855,
    "KZT": 0.0160221504,
    "KES": 0.06003809463,
    "KWD": 25.35029827,
    "KGS": 0.09077446385,
    "LAK": 0.00035068149910000003,
    "LBP": 0.00008666045188,
    "LSL": 0.43151811370000004,
    "LRD": 0.03971313218,
    "LYD": 1.620488651,
    "MOP": 0.9643661823,
    "MKD": 0.13982654660000002,
    "MGA": 0.001695607296,
    "MWK": 0.004466003302,
    "MYR": 1.7706670670000002,
    "MVR": 0.5040334147000001,
    "MRU": 0.1946710052,
    "MUR": 0.16786444220000002,
    "MXN": 0.3995773704,
    "MDL": 0.44451833620000003,
    "MNT": null,
    "MAD": 0.8037359641,
    "MZN": 0.1212343158,
    "MMK": 0.002385180644,
    "NAD": 0.4315298112,
    "NPR": null,
    "ANG": 4.299582451,
    "TWD": 0.24245840600000002,
    "NZD": null,
    "NIO": 0.21041687850000002,
    "NGN": 0.004916977787,
    "KPW": null,
    "NOK": 0.7300690438,
    "OMR": 20.12393258,
    "PKR": 0.027857025849999998,
    "PAB": 7.747758279,
    "PGK": 1.961260615,
    "PYG": 0.001021796647,
    "PEN": 2.068198691,
    "PHP": 0.1372646467,
    "PLN": 2.013981325,
    "QAR": 2.1236752,
    "RON": 1.7310622370000002,
    "RUB": 0.08470894056999999,
    "RWF": 0.005850419279,
    "SHP": 10.13651246,
    "WST": null,
    "STN": null,
    "SAR": 2.064526771,
    "RSD": 0.07359553479,
    "SCR": 0.56790669,
    "SLL": 0.00039433166970000003,
    "SGD": 5.920422801,
    "SBD": 0.9203039208,
    "SOS": 0.01360409833,
    "ZAR": 0.43143213350000004,
    "KRW": 0.005794761807,
    "SSP": null,
    "LKR": 0.025829599989999997,
    "SDG": 0.012878912009999998,
    "SRD": 0.2689067555,
    "SZL": 0.4316508141,
    "SEK": 0.7538435617,
    "CHF": 9.091161857000001,
    "SYP": null,
    "TJS": 0.7286948627000001,
    "TZS": 0.002853283937,
    "THB": 0.22622302090000002,
    "TOP": 3.293107716,
    "TTD": 1.1411520720000001,
    "TND": 2.537917551,
    "TRY": 0.2278044563,
    "TMT": 2.2110650290000002,
    "UGX": 0.002084749443,
    "UAH": 0.1876552371,
    "AED": 2.1091816530000003,
    "GBP": 10.16273492,
    "USD": null,
    "UYU": 0.19194255200000002,
    "UZS": 0.0006120961035,
    "VUV": null,
    "VES": 0.2112735823,
    "VND": 0.0003101455199,
    "XOF": 0.0131272678,
    "YER": 0.03094346859,
    "ZMW": 0.29495392060000003,
    "ZWL": null,
    "AFN": 0.10927215291820531,
    "ALL": 0.08582244727869777,
    "DZD": 0.057713540170773785,
    "AOA": 0.008597984401858263,
    "ARS": 0.008190938857763813,
    "AMD": 0.01994981925007906,
    "AWG": 4.29541467528862,
    "AUD": 5.212239684370699,
    "AZN": 4.554402912085222,
    "BSD": 7.7395980833061815,
    "BHD": 20.544108697307905,
    "BDT": 0.06476357133460503,
    "BBD": 3.833256818205086,
    "BYN": 2.365399552805461,
    "BZD": 3.8397907502037296,
    "BMD": 7.742484950544877,
    "BTN": 0.09226687071866495,
    "BOB": 1.120211792618529,
    "BAM": 4.4004268030281715,
    "BWP": 0.579313109581423,
    "BRL": 1.3905971830632258,
    "BND": 5.915938836057291,
    "BGN": 4.4013898881523295,
    "BIF": 0.0026796038749201784,
    "CVE": 0.07805083280589832,
    "KHR": 0.0018948205407564448,
    "XAF": 0.013120182889345681,
    "CAD": 5.699751140429577,
    "KYD": 9.3053424166875,
    "CLP": 0.008431691409632337,
    "CNY": 1.0848678610224298,
    "COP": 0.0019034201277176633,
    "KMF": 0.017471476816475776,
    "CDF": 0.0026930382436677835,
    "CRC": 0.014711978986215433,
    "HRK": null,
    "CUP": 0.32249819028044285,
    "CZK": 0.3433185208877927,
    "DKK": 1.1539413602219024,
    "DJF": 0.043471072681991185,
    "DOP": 0.12953455390333263,
    "EGP": 0.15874628533692312,
    "ERN": null,
    "ETB": 0.07084446172602203,
    "EUR": 8.60964877518112,
    "FJD": 3.4956363501278265,
    "GMD": null,
    "GEL": 2.867587018720325,
    "GHS": 0.4946389751702492,
    "GIP": null,
    "GTQ": 1
  }
}