{
  "meta": {
    "code": "GTQ",
    "createdAt": "2024-08-23T17:35:29Z"
  },
  "data": {
    "GNF": 0.0008975397230000001,
    "GYD": 0.03708862759,
    "HTG": 0.058756300289999994,
    "HNL": 0.311314027,
    "HKD": 0.9937229478,
    "HUF": 0.02204336275,
    "ISK": 0.05686461093,
    "INR": 0.09242911296999999,
    "IDR": 0.0005017368381,
    "IRR": 0.0001840391012,
    "IQD": 0.005913485429,
    "ILS": 2.099284977,
    "JMD": 0.049454003049999994,
    "JPY": 0.05359221005,
    "JOD": null,
    "KZT": 0.0160221504,
    "KES": 0.06005167375999999,
    "KWD": 25.3722833,
    "KGS": 0.09077446385,
    "LAK": 0.0003507659455,
    "LBP": 0.00008650659315,
    "LSL": 0.4296542427,
    "LRD": 0.039727537109999995,
    "LYD": 1.6257430590000002,
    "MOP": 0.9643661823,
    "MKD": 0.1407215189,
    "MGA": 0.0016886465299999999,
    "MWK": 0.004463650794,
    "MYR": 1.769251751,
    "MVR": 0.5046901771,
    "MRU": 0.194737704,
    "MUR": 0.16786444220000002,
    "MXN": null,
    "MDL": 0.4472537615,
    "MNT": null,
    "MAD": 0.8003167407,
    "MZN": 0.1212343158,
    "MMK": 0.002385180644,
    "NAD": 0.4296542427,
    "NPR": 0.05770444248,
    "ANG": 4.299582451,
    "TWD": 0.2435139667,
    "NZD": 4.822764384,
    "NIO": 0.2104500342,
    "NGN": 0.004917737425,
    "KPW": null,
    "NOK": 0.7403256296,
    "OMR": 20.12407977,
    "PKR": 0.027808187569999997,
    "PAB": 7.747758279,
    "PGK": 1.9636668840000002,
    "PYG": 0.001021796647,
    "PEN": 2.0696408880000003,
    "PHP": null,
    "PLN": 2.032917275,
    "QAR": 2.1276210420000004,
    "RON": 1.742431244,
    "RUB": null,
    "RWF": 0.005820184816,
    "SHP": 10.13651246,
    "WST": null,
    "STN": null,
    "SAR": 2.0645960260000003,
    "RSD": 0.07408965356,
    "SCR": 0.5802513121,
    "SLL": 0.00039433166970000003,
    "SGD": 5.952564493000001,
    "SBD": 0.9203039208,
    "SOS": 0.01356683997,
    "ZAR": 0.4374473344,
    "KRW": 0.005845019852,
    "SSP": null,
    "LKR": 0.025829599989999997,
    "SDG": 0.012878912009999998,
    "SRD": 0.2692712981,
    "SZL": 0.4296542427,
    "SEK": 0.7612085495,
    "CHF": 9.135286867000001,
    "SYP": null,
    "TJS": 0.7286948627000001,
    "TZS": 0.002853283937,
    "THB": 0.22813218670000002,
    "TOP": 3.293107716,
    "TTD": 1.1411520720000001,
    "TND": 2.5367720520000003,
    "TRY": 0.22800335970000002,
    "TMT": 2.2110650290000002,
    "UGX": 0.002084749443,
    "UAH": 0.1876552371,
    "AED": 2.1090840450000004,
    "GBP": 10.236410000000001,
    "USD": null,
    "UYU": 0.1919236501,
    "UZS": 0.0006093978873,
    "VUV": null,
    "VES": 0.2113634436,
    "VND": 0.0003101455199,
    "XOF": 0.01290035943,
    "YER": 0.03094346859,
    "ZMW": 0.29495392060000003,
    "ZWL": null,
    "AFN": 0.10904908381049122,
    "ALL": 0.08582244727869777,
    "DZD": 0.05783887221759873,
    "AOA": 0.008597984401858263,
    "ARS": 0.008193178601195414,
    "AMD": 0.019952801130153793,
    "AWG": 4.29541467528862,
    "AUD": 5.2604764388576015,
    "AZN": 4.554402912085222,
    "BSD": 7.7395980833061815,
    "BHD": 20.545602439686412,
    "BDT": 0.06476357133460503,
    "BBD": 3.833256818205086,
    "BYN": 2.365399552805461,
    "BZD": null,
    "BMD": 7.742484950544877,
    "BTN": 0.09226687071866495,
    "BOB": 1.120211792618529,
    "BAM": 4.4004268030281715,
    "BWP": null,
    "BRL": 1.4065225990679557,
    "BND": 5.915938836057291,
    "BGN": 4.4274674229348925,
    "BIF": 0.002690231046054509,
    "CVE": 0.07816744021777818,
    "KHR": 0.001893028105267696,
    "XAF": 0.013120182889345681,
    "CAD": 5.734282040478663,
    "KYD": 9.3053424166875,
    "CLP": 0.008521334966481265,
    "CNY": 1.0867560707631347,
    "COP": 0.0019219609006280104,
    "KMF": 0.017554664893378213,
    "CDF": 0.002745562039200311,
    "CRC": 0.014711978986215433,
    "HRK": null,
    "CUP": null,
    "CZK": 0.3461504221270648,
    "DKK": 1.1618113263911767,
    "DJF": 0.043565636678735524,
    "DOP": 0.1296898651682559,
    "EGP": 0.15873567534919217,
    "ERN": null,
    "ETB": 0.07054655993873263,
    "EUR": 8.66806044860224,
    "FJD": 3.5134821557802316,
    "GMD": 0.1106069278649268,
    "GEL": 2.867587018720325,
    "GHS": null,
    "GIP": null,
    "GTQ": 1
  }
}