{
  "meta": {
    "code": "GTQ",
    "createdAt": "2024-08-01T14:33:52Z"
  },
  "data": {
    "GNF": 0.0008991889315000001,
    "GYD": 0.037116198079999996,
    "HTG": 0.05863815284,
    "HNL": 0.31318163660000004,
    "HKD": 0.9907642710000001,
    "HUF": 0.02112645032,
    "ISK": 0.05579548903,
    "INR": 0.09247549784999999,
    "IDR": 0.0004765109439,
    "IRR": 0.0001839044735,
    "IQD": 0.005923250517,
    "ILS": 2.043559328,
    "JMD": 0.04952323801,
    "JPY": 0.05159979695,
    "JOD": 10.92773704,
    "KZT": 0.016330034729999998,
    "KES": 0.059614272989999995,
    "KWD": 25.34023695,
    "KGS": 0.09214920302,
    "LAK": 0.0003491499527,
    "LBP": 0.00008614419025,
    "LSL": 0.4251206884,
    "LRD": null,
    "LYD": 1.6030601400000002,
    "MOP": 0.9632569792000001,
    "MKD": 0.1356968063,
    "MGA": 0.001700700804,
    "MWK": null,
    "MYR": 1.6947469830000002,
    "MVR": 0.5041423608,
    "MRU": null,
    "MUR": 0.1660633883,
    "MXN": 0.4183200595,
    "MDL": 0.4381158008,
    "MNT": null,
    "MAD": 0.7798879393,
    "MZN": 0.1212374362,
    "MMK": 0.002384143644,
    "NAD": null,
    "NPR": 0.0578713805,
    "ANG": 4.300267336,
    "TWD": 0.2364365712,
    "NZD": 4.6233683690000005,
    "NIO": 0.2104467335,
    "NGN": 0.0046616324959999995,
    "KPW": null,
    "NOK": 0.7102811105,
    "OMR": 20.11776961,
    "PKR": 0.027816566879999997,
    "PAB": 7.754610958000001,
    "PGK": 1.9727817120000002,
    "PYG": null,
    "PEN": 2.07436991,
    "PHP": 0.13292075650000001,
    "PLN": 1.9488719570000002,
    "QAR": 2.122416765,
    "RON": 1.6809522970000002,
    "RUB": 0.09061455104999999,
    "RWF": 0.0059028422809999995,
    "SHP": 9.93039252,
    "WST": null,
    "STN": null,
    "SAR": 2.0633607990000002,
    "RSD": 0.07146626169999999,
    "SCR": 0.5711902618,
    "SLL": 0.00039433166970000003,
    "SGD": 5.795795057,
    "SBD": 0.917580813,
    "SOS": 0.013638288489999999,
    "ZAR": 0.4268749325,
    "KRW": 0.005670273874,
    "SSP": null,
    "LKR": 0.02560585607,
    "SDG": 0.012873312679999999,
    "SRD": 0.26862200750000004,
    "SZL": 0.4253285959,
    "SEK": 0.7237853448,
    "CHF": 8.86232071,
    "SYP": null,
    "TJS": 0.7312381917,
    "TZS": 0.002871262906,
    "THB": 0.2181026329,
    "TOP": 3.2545081490000003,
    "TTD": 1.144955015,
    "TND": 2.483531274,
    "TRY": 0.23410127,
    "TMT": 2.2164416190000003,
    "UGX": 0.002075253421,
    "UAH": 0.1882760453,
    "AED": 2.108167083,
    "GBP": 9.918971155000001,
    "USD": 7.743297999999999,
    "UYU": 0.1921886563,
    "UZS": null,
    "VUV": null,
    "VES": 0.2116036597,
    "VND": 0.00030696911120000004,
    "XOF": 0.01274180592,
    "YER": 0.030930038599999998,
    "ZMW": 0.29951990370000003,
    "ZWL": null,
    "AFN": 0.10909354507658488,
    "ALL": 0.08343790731413876,
    "DZD": 0.0574487666054001,
    "AOA": 0.008833767178926548,
    "ARS": 0.008299820029524419,
    "AMD": 0.019954273525098005,
    "AWG": 4.299369944532108,
    "AUD": 5.061257979375615,
    "AZN": 4.552274058916351,
    "BSD": 7.745288294249543,
    "BHD": 20.530136902099407,
    "BDT": 0.06591929497025312,
    "BBD": 3.838381996580824,
    "BYN": 2.3668413517082083,
    "BZD": 3.840672078531064,
    "BMD": 7.738865900157796,
    "BTN": 0.09248962509191734,
    "BOB": 1.1215782001596242,
    "BAM": 4.2710363646547105,
    "BWP": 0.5716343532627819,
    "BRL": 1.370147286039104,
    "BND": 5.782989469830231,
    "BGN": 4.273066844764446,
    "BIF": 0.002688082512520618,
    "CVE": 0.07575655970141443,
    "KHR": 0.0018851938468633196,
    "XAF": 0.012734513780422764,
    "CAD": 5.597247186069056,
    "KYD": 9.289425170872056,
    "CLP": 0.0082526776111669,
    "CNY": 1.0683728947606874,
    "COP": 0.0019126114680602486,
    "KMF": 0.016981438150514946,
    "CDF": 0.0027011748342610107,
    "CRC": 0.014759755312233275,
    "HRK": null,
    "CUP": 0.3225574426679821,
    "CZK": 0.3297821542326155,
    "DKK": 1.1204510694705345,
    "DJF": 0.04349766828095822,
    "DOP": 0.1303979590981457,
    "EGP": 0.15895758456929407,
    "ERN": null,
    "ETB": 0.133692950399817,
    "EUR": 8.360285961708616,
    "FJD": 3.4336968234489547,
    "GMD": 0.11135058849147907,
    "GEL": 2.850411012949464,
    "GHS": 0.4981045376486066,
    "GIP": null,
    "GTQ": 1
  }
}