{
  "meta": {
    "code": "GTQ",
    "createdAt": "2024-08-14T16:37:08Z"
  },
  "data": {
    "GNF": 0.0008970723092,
    "GYD": 0.03711753138,
    "HTG": 0.05880039408,
    "HNL": 0.31199047490000004,
    "HKD": 0.9940724126,
    "HUF": 0.02163671846,
    "ISK": 0.056115763379999996,
    "INR": 0.09226274761999999,
    "IDR": 0.000497253875,
    "IRR": 0.0001840285055,
    "IQD": 0.0059131449709999995,
    "ILS": 2.082280763,
    "JMD": 0.049373112659999996,
    "JPY": null,
    "JOD": 10.93340221,
    "KZT": 0.016139187399999998,
    "KES": 0.06004821639,
    "KWD": 25.30617259,
    "KGS": 0.09038783703999999,
    "LAK": 0.0003493222047,
    "LBP": 0.00008650161269,
    "LSL": 0.426788975,
    "LRD": 0.03967400862,
    "LYD": 1.610440687,
    "MOP": 0.9659923651000001,
    "MKD": 0.1387941362,
    "MGA": 0.0016839608349999999,
    "MWK": 0.00446854334,
    "MYR": 1.7405299310000002,
    "MVR": 0.5027225514,
    "MRU": 0.1948734536,
    "MUR": 0.1677899418,
    "MXN": 0.4107156614,
    "MDL": 0.4431612462,
    "MNT": null,
    "MAD": 0.7895845985000001,
    "MZN": 0.12121765320000001,
    "MMK": 0.002385043321,
    "NAD": 0.426788975,
    "NPR": 0.057313488739999995,
    "ANG": 4.301108795,
    "TWD": 0.2401333002,
    "NZD": 4.656691432000001,
    "NIO": 0.2102665561,
    "NGN": 0.004871836419,
    "KPW": null,
    "NOK": 0.7238029236,
    "OMR": 20.12276624,
    "PKR": 0.02779411515,
    "PAB": 7.750310004,
    "PGK": 1.9666695920000001,
    "PYG": 0.001023762899,
    "PEN": 2.0681404260000003,
    "PHP": 0.1360263343,
    "PLN": 1.9893523830000002,
    "QAR": 2.127644951,
    "RON": 1.715323731,
    "RUB": 0.08654595979999999,
    "RWF": 0.005875024583,
    "SHP": 9.951956145,
    "WST": null,
    "STN": null,
    "SAR": 2.063939264,
    "RSD": 0.07294016591,
    "SCR": 0.5480559097000001,
    "SLL": 0.00039433166970000003,
    "SGD": 5.887437823,
    "SBD": 0.91018085,
    "SOS": 0.013566058879999999,
    "ZAR": 0.42842478300000003,
    "KRW": 0.005706158459,
    "SSP": null,
    "LKR": 0.025892119909999997,
    "SDG": 0.01287817053,
    "SRD": 0.2698279156,
    "SZL": 0.426788975,
    "SEK": 0.7410477135,
    "CHF": 8.962097676,
    "SYP": null,
    "TJS": 0.7288050452,
    "TZS": 0.002869858316,
    "THB": 0.22100484650000002,
    "TOP": 3.268130218,
    "TTD": 1.1405294190000002,
    "TND": 2.5125763130000003,
    "TRY": 0.2305503585,
    "TMT": 2.217278012,
    "UGX": 0.002066421346,
    "UAH": 0.1877886678,
    "AED": 2.108962618,
    "GBP": 9.946285911,
    "USD": 7.746219999999999,
    "UYU": 0.1916802139,
    "UZS": 0.0006125915353,
    "VUV": null,
    "VES": 0.2116032593,
    "VND": 0.0003094157863,
    "XOF": 0.01289961672,
    "YER": 0.030938635059999997,
    "ZMW": 0.2953822693,
    "ZWL": null,
    "AFN": 0.10904182322028395,
    "ALL": 0.08510464387437952,
    "DZD": 0.057625377379016234,
    "AOA": 0.008817019870825104,
    "ARS": 0.008229347625906287,
    "AMD": 0.01993195368144994,
    "AWG": 4.301094138133423,
    "AUD": 5.112893862217565,
    "AZN": 4.554099675670684,
    "BSD": 7.742355792890143,
    "BHD": 20.53926923527057,
    "BDT": 0.06587906565950523,
    "BBD": 3.8344747733930853,
    "BYN": 2.3660928721014263,
    "BZD": 3.8408951525100856,
    "BMD": 7.741969448640162,
    "BTN": 0.09222911763997346,
    "BOB": 1.1204457037457891,
    "BAM": 4.363081405701389,
    "BWP": 0.5767702267125437,
    "BRL": 1.4134645626437206,
    "BND": 5.887482964825619,
    "BGN": 4.370771521949853,
    "BIF": 0.0026900519279500217,
    "CVE": 0.07657734370563958,
    "KHR": 0.0018871345397612842,
    "XAF": 0.012973075398839358,
    "CAD": 5.645982964338337,
    "KYD": 9.290489696295536,
    "CLP": 0.008292065045422618,
    "CNY": 1.0845069059111458,
    "COP": 0.0019275172597032065,
    "KMF": 0.01724461398665263,
    "CDF": 0.0026966107449112376,
    "CRC": 0.014717686119015336,
    "HRK": null,
    "CUP": 0.3225840765193301,
    "CZK": 0.33932640465394415,
    "DKK": 1.1433116960173344,
    "DJF": 0.043477430053683354,
    "DOP": 0.12957271043749224,
    "EGP": 0.1577170951139404,
    "ERN": null,
    "ETB": 0.0703466229814513,
    "EUR": 8.53100180644475,
    "FJD": 3.456622145617699,
    "GMD": 0.11220245577739364,
    "GEL": 2.872715936415644,
    "GHS": 0.4943786365670601,
    "GIP": null,
    "GTQ": 1
  }
}