{
  "meta": {
    "code": "GTQ",
    "createdAt": "2024-08-23T16:36:34Z"
  },
  "data": {
    "GNF": 0.0008976437607,
    "GYD": 0.03708862759,
    "HTG": 0.058756300289999994,
    "HNL": 0.311314027,
    "HKD": null,
    "HUF": 0.021994612979999998,
    "ISK": 0.056752131659999996,
    "INR": 0.09239216137999999,
    "IDR": 0.0005008149849,
    "IRR": 0.000183984464,
    "IQD": 0.005913485429,
    "ILS": 2.099284977,
    "JMD": null,
    "JPY": 0.053474073389999995,
    "JOD": 10.93094855,
    "KZT": 0.0160221504,
    "KES": 0.06005167375999999,
    "KWD": 25.36160065,
    "KGS": 0.09077446385,
    "LAK": 0.0003499736088,
    "LBP": 0.00008645832367,
    "LSL": 0.4296542427,
    "LRD": 0.039701841419999995,
    "LYD": 1.6257430590000002,
    "MOP": 0.9643661823,
    "MKD": 0.1407215189,
    "MGA": 0.0016886465299999999,
    "MWK": 0.004463650794,
    "MYR": 1.769251751,
    "MVR": 0.5046901771,
    "MRU": 0.194737704,
    "MUR": 0.16786444220000002,
    "MXN": 0.4068936316,
    "MDL": 0.4472537615,
    "MNT": null,
    "MAD": 0.8003167407,
    "MZN": 0.1212343158,
    "MMK": 0.002385180644,
    "NAD": 0.4296542427,
    "NPR": 0.05770444248,
    "ANG": 4.299582451,
    "TWD": 0.243135697,
    "NZD": 4.813003585000001,
    "NIO": 0.2104500342,
    "NGN": 0.004917737425,
    "KPW": null,
    "NOK": null,
    "OMR": 20.12430442,
    "PKR": 0.027808187569999997,
    "PAB": 7.747758279,
    "PGK": 1.9636668840000002,
    "PYG": 0.001021796647,
    "PEN": 2.0696408880000003,
    "PHP": 0.1378327097,
    "PLN": 2.0290454920000003,
    "QAR": 2.1276210420000004,
    "RON": 1.739301591,
    "RUB": 0.08466029151,
    "RWF": 0.005820184816,
    "SHP": 10.13651246,
    "WST": null,
    "STN": null,
    "SAR": 2.064498651,
    "RSD": 0.07395032203,
    "SCR": 0.5778531768,
    "SLL": 0.00039433166970000003,
    "SGD": 5.944478523000001,
    "SBD": 0.9203039208,
    "SOS": 0.01356683997,
    "ZAR": 0.43724506900000004,
    "KRW": 0.005838896113,
    "SSP": null,
    "LKR": 0.025829599989999997,
    "SDG": 0.012878912009999998,
    "SRD": 0.2692712981,
    "SZL": 0.4296542427,
    "SEK": 0.7601479535,
    "CHF": 9.116772335,
    "SYP": null,
    "TJS": 0.7286948627000001,
    "TZS": 0.002853283937,
    "THB": 0.2277830445,
    "TOP": 3.293107716,
    "TTD": 1.1411520720000001,
    "TND": 2.5367720520000003,
    "TRY": 0.2280148247,
    "TMT": 2.2110650290000002,
    "UGX": 0.002084749443,
    "UAH": 0.1876552371,
    "AED": 2.1090840450000004,
    "GBP": 10.21665172,
    "USD": 7.746665999999999,
    "UYU": 0.1919236501,
    "UZS": 0.0006093978873,
    "VUV": null,
    "VES": 0.2113870632,
    "VND": 0.0003101455199,
    "XOF": 0.01290035943,
    "YER": 0.03094346859,
    "ZMW": 0.29495392060000003,
    "ZWL": null,
    "AFN": 0.10904908381049122,
    "ALL": 0.08582244727869777,
    "DZD": 0.05761677755944098,
    "AOA": 0.008597984401858263,
    "ARS": 0.008195273831311111,
    "AMD": 0.019952801130153793,
    "AWG": 4.29541467528862,
    "AUD": 5.248629932939342,
    "AZN": 4.554402912085222,
    "BSD": 7.7395980833061815,
    "BHD": 20.547287253194636,
    "BDT": 0.06476357133460503,
    "BBD": 3.833256818205086,
    "BYN": 2.365399552805461,
    "BZD": 3.8397907502037296,
    "BMD": 7.742484950544877,
    "BTN": null,
    "BOB": 1.120211792618529,
    "BAM": 4.4004268030281715,
    "BWP": 0.579313109581423,
    "BRL": 1.4102116370855515,
    "BND": 5.915938836057291,
    "BGN": 4.435205462032877,
    "BIF": 0.002690231046054509,
    "CVE": 0.07777483629890236,
    "KHR": 0.001893028105267696,
    "XAF": 0.013120182889345681,
    "CAD": 5.72986860601083,
    "KYD": 9.3053424166875,
    "CLP": 0.008518428614707422,
    "CNY": 1.086679806167884,
    "COP": 0.0019230063162019348,
    "KMF": 0.017471476816475776,
    "CDF": 0.002745562039200311,
    "CRC": 0.014711978986215433,
    "HRK": null,
    "CUP": 0.32249819028044285,
    "CZK": 0.3455232484177471,
    "DKK": 1.1595024651727386,
    "DJF": 0.043471072681991185,
    "DOP": 0.1292568439156073,
    "EGP": 0.15870008037949587,
    "ERN": null,
    "ETB": 0.07054655993873263,
    "EUR": 8.650821173793158,
    "FJD": 3.5110921938301214,
    "GMD": 0.1106069278649268,
    "GEL": 2.867587018720325,
    "GHS": 0.4953605214680023,
    "GIP": null,
    "GTQ": 1
  }
}