{
  "meta": {
    "code": "GTQ",
    "createdAt": "2024-07-23T18:04:46Z"
  },
  "data": {
    "GNF": 0.0009224322878,
    "GYD": 0.03714727601,
    "HTG": 0.05876689505,
    "HNL": 0.3133402811,
    "HKD": 0.9928279891,
    "HUF": 0.02156212247,
    "ISK": 0.056201840759999996,
    "INR": 0.09263388141,
    "IDR": 0.00047815813440000004,
    "IRR": 0.0001841359424,
    "IQD": 0.005923639614,
    "ILS": 2.136949188,
    "JMD": 0.049660805319999994,
    "JPY": 0.049792521779999994,
    "JOD": 10.93840538,
    "KZT": 0.01636994766,
    "KES": 0.05851353953,
    "KWD": 25.35650096,
    "KGS": 0.09189696233,
    "LAK": 0.00035016080510000004,
    "LBP": 0.00008661933348,
    "LSL": 0.42264378080000004,
    "LRD": 0.03976024566,
    "LYD": 1.604814207,
    "MOP": 0.9650384433,
    "MKD": 0.13678331130000002,
    "MGA": 0.0017101424109999999,
    "MWK": 0.0044733133369999995,
    "MYR": 1.659470841,
    "MVR": 0.5051056995000001,
    "MRU": 0.1960989823,
    "MUR": 0.1665583341,
    "MXN": 0.4278426698,
    "MDL": 0.4382795773,
    "MNT": null,
    "MAD": 0.7879945824,
    "MZN": 0.12134343430000001,
    "MMK": 0.002387144415,
    "NAD": 0.42264378080000004,
    "NPR": 0.057920844129999996,
    "ANG": 4.306769423,
    "TWD": 0.2366041405,
    "NZD": 4.6155033880000005,
    "NIO": 0.2107633223,
    "NGN": 0.00482454507,
    "KPW": null,
    "NOK": 0.7035112125,
    "OMR": 20.13961721,
    "PKR": 0.02786268794,
    "PAB": 7.761223461,
    "PGK": 1.980257688,
    "PYG": 0.001025319911,
    "PEN": 2.065086844,
    "PHP": 0.1326213222,
    "PLN": 1.9673349150000001,
    "QAR": 2.1293727590000002,
    "RON": 1.6921041780000001,
    "RUB": 0.08825072899,
    "RWF": 0.005922496815,
    "SHP": 10.01111806,
    "WST": null,
    "STN": null,
    "SAR": 2.0668560890000003,
    "RSD": 0.07187045427,
    "SCR": 0.5684255852,
    "SLL": 0.00039433166970000003,
    "SGD": null,
    "SBD": 0.916797453,
    "SOS": null,
    "ZAR": 0.4215717675,
    "KRW": 0.005595402091,
    "SSP": null,
    "LKR": 0.025534727939999998,
    "SDG": 0.013230450179999999,
    "SRD": 0.2644194883,
    "SZL": 0.4227085188,
    "SEK": 0.7204978993000001,
    "CHF": 8.698457938,
    "SYP": null,
    "TJS": 0.7284187967,
    "TZS": 0.002887539598,
    "THB": 0.21432964510000002,
    "TOP": 3.2686833500000003,
    "TTD": 1.1431561000000001,
    "TND": 2.4957498310000004,
    "TRY": 0.2361026736,
    "TMT": 2.212885448,
    "UGX": 0.002098644344,
    "UAH": 0.18798712750000002,
    "AED": 2.1108205,
    "GBP": 10.00603982,
    "USD": 7.753044,
    "UYU": 0.19320585640000001,
    "UZS": 0.0006159568619,
    "VUV": null,
    "VES": 0.21249194100000002,
    "VND": 0.0003056591078,
    "XOF": 0.012843829139999999,
    "YER": 0.030968999289999997,
    "ZMW": null,
    "ZWL": null,
    "AFN": 0.11069537617665033,
    "ALL": 0.08393394815935186,
    "DZD": 0.05754402005035293,
    "AOA": 0.008879620293868174,
    "ARS": 0.008367977821458027,
    "AMD": 0.01997544877118371,
    "AWG": 4.304820184647513,
    "AUD": 5.124040373882062,
    "AZN": 4.558044901391485,
    "BSD": 7.752029085861195,
    "BHD": 20.55624441746105,
    "BDT": 0.06597908690177189,
    "BBD": 3.8396050998714637,
    "BYN": 2.3688999066718344,
    "BZD": 3.8459187510573916,
    "BMD": 7.748676332365523,
    "BTN": 0.09260832254491908,
    "BOB": 1.1219525037482874,
    "BAM": 4.305274631841371,
    "BWP": 0.570593882243602,
    "BRL": 1.3853992120090064,
    "BND": 5.762168680782118,
    "BGN": 4.299803747497395,
    "BIF": 0.0026858496819291244,
    "CVE": 0.07593019436851853,
    "KHR": 0.001883031915520176,
    "XAF": 0.012864118969438721,
    "CAD": 5.6267051547103435,
    "KYD": 9.303119730311787,
    "CLP": 0.008180180878458107,
    "CNY": 1.0651247897487601,
    "COP": 0.0019309706672942539,
    "KMF": 0.01711469096196268,
    "CDF": 0.00270459906888849,
    "CRC": 0.014627187152502007,
    "HRK": null,
    "CUP": 0.3230111757124992,
    "CZK": 0.3312249436983344,
    "DKK": 1.1269982303544703,
    "DJF": 0.0436004745351823,
    "DOP": 0.13050402244835604,
    "EGP": 0.16023301515770577,
    "ERN": null,
    "ETB": 0.1341199876725652,
    "EUR": 8.409494402939483,
    "FJD": 3.444238841219127,
    "GMD": 0.11437160638177894,
    "GEL": 2.854024431810506,
    "GHS": 0.49991460208809824,
    "GIP": null,
    "GTQ": 1
  }
}