{
  "meta": {
    "code": "GTQ",
    "createdAt": "2024-08-20T14:33:45Z"
  },
  "data": {
    "GNF": 0.0008982279231,
    "GYD": 0.037087781779999995,
    "HTG": 0.058778226669999996,
    "HNL": 0.3126353457,
    "HKD": 0.9939201856000001,
    "HUF": 0.02185393221,
    "ISK": 0.056525830439999994,
    "INR": 0.09243002631,
    "IDR": 0.0005015443341,
    "IRR": 0.00018393639880000002,
    "IQD": 0.0059140823819999995,
    "ILS": 2.093130816,
    "JMD": 0.049328844149999995,
    "JPY": 0.05310473063,
    "JOD": 10.9263893,
    "KZT": 0.016257116329999998,
    "KES": 0.060027469199999996,
    "KWD": 25.33376698,
    "KGS": 0.09037128310999999,
    "LAK": 0.0003501219124,
    "LBP": 0.0000864750032,
    "LSL": 0.4352222626,
    "LRD": 0.039713100349999995,
    "LYD": 1.620484003,
    "MOP": 0.9656041146000001,
    "MKD": 0.13949843920000002,
    "MGA": null,
    "MWK": 0.004465928224,
    "MYR": 1.7686685770000001,
    "MVR": 0.5027972775,
    "MRU": null,
    "MUR": 0.16777076600000002,
    "MXN": 0.41096356640000004,
    "MDL": 0.44444919990000004,
    "MNT": null,
    "MAD": 0.7976719207,
    "MZN": 0.1211759522,
    "MMK": 0.002383849602,
    "NAD": 0.4352222626,
    "NPR": 0.05776950003,
    "ANG": 4.299494947,
    "TWD": 0.24245585320000002,
    "NZD": 4.759334377,
    "NIO": 0.2104215529,
    "NGN": 0.004869398054,
    "KPW": null,
    "NOK": 0.736494249,
    "OMR": 20.11169599,
    "PKR": 0.0278265227,
    "PAB": 7.748033622,
    "PGK": 1.9635588350000002,
    "PYG": 0.001020794632,
    "PEN": 2.070271548,
    "PHP": 0.1371394247,
    "PLN": 2.0114243220000003,
    "QAR": 2.123631157,
    "RON": 1.7272780110000001,
    "RUB": 0.08507952329,
    "RWF": 0.0057366952389999995,
    "SHP": 10.02052742,
    "WST": null,
    "STN": null,
    "SAR": 2.063276729,
    "RSD": 0.07341427601,
    "SCR": 0.5750324086,
    "SLL": 0.00039433166970000003,
    "SGD": 5.926260314,
    "SBD": 0.9143707083,
    "SOS": 0.01355093441,
    "ZAR": 0.43334280880000003,
    "KRW": 0.005812505165,
    "SSP": null,
    "LKR": null,
    "SDG": 0.012871724979999999,
    "SRD": 0.26795676960000003,
    "SZL": 0.4353257777,
    "SEK": 0.7546444688,
    "CHF": 9.02067351,
    "SYP": null,
    "TJS": 0.7272017341,
    "TZS": 0.002858346835,
    "THB": 0.22653011680000001,
    "TOP": 3.2750110890000004,
    "TTD": 1.142894478,
    "TND": 2.5321037790000003,
    "TRY": 0.22848947160000002,
    "TMT": 2.2161682600000003,
    "UGX": 0.002080180973,
    "UAH": 0.1871679676,
    "AED": 2.107918691,
    "GBP": 10.086720000000001,
    "USD": null,
    "UYU": 0.1923198001,
    "UZS": 0.0006103065176,
    "VUV": null,
    "VES": 0.21132229700000002,
    "VND": 0.000310625898,
    "XOF": 0.01308287958,
    "YER": 0.03092622392,
    "ZMW": 0.3004490527,
    "ZWL": null,
    "AFN": 0.10916562286491725,
    "ALL": 0.0860467801839101,
    "DZD": 0.057698019840655014,
    "AOA": 0.008733254759075833,
    "ARS": 0.008199141039290684,
    "AMD": 0.01993850891672679,
    "AWG": 4.29896406143426,
    "AUD": 5.216394556583153,
    "AZN": 4.551844300342157,
    "BSD": 7.739880654414897,
    "BHD": 20.53491567770985,
    "BDT": 0.06463240209815779,
    "BBD": 3.833274455323794,
    "BYN": 2.3649991479984145,
    "BZD": 3.8397949787855796,
    "BMD": 7.738135310581667,
    "BTN": 0.09236772012796572,
    "BOB": 1.1200086541187089,
    "BAM": 4.3846001747072,
    "BWP": 0.581264887312699,
    "BRL": 1.4169294863401733,
    "BND": 5.9164941087140015,
    "BGN": 4.391178816968141,
    "BIF": 0.0026832683261448927,
    "CVE": 0.07749560869777142,
    "KHR": 0.0018921556899480455,
    "XAF": 0.013075768701693403,
    "CAD": 5.677885990909822,
    "KYD": 9.28764740072259,
    "CLP": 0.008406904572229982,
    "CNY": null,
    "COP": 0.0019290408838741255,
    "KMF": 0.017392976647744814,
    "CDF": 0.002696214393930895,
    "CRC": 0.01493268792934062,
    "HRK": null,
    "CUP": 0.3224853237009805,
    "CZK": 0.341645561648754,
    "DKK": 1.1514653935202444,
    "DJF": 0.043463196298963495,
    "DOP": 0.12907936218837254,
    "EGP": 0.1583733007217325,
    "ERN": null,
    "ETB": 0.07099363027116824,
    "EUR": 8.592199993971713,
    "FJD": 3.4920959037021864,
    "GMD": 0.11054479015116667,
    "GEL": 2.8766302269820327,
    "GHS": 0.4956387571098054,
    "GIP": null,
    "GTQ": 1
  }
}