{
  "meta": {
    "code": "GTQ",
    "createdAt": "2024-07-25T15:32:56Z"
  },
  "data": {
    "GNF": 0.0009005069692,
    "GYD": 0.037159775289999995,
    "HTG": 0.058764383499999996,
    "HNL": 0.3133603941,
    "HKD": 0.9936783909,
    "HUF": 0.02145805336,
    "ISK": 0.056339847299999996,
    "INR": 0.09259239240999999,
    "IDR": 0.0004754255721,
    "IRR": 0.00018430829400000002,
    "IQD": 0.0059239033269999995,
    "ILS": 2.115128975,
    "JMD": 0.04955859686,
    "JPY": 0.0504157314,
    "JOD": 10.94693718,
    "KZT": 0.01633614616,
    "KES": 0.05967271305999999,
    "KWD": 25.36874328,
    "KGS": 0.09213772724,
    "LAK": 0.0003499911734,
    "LBP": 0.0000866172607,
    "LSL": 0.41966070180000004,
    "LRD": 0.03969570166,
    "LYD": 1.604862704,
    "MOP": 0.9653260151,
    "MKD": 0.1366547121,
    "MGA": 0.001707493246,
    "MWK": 0.0044731439239999995,
    "MYR": 1.664092683,
    "MVR": 0.5054283842,
    "MRU": 0.195973839,
    "MUR": 0.1658448741,
    "MXN": 0.4224423316,
    "MDL": 0.4363591697,
    "MNT": null,
    "MAD": 0.7894413619,
    "MZN": 0.1214209541,
    "MMK": 0.002388669432,
    "NAD": 0.41984435070000004,
    "NPR": 0.05792293563,
    "ANG": 4.306644896,
    "TWD": 0.23700921330000002,
    "NZD": 4.57698549,
    "NIO": 0.2107760895,
    "NGN": 0.004896952439,
    "KPW": null,
    "NOK": 0.7036386909,
    "OMR": 20.15280916,
    "PKR": 0.02785636209,
    "PAB": 7.760363189,
    "PGK": 2.006227333,
    "PYG": 0.001022986552,
    "PEN": 2.06370866,
    "PHP": 0.1325169068,
    "PLN": 1.963843068,
    "QAR": 2.1310255760000003,
    "RON": 1.6949982160000001,
    "RUB": 0.09127772224,
    "RWF": 0.005886188911,
    "SHP": 10.01363462,
    "WST": null,
    "STN": null,
    "SAR": 2.067967801,
    "RSD": 0.07195280773,
    "SCR": 0.5636427645000001,
    "SLL": 0.00039433166970000003,
    "SGD": null,
    "SBD": 0.915443646,
    "SOS": 0.01362824058,
    "ZAR": 0.42305808380000004,
    "KRW": 0.005608122981,
    "SSP": null,
    "LKR": 0.025567472129999998,
    "SDG": 0.013238902399999999,
    "SRD": 0.2680902939,
    "SZL": 0.4197624091,
    "SEK": 0.7178920708000001,
    "CHF": 8.814217259000001,
    "SYP": null,
    "TJS": 0.7304624310000001,
    "TZS": 0.002884295277,
    "THB": 0.2143125724,
    "TOP": 3.2637893370000004,
    "TTD": 1.141616411,
    "TND": 2.4993558790000003,
    "TRY": 0.23497188570000002,
    "TMT": 2.217202959,
    "UGX": 0.0020759841389999998,
    "UAH": 0.18820427480000002,
    "AED": 2.112168989,
    "GBP": 9.992300136,
    "USD": 7.757997,
    "UYU": 0.1927474354,
    "UZS": 0.0006143891418,
    "VUV": null,
    "VES": 0.2124544546,
    "VND": 0.0003067007743,
    "XOF": 0.012831750309999999,
    "YER": 0.03098875268,
    "ZMW": 0.2970777549,
    "ZWL": null,
    "AFN": 0.1092058440721173,
    "ALL": 0.08382982426970219,
    "DZD": 0.057646408867729544,
    "AOA": null,
    "ARS": 0.008352822172830407,
    "AMD": 0.019989210679613362,
    "AWG": 4.307563849511294,
    "AUD": 5.077113177553376,
    "AZN": 4.560949958306076,
    "BSD": 7.751863013765147,
    "BHD": null,
    "BDT": null,
    "BBD": 3.839489546683702,
    "BYN": 2.3691798607896257,
    "BZD": 3.8459857351589113,
    "BMD": 7.753614929120329,
    "BTN": 0.09261184873973838,
    "BOB": 1.1219422415333542,
    "BAM": 4.301219551145812,
    "BWP": null,
    "BRL": 1.3746620447662092,
    "BND": 5.776106954638345,
    "BGN": null,
    "BIF": 0.0026889595734915163,
    "CVE": 0.07629190466469907,
    "KHR": 0.001888288094217183,
    "XAF": 0.012824505001779007,
    "CAD": 5.61014632483505,
    "KYD": 9.302580099986884,
    "CLP": 0.00818504885482957,
    "CNY": 1.072259397491871,
    "COP": 0.001919263873557729,
    "KMF": 0.01706998718575863,
    "CDF": 0.0027063228373892948,
    "CRC": 0.014621594058162228,
    "HRK": null,
    "CUP": 0.32300430291894056,
    "CZK": 0.33153525167485126,
    "DKK": 1.1280561421512358,
    "DJF": 0.043533025491342935,
    "DOP": 0.1308687953923995,
    "EGP": 0.16039251842220187,
    "ERN": null,
    "ETB": 0.13409791034158894,
    "EUR": 8.418417351478821,
    "FJD": 3.431638199702437,
    "GMD": 0.11440228593971,
    "GEL": 2.845363276741405,
    "GHS": 0.5004206969242248,
    "GIP": null,
    "GTQ": 1
  }
}