{
  "meta": {
    "code": "GTQ",
    "createdAt": "2024-08-14T17:03:52Z"
  },
  "data": {
    "GNF": 0.0008975920805,
    "GYD": 0.03711753138,
    "HTG": 0.05880039408,
    "HNL": 0.31199047490000004,
    "HKD": 0.9939105166000001,
    "HUF": 0.02163482683,
    "ISK": 0.056107633719999994,
    "INR": 0.09228707075999999,
    "IDR": 0.0004970780358,
    "IRR": 0.00018397387140000002,
    "IQD": 0.0059131449709999995,
    "ILS": 2.082280763,
    "JMD": 0.049373112659999996,
    "JPY": 0.052695911819999997,
    "JOD": 10.93340221,
    "KZT": 0.016139187399999998,
    "KES": 0.06004821639,
    "KWD": 25.30549092,
    "KGS": 0.09038783703999999,
    "LAK": 0.0003493222047,
    "LBP": 0.00008650161269,
    "LSL": 0.426788975,
    "LRD": 0.03967400862,
    "LYD": 1.610440687,
    "MOP": 0.9659923651000001,
    "MKD": 0.1387042026,
    "MGA": 0.0016839608349999999,
    "MWK": 0.00446854334,
    "MYR": 1.7405299310000002,
    "MVR": 0.5027225514,
    "MRU": 0.1948734536,
    "MUR": 0.1677899418,
    "MXN": 0.4106890919,
    "MDL": null,
    "MNT": null,
    "MAD": 0.7895845985000001,
    "MZN": 0.12121765320000001,
    "MMK": 0.002385043321,
    "NAD": 0.426788975,
    "NPR": 0.057313488739999995,
    "ANG": 4.301108795,
    "TWD": 0.2400998211,
    "NZD": 4.656831407,
    "NIO": 0.2102665561,
    "NGN": 0.004871836419,
    "KPW": null,
    "NOK": 0.7238881321,
    "OMR": 20.12310707,
    "PKR": 0.02779910217,
    "PAB": 7.750310004,
    "PGK": 1.9666695920000001,
    "PYG": 0.001023762899,
    "PEN": 2.064832713,
    "PHP": 0.1360023985,
    "PLN": 1.989570129,
    "QAR": 2.127644951,
    "RON": null,
    "RUB": 0.08655107230999999,
    "RWF": 0.005875024583,
    "SHP": 9.951956145,
    "WST": null,
    "STN": null,
    "SAR": 2.0640694,
    "RSD": 0.07293188519999999,
    "SCR": 0.548078761,
    "SLL": 0.00039433166970000003,
    "SGD": 5.886297579000001,
    "SBD": 0.91018085,
    "SOS": 0.013566058879999999,
    "ZAR": 0.42839729940000004,
    "KRW": 0.0057082390929999996,
    "SSP": null,
    "LKR": 0.025892119909999997,
    "SDG": 0.01287817053,
    "SRD": 0.2698279156,
    "SZL": 0.426788975,
    "SEK": 0.7409619629,
    "CHF": 8.956295757000001,
    "SYP": null,
    "TJS": 0.7288050452,
    "TZS": 0.002869858316,
    "THB": 0.22094186970000002,
    "TOP": 3.268130218,
    "TTD": 1.1405294190000002,
    "TND": 2.5314592730000003,
    "TRY": 0.2302870645,
    "TMT": 2.217278012,
    "UGX": 0.002066421346,
    "UAH": 0.1877886678,
    "AED": 2.108962618,
    "GBP": 9.942776874,
    "USD": 7.746219999999999,
    "UYU": 0.1916802139,
    "UZS": 0.0006125915353,
    "VUV": null,
    "VES": 0.21158629510000002,
    "VND": 0.0003094157863,
    "XOF": 0.01289961672,
    "YER": 0.030938635059999997,
    "ZMW": 0.2953822693,
    "ZWL": null,
    "AFN": 0.10904182322028395,
    "ALL": 0.08510464387437952,
    "DZD": 0.05766142917641723,
    "AOA": 0.008817019870825104,
    "ARS": 0.008229757900446813,
    "AMD": 0.01993195368144994,
    "AWG": 4.301094138133423,
    "AUD": 5.113569274769653,
    "AZN": 4.554099675670684,
    "BSD": 7.742355792890143,
    "BHD": 20.53926923527057,
    "BDT": 0.06587906565950523,
    "BBD": 3.8344747733930853,
    "BYN": null,
    "BZD": 3.8408951525100856,
    "BMD": 7.741969448640162,
    "BTN": 0.09222911763997346,
    "BOB": 1.1204457037457891,
    "BAM": 4.363081405701389,
    "BWP": 0.5767702267125437,
    "BRL": 1.4135419844148551,
    "BND": 5.887482964825619,
    "BGN": 4.369760063396619,
    "BIF": 0.0026900519279500217,
    "CVE": 0.07703452187701654,
    "KHR": 0.0018859852493642295,
    "XAF": 0.012973075398839358,
    "CAD": 5.645077273362826,
    "KYD": 9.290489696295536,
    "CLP": 0.008293930528180057,
    "CNY": 1.0845524836064138,
    "COP": 0.0019279204546899218,
    "KMF": 0.01724461398665263,
    "CDF": 0.0026966107449112376,
    "CRC": 0.014717686119015336,
    "HRK": null,
    "CUP": 0.3225840765193301,
    "CZK": 0.33928848397637235,
    "DKK": 1.1431470998327211,
    "DJF": 0.043562736041608624,
    "DOP": 0.12914044117831794,
    "EGP": 0.1576724475285508,
    "ERN": null,
    "ETB": 0.0703466229814513,
    "EUR": 8.529263079832406,
    "FJD": 3.4558506636799637,
    "GMD": 0.11220245577739364,
    "GEL": 2.872715936415644,
    "GHS": 0.49469453345943515,
    "GIP": null,
    "GTQ": 1
  }
}