{
  "meta": {
    "code": "GTQ",
    "createdAt": "2024-08-12T14:05:35Z"
  },
  "data": {
    "GNF": 0.0008990651289,
    "GYD": 0.03712109331,
    "HTG": null,
    "HNL": 0.3130004668,
    "HKD": 0.9949624229,
    "HUF": 0.021511275099999998,
    "ISK": 0.05603525296,
    "INR": 0.09233804460999999,
    "IDR": 0.00048575473150000003,
    "IRR": 0.0001841638503,
    "IQD": 0.005918486304,
    "ILS": 2.053572735,
    "JMD": 0.04931158116,
    "JPY": 0.052459160309999996,
    "JOD": 10.93681535,
    "KZT": 0.01615251441,
    "KES": 0.060092379179999995,
    "KWD": 25.30580746,
    "KGS": 0.09077185504999999,
    "LAK": 0.0003498750218,
    "LBP": 0.00008654550215,
    "LSL": 0.42516776370000003,
    "LRD": 0.03966349573,
    "LYD": 1.613115788,
    "MOP": 0.965787308,
    "MKD": 0.1376135034,
    "MGA": 0.001696855096,
    "MWK": 0.004469411157,
    "MYR": 1.7396588560000001,
    "MVR": 0.5030922815000001,
    "MRU": 0.1954258198,
    "MUR": 0.1671448188,
    "MXN": 0.4093322252,
    "MDL": 0.4429445373,
    "MNT": null,
    "MAD": 0.7900296443,
    "MZN": 0.12130680340000001,
    "MMK": 0.002386797414,
    "NAD": 0.42516776370000003,
    "NPR": 0.0576978283,
    "ANG": 4.302997654,
    "TWD": 0.2389249346,
    "NZD": 4.667778061,
    "NIO": 0.21057454620000002,
    "NGN": 0.004875419437,
    "KPW": null,
    "NOK": 0.7189244104,
    "OMR": 20.137712920000002,
    "PKR": 0.027818304539999998,
    "PAB": 7.753808467000001,
    "PGK": 1.997075989,
    "PYG": 0.001024442963,
    "PEN": 2.078837783,
    "PHP": 0.13540110630000002,
    "PLN": 1.9673590150000002,
    "QAR": 2.11878752,
    "RON": 1.7011031470000002,
    "RUB": 0.0849528708,
    "RWF": 0.0058539483149999995,
    "SHP": 9.898810413000001,
    "WST": null,
    "STN": null,
    "SAR": 2.065081386,
    "RSD": 0.07236058396,
    "SCR": 0.5717250414,
    "SLL": 0.00039433166970000003,
    "SGD": 5.852115941,
    "SBD": 0.9139510143,
    "SOS": 0.01361795538,
    "ZAR": 0.42529506570000003,
    "KRW": 0.005654866087,
    "SSP": null,
    "LKR": 0.02590612367,
    "SDG": 0.01288764185,
    "SRD": null,
    "SZL": 0.4252927246,
    "SEK": 0.7356980084,
    "CHF": 8.918681283,
    "SYP": null,
    "TJS": 0.7312267802,
    "TZS": 0.002860616287,
    "THB": 0.2202656828,
    "TOP": 3.2674330150000004,
    "TTD": null,
    "TND": 2.512759864,
    "TRY": 0.23115053700000002,
    "TMT": 2.218908722,
    "UGX": 0.002077527244,
    "UAH": 0.1876585617,
    "AED": 2.110513666,
    "GBP": 9.892026999999999,
    "USD": 7.751917,
    "UYU": 0.1927126566,
    "UZS": 0.0006130471776000001,
    "VUV": null,
    "VES": 0.2116865587,
    "VND": 0.0003084728083,
    "XOF": 0.012910267369999999,
    "YER": 0.03095825728,
    "ZMW": 0.2960902837,
    "ZWL": null,
    "AFN": 0.10940115686789395,
    "ALL": 0.08470204009301951,
    "DZD": 0.05763417860236357,
    "AOA": 0.008710050280873079,
    "ARS": 0.008248811433297424,
    "AMD": 0.019954643088278486,
    "AWG": 4.304216513798113,
    "AUD": 5.110884443045336,
    "AZN": 4.5574057204921194,
    "BSD": 7.745281635421794,
    "BHD": 20.554141530191675,
    "BDT": 0.06592301988734219,
    "BBD": 3.8362171981673407,
    "BYN": null,
    "BZD": 3.8426463716560755,
    "BMD": 7.747589724836603,
    "BTN": 0.09225100233527693,
    "BOB": 1.1209839434052236,
    "BAM": 4.325010202677443,
    "BWP": 0.5731699445842159,
    "BRL": 1.4101910674984717,
    "BND": 5.84733020556756,
    "BGN": 4.32608728954582,
    "BIF": 0.0026867172203032773,
    "CVE": 0.07675919668764969,
    "KHR": 0.0018895799865395733,
    "XAF": 0.01290241362698345,
    "CAD": 5.640025134117767,
    "KYD": 9.294342052824359,
    "CLP": 0.008308585415434028,
    "CNY": 1.0792619348021997,
    "COP": 0.001900092637021421,
    "KMF": 0.01717678688579227,
    "CDF": 0.0027032762473261007,
    "CRC": null,
    "HRK": null,
    "CUP": 0.3227300427280312,
    "CZK": 0.3362961075335402,
    "DKK": 1.1338456092998794,
    "DJF": 0.04349812213104248,
    "DOP": 0.12972522056520897,
    "EGP": 0.15716046482882345,
    "ERN": null,
    "ETB": 0.07511452204152647,
    "EUR": 8.462132167986034,
    "FJD": 3.456045377422372,
    "GMD": 0.1114761111487281,
    "GEL": 2.880144879121414,
    "GHS": 0.4973222724132071,
    "GIP": null,
    "GTQ": 1
  }
}