{
  "meta": {
    "code": "GTQ",
    "createdAt": "2024-08-09T15:05:02Z"
  },
  "data": {
    "GNF": 0.0008990803292000001,
    "GYD": 0.03711209351,
    "HTG": 0.05878395657,
    "HNL": 0.3130527976,
    "HKD": 0.9943507238,
    "HUF": 0.02147868745,
    "ISK": 0.056058472379999995,
    "INR": 0.09236295185,
    "IDR": 0.0004861871572,
    "IRR": 0.0001841588375,
    "IQD": 0.00591851567,
    "ILS": 2.081361378,
    "JMD": 0.04932769568,
    "JPY": 0.052850155419999996,
    "JOD": 10.93976544,
    "KZT": 0.01619925479,
    "KES": 0.05999232489,
    "KWD": 25.330646,
    "KGS": 0.09079633982999999,
    "LAK": null,
    "LBP": 0.00008654248328,
    "LSL": 0.423309286,
    "LRD": 0.03964354528,
    "LYD": 1.6129321390000002,
    "MOP": 0.9656306536,
    "MKD": 0.1377646847,
    "MGA": 0.001698206067,
    "MWK": 0.004469315689,
    "MYR": 1.7533091490000001,
    "MVR": 0.5035548169,
    "MRU": 0.1957286006,
    "MUR": 0.1670097788,
    "MXN": 0.4123814074,
    "MDL": 0.4404582051,
    "MNT": null,
    "MAD": 0.7907591636,
    "MZN": 0.1213585219,
    "MMK": 0.002387441228,
    "NAD": 0.4232995935,
    "NPR": 0.057729178859999994,
    "ANG": 4.3028990920000005,
    "TWD": 0.2394025157,
    "NZD": 4.665586613,
    "NIO": 0.2105726487,
    "NGN": 0.004858492297,
    "KPW": null,
    "NOK": 0.7178079055000001,
    "OMR": 20.13946171,
    "PKR": 0.02782783979,
    "PAB": 7.7559465020000005,
    "PGK": 1.9691024170000002,
    "PYG": 0.001024333146,
    "PEN": 2.080543795,
    "PHP": 0.1353703246,
    "PLN": 1.9599170190000001,
    "QAR": 2.12622064,
    "RON": 1.7014867880000002,
    "RUB": 0.08755655244999999,
    "RWF": 0.005885853462,
    "SHP": 9.886747900000001,
    "WST": null,
    "STN": null,
    "SAR": 2.065760546,
    "RSD": 0.07239091389999999,
    "SCR": 0.5829129016,
    "SLL": 0.00039433166970000003,
    "SGD": 5.859044754,
    "SBD": 0.9149729440000001,
    "SOS": 0.013616813439999998,
    "ZAR": 0.42305857560000004,
    "KRW": 0.0056810913559999995,
    "SSP": null,
    "LKR": 0.025846489139999998,
    "SDG": 0.01289111816,
    "SRD": 0.2693345761,
    "SZL": 0.4234502538,
    "SEK": 0.7381607033,
    "CHF": 8.964230306000001,
    "SYP": null,
    "TJS": 0.7353399502,
    "TZS": 0.002871268066,
    "THB": 0.2198471401,
    "TOP": 3.2683143720000003,
    "TTD": 1.140945672,
    "TND": 2.509132708,
    "TRY": 0.23122064150000002,
    "TMT": 2.213160594,
    "UGX": null,
    "UAH": 0.18844503610000002,
    "AED": 2.111082956,
    "GBP": 9.894269999999999,
    "USD": 7.754008,
    "UYU": 0.1923769384,
    "UZS": 0.0006127178351,
    "VUV": null,
    "VES": 0.2116396777,
    "VND": 0.0003088630744,
    "XOF": 0.012902405669999999,
    "YER": 0.03097279565,
    "ZMW": 0.29673673640000003,
    "ZWL": null,
    "AFN": 0.10939706261841697,
    "ALL": 0.08454547469725274,
    "DZD": 0.05758589322519846,
    "AOA": 0.008825800155161804,
    "ARS": 0.008270696666394559,
    "AMD": 0.01996208120032981,
    "AWG": 4.3053773129348,
    "AUD": 5.099365525263799,
    "AZN": 4.558634801930965,
    "BSD": 7.747548589822079,
    "BHD": 20.55951021161061,
    "BDT": 0.06592240030610777,
    "BBD": 3.836178574938209,
    "BYN": 2.3668194108011025,
    "BZD": 3.842626840858229,
    "BMD": 7.74967916328264,
    "BTN": 0.09230250036304881,
    "BOB": 1.1209613942077328,
    "BAM": 4.32487046616147,
    "BWP": 0.5721575266001798,
    "BRL": 1.410109386105184,
    "BND": 5.8500727832710275,
    "BGN": 4.327906472154577,
    "BIF": 0.0026870401858406006,
    "CVE": 0.07671665995013588,
    "KHR": 0.0018892159733004997,
    "XAF": 0.012895082866112007,
    "CAD": 5.644895284192216,
    "KYD": 9.297400735252767,
    "CLP": 0.008304592005464089,
    "CNY": 1.0814662727107385,
    "COP": 0.0018910604442354008,
    "KMF": 0.01717380423996153,
    "CDF": 0.0027049490971318116,
    "CRC": 0.014628737775275666,
    "HRK": null,
    "CUP": 0.3227295624715142,
    "CZK": 0.33524013553127086,
    "DKK": 1.134526635974745,
    "DJF": 0.043496543790728315,
    "DOP": 0.1296552844127103,
    "EGP": 0.15735101621101244,
    "ERN": null,
    "ETB": 0.0964742152231401,
    "EUR": 8.464229410654886,
    "FJD": 3.4554360331212304,
    "GMD": 0.11150617501126099,
    "GEL": 2.8755766839638737,
    "GHS": 0.497604283926235,
    "GIP": null,
    "GTQ": 1
  }
}