{
  "meta": {
    "code": "GTQ",
    "createdAt": "2024-08-12T13:07:01Z"
  },
  "data": {
    "GNF": 0.0008990651289,
    "GYD": 0.03712109331,
    "HTG": 0.058804305929999995,
    "HNL": 0.3130004668,
    "HKD": 0.9948236635000001,
    "HUF": 0.02153943006,
    "ISK": 0.056023104149999996,
    "INR": 0.09232610665999999,
    "IDR": 0.00048556457700000004,
    "IRR": 0.0001841638503,
    "IQD": 0.005918486304,
    "ILS": 2.0572401670000002,
    "JMD": 0.04931158116,
    "JPY": 0.05245567195,
    "JOD": 10.93681535,
    "KZT": 0.01615251441,
    "KES": 0.060092379179999995,
    "KWD": 25.30679971,
    "KGS": 0.09077185504999999,
    "LAK": null,
    "LBP": 0.00008654550215,
    "LSL": 0.42516776370000003,
    "LRD": 0.03966349573,
    "LYD": 1.613115788,
    "MOP": 0.965787308,
    "MKD": 0.1376135034,
    "MGA": 0.001696855096,
    "MWK": 0.004469411157,
    "MYR": 1.7396588560000001,
    "MVR": 0.5030922815000001,
    "MRU": 0.1954258198,
    "MUR": 0.1671448188,
    "MXN": 0.410851601,
    "MDL": 0.43996532060000004,
    "MNT": null,
    "MAD": 0.7900296443,
    "MZN": 0.12130680340000001,
    "MMK": 0.002386797414,
    "NAD": 0.42516776370000003,
    "NPR": 0.0576978283,
    "ANG": 4.302997654,
    "TWD": 0.23867842360000002,
    "NZD": 4.669716041,
    "NIO": 0.21057454620000002,
    "NGN": 0.004725460076,
    "KPW": null,
    "NOK": 0.7191104564,
    "OMR": null,
    "PKR": 0.027818304539999998,
    "PAB": 7.753808467000001,
    "PGK": 1.997075989,
    "PYG": 0.001024442963,
    "PEN": 2.078837783,
    "PHP": 0.1353845947,
    "PLN": 1.965149719,
    "QAR": 2.11878752,
    "RON": 1.7008396590000001,
    "RUB": 0.08547077637999999,
    "RWF": 0.0058539483149999995,
    "SHP": 9.898810413000001,
    "WST": null,
    "STN": null,
    "SAR": 2.06508906,
    "RSD": 0.07235402118999999,
    "SCR": 0.5717309329,
    "SLL": 0.00039433166970000003,
    "SGD": 5.850953153000001,
    "SBD": 0.9139510143,
    "SOS": 0.01361795538,
    "ZAR": 0.4253476082,
    "KRW": 0.005655176164,
    "SSP": null,
    "LKR": 0.02590612367,
    "SDG": 0.01288764185,
    "SRD": 0.2692619455,
    "SZL": 0.4252927246,
    "SEK": 0.7368080829,
    "CHF": null,
    "SYP": null,
    "TJS": 0.7312267802,
    "TZS": 0.002860616287,
    "THB": 0.2198159941,
    "TOP": 3.2674330150000004,
    "TTD": 1.140322494,
    "TND": 2.512759864,
    "TRY": 0.23118177720000002,
    "TMT": 2.218908722,
    "UGX": 0.002077527244,
    "UAH": 0.1876585617,
    "AED": 2.110513666,
    "GBP": 9.898074,
    "USD": 7.751917,
    "UYU": 0.19228498330000002,
    "UZS": 0.0006130471776000001,
    "VUV": null,
    "VES": 0.2116967912,
    "VND": 0.0003084728083,
    "XOF": 0.012910267369999999,
    "YER": 0.03095825728,
    "ZMW": 0.2960902837,
    "ZWL": null,
    "AFN": 0.10940115686789395,
    "ALL": 0.08470204009301951,
    "DZD": 0.057563095601284794,
    "AOA": 0.008710050280873079,
    "ARS": 0.00827086326188282,
    "AMD": 0.019954643088278486,
    "AWG": 4.304216513798113,
    "AUD": 5.108693894450037,
    "AZN": 4.5574057204921194,
    "BSD": 7.745281635421794,
    "BHD": 20.56141835088387,
    "BDT": 0.06592301988734219,
    "BBD": 3.8362171981673407,
    "BYN": 2.3668195525275144,
    "BZD": 3.8426463716560755,
    "BMD": 7.747589724836603,
    "BTN": 0.09225100233527693,
    "BOB": 1.1209839434052236,
    "BAM": 4.325010202677443,
    "BWP": 0.5731699445842159,
    "BRL": 1.4137421491392377,
    "BND": 5.84733020556756,
    "BGN": 4.32608728954582,
    "BIF": 0.0026867172203032773,
    "CVE": 0.07675919668764969,
    "KHR": 0.0018895799865395733,
    "XAF": 0.01290241362698345,
    "CAD": 5.640784805548836,
    "KYD": 9.294342052824359,
    "CLP": 0.008337016814945055,
    "CNY": 1.079201800367266,
    "COP": 0.0019094020419529608,
    "KMF": 0.01717678688579227,
    "CDF": 0.0027032762473261007,
    "CRC": 0.014629687157867164,
    "HRK": null,
    "CUP": 0.3227300427280312,
    "CZK": 0.33601898455650225,
    "DKK": 1.133777579505123,
    "DJF": 0.04349812213104248,
    "DOP": 0.12972522056520897,
    "EGP": 0.15708411715297013,
    "ERN": null,
    "ETB": 0.07511452204152647,
    "EUR": 8.46093080464732,
    "FJD": 3.455274712827117,
    "GMD": 0.1114761111487281,
    "GEL": 2.880144879121414,
    "GHS": 0.4973222724132071,
    "GIP": null,
    "GTQ": 1
  }
}