{
  "meta": {
    "code": "GTQ",
    "createdAt": "2024-07-24T17:03:59Z"
  },
  "data": {
    "GNF": 0.0009029666999,
    "GYD": 0.0371583904,
    "HTG": 0.058785710199999994,
    "HNL": 0.31297532310000004,
    "HKD": 0.9938968149,
    "HUF": 0.021431253679999998,
    "ISK": 0.05634119032,
    "INR": 0.09268798124,
    "IDR": 0.00047845937950000004,
    "IRR": 0.0001843248748,
    "IQD": 0.00592442665,
    "ILS": 2.126467082,
    "JMD": 0.049584223219999994,
    "JPY": 0.05054467013,
    "JOD": 10.95117316,
    "KZT": 0.01638474719,
    "KES": 0.058573577269999996,
    "KWD": 25.39139655,
    "KGS": 0.09214350836,
    "LAK": 0.0003499097776,
    "LBP": 0.00008666664897,
    "LSL": 0.42202278400000004,
    "LRD": 0.039775298369999997,
    "LYD": 1.606832033,
    "MOP": 0.9650802256000001,
    "MKD": null,
    "MGA": 0.001710412964,
    "MWK": 0.004471909509,
    "MYR": 1.6611735390000002,
    "MVR": 0.5052948186,
    "MRU": 0.19517160050000001,
    "MUR": 0.1661577887,
    "MXN": 0.42387860180000003,
    "MDL": 0.4377203436,
    "MNT": null,
    "MAD": 0.7872392618,
    "MZN": 0.1215630884,
    "MMK": 0.002389593741,
    "NAD": 0.42202278400000004,
    "NPR": 0.05794193439,
    "ANG": 4.308127440000001,
    "TWD": 0.23721400310000001,
    "NZD": 4.612982585,
    "NIO": 0.21075353670000002,
    "NGN": 0.004898847342,
    "KPW": null,
    "NOK": 0.7052148156,
    "OMR": 20.160653970000002,
    "PKR": 0.027872145549999998,
    "PAB": 7.754996643,
    "PGK": 2.008540099,
    "PYG": 0.001024733592,
    "PEN": 2.065743629,
    "PHP": 0.1326893342,
    "PLN": 1.9607387870000001,
    "QAR": 2.1312650090000003,
    "RON": 1.694321541,
    "RUB": 0.08998738642,
    "RWF": 0.005901900351,
    "SHP": 10.01828555,
    "WST": null,
    "STN": null,
    "SAR": 2.068878219,
    "RSD": 0.07194552398,
    "SCR": 0.5729032868,
    "SLL": 0.00039433166970000003,
    "SGD": 5.784279539000001,
    "SBD": 0.915797882,
    "SOS": 0.01359194154,
    "ZAR": 0.4235824421,
    "KRW": 0.005626198855,
    "SSP": null,
    "LKR": 0.02556344238,
    "SDG": 0.01324402527,
    "SRD": 0.26622526150000003,
    "SZL": 0.4222523931,
    "SEK": 0.721291725,
    "CHF": 8.778194333,
    "SYP": null,
    "TJS": 0.7286413911,
    "TZS": 0.002874444071,
    "THB": 0.2157129314,
    "TOP": 3.266604479,
    "TTD": 1.141992973,
    "TND": 2.495498781,
    "TRY": 0.23630961390000002,
    "TMT": 2.221508353,
    "UGX": 0.002086300109,
    "UAH": 0.1881509852,
    "AED": 2.112986304,
    "GBP": 10.032020000000001,
    "USD": 7.760999,
    "UYU": 0.19317126510000002,
    "UZS": 0.0006161968167,
    "VUV": null,
    "VES": 0.21257547000000002,
    "VND": 0.0003059727522,
    "XOF": 0.01285998155,
    "YER": 0.03099455843,
    "ZMW": 0.29785899250000003,
    "ZWL": null,
    "AFN": 0.11002283672507059,
    "ALL": 0.08385524312559434,
    "DZD": 0.0576648179531702,
    "AOA": 0.008859634486069117,
    "ARS": 0.008360783625347748,
    "AMD": 0.0199711887283448,
    "AWG": 4.309227771731932,
    "AUD": 5.117037411855858,
    "AZN": 4.562711758304397,
    "BSD": 7.754531779196027,
    "BHD": 20.579295000121803,
    "BDT": 0.06592600644355513,
    "BBD": 3.8406075125810157,
    "BYN": 2.369586745014765,
    "BZD": 3.8471087902943455,
    "BMD": 7.756609989117475,
    "BTN": 0.09264189085967969,
    "BOB": 1.1222962130779406,
    "BAM": 4.301809540524634,
    "BWP": 0.5715227786307253,
    "BRL": 1.3772389895450063,
    "BND": 5.766970549298236,
    "BGN": 4.305042314390059,
    "BIF": 0.002688599649607444,
    "CVE": 0.07600793720789119,
    "KHR": 0.0018849599001500553,
    "XAF": 0.012818283538591423,
    "CAD": 5.6241960563249735,
    "KYD": 9.305271431240952,
    "CLP": 0.008177161400650636,
    "CNY": 1.067962273043849,
    "COP": 0.0019264380065111089,
    "KMF": 0.01709445727775306,
    "CDF": 0.0027073682335488573,
    "CRC": 0.014628119290155454,
    "HRK": null,
    "CUP": 0.32310807479632053,
    "CZK": 0.3312808571637225,
    "DKK": 1.1280602539026672,
    "DJF": 0.0436451158628669,
    "DOP": 0.13063764193051164,
    "EGP": 0.16045613432677966,
    "ERN": null,
    "ETB": 0.13489756502813002,
    "EUR": 8.418652851161198,
    "FJD": 3.445391547782475,
    "GMD": 0.11448870832645722,
    "GEL": 2.8569465889935453,
    "GHS": 0.5004264509108048,
    "GIP": null,
    "GTQ": 1
  }
}