{
  "meta": {
    "code": "GTQ",
    "createdAt": "2024-08-08T14:33:09Z"
  },
  "data": {
    "GNF": 0.0008992969284000001,
    "GYD": 0.037103669889999996,
    "HTG": 0.0588709532,
    "HNL": 0.31309678290000004,
    "HKD": 0.9942619774,
    "HUF": 0.021313566569999998,
    "ISK": 0.05588954893,
    "INR": 0.09226317511,
    "IDR": 0.00048586691720000003,
    "IRR": 0.0001840965936,
    "IQD": 0.005918614727,
    "ILS": 2.046287966,
    "JMD": 0.04945935504,
    "JPY": 0.052621718299999995,
    "JOD": 10.93282123,
    "KZT": 0.016237326309999998,
    "KES": 0.059954243649999996,
    "KWD": null,
    "KGS": 0.09100115896,
    "LAK": 0.0003496457344,
    "LBP": 0.00008654411717,
    "LSL": 0.4207043881,
    "LRD": 0.03965359575,
    "LYD": 1.6106668970000002,
    "MOP": 0.9660475552000001,
    "MKD": 0.13727730570000002,
    "MGA": 0.001704479657,
    "MWK": 0.004469355092,
    "MYR": 1.731640204,
    "MVR": 0.5029085522,
    "MRU": 0.19541184,
    "MUR": 0.1674889772,
    "MXN": 0.404639603,
    "MDL": 0.4410779751,
    "MNT": null,
    "MAD": 0.7881153672000001,
    "MZN": 0.1212903988,
    "MMK": 0.002385925756,
    "NAD": 0.4207043881,
    "NPR": 0.05769939214,
    "ANG": 4.302927197000001,
    "TWD": 0.2385068707,
    "NZD": 4.6485992000000005,
    "NIO": 0.2105497182,
    "NGN": 0.004846359129,
    "KPW": null,
    "NOK": 0.714992667,
    "OMR": 20.12976195,
    "PKR": 0.027815700649999997,
    "PAB": 7.750256111000001,
    "PGK": 1.9697517930000001,
    "PYG": 0.001024322231,
    "PEN": 2.0734492870000003,
    "PHP": 0.1349674581,
    "PLN": 1.9530184170000002,
    "QAR": 2.1303844570000003,
    "RON": 1.696795663,
    "RUB": 0.08943096166999999,
    "RWF": 0.005887558716,
    "SHP": 9.844051400000001,
    "WST": null,
    "STN": null,
    "SAR": 2.064963108,
    "RSD": 0.07217176337999999,
    "SCR": 0.5754530156000001,
    "SLL": 0.00039433166970000003,
    "SGD": 5.844154535,
    "SBD": 0.910517605,
    "SOS": 0.013616345209999998,
    "ZAR": 0.42211983620000004,
    "KRW": null,
    "SSP": null,
    "LKR": 0.02574943786,
    "SDG": 0.01288293529,
    "SRD": 0.2686457241,
    "SZL": 0.4208038864,
    "SEK": 0.7353533905,
    "CHF": 8.955820166,
    "SYP": null,
    "TJS": 0.7360826569000001,
    "TZS": 0.002875680932,
    "THB": 0.219729518,
    "TOP": 3.260815388,
    "TTD": 1.142959188,
    "TND": 2.521966773,
    "TRY": 0.2314424165,
    "TMT": 2.218098376,
    "UGX": 0.00207651404,
    "UAH": 0.1887549489,
    "AED": 2.1097429070000002,
    "GBP": 9.855481301000001,
    "USD": 7.749085999999999,
    "UYU": 0.1917123876,
    "UZS": 0.000613110009,
    "VUV": null,
    "VES": 0.21152300340000002,
    "VND": 0.0003081881243,
    "XOF": 0.01290786177,
    "YER": 0.03095315834,
    "ZMW": 0.29721921560000003,
    "ZWL": null,
    "AFN": 0.10941656194773156,
    "ALL": 0.08449757243206266,
    "DZD": 0.05755043580778263,
    "AOA": 0.008820201985377368,
    "ARS": 0.008267817104314016,
    "AMD": 0.019935554512347922,
    "AWG": 4.3026464287389246,
    "AUD": 5.09162146244515,
    "AZN": 4.555743277488273,
    "BSD": 7.745791440794805,
    "BHD": 20.547472406732012,
    "BDT": 0.06592096032558077,
    "BBD": 3.8658195572041025,
    "BYN": 2.367137074064329,
    "BZD": 3.8426473816460307,
    "BMD": 7.744763571730064,
    "BTN": 0.09225534787230504,
    "BOB": 1.121000471271849,
    "BAM": 4.3274523491033925,
    "BWP": 0.5704805126837628,
    "BRL": 1.380823629248692,
    "BND": 5.846238535125034,
    "BGN": 4.312882337935745,
    "BIF": 0.002687083657833505,
    "CVE": 0.07675613969962827,
    "KHR": 0.0018868300050193566,
    "XAF": 0.012900895398694583,
    "CAD": 5.635608802510765,
    "KYD": 9.294354630467414,
    "CLP": 0.008228343313692533,
    "CNY": 1.0794396459455404,
    "COP": 0.0018852881138583407,
    "KMF": 0.017181949134543347,
    "CDF": 0.0026985238925888726,
    "CRC": 0.014653293018179574,
    "HRK": null,
    "CUP": 0.3227290070172123,
    "CZK": 0.33416594353741275,
    "DKK": 1.131266498030723,
    "DJF": 0.04349746938987167,
    "DOP": 0.13002884180792593,
    "EGP": 0.15726525890456275,
    "ERN": null,
    "ETB": 0.09641302206377592,
    "EUR": 8.44033127219881,
    "FJD": 3.4478635831865465,
    "GMD": 0.11143544707525273,
    "GEL": 2.863128862007417,
    "GHS": 0.4968547763570074,
    "GIP": null,
    "GTQ": 1
  }
}