{
  "meta": {
    "code": "GTQ",
    "createdAt": "2024-08-15T16:35:59Z"
  },
  "data": {
    "GNF": 0.000897282347,
    "GYD": 0.037091652069999995,
    "HTG": 0.058815123829999996,
    "HNL": 0.31207036450000003,
    "HKD": 0.9932159893,
    "HUF": 0.02150206449,
    "ISK": 0.055769153259999996,
    "INR": 0.09222610937999999,
    "IDR": 0.0004921070579,
    "IRR": 0.0001839103872,
    "IQD": 0.005911104513,
    "ILS": 2.1003749430000003,
    "JMD": 0.04930005858,
    "JPY": 0.05198354608,
    "JOD": 10.92654748,
    "KZT": 0.01616485569,
    "KES": 0.06002749546,
    "KWD": 25.300940230000002,
    "KGS": 0.0903564377,
    "LAK": 0.0003497932009,
    "LBP": 0.00008642351341,
    "LSL": 0.4280567658,
    "LRD": 0.039635074289999996,
    "LYD": 1.611560208,
    "MOP": 0.9648371285,
    "MKD": 0.1382762864,
    "MGA": 0.001681551962,
    "MWK": 0.0044644260239999995,
    "MYR": 1.7521339280000001,
    "MVR": 0.5028754667,
    "MRU": 0.1945614813,
    "MUR": 0.1676878266,
    "MXN": 0.41510521110000004,
    "MDL": 0.4413859733,
    "MNT": null,
    "MAD": 0.7930711628,
    "MZN": 0.1211947961,
    "MMK": 0.002384220311,
    "NAD": 0.4280567658,
    "NPR": 0.057663902409999995,
    "ANG": 4.299963772,
    "TWD": 0.2389872945,
    "NZD": 4.650774328000001,
    "NIO": 0.210251069,
    "NGN": 0.004870492286,
    "KPW": null,
    "NOK": 0.7218457077,
    "OMR": 20.11651936,
    "PKR": 0.02778950949,
    "PAB": 7.760038998000001,
    "PGK": 1.993088331,
    "PYG": 0.001023652775,
    "PEN": 2.070467041,
    "PHP": 0.13533923650000002,
    "PLN": 1.985052078,
    "QAR": 2.126764409,
    "RON": 1.709470081,
    "RUB": 0.08712690624,
    "RWF": 0.005866323426,
    "SHP": 9.934583623,
    "WST": null,
    "STN": null,
    "SAR": 2.0635024950000003,
    "RSD": 0.07268342710999999,
    "SCR": 0.5157530318,
    "SLL": 0.00039433166970000003,
    "SGD": 5.8617938380000005,
    "SBD": 0.9098667725,
    "SOS": 0.013561377619999999,
    "ZAR": 0.43018391040000004,
    "KRW": 0.005673344555,
    "SSP": null,
    "LKR": 0.02590826663,
    "SDG": 0.01287372664,
    "SRD": 0.2697207124,
    "SZL": 0.4280567658,
    "SEK": 0.7361587251,
    "CHF": 8.884953571,
    "SYP": null,
    "TJS": 0.728979373,
    "TZS": 0.0028563433649999997,
    "THB": 0.2206641651,
    "TOP": 3.267776834,
    "TTD": null,
    "TND": 2.530585739,
    "TRY": 0.2303308762,
    "TMT": 2.2101748000000003,
    "UGX": 0.002083048528,
    "UAH": 0.1885830221,
    "AED": 2.108234875,
    "GBP": 9.962034,
    "USD": 7.7435469999999995,
    "UYU": 0.192272272,
    "UZS": 0.0006126223888000001,
    "VUV": null,
    "VES": 0.2117588306,
    "VND": 0.0003091851189,
    "XOF": 0.01289516543,
    "YER": 0.030927928049999998,
    "ZMW": 0.2947516894,
    "ZWL": null,
    "AFN": 0.10977709437145448,
    "ALL": 0.08542257343474106,
    "DZD": 0.05755617381553311,
    "AOA": 0.008789648105154821,
    "ARS": 0.008222272981784965,
    "AMD": 0.019933253886067627,
    "AWG": 4.293544196547778,
    "AUD": 5.130100600405787,
    "AZN": 4.552520678345612,
    "BSD": 7.7403749983036,
    "BHD": 20.535362173559857,
    "BDT": 0.0658748343812792,
    "BBD": 3.8334889437860435,
    "BYN": 2.36516190626781,
    "BZD": 3.8400187530541423,
    "BMD": 7.73928515318754,
    "BTN": 0.09219916093065644,
    "BOB": null,
    "BAM": 4.357452892063729,
    "BWP": 0.5766394133578764,
    "BRL": 1.4157660575753026,
    "BND": 5.874510055580972,
    "BGN": 4.34170290972276,
    "BIF": 0.0026886521293131675,
    "CVE": 0.07643738425822612,
    "KHR": 0.001887630525167693,
    "XAF": 0.012991936958116346,
    "CAD": 5.646022364738102,
    "KYD": null,
    "CLP": null,
    "CNY": 1.0788114070827628,
    "COP": 0.0019324781587724087,
    "KMF": 0.017315773920701643,
    "CDF": 0.002696615035953847,
    "CRC": 0.014716203282938631,
    "HRK": null,
    "CUP": 0.3225214150397708,
    "CZK": 0.3369741435089442,
    "DKK": 1.1393365259339143,
    "DJF": 0.04346706675806557,
    "DOP": 0.12909566560779884,
    "EGP": 0.15819544774618616,
    "ERN": null,
    "ETB": 0.07100261608428936,
    "EUR": 8.500738836615541,
    "FJD": 3.457044335547502,
    "GMD": 0.1105612164741077,
    "GEL": 2.877057677764885,
    "GHS": 0.49452301298322937,
    "GIP": null,
    "GTQ": 1
  }
}