{
  "meta": {
    "code": "GTQ",
    "createdAt": "2024-08-20T14:04:30Z"
  },
  "data": {
    "GNF": 0.0008982279231,
    "GYD": 0.037087781779999995,
    "HTG": 0.058778226669999996,
    "HNL": 0.3126353457,
    "HKD": 0.9939139918000001,
    "HUF": 0.0218363416,
    "ISK": 0.056492834129999996,
    "INR": 0.09243141994,
    "IDR": 0.0005012865141,
    "IRR": 0.00018393639880000002,
    "IQD": 0.0059140823819999995,
    "ILS": 2.0937703340000002,
    "JMD": 0.049328844149999995,
    "JPY": 0.0529718759,
    "JOD": 10.9263893,
    "KZT": 0.016257116329999998,
    "KES": 0.060027469199999996,
    "KWD": 25.33376698,
    "KGS": 0.09037128310999999,
    "LAK": 0.0003501219124,
    "LBP": 0.0000864750032,
    "LSL": 0.4352222626,
    "LRD": 0.039713100349999995,
    "LYD": 1.620484003,
    "MOP": 0.9656041146000001,
    "MKD": 0.13949843920000002,
    "MGA": 0.001694537965,
    "MWK": 0.004465928224,
    "MYR": 1.7686685770000001,
    "MVR": 0.5027972775,
    "MRU": 0.1954150107,
    "MUR": 0.16777076600000002,
    "MXN": 0.4126281701,
    "MDL": 0.44444919990000004,
    "MNT": null,
    "MAD": 0.7976719207,
    "MZN": 0.1211759522,
    "MMK": 0.002383849602,
    "NAD": 0.4352222626,
    "NPR": null,
    "ANG": 4.299494947,
    "TWD": 0.2423533987,
    "NZD": 4.755772899,
    "NIO": 0.2104215529,
    "NGN": 0.004869398054,
    "KPW": null,
    "NOK": 0.7365445742000001,
    "OMR": 20.11169599,
    "PKR": 0.0278265227,
    "PAB": 7.748033622,
    "PGK": 1.9635588350000002,
    "PYG": 0.001020794632,
    "PEN": 2.070271548,
    "PHP": 0.1371624969,
    "PLN": 2.0137447020000003,
    "QAR": 2.123631157,
    "RON": null,
    "RUB": 0.08502819156,
    "RWF": 0.0057366952389999995,
    "SHP": 10.02052742,
    "WST": null,
    "STN": null,
    "SAR": 2.063276729,
    "RSD": 0.07341427601,
    "SCR": 0.5750324086,
    "SLL": 0.00039433166970000003,
    "SGD": 5.924247305000001,
    "SBD": 0.9143707083,
    "SOS": 0.01355093441,
    "ZAR": 0.43368184600000004,
    "KRW": 0.005806597525,
    "SSP": null,
    "LKR": 0.025854803439999997,
    "SDG": 0.012871724979999999,
    "SRD": 0.2696271259,
    "SZL": 0.4353257777,
    "SEK": 0.7549520721,
    "CHF": 9.018095310000001,
    "SYP": null,
    "TJS": 0.7272017341,
    "TZS": 0.002858346835,
    "THB": 0.2266561622,
    "TOP": null,
    "TTD": 1.142894478,
    "TND": 2.5321037790000003,
    "TRY": 0.22847143190000002,
    "TMT": 2.2161682600000003,
    "UGX": 0.002080180973,
    "UAH": 0.1871679676,
    "AED": 2.107918691,
    "GBP": 10.082120000000002,
    "USD": 7.742343,
    "UYU": 0.1923198001,
    "UZS": 0.0006103065176,
    "VUV": null,
    "VES": 0.21131416760000002,
    "VND": 0.000310625898,
    "XOF": 0.01308287958,
    "YER": 0.03092622392,
    "ZMW": 0.3004490527,
    "ZWL": null,
    "AFN": 0.10916562286491725,
    "ALL": 0.0860467801839101,
    "DZD": 0.057698019840655014,
    "AOA": 0.008699421375994979,
    "ARS": 0.008194784776360169,
    "AMD": 0.01993850891672679,
    "AWG": 4.29896406143426,
    "AUD": 5.215114884026536,
    "AZN": 4.551844300342157,
    "BSD": 7.739880654414897,
    "BHD": 20.53491567770985,
    "BDT": 0.06463240209815779,
    "BBD": 3.833274455323794,
    "BYN": 2.3649991479984145,
    "BZD": 3.8397949787855796,
    "BMD": 7.738135310581667,
    "BTN": 0.09236772012796572,
    "BOB": 1.1200086541187089,
    "BAM": 4.3846001747072,
    "BWP": null,
    "BRL": 1.4222683315294111,
    "BND": 5.9164941087140015,
    "BGN": 4.3919265075431895,
    "BIF": 0.0026832683261448927,
    "CVE": 0.07749560869777142,
    "KHR": 0.0018921556899480455,
    "XAF": 0.013075768701693403,
    "CAD": 5.676657235990587,
    "KYD": 9.28764740072259,
    "CLP": 0.008418245354108027,
    "CNY": null,
    "COP": 0.0019329777806142896,
    "KMF": 0.017392976647744814,
    "CDF": 0.002696214393930895,
    "CRC": 0.01493268792934062,
    "HRK": null,
    "CUP": 0.3224853237009805,
    "CZK": 0.3414465693260088,
    "DKK": 1.1507496265058255,
    "DJF": 0.043463196298963495,
    "DOP": 0.12907936218837254,
    "EGP": 0.15838215015682341,
    "ERN": null,
    "ETB": 0.07099363027116824,
    "EUR": 8.587527673350865,
    "FJD": 3.4920959037021864,
    "GMD": 0.11054479015116667,
    "GEL": 2.8766302269820327,
    "GHS": 0.4956387571098054,
    "GIP": null,
    "GTQ": 1
  }
}