{
  "meta": {
    "code": "GTQ",
    "createdAt": "2024-08-26T12:43:24Z"
  },
  "data": {
    "GNF": 0.0008985206144,
    "GYD": 0.03708478958,
    "HTG": 0.058727492189999994,
    "HNL": null,
    "HKD": 0.9935185046,
    "HUF": 0.02187621243,
    "ISK": 0.05653838232,
    "INR": 0.09234415473999999,
    "IDR": 0.0005015965126,
    "IRR": 0.0001840041068,
    "IQD": 0.005914287463,
    "ILS": 2.109749523,
    "JMD": 0.04948766282,
    "JPY": 0.053736613739999994,
    "JOD": 10.92887007,
    "KZT": 0.01602613649,
    "KES": 0.06009615918,
    "KWD": 25.3566001,
    "KGS": null,
    "LAK": 0.0003507077606,
    "LBP": 0.00008648127599,
    "LSL": 0.43660737260000004,
    "LRD": 0.03971433527,
    "LYD": 1.626979251,
    "MOP": 0.9649379679000001,
    "MKD": 0.14044598560000002,
    "MGA": 0.001697321869,
    "MWK": 0.004466139296,
    "MYR": 1.7815283810000002,
    "MVR": 0.5045942121,
    "MRU": 0.1957731987,
    "MUR": 0.16805109270000002,
    "MXN": 0.4034316129,
    "MDL": 0.4445480543,
    "MNT": null,
    "MAD": 0.8052227940000001,
    "MZN": 0.1212205578,
    "MMK": 0.00238472711,
    "NAD": 0.43660350000000003,
    "NPR": 0.057704716219999994,
    "ANG": 4.29982212,
    "TWD": 0.2431313672,
    "NZD": 4.804769203,
    "NIO": 0.21043968200000002,
    "NGN": 0.0048382027219999995,
    "KPW": null,
    "NOK": 0.7343992002,
    "OMR": 20.123188680000002,
    "PKR": null,
    "PAB": 7.747996759,
    "PGK": 1.9887239120000002,
    "PYG": 0.001018960689,
    "PEN": 2.070416335,
    "PHP": 0.1379928506,
    "PLN": 2.019248492,
    "QAR": 2.123867616,
    "RON": 1.7374497130000002,
    "RUB": 0.08418606549999999,
    "RWF": 0.005846315495,
    "SHP": 10.228301870000001,
    "WST": null,
    "STN": null,
    "SAR": 2.0641402500000003,
    "RSD": 0.07386856534,
    "SCR": 0.5711466418,
    "SLL": 0.00039433166970000003,
    "SGD": 5.944465833000001,
    "SBD": 0.9162563319,
    "SOS": 0.013550084249999999,
    "ZAR": 0.4363243633,
    "KRW": 0.005837235185,
    "SSP": null,
    "LKR": 0.025741876979999998,
    "SDG": 0.01287646313,
    "SRD": 0.2692200971,
    "SZL": 0.4367897719,
    "SEK": 0.7576432215000001,
    "CHF": 9.137004182,
    "SYP": null,
    "TJS": 0.7271901295000001,
    "TZS": 0.002858570273,
    "THB": 0.2278869685,
    "TOP": 3.309520968,
    "TTD": 1.140667102,
    "TND": 2.543284997,
    "TRY": 0.227661382,
    "TMT": 2.216984044,
    "UGX": 0.002086554994,
    "UAH": 0.18741570170000002,
    "AED": 2.108706246,
    "GBP": 10.22056,
    "USD": 7.7451929999999996,
    "UYU": 0.19062775410000002,
    "UZS": 0.0006062738731,
    "VUV": null,
    "VES": 0.2119031362,
    "VND": 0.000311396259,
    "XOF": 0.01318989328,
    "YER": 0.030943765459999998,
    "ZMW": 0.2944676681,
    "ZWL": null,
    "AFN": 0.10927963602770158,
    "ALL": 0.08635877043553679,
    "DZD": 0.057617265757638404,
    "AOA": 0.008558377561595044,
    "ARS": 0.008182820048366376,
    "AMD": 0.019945511594857936,
    "AWG": 4.300584724701509,
    "AUD": 5.243514238772878,
    "AZN": 4.553560296742774,
    "BSD": 7.740154649063904,
    "BHD": 20.54358936089112,
    "BDT": 0.06520302004844464,
    "BBD": 3.8335326623365664,
    "BYN": 2.3651924330698395,
    "BZD": 3.840085891600506,
    "BMD": 7.741052504462717,
    "BTN": 0.09226660119231811,
    "BOB": 1.1200912423996268,
    "BAM": 4.421399465886456,
    "BWP": 0.5835934900223222,
    "BRL": 1.4109015610577755,
    "BND": 5.941365395697802,
    "BGN": 4.416367150817878,
    "BIF": 0.0026885254489582965,
    "CVE": 0.07842356937311264,
    "KHR": 0.001902185546252029,
    "XAF": 0.013182364980565272,
    "CAD": 5.736960200407716,
    "KYD": 9.288223474738539,
    "CLP": 0.0085236046519093,
    "CNY": 1.0867990824719178,
    "COP": 0.001921944053852239,
    "KMF": 0.01755141708301262,
    "CDF": 0.0027450540795967084,
    "CRC": 0.0147112921472196,
    "HRK": null,
    "CUP": 0.32251590300680855,
    "CZK": 0.3450989464334499,
    "DKK": 1.1580236846931824,
    "DJF": 0.04375683610315637,
    "DOP": 0.13009323938708853,
    "EGP": 0.15885631830806693,
    "ERN": null,
    "ETB": 0.06976353476181282,
    "EUR": 8.640290773018709,
    "FJD": 3.508135822328008,
    "GMD": 0.11058646434946738,
    "GEL": 2.872375697388763,
    "GHS": 0.4978927659571755,
    "GIP": null,
    "GTQ": 1
  }
}