{
  "meta": {
    "code": "GTQ",
    "createdAt": "2024-08-22T15:33:53Z"
  },
  "data": {
    "GNF": 0.00089789171,
    "GYD": 0.03708219414,
    "HTG": 0.05871274946,
    "HNL": 0.31156127240000003,
    "HKD": 0.9939134874000001,
    "HUF": 0.021880777759999998,
    "ISK": 0.056517677579999995,
    "INR": 0.09230889426,
    "IDR": 0.0004936950483,
    "IRR": 0.0001841112756,
    "IQD": 0.0059158045129999995,
    "ILS": 2.089344842,
    "JMD": 0.049452411159999994,
    "JPY": 0.05305641101,
    "JOD": 10.93523532,
    "KZT": 0.016153607009999998,
    "KES": 0.060075224149999995,
    "KWD": 25.35005675,
    "KGS": 0.09064309538,
    "LAK": 0.00035026910640000003,
    "LBP": 0.00008654051833,
    "LSL": null,
    "LRD": 0.039692813679999994,
    "LYD": 1.62297463,
    "MOP": 0.9621244966,
    "MKD": 0.1399147059,
    "MGA": 0.001681063699,
    "MWK": 0.004465401298,
    "MYR": 1.7693411200000002,
    "MVR": 0.5042310808,
    "MRU": 0.1957984802,
    "MUR": 0.1683682866,
    "MXN": 0.3986181922,
    "MDL": 0.4471966693,
    "MNT": null,
    "MAD": 0.8004651437,
    "MZN": 0.12128147260000001,
    "MMK": 0.002386116037,
    "NAD": 0.43367118060000004,
    "NPR": 0.05766377278,
    "ANG": 4.299473006,
    "TWD": 0.2419363042,
    "NZD": 4.758163261,
    "NIO": 0.21058978220000002,
    "NGN": 0.004918635607,
    "KPW": null,
    "NOK": 0.7315643078,
    "OMR": 20.13213455,
    "PKR": 0.027814100709999998,
    "PAB": 7.748143984,
    "PGK": 1.9646859710000002,
    "PYG": 0.001021178496,
    "PEN": 2.061941424,
    "PHP": 0.13718479520000001,
    "PLN": 2.010022127,
    "QAR": 2.1287475920000003,
    "RON": 1.730001297,
    "RUB": 0.08377794259999999,
    "RWF": 0.005826845041,
    "SHP": 10.13932522,
    "WST": null,
    "STN": null,
    "SAR": 2.0654415,
    "RSD": 0.07353846406999999,
    "SCR": 0.5689045306,
    "SLL": 0.00039433166970000003,
    "SGD": 5.914450872000001,
    "SBD": 0.9067153680000001,
    "SOS": 0.01357216046,
    "ZAR": 0.43005292910000004,
    "KRW": 0.005768554945,
    "SSP": null,
    "LKR": 0.02571708273,
    "SDG": 0.01288396272,
    "SRD": 0.2690122123,
    "SZL": 0.4334286304,
    "SEK": 0.7563713428000001,
    "CHF": 9.096470810000001,
    "SYP": null,
    "TJS": 0.7265218079,
    "TZS": 0.002852301728,
    "THB": 0.22466856870000002,
    "TOP": 3.3005989330000003,
    "TTD": 1.1412051360000002,
    "TND": 2.5362309030000003,
    "TRY": 0.2285314862,
    "TMT": 2.218275272,
    "UGX": 0.002084506857,
    "UAH": 0.1874472829,
    "AED": 2.1099111610000003,
    "GBP": 10.14269634,
    "USD": 7.7497039999999995,
    "UYU": 0.1920764136,
    "UZS": 0.0006118992452,
    "VUV": null,
    "VES": 0.2116896745,
    "VND": 0.0003103299219,
    "XOF": 0.01292694568,
    "YER": 0.030955626889999997,
    "ZMW": 0.2975573247,
    "ZWL": null,
    "AFN": 0.10909216067551611,
    "ALL": 0.08673620837583028,
    "DZD": 0.05778785703563632,
    "AOA": 0.008601380800991407,
    "ARS": 0.008194275891034601,
    "AMD": 0.019962740742169187,
    "AWG": 4.297111461650939,
    "AUD": null,
    "AZN": 4.556202004683319,
    "BSD": 7.73939059648378,
    "BHD": 20.55224044354813,
    "BDT": 0.06476737568063347,
    "BBD": 3.8332414029408244,
    "BYN": 2.3649972625251285,
    "BZD": 3.8397251110689545,
    "BMD": 7.745543407961644,
    "BTN": 0.09220080448244537,
    "BOB": null,
    "BAM": 4.410658072420609,
    "BWP": 0.5796924597707896,
    "BRL": 1.3907071386121255,
    "BND": 5.919388409547207,
    "BGN": 4.402432797218847,
    "BIF": 0.002694102054943181,
    "CVE": 0.07794257522001964,
    "KHR": 0.0018914635916878252,
    "XAF": 0.01315075258560757,
    "CAD": 5.69265732481106,
    "KYD": 9.287688926662044,
    "CLP": 0.008433185347037877,
    "CNY": 1.0840205183846,
    "COP": 0.0019028621777760978,
    "KMF": null,
    "CDF": 0.002694102054943181,
    "CRC": 0.014718184887596387,
    "HRK": null,
    "CUP": 0.3225307375872934,
    "CZK": 0.3430008993164589,
    "DKK": 1.1530490251558085,
    "DJF": 0.04346393901032983,
    "DOP": null,
    "EGP": 0.15877871772296426,
    "ERN": null,
    "ETB": 0.07038203917026242,
    "EUR": 8.605872486799411,
    "FJD": 3.4900839946439297,
    "GMD": 0.11065062011373776,
    "GEL": 2.8634171563628996,
    "GHS": 0.495556200125505,
    "GIP": null,
    "GTQ": 1
  }
}