{
  "meta": {
    "code": "GTQ",
    "createdAt": "2024-07-26T16:04:35Z"
  },
  "data": {
    "GNF": 0.0008993867537,
    "GYD": 0.037122860869999996,
    "HTG": 0.058718838749999995,
    "HNL": 0.3131393814,
    "HKD": 0.9925955403000001,
    "HUF": 0.02152160644,
    "ISK": 0.056131000369999996,
    "INR": 0.09254155928999999,
    "IDR": 0.00047620035690000003,
    "IRR": 0.00018405048940000002,
    "IQD": 0.005918819944,
    "ILS": 2.117806497,
    "JMD": 0.049554832119999996,
    "JPY": 0.05037881521,
    "JOD": 10.93487127,
    "KZT": 0.0163619323,
    "KES": 0.05904339794,
    "KWD": 25.33807685,
    "KGS": 0.09221073544,
    "LAK": 0.0003494899403,
    "LBP": 0.00008654658787,
    "LSL": 0.4246021431,
    "LRD": 0.03966526812,
    "LYD": 1.605008406,
    "MOP": 0.9643643085,
    "MKD": 0.1365818933,
    "MGA": 0.001703092647,
    "MWK": 0.004469669667,
    "MYR": 1.663864177,
    "MVR": 0.5048712922,
    "MRU": 0.1956644213,
    "MUR": 0.165591247,
    "MXN": 0.4208590444,
    "MDL": 0.43784369900000003,
    "MNT": null,
    "MAD": 0.7876552413,
    "MZN": 0.12128712180000001,
    "MMK": 0.002386036599,
    "NAD": 0.4246080327,
    "NPR": 0.057866174949999995,
    "ANG": 4.303127098,
    "TWD": 0.2361880026,
    "NZD": 4.568685889,
    "NIO": 0.2105896451,
    "NGN": 0.004855542559,
    "KPW": null,
    "NOK": 0.7035855391,
    "OMR": 20.131169840000002,
    "PKR": 0.027847269969999998,
    "PAB": 7.754769869,
    "PGK": 1.9762691430000001,
    "PYG": 0.001023471658,
    "PEN": 2.062706464,
    "PHP": 0.1325178514,
    "PLN": 1.9691342280000002,
    "QAR": 2.1286767230000003,
    "RON": 1.692723113,
    "RUB": 0.0900222144,
    "RWF": 0.005894735441,
    "SHP": 10.00259742,
    "WST": null,
    "STN": null,
    "SAR": 2.065640326,
    "RSD": 0.07185725802,
    "SCR": 0.5650823953,
    "SLL": 0.00039433166970000003,
    "SGD": 5.773216378000001,
    "SBD": 0.9144346280000001,
    "SOS": 0.013618891889999998,
    "ZAR": 0.42435578820000003,
    "KRW": 0.005601618071,
    "SSP": null,
    "LKR": 0.02558124672,
    "SDG": 0.01322431025,
    "SRD": 0.2672130569,
    "SZL": 0.4246064673,
    "SEK": 0.7167581946,
    "CHF": 8.780595034000001,
    "SYP": null,
    "TJS": 0.731238422,
    "TZS": 0.002873242208,
    "THB": 0.2156818061,
    "TOP": null,
    "TTD": 1.142283839,
    "TND": 2.4966010450000002,
    "TRY": 0.2351360928,
    "TMT": 2.13109765,
    "UGX": 0.0020782905999999998,
    "UAH": 0.1887838665,
    "AED": 2.1098409190000003,
    "GBP": 9.96819,
    "USD": 7.749446,
    "UYU": 0.1923412497,
    "UZS": 0.0006134453704000001,
    "VUV": null,
    "VES": 0.2120914103,
    "VND": 0.0003061209407,
    "XOF": 0.01282688301,
    "YER": 0.030954596329999997,
    "ZMW": 0.2966613469,
    "ZWL": null,
    "AFN": 0.10948115993262234,
    "ALL": 0.08361548032352865,
    "DZD": 0.057636697024938996,
    "AOA": 0.00887548702182576,
    "ARS": 0.008335175761421577,
    "AMD": 0.019940961608556778,
    "AWG": 4.302816382646363,
    "AUD": 5.079023846357253,
    "AZN": 4.555923228684384,
    "BSD": 7.746175646466228,
    "BHD": 20.55074300333812,
    "BDT": 0.06592356416540743,
    "BBD": 3.836317985721109,
    "BYN": 2.3669679639598886,
    "BZD": 3.8428754329568875,
    "BMD": 7.745069488763452,
    "BTN": 0.0925209737345085,
    "BOB": 1.1209186861775613,
    "BAM": 4.299627492699956,
    "BWP": 0.5716660977121717,
    "BRL": 1.3694998566679395,
    "BND": 5.764180157995959,
    "BGN": 4.300809340064204,
    "BIF": 0.002688734628929619,
    "CVE": 0.07626290026328676,
    "KHR": 0.0018884195421869606,
    "XAF": 0.01281999333137279,
    "CAD": 5.598292331392713,
    "KYD": 9.294939269278851,
    "CLP": 0.00817809987860224,
    "CNY": 1.0683296535615814,
    "COP": null,
    "KMF": 0.0170511739529164,
    "CDF": 0.00270334013569405,
    "CRC": 0.014650257308036197,
    "HRK": null,
    "CUP": 0.3227498242682881,
    "CZK": 0.3318083065212645,
    "DKK": 1.1270244041744077,
    "DJF": 0.043497697304980806,
    "DOP": 0.1309517208980265,
    "EGP": 0.16025917452171026,
    "ERN": null,
    "ETB": 0.13398536345765383,
    "EUR": 8.410052332702817,
    "FJD": 3.428614839145551,
    "GMD": 0.11431836883783694,
    "GEL": 2.868544255097575,
    "GHS": 0.5000795474035656,
    "GIP": null,
    "GTQ": 1
  }
}