{
  "meta": {
    "code": "GTQ",
    "createdAt": "2024-08-16T17:03:57Z"
  },
  "data": {
    "GNF": 0.0008976008870000001,
    "GYD": 0.037090233529999996,
    "HTG": 0.05873503452,
    "HNL": 0.3121811512,
    "HKD": 0.9935809803000001,
    "HUF": 0.021622584599999998,
    "ISK": 0.055897646849999996,
    "INR": 0.09234212281,
    "IDR": 0.0004942020653,
    "IRR": 0.00018397567640000002,
    "IQD": 0.005913202986,
    "ILS": 2.108613037,
    "JMD": 0.049336221189999994,
    "JPY": 0.05236689753,
    "JOD": 10.93196797,
    "KZT": 0.01615801431,
    "KES": 0.06004880554,
    "KWD": 25.31815651,
    "KGS": 0.09038851470999999,
    "LAK": 0.0003501150725,
    "LBP": 0.00008650246138,
    "LSL": 0.4305889868,
    "LRD": 0.03962403146,
    "LYD": 1.61381164,
    "MOP": 0.9650203869,
    "MKD": 0.1384605481,
    "MGA": 0.001682148921,
    "MWK": 0.004464723872,
    "MYR": 1.7461375090000002,
    "MVR": 0.5030539901000001,
    "MRU": 0.19558701,
    "MUR": 0.1676383663,
    "MXN": 0.4160648832,
    "MDL": 0.4441726126,
    "MNT": null,
    "MAD": 0.7931966968,
    "MZN": 0.12133279050000001,
    "MMK": 0.002384971984,
    "NAD": 0.4305889868,
    "NPR": 0.05767273847,
    "ANG": 4.300204396000001,
    "TWD": 0.2402153501,
    "NZD": 4.678878978,
    "NIO": 0.2103257093,
    "NGN": 0.004871577851,
    "KPW": null,
    "NOK": 0.7230741269000001,
    "OMR": 20.12275452,
    "PKR": 0.027811185689999997,
    "PAB": null,
    "PGK": 1.9937958880000002,
    "PYG": 0.001023696255,
    "PEN": 2.070150431,
    "PHP": 0.1356762195,
    "PLN": 1.9997256780000001,
    "QAR": 2.127519421,
    "RON": 1.713253708,
    "RUB": 0.08660544838999999,
    "RWF": 0.005875082224,
    "SHP": 9.938110453,
    "WST": null,
    "STN": null,
    "SAR": 2.0641973250000003,
    "RSD": null,
    "SCR": 0.5521145361,
    "SLL": 0.00039433166970000003,
    "SGD": 5.8807942650000005,
    "SBD": 0.9101897800000001,
    "SOS": 0.01360777874,
    "ZAR": 0.4330687621,
    "KRW": 0.00573307395,
    "SSP": null,
    "LKR": 0.02593113641,
    "SDG": 0.012878296879999999,
    "SRD": 0.2697647891,
    "SZL": 0.4304693452,
    "SEK": 0.7392001335,
    "CHF": 8.922447106,
    "SYP": null,
    "TJS": 0.7273260688000001,
    "TZS": 0.002857357382,
    "THB": 0.2228401758,
    "TOP": 3.266613023,
    "TTD": 1.140658353,
    "TND": 2.52734294,
    "TRY": 0.22991908190000002,
    "TMT": 2.217299767,
    "UGX": 0.002080631866,
    "UAH": 0.1878799025,
    "AED": 2.10898331,
    "GBP": 10.012281230000001,
    "USD": 7.746296,
    "UYU": 0.1920306778,
    "UZS": 0.000612839873,
    "VUV": null,
    "VES": 0.2114518038,
    "VND": 0.0003091097448,
    "XOF": 0.01301839749,
    "YER": 0.030948172189999998,
    "ZMW": 0.2953324151,
    "ZWL": null,
    "AFN": 0.10904258300419556,
    "ALL": 0.0854527968355175,
    "DZD": 0.05762663677599141,
    "AOA": 0.008762901407241524,
    "ARS": 0.008225332415623126,
    "AMD": 0.019947499211366643,
    "AWG": 4.301124107387714,
    "AUD": 5.152658113669502,
    "AZN": 4.554131407822285,
    "BSD": 7.740862268751967,
    "BHD": 20.53904182064764,
    "BDT": null,
    "BBD": 3.8338160142838626,
    "BYN": 2.3653532082565576,
    "BZD": 3.840216997697967,
    "BMD": 7.742023393297885,
    "BTN": 0.0922119204396657,
    "BOB": 1.120218920099838,
    "BAM": 4.351355673976317,
    "BWP": 0.5782242246502325,
    "BRL": 1.4156195635944204,
    "BND": 5.869175396075622,
    "BGN": 4.3537316987475805,
    "BIF": 0.002692877702016656,
    "CVE": 0.0769393629147616,
    "KHR": 0.0018882983886092403,
    "XAF": 0.01297387234480624,
    "CAD": 5.652824319144839,
    "KYD": 9.288696290289579,
    "CLP": 0.008225257257155788,
    "CNY": 1.0805788649395676,
    "COP": 0.001926926209421776,
    "KMF": 0.01732190042129519,
    "CDF": 0.00269662953441236,
    "CRC": 0.014716070964077569,
    "HRK": null,
    "CUP": 0.32253391218232225,
    "CZK": 0.33798664102393566,
    "DKK": 1.1418879875477133,
    "DJF": 0.04356303958275348,
    "DOP": 0.1291413410058029,
    "EGP": 0.158341590452741,
    "ERN": null,
    "ETB": 0.07062279036075608,
    "EUR": 8.522233910437622,
    "FJD": 3.466008593083781,
    "GMD": 0.11220323758402732,
    "GEL": 2.878075610891407,
    "GHS": 0.49438208130893263,
    "GIP": null,
    "GTQ": 1
  }
}