{
  "meta": {
    "code": "GTQ",
    "createdAt": "2024-08-05T15:04:19Z"
  },
  "data": {
    "GNF": 0.0008985578828,
    "GYD": 0.03711359871,
    "HTG": 0.05873745362,
    "HNL": 0.3122410815,
    "HKD": 0.9951840110000001,
    "HUF": 0.021436203009999998,
    "ISK": 0.05652462201,
    "INR": 0.09217660860999999,
    "IDR": 0.000478538293,
    "IRR": 0.0001840130395,
    "IQD": 0.005912648024,
    "ILS": 2.024720627,
    "JMD": 0.04941082809,
    "JPY": 0.054373894379999996,
    "JOD": 10.92785926,
    "KZT": 0.01616576156,
    "KES": 0.05958129928,
    "KWD": 25.39530413,
    "KGS": 0.09166082343,
    "LAK": 0.0003489780984,
    "LBP": 0.00008649434301,
    "LSL": 0.423950133,
    "LRD": 0.039650636589999996,
    "LYD": 1.6036374160000002,
    "MOP": 0.9673859384000001,
    "MKD": 0.1377555643,
    "MGA": 0.001696729241,
    "MWK": 0.004469456972,
    "MYR": 1.7221947350000002,
    "MVR": 0.5042902186,
    "MRU": 0.19461228530000002,
    "MUR": 0.1670079449,
    "MXN": 0.3957088279,
    "MDL": 0.4393286736,
    "MNT": null,
    "MAD": 0.7866316224000001,
    "MZN": 0.12132140320000001,
    "MMK": 0.00238484288,
    "NAD": 0.423950133,
    "NPR": 0.05764642825999999,
    "ANG": 4.337525611,
    "TWD": 0.237081488,
    "NZD": 4.597072657,
    "NIO": 0.2100778087,
    "NGN": 0.004857496037,
    "KPW": null,
    "NOK": 0.7028639133,
    "OMR": 20.1198513,
    "PKR": 0.02776189535,
    "PAB": 7.754213055,
    "PGK": 2.2529287140000003,
    "PYG": 0.001022896107,
    "PEN": 2.071700137,
    "PHP": 0.1338262371,
    "PLN": 1.9781021390000002,
    "QAR": 2.127612533,
    "RON": 1.7094633430000001,
    "RUB": 0.09080339669,
    "RWF": 0.005878989732,
    "SHP": 9.923623002000001,
    "WST": null,
    "STN": null,
    "SAR": 2.06325065,
    "RSD": 0.07270923087,
    "SCR": 0.5701827811,
    "SLL": 0.00039433166970000003,
    "SGD": 5.864723323000001,
    "SBD": 0.9124280282,
    "SOS": 0.013564918779999999,
    "ZAR": 0.417087737,
    "KRW": 0.0056637482699999995,
    "SSP": null,
    "LKR": 0.025789468389999997,
    "SDG": 0.012877088239999999,
    "SRD": 0.270026282,
    "SZL": 0.423950133,
    "SEK": 0.7367504678,
    "CHF": 9.125589283,
    "SYP": null,
    "TJS": 0.7346694658,
    "TZS": 0.002858143542,
    "THB": 0.21962119400000002,
    "TOP": 3.2562372070000003,
    "TTD": 1.1449097320000001,
    "TND": 2.4921523160000003,
    "TRY": 0.23178762390000002,
    "TMT": 2.21301967,
    "UGX": 0.00207782479,
    "UAH": 0.18934717280000002,
    "AED": 2.108785379,
    "GBP": 9.886637910000001,
    "USD": 7.745569,
    "UYU": 0.1914317378,
    "UZS": 0.0006154603876,
    "VUV": null,
    "VES": 0.2114830795,
    "VND": 0.0003070599155,
    "XOF": 0.012760409759999999,
    "YER": null,
    "ZMW": 0.2994075257,
    "ZWL": null,
    "AFN": 0.11058954623560927,
    "ALL": 0.08443791709322943,
    "DZD": 0.05755161876482662,
    "AOA": 0.00880189680101495,
    "ARS": 0.008279280738148216,
    "AMD": 0.01996304151093611,
    "AWG": 4.300704575829249,
    "AUD": 5.012005630481111,
    "AZN": 4.553687197936851,
    "BSD": 7.745793330709745,
    "BHD": 20.535861669576576,
    "BDT": 0.06592173323825855,
    "BBD": 3.8361414535162908,
    "BYN": 2.367154729753491,
    "BZD": 3.8425718169631073,
    "BMD": 7.7412682364926475,
    "BTN": 0.09217077135064025,
    "BOB": 1.1209744910507868,
    "BAM": 4.335909755190962,
    "BWP": 0.5692921076089035,
    "BRL": 1.341617690737338,
    "BND": 5.861329015981539,
    "BGN": 4.347078242076231,
    "BIF": 0.002690275668633414,
    "CVE": 0.07630624185798568,
    "KHR": 0.0018835202521879923,
    "XAF": 0.012927939442668887,
    "CAD": 5.596131234651977,
    "KYD": 9.294358301832553,
    "CLP": 0.008112496060754445,
    "CNY": 1.0858537054644282,
    "COP": 0.0018454703360688053,
    "KMF": 0.01715516506701972,
    "CDF": 0.002692615038780052,
    "CRC": 0.014799467072433877,
    "HRK": null,
    "CUP": 0.32273155579016816,
    "CZK": 0.33666470544550275,
    "DKK": 1.139561360922974,
    "DJF": 0.04349699103322709,
    "DOP": 0.13010534851248148,
    "EGP": 0.1571786434012448,
    "ERN": null,
    "ETB": 0.09611109612311962,
    "EUR": 8.501843123072494,
    "FJD": 3.4300448566722963,
    "GMD": 0.11138515448190858,
    "GEL": 2.8618366863189086,
    "GHS": 0.4978307547583697,
    "GIP": null,
    "GTQ": 1
  }
}