{
  "meta": {
    "code": "GTQ",
    "createdAt": "2024-08-15T09:33:04Z"
  },
  "data": {
    "GNF": 0.0008986118909,
    "GYD": 0.037118201919999996,
    "HTG": 0.058799319249999996,
    "HNL": 0.3128048946,
    "HKD": null,
    "HUF": 0.02164677844,
    "ISK": 0.05614642271,
    "INR": 0.09237929696,
    "IDR": null,
    "IRR": 0.00018418106770000002,
    "IQD": 0.005915651973,
    "ILS": 2.0881823010000002,
    "JMD": 0.049316449059999996,
    "JPY": 0.052606438109999994,
    "JOD": 10.94417247,
    "KZT": 0.01613903885,
    "KES": 0.059480963319999997,
    "KWD": 25.34390922,
    "KGS": 0.09048963423999999,
    "LAK": 0.00035012564010000004,
    "LBP": 0.00008649011493,
    "LSL": 0.4292235098,
    "LRD": 0.03968375531,
    "LYD": null,
    "MOP": 0.9659969258000001,
    "MKD": 0.1387890695,
    "MGA": 0.001702993457,
    "MWK": 0.004467349488,
    "MYR": 1.7485785690000002,
    "MVR": 0.5036156019,
    "MRU": 0.19566323160000001,
    "MUR": null,
    "MXN": 0.41262893780000004,
    "MDL": 0.44187670910000004,
    "MNT": null,
    "MAD": 0.7918829231000001,
    "MZN": 0.1213731713,
    "MMK": 0.002387729421,
    "NAD": 0.4292176936,
    "NPR": null,
    "ANG": 4.300933043000001,
    "TWD": 0.23998713370000002,
    "NZD": 4.65773569,
    "NIO": 0.210479184,
    "NGN": 0.004877323211,
    "KPW": null,
    "NOK": 0.7264909088,
    "OMR": 20.1454523,
    "PKR": 0.027802598699999997,
    "PAB": 7.750453111000001,
    "PGK": 1.9665801260000002,
    "PYG": 0.001023739463,
    "PEN": 2.068376174,
    "PHP": 0.13621419540000002,
    "PLN": 1.994352131,
    "QAR": 2.1230356560000003,
    "RON": 1.7161249040000002,
    "RUB": 0.08737968455999999,
    "RWF": 0.005872048172,
    "SHP": 9.949205404,
    "WST": null,
    "STN": null,
    "SAR": 2.0666612460000002,
    "RSD": 0.07297603157,
    "SCR": 0.5805245611000001,
    "SLL": 0.00039433166970000003,
    "SGD": 5.884966435,
    "SBD": 0.91120592,
    "SOS": 0.013609352849999999,
    "ZAR": 0.4301160263,
    "KRW": 0.005710689578,
    "SSP": null,
    "LKR": 0.02589164867,
    "SDG": 0.01289267427,
    "SRD": 0.270131803,
    "SZL": 0.4291944288,
    "SEK": 0.7410391838,
    "CHF": 8.951275946,
    "SYP": null,
    "TJS": 0.7288083187000001,
    "TZS": 0.002861602951,
    "THB": 0.2216965554,
    "TOP": null,
    "TTD": 1.140508757,
    "TND": 2.520740204,
    "TRY": 0.23038434160000001,
    "TMT": 2.213427748,
    "UGX": 0.002079683658,
    "UAH": 0.1877844179,
    "AED": 2.111361053,
    "GBP": 9.968173997000001,
    "USD": 7.754944,
    "UYU": null,
    "UZS": 0.000613806144,
    "VUV": null,
    "VES": 0.21207243720000002,
    "VND": 0.0003096099352,
    "XOF": 0.01301603759,
    "YER": null,
    "ZMW": 0.29538093130000004,
    "ZWL": null,
    "AFN": 0.10914908118521756,
    "ALL": 0.08537544197660382,
    "DZD": 0.05766314813690608,
    "AOA": 0.008802598820122189,
    "ARS": null,
    "AMD": 0.019923685593802115,
    "AWG": 4.305937922843103,
    "AUD": 5.131784619032382,
    "AZN": 4.5592283888926985,
    "BSD": 7.742040404002522,
    "BHD": 20.565471761144867,
    "BDT": 0.06588026718121825,
    "BBD": 3.8343188376296187,
    "BYN": 2.3660819642379605,
    "BZD": 3.8408761086337924,
    "BMD": null,
    "BTN": 0.09224377599926571,
    "BOB": 1.120466040944139,
    "BAM": 4.363160777842295,
    "BWP": 0.5767675062000474,
    "BRL": 1.4168412294050192,
    "BND": 5.887321553127493,
    "BGN": null,
    "BIF": 0.002684878431907663,
    "CVE": 0.07738917370005145,
    "KHR": 0.0018924727200544716,
    "XAF": 0.013008893367860127,
    "CAD": 5.65485691645606,
    "KYD": 9.300952414736983,
    "CLP": 0.008297137754393656,
    "CNY": 1.0834971148384747,
    "COP": 0.0019297120032659252,
    "KMF": 0.017341287081592098,
    "CDF": 0.002699647600528592,
    "CRC": 0.014717619149918346,
    "HRK": null,
    "CUP": 0.32257814278736197,
    "CZK": 0.33894792308899185,
    "DKK": 1.1438948391530832,
    "DJF": 0.04361179531367159,
    "DOP": 0.12928587591522248,
    "EGP": 0.1582418999819842,
    "ERN": null,
    "ETB": 0.07110723175337236,
    "EUR": null,
    "FJD": null,
    "GMD": 0.11072411801596553,
    "GEL": 2.881296751344828,
    "GHS": 0.49472246694933336,
    "GIP": null,
    "GTQ": 1
  }
}