{
  "meta": {
    "code": "GTQ",
    "createdAt": "2024-08-23T17:04:21Z"
  },
  "data": {
    "GNF": 0.0008976437607,
    "GYD": 0.03708862759,
    "HTG": 0.058756300289999994,
    "HNL": 0.311314027,
    "HKD": 0.9937492864,
    "HUF": 0.02201022251,
    "ISK": 0.056785412109999996,
    "INR": 0.09241857750999999,
    "IDR": 0.0005008777328,
    "IRR": 0.000183984464,
    "IQD": 0.005913485429,
    "ILS": 2.099284977,
    "JMD": 0.049454003049999994,
    "JPY": 0.05349630632,
    "JOD": null,
    "KZT": 0.0160221504,
    "KES": 0.06005167375999999,
    "KWD": 25.361724600000002,
    "KGS": 0.09077446385,
    "LAK": 0.0003499736088,
    "LBP": null,
    "LSL": 0.4296542427,
    "LRD": 0.039701841419999995,
    "LYD": 1.6257430590000002,
    "MOP": 0.9643661823,
    "MKD": 0.1407215189,
    "MGA": 0.0016886465299999999,
    "MWK": 0.004463650794,
    "MYR": 1.769251751,
    "MVR": 0.5046901771,
    "MRU": 0.194737704,
    "MUR": 0.16786444220000002,
    "MXN": 0.4067077116,
    "MDL": 0.4472537615,
    "MNT": null,
    "MAD": 0.8003167407,
    "MZN": 0.1212343158,
    "MMK": 0.002385180644,
    "NAD": 0.4296542427,
    "NPR": 0.05770444248,
    "ANG": 4.299582451,
    "TWD": 0.243169976,
    "NZD": 4.8158698520000005,
    "NIO": 0.2104500342,
    "NGN": 0.004917737425,
    "KPW": null,
    "NOK": 0.7390411161,
    "OMR": 20.12387061,
    "PKR": 0.027808187569999997,
    "PAB": 7.747758279,
    "PGK": 1.9636668840000002,
    "PYG": 0.001021796647,
    "PEN": 2.0696408880000003,
    "PHP": 0.1378777953,
    "PLN": 2.030246225,
    "QAR": 2.1276210420000004,
    "RON": 1.7399267470000002,
    "RUB": 0.08466563670999999,
    "RWF": 0.005820184816,
    "SHP": 10.13651246,
    "WST": null,
    "STN": null,
    "SAR": 2.0645833220000003,
    "RSD": 0.07399058221999999,
    "SCR": 0.5802577419,
    "SLL": 0.00039433166970000003,
    "SGD": 5.945824118,
    "SBD": 0.9203039208,
    "SOS": 0.01356683997,
    "ZAR": 0.43697393570000004,
    "KRW": 0.0058382159559999995,
    "SSP": null,
    "LKR": 0.025829599989999997,
    "SDG": 0.012878912009999998,
    "SRD": 0.2692712981,
    "SZL": 0.4296542427,
    "SEK": 0.7601849051,
    "CHF": 9.121877388,
    "SYP": null,
    "TJS": 0.7286948627000001,
    "TZS": 0.002853283937,
    "THB": 0.2277030214,
    "TOP": 3.293107716,
    "TTD": 1.1411520720000001,
    "TND": 2.5367720520000003,
    "TRY": 0.228049065,
    "TMT": null,
    "UGX": 0.002084749443,
    "UAH": 0.1876552371,
    "AED": 2.1090840450000004,
    "GBP": 10.22013772,
    "USD": 7.746665999999999,
    "UYU": 0.1919236501,
    "UZS": 0.0006093978873,
    "VUV": null,
    "VES": 0.2113635986,
    "VND": 0.0003101455199,
    "XOF": 0.01290035943,
    "YER": null,
    "ZMW": 0.29495392060000003,
    "ZWL": null,
    "AFN": 0.10904908381049122,
    "ALL": 0.08582244727869777,
    "DZD": 0.05761840691086834,
    "AOA": 0.008597984401858263,
    "ARS": 0.008193105767772357,
    "AMD": 0.019952801130153793,
    "AWG": 4.29541467528862,
    "AUD": 5.252614407537144,
    "AZN": 4.554402912085222,
    "BSD": 7.7395980833061815,
    "BHD": 20.547287253194636,
    "BDT": 0.06476357133460503,
    "BBD": 3.833256818205086,
    "BYN": 2.365399552805461,
    "BZD": 3.8397907502037296,
    "BMD": 7.742484950544877,
    "BTN": 0.09226687071866495,
    "BOB": 1.120211792618529,
    "BAM": 4.4004268030281715,
    "BWP": 0.579313109581423,
    "BRL": 1.4088003476372641,
    "BND": 5.915938836057291,
    "BGN": 4.429303741684189,
    "BIF": null,
    "CVE": null,
    "KHR": 0.001893028105267696,
    "XAF": 0.013120182889345681,
    "CAD": 5.730674398445191,
    "KYD": 9.3053424166875,
    "CLP": 0.00851299624568523,
    "CNY": 1.086664554462439,
    "COP": 0.0019235413976589216,
    "KMF": 0.017471476816475776,
    "CDF": 0.002745562039200311,
    "CRC": 0.014711978986215433,
    "HRK": null,
    "CUP": 0.32249819028044285,
    "CZK": 0.34563121967246546,
    "DKK": 1.1600505749894092,
    "DJF": null,
    "DOP": 0.1292568439156073,
    "EGP": 0.15873359256609465,
    "ERN": null,
    "ETB": 0.07054655993873263,
    "EUR": 8.654640826295532,
    "FJD": 3.5110921938301214,
    "GMD": 0.1106069278649268,
    "GEL": 2.867587018720325,
    "GHS": 0.4953605214680023,
    "GIP": null,
    "GTQ": 1
  }
}