{
  "meta": {
    "code": "GMD",
    "createdAt": "2024-07-25T15:03:58Z"
  },
  "data": {
    "GEL": 24.87365543,
    "GHS": 4.371759277000001,
    "GIP": null,
    "GTQ": 8.741084077,
    "GNF": 0.007863519822,
    "GYD": 0.3244912473,
    "HTG": 0.5133742758000001,
    "HNL": 2.7375623780000002,
    "HKD": 8.6814353,
    "HUF": 0.1874090578,
    "ISK": 0.4921931718,
    "INR": 0.8089481672000001,
    "IDR": 0.00415425507,
    "IRR": 0.0016101442969999999,
    "IQD": 0.051752088589999995,
    "ILS": 18.47807704,
    "JMD": 0.43295117310000003,
    "JPY": 0.4409882037,
    "JOD": 95.6340493,
    "KZT": 0.14271496960000002,
    "KES": 0.5213095762000001,
    "KWD": 221.65447759999998,
    "KGS": 0.8049287031,
    "LAK": 0.00305757424,
    "LBP": 0.0007567010975000001,
    "LSL": 3.666217461,
    "LRD": 0.3467874737,
    "LYD": 14.01204749,
    "MOP": 8.433229695,
    "MKD": 1.1938356140000002,
    "MGA": 0.014916911509999999,
    "MWK": 0.03907804159,
    "MYR": 14.53775783,
    "MVR": 4.415496518,
    "MRU": 1.7120562090000002,
    "MUR": 1.448845152,
    "MXN": 3.6898404370000004,
    "MDL": 3.812097726,
    "MNT": null,
    "MAD": 6.89667556,
    "MZN": 1.060751269,
    "MMK": 0.020867766609999998,
    "NAD": 3.666217461,
    "NPR": 0.5060232638000001,
    "ANG": 37.62348165,
    "TWD": 2.071851251,
    "NZD": 40.00554925,
    "NIO": 1.8413708420000001,
    "NGN": 0.04278049496,
    "KPW": null,
    "NOK": 6.1450237,
    "OMR": 176.06935149999998,
    "PKR": 0.24340211960000002,
    "PAB": 67.79567137000001,
    "PGK": 17.52669633,
    "PYG": 0.008936960605,
    "PEN": 17.967921060000002,
    "PHP": 1.158033471,
    "PLN": 17.16115864,
    "QAR": 18.57686995,
    "RON": 14.80678391,
    "RUB": 0.7973532202,
    "RWF": 0.05170932934,
    "SHP": 87.48058125,
    "WST": null,
    "STN": null,
    "SAR": 18.0652541,
    "RSD": 0.6285065081,
    "SCR": 4.923824606,
    "SLL": 0.003444088287,
    "SGD": 50.49658382,
    "SBD": 7.997450000000001,
    "SOS": 0.1190583092,
    "ZAR": 3.6968248540000004,
    "KRW": 0.04902617131,
    "SSP": null,
    "LKR": 0.22336118770000002,
    "SDG": 0.1156569937,
    "SRD": 2.34207614,
    "SZL": 3.667105991,
    "SEK": 6.2754539760000005,
    "CHF": 77.024932,
    "SYP": null,
    "TJS": 6.381426966,
    "TZS": 0.025197626709999997,
    "THB": 1.8729905900000001,
    "TOP": 28.5129425,
    "TTD": 9.973328462000001,
    "TND": 21.83473965,
    "TRY": 2.052867473,
    "TMT": 19.36981034,
    "UGX": 0.01813610202,
    "UAH": 1.644180157,
    "AED": 18.452218170000002,
    "GBP": 87.30131637,
    "USD": 67.775,
    "UYU": 1.683531,
    "UZS": 0.005367393682,
    "VUV": null,
    "VES": 1.8561091930000002,
    "VND": 0.0026793829619999997,
    "XOF": 0.1121000533,
    "YER": 0.2707222899,
    "ZMW": 2.595314852,
    "ZWL": null,
    "AFN": 0.9545774687740933,
    "ALL": 0.7327635451449402,
    "DZD": 0.5041469878414573,
    "AOA": 0.07766697720513054,
    "ARS": 0.07301205260111567,
    "AMD": 0.174727371911869,
    "AWG": 37.600554952606636,
    "AUD": 44.41329580122041,
    "AZN": 39.86764722527096,
    "BSD": 67.75968660700441,
    "BHD": 179.81908592732722,
    "BDT": 0.5766828700981894,
    "BBD": 33.561301077496616,
    "BYN": 20.709200444382166,
    "BZD": 33.61808482075908,
    "BMD": 67.77500028296063,
    "BTN": 0.8095279595110705,
    "BOB": 9.80699151271474,
    "BAM": 37.59732189433612,
    "BWP": 4.9738118287603745,
    "BRL": 12.010881174204037,
    "BND": 50.48943674873483,
    "BGN": 37.56314810319452,
    "BIF": 0.02352147049011472,
    "CVE": 0.6668739555440948,
    "KHR": 0.01650568506416546,
    "XAF": 0.1121000769347424,
    "CAD": 49.05171531665661,
    "KYD": 81.31463517392046,
    "CLP": 0.07150619349572099,
    "CNY": 9.372450359608642,
    "COP": 0.01676167636276901,
    "KMF": 0.14921019381304498,
    "CDF": 0.023656195564040878,
    "CRC": 0.12814944690899907,
    "HRK": null,
    "CUP": 2.823407780686176,
    "CZK": 2.8989691727717313,
    "DKK": 9.860792286359734,
    "DJF": 0.3805258375816522,
    "DOP": 1.1439351485126739,
    "EGP": 1.402004494896511,
    "ERN": null,
    "ETB": 1.172161113767798,
    "EUR": 73.58569470312075,
    "FJD": 30.009519929009937,
    "GMD": 1
  }
}