{
  "meta": {
    "code": "GMD",
    "createdAt": "2024-07-25T12:42:11Z"
  },
  "data": {
    "GEL": null,
    "GHS": 4.371759277000001,
    "GIP": null,
    "GTQ": 8.741084077,
    "GNF": 0.007863519822,
    "GYD": 0.3244912473,
    "HTG": 0.5133742758000001,
    "HNL": 2.7375623780000002,
    "HKD": 8.683997195,
    "HUF": 0.1870520869,
    "ISK": 0.4917646169,
    "INR": 0.8088587042000001,
    "IDR": 0.00415029701,
    "IRR": 0.0016101442969999999,
    "IQD": 0.051752088589999995,
    "ILS": 18.55426021,
    "JMD": 0.43295117310000003,
    "JPY": 0.4420590487,
    "JOD": 95.62056207,
    "KZT": 0.14271496960000002,
    "KES": 0.5213095762000001,
    "KWD": 221.59009139999998,
    "KGS": 0.8049287031,
    "LAK": 0.00305757424,
    "LBP": 0.0007567010975000001,
    "LSL": 3.666217461,
    "LRD": 0.3467874737,
    "LYD": 14.01204749,
    "MOP": 8.433229695,
    "MKD": 1.1938356140000002,
    "MGA": 0.014916911509999999,
    "MWK": 0.03907804159,
    "MYR": null,
    "MVR": 4.415496518,
    "MRU": 1.7120562090000002,
    "MUR": 1.448845152,
    "MXN": 3.6792675370000003,
    "MDL": 3.812097726,
    "MNT": null,
    "MAD": 6.89667556,
    "MZN": 1.060751269,
    "MMK": 0.020867766609999998,
    "NAD": 3.666217461,
    "NPR": 0.5060232638000001,
    "ANG": 37.62348165,
    "TWD": 2.072123706,
    "NZD": 39.94285737,
    "NIO": 1.8413708420000001,
    "NGN": 0.040819560879999994,
    "KPW": null,
    "NOK": 6.106696937000001,
    "OMR": 176.08704079999998,
    "PKR": 0.24340211960000002,
    "PAB": 67.79567137000001,
    "PGK": 17.52669633,
    "PYG": 0.008936960605,
    "PEN": 18.114102250000002,
    "PHP": 1.1546311660000002,
    "PLN": 17.1050545,
    "QAR": 18.57686995,
    "RON": 14.79159554,
    "RUB": 0.7962518765000001,
    "RWF": 0.05170932934,
    "SHP": 87.48058125,
    "WST": null,
    "STN": null,
    "SAR": 18.06644355,
    "RSD": 0.6278720731,
    "SCR": 5.002823146,
    "SLL": 0.003444088287,
    "SGD": 50.46612574,
    "SBD": 7.997450000000001,
    "SOS": 0.1190583092,
    "ZAR": 3.6729983500000003,
    "KRW": 0.049074454219999994,
    "SSP": null,
    "LKR": 0.22336118770000002,
    "SDG": 0.1156569937,
    "SRD": 2.3248833170000003,
    "SZL": 3.667105991,
    "SEK": 6.248741138000001,
    "CHF": 77.04655222,
    "SYP": null,
    "TJS": 6.381426966,
    "TZS": 0.025197626709999997,
    "THB": 1.872859107,
    "TOP": 28.5129425,
    "TTD": 9.973328462000001,
    "TND": 21.83343498,
    "TRY": 2.050401819,
    "TMT": 19.36981034,
    "UGX": 0.01813610202,
    "UAH": 1.644180157,
    "AED": 18.45219106,
    "GBP": 87.18880987,
    "USD": 67.775,
    "UYU": 1.686242,
    "UZS": 0.005367393682,
    "VUV": null,
    "VES": 1.856313196,
    "VND": 0.0026793829619999997,
    "XOF": 0.1121000533,
    "YER": null,
    "ZMW": 2.595314852,
    "ZWL": null,
    "AFN": 0.9569513822582325,
    "ALL": 0.7327635451449402,
    "DZD": 0.5030207242078603,
    "AOA": 0.07741290727248877,
    "ARS": 0.07303306711899102,
    "AMD": 0.174727371911869,
    "AWG": 37.600554952606636,
    "AUD": 44.23539843033706,
    "AZN": 39.86764722527096,
    "BSD": 67.75968660700441,
    "BHD": 179.81097572924378,
    "BDT": null,
    "BBD": 33.561301077496616,
    "BYN": null,
    "BZD": 33.61808482075908,
    "BMD": 67.77500028296063,
    "BTN": 0.8095279595110705,
    "BOB": 9.80699151271474,
    "BAM": 37.59732189433612,
    "BWP": 4.9738118287603745,
    "BRL": 11.991754890008393,
    "BND": 50.48943674873483,
    "BGN": 37.58595846684536,
    "BIF": 0.02352147049011472,
    "CVE": 0.6668739555440948,
    "KHR": 0.01650568506416546,
    "XAF": 0.1121000769347424,
    "CAD": 48.96595344765283,
    "KYD": 81.31463517392046,
    "CLP": 0.07146321694928391,
    "CNY": 9.384519568670589,
    "COP": 0.016758899412031427,
    "KMF": 0.14921019381304498,
    "CDF": 0.023656195564040878,
    "CRC": 0.12814944690899907,
    "HRK": null,
    "CUP": 2.823407780686176,
    "CZK": 2.896243762384065,
    "DKK": 9.851998393541024,
    "DJF": 0.3805258375816522,
    "DOP": 1.1439351485126739,
    "EGP": 1.4023322950426222,
    "ERN": null,
    "ETB": 1.172161113767798,
    "EUR": 73.52063815772762,
    "FJD": 29.962422765316024,
    "GMD": 1
  }
}