{
  "meta": {
    "code": "GMD",
    "createdAt": "2024-08-07T11:03:48Z"
  },
  "data": {
    "GEL": 25.69535235,
    "GHS": 4.483869645,
    "GIP": null,
    "GTQ": 8.99136095,
    "GNF": 0.00807991015,
    "GYD": 0.333540369,
    "HTG": 0.5277527675,
    "HNL": 2.8137380800000003,
    "HKD": 8.913284650000001,
    "HUF": 0.1905875565,
    "ISK": 0.5029671423000001,
    "INR": 0.8276817550000001,
    "IDR": 0.0043310315,
    "IRR": 0.001651125469,
    "IQD": 0.05318072585,
    "ILS": 18.3658198,
    "JMD": 0.44414016700000003,
    "JPY": 0.47187025,
    "JOD": 98.06811400000001,
    "KZT": 0.145613203,
    "KES": 0.5387596840000001,
    "KWD": 227.143653,
    "KGS": 0.8201828440000001,
    "LAK": 0.00314421475,
    "LBP": 0.00077762855,
    "LSL": 3.7589207050000004,
    "LRD": 0.34731418480000004,
    "LYD": 14.5080694,
    "MOP": 8.6801191,
    "MKD": 1.233531175,
    "MGA": 0.015331887649999999,
    "MWK": 0.040159713199999995,
    "MYR": 15.45647335,
    "MVR": 4.51048606,
    "MRU": 1.758032454,
    "MUR": 1.4969264450000002,
    "MXN": 3.60625075,
    "MDL": 3.9343950000000003,
    "MNT": null,
    "MAD": 7.0839821,
    "MZN": 1.0878292900000002,
    "MMK": 0.02139889015,
    "NAD": 3.7589207050000004,
    "NPR": 0.518509337,
    "ANG": 38.66273185,
    "TWD": 2.130999965,
    "NZD": 41.8678425,
    "NIO": 1.8922083900000002,
    "NGN": 0.04360237137,
    "KPW": null,
    "NOK": 6.45009206,
    "OMR": 180.575178,
    "PKR": 0.24988780600000002,
    "PAB": 69.67520950000001,
    "PGK": 17.7127839,
    "PYG": 0.0091986169,
    "PEN": 18.70461145,
    "PHP": 1.2052391150000001,
    "PLN": 17.5737561,
    "QAR": 19.03699589,
    "RON": 15.251497,
    "RUB": 0.8093455700000001,
    "RWF": 0.0524762808,
    "SHP": 88.289325,
    "WST": null,
    "STN": null,
    "SAR": 18.51276156,
    "RSD": 0.648605275,
    "SCR": 5.12614486,
    "SLL": 0.003444088287,
    "SGD": 52.364775,
    "SBD": 8.16625,
    "SOS": 0.122354472,
    "ZAR": 3.7933100000000004,
    "KRW": 0.05055740665,
    "SSP": null,
    "LKR": 0.2304876455,
    "SDG": 0.11554446580000001,
    "SRD": 2.420337778,
    "SZL": 3.760073015,
    "SEK": 6.66364332,
    "CHF": 80.541743,
    "SYP": null,
    "TJS": 6.598170845,
    "TZS": 0.02578849694,
    "THB": 1.950494565,
    "TOP": 29.21085,
    "TTD": 10.26658378,
    "TND": 22.54248763,
    "TRY": 2.07300569,
    "TMT": 19.89368,
    "UGX": 0.01869810625,
    "UAH": 1.6980622250000001,
    "AED": 18.921812850000002,
    "GBP": 88.42346,
    "USD": 69.5,
    "UYU": 1.7100475000000002,
    "UZS": 0.0055289543499999995,
    "VUV": null,
    "VES": 1.8979609050000001,
    "VND": 0.00276177015,
    "XOF": 0.11580298500000001,
    "YER": 0.2776126765,
    "ZMW": 2.68085408,
    "ZWL": null,
    "AFN": 0.9811600483076505,
    "ALL": 0.7583250010604415,
    "DZD": 0.5157776073516753,
    "AOA": 0.07884288261704883,
    "ARS": 0.0742924986979218,
    "AMD": null,
    "AWG": 38.61111167097223,
    "AUD": 45.66843208235833,
    "AZN": 40.8823535339706,
    "BSD": 69.63826082986778,
    "BHD": 184.3953782230014,
    "BDT": 0.5926641063411326,
    "BBD": 34.48888515489226,
    "BYN": 21.278400469953052,
    "BZD": 34.546916461665326,
    "BMD": 69.50000100775001,
    "BTN": 0.8294976649321374,
    "BOB": 10.07708476877123,
    "BAM": 38.8392274063754,
    "BWP": 5.1183254476999265,
    "BRL": 12.285012464608904,
    "BND": 52.46629402232997,
    "BGN": 38.79105909425249,
    "BIF": 0.024161962680867663,
    "CVE": 0.6888984369599898,
    "KHR": 0.016948028569226,
    "XAF": 0.11580295603971051,
    "CAD": 50.588869746988046,
    "KYD": 83.55710531926847,
    "CLP": 0.07353874913108636,
    "CNY": 9.677913615252763,
    "COP": 0.016788453654639216,
    "KMF": 0.15418746758910046,
    "CDF": 0.024216028225696868,
    "CRC": 0.13169516115689306,
    "HRK": null,
    "CUP": 2.9015457944017724,
    "CZK": 3.001576411422609,
    "DKK": 10.17078146874357,
    "DJF": 0.3910516194445329,
    "DOP": 1.1708039735874847,
    "EGP": 1.412458104098516,
    "ERN": null,
    "ETB": 0.8651916959385532,
    "EUR": 75.89822108360487,
    "FJD": 30.975621084713246,
    "GMD": 1
  }
}