{
  "meta": {
    "code": "GMD",
    "createdAt": "2024-07-24T14:34:11Z"
  },
  "data": {
    "GEL": 24.956078350000002,
    "GHS": 4.369977302000001,
    "GIP": null,
    "GTQ": 8.734485825,
    "GNF": 0.007860497275,
    "GYD": 0.32437588900000003,
    "HTG": 0.5131725782000001,
    "HNL": 2.736104752,
    "HKD": 8.676051450000001,
    "HUF": 0.1871071397,
    "ISK": 0.4916188913,
    "INR": 0.809380795,
    "IDR": 0.0041757577,
    "IRR": 0.0016090725269999999,
    "IQD": 0.05172800575,
    "ILS": 18.5828765,
    "JMD": 0.4328477717,
    "JPY": 0.4413539875,
    "JOD": 95.59877300000001,
    "KZT": 0.1429153052,
    "KES": 0.5093984899,
    "KWD": 221.66776969999998,
    "KGS": 0.8043710212,
    "LAK": 0.0030562025,
    "LBP": 0.0007563745500000001,
    "LSL": 3.7001804770000004,
    "LRD": 0.3473569803,
    "LYD": 14.01604547,
    "MOP": 8.4247125,
    "MKD": 1.192162197,
    "MGA": 0.01490749997,
    "MWK": 0.03906282075,
    "MYR": 14.49973982,
    "MVR": 4.410994507,
    "MRU": 1.711328753,
    "MUR": 1.450482107,
    "MXN": 3.6884793750000004,
    "MDL": 3.8211000000000004,
    "MNT": null,
    "MAD": 6.857607575,
    "MZN": 1.0611906070000001,
    "MMK": 0.02086006917,
    "NAD": 3.7001804770000004,
    "NPR": 0.5058067982,
    "ANG": 37.6079979,
    "TWD": 2.071340397,
    "NZD": 40.27331,
    "NIO": 1.8404714320000002,
    "NGN": 0.04256321596,
    "KPW": null,
    "NOK": 6.15732325,
    "OMR": 175.9981722,
    "PKR": 0.2432148442,
    "PAB": 67.767886,
    "PGK": 17.5258681,
    "PYG": 0.008945459325,
    "PEN": 18.02944707,
    "PHP": 1.1575954700000002,
    "PLN": 17.143703900000002,
    "QAR": 18.56603859,
    "RON": 14.8074671,
    "RUB": 0.7832299725,
    "RWF": 0.0515763135,
    "SHP": 87.4550875,
    "WST": null,
    "STN": null,
    "SAR": 18.06003958,
    "RSD": 0.628706118,
    "SCR": 5.000729802,
    "SLL": 0.003444088287,
    "SGD": 50.49281485,
    "SBD": 7.9945,
    "SOS": 0.119007482,
    "ZAR": 3.6998092070000004,
    "KRW": 0.0491038179,
    "SSP": null,
    "LKR": 0.2231572535,
    "SDG": 0.11561433160000001,
    "SRD": 2.324025743,
    "SZL": 3.7009541820000003,
    "SEK": null,
    "CHF": 76.67145550000001,
    "SYP": null,
    "TJS": 6.360708750000001,
    "TZS": 0.0251593297,
    "THB": 1.8838815670000002,
    "TOP": 28.515975,
    "TTD": 9.969080525,
    "TND": 21.807663350000002,
    "TRY": 2.0627002400000003,
    "TMT": 19.33730662,
    "UGX": 0.01821245337,
    "UAH": 1.6424727350000001,
    "AED": 18.44541175,
    "GBP": 87.57636000000001,
    "USD": 67.75,
    "UYU": 1.6856200000000001,
    "UZS": 0.005382315146,
    "VUV": null,
    "VES": 1.8555722300000002,
    "VND": 0.002671524775,
    "XOF": null,
    "YER": 0.2706227002,
    "ZMW": 2.600173862,
    "ZWL": null,
    "AFN": 0.9572691030092613,
    "ALL": 0.7305448925710065,
    "DZD": 0.5036725553840646,
    "AOA": 0.07763833121739248,
    "ARS": 0.07304918022325284,
    "AMD": 0.17443807195013417,
    "AWG": 37.638890422673676,
    "AUD": 44.74605559011808,
    "AZN": 39.85294280047801,
    "BSD": 67.73185066795028,
    "BHD": 179.74098402490245,
    "BDT": 0.5764652663893381,
    "BBD": 33.545733242308465,
    "BYN": 20.697122675719154,
    "BZD": 33.60251856199261,
    "BMD": 67.75000276081262,
    "BTN": null,
    "BOB": 9.802680770282773,
    "BAM": 37.55070884334146,
    "BWP": 4.991957811199381,
    "BRL": 12.043160331951006,
    "BND": 50.371524573783276,
    "BGN": 37.6141277944814,
    "BIF": 0.02351262367947777,
    "CVE": 0.6660473438760581,
    "KHR": 0.01649262852847496,
    "XAF": 0.11196112043505904,
    "CAD": 49.11164311047496,
    "KYD": 81.2767646671958,
    "CLP": 0.07152660768741385,
    "CNY": 9.321299724300935,
    "COP": 0.01680224263793537,
    "KMF": 0.14931130085584918,
    "CDF": 0.02364747042541822,
    "CRC": 0.12776910579540832,
    "HRK": null,
    "CUP": 2.8221830142544855,
    "CZK": 2.8961903991388476,
    "DKK": 9.863153703529836,
    "DJF": 0.3803692572029747,
    "DOP": 1.144129640181738,
    "EGP": 1.4009454627048972,
    "ERN": null,
    "ETB": 1.1717691129467918,
    "EUR": 73.59810850977019,
    "FJD": 30.10709806211421,
    "GMD": 1
  }
}