{
  "meta": {
    "code": "GMD",
    "createdAt": "2024-07-24T17:32:59Z"
  },
  "data": {
    "GEL": 24.956078350000002,
    "GHS": 4.370967739,
    "GIP": null,
    "GTQ": 8.734485825,
    "GNF": 0.007882489602,
    "GYD": 0.32437588900000003,
    "HTG": 0.5131725782000001,
    "HNL": 2.73213257,
    "HKD": 8.67613275,
    "HUF": 0.1870366797,
    "ISK": 0.49176162700000003,
    "INR": 0.809071855,
    "IDR": 0.0041767062,
    "IRR": 0.0016090725269999999,
    "IQD": 0.05171755666,
    "ILS": 18.56309282,
    "JMD": 0.4328477717,
    "JPY": 0.4409203875,
    "JOD": 95.59877300000001,
    "KZT": 0.1429153052,
    "KES": 0.5113207539,
    "KWD": 221.6480545,
    "KGS": 0.8043710212,
    "LAK": 0.0030545536,
    "LBP": 0.0007565605237,
    "LSL": 3.6840674270000004,
    "LRD": 0.3472203082,
    "LYD": 14.0269146,
    "MOP": 8.4247125,
    "MKD": 1.192162197,
    "MGA": 0.014931129139999999,
    "MWK": 0.03903774105,
    "MYR": 14.5012913,
    "MVR": 4.410994507,
    "MRU": 1.7037595200000002,
    "MUR": 1.450482107,
    "MXN": 3.698777375,
    "MDL": 3.8211000000000004,
    "MNT": null,
    "MAD": 6.872241575,
    "MZN": 1.0611906070000001,
    "MMK": 0.02086006917,
    "NAD": 3.6840674270000004,
    "NPR": 0.5058067982,
    "ANG": 37.6079979,
    "TWD": 2.070137835,
    "NZD": 40.2699225,
    "NIO": 1.8397827530000002,
    "NGN": 0.04276471462,
    "KPW": null,
    "NOK": 6.15556175,
    "OMR": 175.9924812,
    "PKR": 0.24331118470000002,
    "PAB": 67.767886,
    "PGK": 17.53364376,
    "PYG": 0.008945459325,
    "PEN": 18.03300462,
    "PHP": 1.1582187700000002,
    "PLN": 17.1102625,
    "QAR": 18.60497655,
    "RON": 14.79065832,
    "RUB": 0.7855707350000001,
    "RWF": 0.05152091229,
    "SHP": 87.4550875,
    "WST": null,
    "STN": null,
    "SAR": 18.06020286,
    "RSD": 0.6280417141,
    "SCR": 5.00118576,
    "SLL": 0.003444088287,
    "SGD": 50.48585692,
    "SBD": 7.9945,
    "SOS": 0.1186514828,
    "ZAR": 3.6971574720000002,
    "KRW": 0.04910276777,
    "SSP": null,
    "LKR": 0.2231572535,
    "SDG": 0.11561433160000001,
    "SRD": 2.324025743,
    "SZL": 3.686071811,
    "SEK": 6.2935237850000005,
    "CHF": 76.576741,
    "SYP": null,
    "TJS": 6.360708750000001,
    "TZS": 0.025092592559999998,
    "THB": 1.8818741350000001,
    "TOP": 28.515975,
    "TTD": 9.969080525,
    "TND": 21.78457212,
    "TRY": 2.0629875,
    "TMT": 19.39276,
    "UGX": 0.01821245337,
    "UAH": 1.6424727350000001,
    "AED": 18.44541175,
    "GBP": 87.5756825,
    "USD": 67.75,
    "UYU": 1.6856200000000001,
    "UZS": 0.005379118633,
    "VUV": null,
    "VES": 1.8557016320000002,
    "VND": 0.0026710031,
    "XOF": 0.11226180420000001,
    "YER": 0.2705684325,
    "ZMW": 2.600173862,
    "ZWL": null,
    "AFN": 0.9609929474236348,
    "ALL": 0.7324324625472839,
    "DZD": 0.5036733042663771,
    "AOA": 0.07738435500328535,
    "ARS": 0.07302411074525844,
    "AMD": 0.17443807195013417,
    "AWG": 37.58668670175388,
    "AUD": 44.68723407995546,
    "AZN": 39.85294280047801,
    "BSD": 67.73185066795028,
    "BHD": 179.7337838013139,
    "BDT": 0.5764652663893381,
    "BBD": 33.545733242308465,
    "BYN": 20.697122675719154,
    "BZD": 33.60251856199261,
    "BMD": 67.75000276081262,
    "BTN": 0.8091793152634491,
    "BOB": 9.802680770282773,
    "BAM": 37.55070884334146,
    "BWP": 4.991957811199381,
    "BRL": 12.026058429478212,
    "BND": 50.371524573783276,
    "BGN": 37.59158767902528,
    "BIF": 0.023483536488307682,
    "CVE": 0.6638902770853023,
    "KHR": 0.01646415620082378,
    "XAF": 0.11196112043505904,
    "CAD": 49.125353224246496,
    "KYD": 81.2767646671958,
    "CLP": 0.07152056705682364,
    "CNY": 9.328872384724674,
    "COP": 0.01682724019961317,
    "KMF": 0.14931130085584918,
    "CDF": 0.02364747042541822,
    "CRC": 0.12776910579540832,
    "HRK": null,
    "CUP": 2.8221830142544855,
    "CZK": 2.8920611439705874,
    "DKK": 9.85125017127753,
    "DJF": 0.3812176613915581,
    "DOP": 1.1410526781093941,
    "EGP": 1.4014989887439897,
    "ERN": null,
    "ETB": 1.1782609175793497,
    "EUR": 73.51385671911288,
    "FJD": 30.093724853664703,
    "GMD": 1
  }
}