{
  "meta": {
    "code": "GMD",
    "createdAt": "2024-08-07T16:04:47Z"
  },
  "data": {
    "GEL": 25.69535235,
    "GHS": 4.458874665000001,
    "GIP": null,
    "GTQ": 8.973610650000001,
    "GNF": 0.00806580165,
    "GYD": 0.33289589550000004,
    "HTG": 0.5280084580000001,
    "HNL": 2.8084581650000002,
    "HKD": 8.911338650000001,
    "HUF": 0.19074469600000002,
    "ISK": 0.5030763616,
    "INR": 0.828119605,
    "IDR": 0.0043377869,
    "IRR": 0.001651125469,
    "IQD": 0.05308373164999999,
    "ILS": 18.3346831,
    "JMD": 0.44420132700000003,
    "JPY": 0.47185635000000004,
    "JOD": 98.06811400000001,
    "KZT": 0.145616678,
    "KES": 0.5387596840000001,
    "KWD": 227.1401085,
    "KGS": 0.8201828440000001,
    "LAK": 0.00313581915,
    "LBP": 0.00077623855,
    "LSL": 3.7933127800000004,
    "LRD": 0.355660266,
    "LYD": 14.48109645,
    "MOP": 8.6594498,
    "MKD": 1.233960685,
    "MGA": 0.015302836649999998,
    "MWK": 0.0400880448,
    "MYR": 15.45647335,
    "MVR": 4.51048606,
    "MRU": 1.754409836,
    "MUR": 1.4969264450000002,
    "MXN": 3.614278,
    "MDL": 3.92675,
    "MNT": null,
    "MAD": 7.0898757,
    "MZN": 1.0878292900000002,
    "MMK": 0.02139889015,
    "NAD": 3.7933127800000004,
    "NPR": 0.5174767755,
    "ANG": 38.59394075,
    "TWD": 2.128571635,
    "NZD": 41.7622025,
    "NIO": 1.8886291400000002,
    "NGN": 0.04394701006,
    "KPW": null,
    "NOK": 6.447237,
    "OMR": 180.54181799999998,
    "PKR": 0.249371421,
    "PAB": 69.549484,
    "PGK": 17.67603925,
    "PYG": 0.0091914028,
    "PEN": 18.67369785,
    "PHP": 1.2050181050000002,
    "PLN": 17.55712475,
    "QAR": 19.05326376,
    "RON": 15.2542909,
    "RUB": 0.8104881500000001,
    "RWF": 0.0526881724,
    "SHP": 88.289325,
    "WST": null,
    "STN": null,
    "SAR": 18.51532125,
    "RSD": 0.6487021232,
    "SCR": 5.1784311,
    "SLL": 0.003444088287,
    "SGD": 52.3504997,
    "SBD": 8.16625,
    "SOS": 0.1221274155,
    "ZAR": 3.78024122,
    "KRW": 0.050537001449999994,
    "SSP": null,
    "LKR": 0.23021875,
    "SDG": 0.11554446580000001,
    "SRD": 2.409429683,
    "SZL": 3.792337695,
    "SEK": 6.648179570000001,
    "CHF": 80.3947505,
    "SYP": null,
    "TJS": 6.564716325,
    "TZS": 0.025796579099999998,
    "THB": 1.9527957100000002,
    "TOP": 29.21085,
    "TTD": 10.24635025,
    "TND": 22.61660034,
    "TRY": 2.07666,
    "TMT": 19.89368,
    "UGX": 0.01866278635,
    "UAH": 1.696474845,
    "AED": 18.921861500000002,
    "GBP": 88.3230325,
    "USD": 69.5,
    "UYU": 1.7156075000000002,
    "UZS": 0.00550985575,
    "VUV": null,
    "VES": 1.8978948800000002,
    "VND": 0.00276177015,
    "XOF": 0.11569804,
    "YER": 0.2776126765,
    "ZMW": 2.682355975,
    "ZWL": null,
    "AFN": 0.9801492432086365,
    "ALL": 0.7578068117244602,
    "DZD": 0.5158671913844195,
    "AOA": 0.07915077600069828,
    "ARS": 0.07423230292211022,
    "AMD": 0.1792484487138835,
    "AWG": 38.61111167097223,
    "AUD": 45.49191555366832,
    "AZN": 40.8823535339706,
    "BSD": 69.51304860994382,
    "BHD": 184.38006650897654,
    "BDT": 0.5915543157378982,
    "BBD": 34.426068418464084,
    "BYN": 21.23989035354342,
    "BZD": 34.48489786160014,
    "BMD": 69.50000100775001,
    "BTN": 0.8278730565748297,
    "BOB": 10.060226888288964,
    "BAM": 38.80368575194882,
    "BWP": 5.130075158986928,
    "BRL": 12.399324801314789,
    "BND": 52.36836967815844,
    "BGN": 38.831154885287354,
    "BIF": 0.02411575040257658,
    "CVE": 0.68827760282935,
    "KHR": 0.016921351510396004,
    "XAF": 0.11569700538459451,
    "CAD": 50.59918241294586,
    "KYD": 83.40955333070674,
    "CLP": 0.0736088468600432,
    "CNY": 9.677913615252763,
    "COP": 0.016793524469091818,
    "KMF": 0.15418746758910046,
    "CDF": 0.024216028225696868,
    "CRC": 0.13157827670009437,
    "HRK": null,
    "CUP": 2.896319716424534,
    "CZK": 3.0046258709122164,
    "DKK": 10.173312402577277,
    "DJF": 0.3903628184549473,
    "DOP": 1.168112397855096,
    "EGP": 1.4106376491512997,
    "ERN": null,
    "ETB": 0.8651916959385532,
    "EUR": 75.92060674825719,
    "FJD": 30.933571162506926,
    "GMD": 1
  }
}