{
  "meta": {
    "code": "GMD",
    "createdAt": "2024-07-25T11:32:57Z"
  },
  "data": {
    "GEL": 24.87365543,
    "GHS": 4.371759277000001,
    "GIP": null,
    "GTQ": 8.741084077,
    "GNF": 0.007863519822,
    "GYD": 0.3244912473,
    "HTG": 0.5133742758000001,
    "HNL": 2.7375623780000002,
    "HKD": 8.684159855,
    "HUF": 0.1868521168,
    "ISK": null,
    "INR": 0.8092782315,
    "IDR": 0.004159880395,
    "IRR": 0.0016101442969999999,
    "IQD": 0.051752088589999995,
    "ILS": 18.54086109,
    "JMD": 0.43295117310000003,
    "JPY": 0.4447339246,
    "JOD": 95.62056207,
    "KZT": 0.14271496960000002,
    "KES": 0.5213095762000001,
    "KWD": 221.7099853,
    "KGS": 0.8049287031,
    "LAK": 0.00305757424,
    "LBP": 0.0007567010975000001,
    "LSL": 3.666217461,
    "LRD": 0.3467874737,
    "LYD": 14.01204749,
    "MOP": 8.433229695,
    "MKD": 1.1938356140000002,
    "MGA": 0.014916911509999999,
    "MWK": 0.03907804159,
    "MYR": 14.53775783,
    "MVR": 4.415496518,
    "MRU": 1.7120562090000002,
    "MUR": 1.448845152,
    "MXN": null,
    "MDL": 3.812097726,
    "MNT": null,
    "MAD": 6.89667556,
    "MZN": 1.060751269,
    "MMK": 0.020867766609999998,
    "NAD": 3.666217461,
    "NPR": 0.5060232638000001,
    "ANG": 37.62348165,
    "TWD": 2.0752644,
    "NZD": 39.9858945,
    "NIO": 1.8413708420000001,
    "NGN": 0.040819560879999994,
    "KPW": null,
    "NOK": 6.0983606120000005,
    "OMR": 176.086363,
    "PKR": 0.24340211960000002,
    "PAB": 67.79567137000001,
    "PGK": 17.52669633,
    "PYG": 0.008936960605,
    "PEN": 18.114102250000002,
    "PHP": 1.1551211110000001,
    "PLN": 17.11715911,
    "QAR": 18.57686995,
    "RON": 14.79902368,
    "RUB": 0.795022438,
    "RWF": 0.05170932934,
    "SHP": 87.48058125,
    "WST": null,
    "STN": null,
    "SAR": 18.06683597,
    "RSD": 0.6280056644,
    "SCR": null,
    "SLL": 0.003444088287,
    "SGD": 50.4975259,
    "SBD": 7.997450000000001,
    "SOS": 0.1190583092,
    "ZAR": 3.666942585,
    "KRW": 0.04910984633,
    "SSP": null,
    "LKR": 0.22336118770000002,
    "SDG": 0.1156569937,
    "SRD": 2.3248833170000003,
    "SZL": 3.667105991,
    "SEK": 6.251464337000001,
    "CHF": 77.17125822,
    "SYP": null,
    "TJS": 6.381426966,
    "TZS": 0.025197626709999997,
    "THB": 1.874101422,
    "TOP": 28.5129425,
    "TTD": 9.973328462000001,
    "TND": 21.83343498,
    "TRY": 2.0489697330000003,
    "TMT": 19.36981034,
    "UGX": 0.01813610202,
    "UAH": 1.644180157,
    "AED": 18.45224392,
    "GBP": 87.25726262,
    "USD": 67.775,
    "UYU": 1.6864649790000001,
    "UZS": 0.005367393682,
    "VUV": null,
    "VES": 1.8561695130000002,
    "VND": 0.0026793829619999997,
    "XOF": 0.1121000533,
    "YER": 0.2707222899,
    "ZMW": 2.595314852,
    "ZWL": null,
    "AFN": 0.9569513822582325,
    "ALL": 0.7327635451449402,
    "DZD": 0.5037254524493622,
    "AOA": 0.07741290727248877,
    "ARS": 0.07303272868911605,
    "AMD": 0.174662305248532,
    "AWG": 37.600554952606636,
    "AUD": 44.202912930765024,
    "AZN": 39.86764722527096,
    "BSD": 67.75968660700441,
    "BHD": 179.83654918246495,
    "BDT": 0.5766828700981894,
    "BBD": 33.561301077496616,
    "BYN": 20.709200444382166,
    "BZD": 33.61808482075908,
    "BMD": 67.77500028296063,
    "BTN": 0.8095279595110705,
    "BOB": 9.80699151271474,
    "BAM": 37.59732189433612,
    "BWP": 4.9738118287603745,
    "BRL": 11.986028877142784,
    "BND": 50.48943674873483,
    "BGN": 37.57716433588925,
    "BIF": 0.02352147049011472,
    "CVE": 0.6668739555440948,
    "KHR": 0.01650568506416546,
    "XAF": 0.1121000769347424,
    "CAD": 48.98453330848263,
    "KYD": 81.31463517392046,
    "CLP": null,
    "CNY": 9.389460023712461,
    "COP": 0.016758899412031427,
    "KMF": 0.14921019381304498,
    "CDF": 0.023656195564040878,
    "CRC": 0.12814944690899907,
    "HRK": null,
    "CUP": 2.823407780686176,
    "CZK": null,
    "DKK": null,
    "DJF": 0.3805258375816522,
    "DOP": 1.1439351485126739,
    "EGP": 1.4019841937125104,
    "ERN": null,
    "ETB": 1.172161113767798,
    "EUR": 73.53419873290487,
    "FJD": 29.98296812398613,
    "GMD": 1
  }
}