{
  "meta": {
    "code": "GMD",
    "createdAt": "2024-07-23T18:34:55Z"
  },
  "data": {
    "GEL": 24.956078350000002,
    "GHS": 4.370967739,
    "GIP": null,
    "GTQ": 8.743428825,
    "GNF": 0.008060677522,
    "GYD": 0.3246115912,
    "HTG": 0.5135347020000001,
    "HNL": 2.738125057,
    "HKD": 8.67583465,
    "HUF": 0.1884928914,
    "ISK": 0.4911555694,
    "INR": 0.8094648050000001,
    "IDR": 0.004178397511,
    "IRR": 0.0016090725269999999,
    "IQD": 0.05176374387,
    "ILS": 18.673737380000002,
    "JMD": 0.4339611075,
    "JPY": 0.4350396875,
    "JOD": 95.59877300000001,
    "KZT": 0.1430488405,
    "KES": 0.5113207539,
    "KWD": 221.5778655,
    "KGS": 0.8030419017,
    "LAK": 0.003059881325,
    "LBP": 0.0007569233250000001,
    "LSL": 3.693274042,
    "LRD": 0.347445035,
    "LYD": 14.02367412,
    "MOP": 8.43299155,
    "MKD": 1.1952814070000002,
    "MGA": 0.014944084969999999,
    "MWK": 0.039090063019999996,
    "MYR": 14.5012913,
    "MVR": 4.413867785,
    "MRU": 1.7136115900000002,
    "MUR": 1.45547054,
    "MXN": 3.7364463750000003,
    "MDL": 3.8299075,
    "MNT": null,
    "MAD": 6.885893200000001,
    "MZN": 1.060359992,
    "MMK": 0.02086006917,
    "NAD": 3.693274042,
    "NPR": 0.5061414832,
    "ANG": 37.6347185,
    "TWD": 2.0671558180000003,
    "NZD": 40.3248,
    "NIO": 1.841755972,
    "NGN": 0.042159302649999994,
    "KPW": null,
    "NOK": 6.14878675,
    "OMR": 175.9934975,
    "PKR": 0.2434781885,
    "PAB": 67.82147625,
    "PGK": null,
    "PYG": 0.00895976135,
    "PEN": 18.04576805,
    "PHP": 1.1588922050000001,
    "PLN": 17.190885,
    "QAR": 18.60753072,
    "RON": 14.78645782,
    "RUB": 0.7711833450000001,
    "RWF": 0.05175375752,
    "SHP": 87.4821875,
    "WST": null,
    "STN": null,
    "SAR": 18.0612286,
    "RSD": 0.6280009624,
    "SCR": 4.899323635,
    "SLL": 0.003444088287,
    "SGD": 50.345546670000004,
    "SBD": 8.011437500000001,
    "SOS": 0.1191057195,
    "ZAR": 3.6810607500000003,
    "KRW": 0.048891929769999995,
    "SSP": null,
    "LKR": 0.22313530250000002,
    "SDG": 0.11561433160000001,
    "SRD": 2.310630552,
    "SZL": 3.6938397550000004,
    "SEK": 6.2960881220000005,
    "CHF": 75.99280375000001,
    "SYP": null,
    "TJS": 6.365290005,
    "TZS": 0.02523277409,
    "THB": 1.873099222,
    "TOP": 28.5634,
    "TTD": 9.989473275,
    "TND": 21.80911795,
    "TRY": 2.0638309870000002,
    "TMT": 19.33730662,
    "UGX": 0.01833901037,
    "UAH": 1.64272612,
    "AED": 18.44541175,
    "GBP": 87.4246,
    "USD": 67.75,
    "UYU": 1.68833,
    "UZS": 0.005382541025,
    "VUV": null,
    "VES": 1.8568994520000002,
    "VND": 0.0026710031,
    "XOF": 0.1122358695,
    "YER": 0.2706227002,
    "ZMW": 2.614608,
    "ZWL": null,
    "AFN": 0.9678571822973231,
    "ALL": 0.7338705313079468,
    "DZD": 0.5031331849297729,
    "AOA": 0.07763833121739248,
    "ARS": 0.07316381010751875,
    "AMD": 0.17465392170844748,
    "AWG": 37.638890422673676,
    "AUD": 44.79833658973861,
    "AZN": 39.85294280047801,
    "BSD": 67.77931734505678,
    "BHD": 179.7320672999803,
    "BDT": 0.576883473761664,
    "BBD": 33.571315273275225,
    "BYN": 20.712308574268064,
    "BZD": 33.62651822683169,
    "BMD": 67.75000276081262,
    "BTN": 0.8097143096984861,
    "BOB": 9.809712261009855,
    "BAM": 37.64286383901175,
    "BWP": 4.988947201998702,
    "BRL": 12.110974555876373,
    "BND": 50.381113804775985,
    "BGN": 37.59471663191177,
    "BIF": 0.023483536488307682,
    "CVE": 0.6638902770853023,
    "KHR": 0.01646415620082378,
    "XAF": 0.11223584861061768,
    "CAD": 49.184733337354416,
    "KYD": null,
    "CLP": 0.07152962833420422,
    "CNY": 9.312843168608689,
    "COP": 0.01687632401607365,
    "KMF": 0.14964108837845866,
    "CDF": 0.02364747042541822,
    "CRC": 0.12794906582296994,
    "HRK": null,
    "CUP": 2.8242253399624606,
    "CZK": 2.896103736915981,
    "DKK": 9.853513927472415,
    "DJF": 0.3812176613915581,
    "DOP": 1.1410526781093941,
    "EGP": 1.4009396689914022,
    "ERN": null,
    "ETB": 1.1726686139285558,
    "EUR": 73.52781880613728,
    "FJD": 30.11445839201842,
    "GMD": 1
  }
}