{
  "meta": {
    "code": "GMD",
    "createdAt": "2024-08-07T18:04:46Z"
  },
  "data": {
    "GEL": 25.69535235,
    "GHS": 4.458874665000001,
    "GIP": null,
    "GTQ": 8.973610650000001,
    "GNF": 0.00806580165,
    "GYD": 0.33289589550000004,
    "HTG": 0.5280084580000001,
    "HNL": 2.8084581650000002,
    "HKD": 8.911561050000001,
    "HUF": 0.190585958,
    "ISK": 0.5030399505,
    "INR": 0.8277958045,
    "IDR": 0.00433609805,
    "IRR": 0.001651125469,
    "IQD": 0.05308373164999999,
    "ILS": 18.3346831,
    "JMD": 0.44420132700000003,
    "JPY": 0.472916225,
    "JOD": 98.0542835,
    "KZT": 0.145616678,
    "KES": 0.5387596840000001,
    "KWD": 227.18709049999998,
    "KGS": 0.8201828440000001,
    "LAK": 0.00313581915,
    "LBP": 0.00077623855,
    "LSL": 3.7933127800000004,
    "LRD": 0.355552131,
    "LYD": 14.48109645,
    "MOP": null,
    "MKD": 1.2340621550000002,
    "MGA": 0.015302836649999998,
    "MWK": 0.0400880448,
    "MYR": 15.45647335,
    "MVR": 4.51048606,
    "MRU": 1.754409836,
    "MUR": 1.4969264450000002,
    "MXN": 3.6038182500000002,
    "MDL": 3.92675,
    "MNT": null,
    "MAD": 7.0898757,
    "MZN": 1.0878292900000002,
    "MMK": 0.02139889015,
    "NAD": 3.7933127800000004,
    "NPR": 0.5174767755,
    "ANG": 38.59394075,
    "TWD": 2.12751037,
    "NZD": 41.709382500000004,
    "NIO": 1.8886291400000002,
    "NGN": 0.04394701006,
    "KPW": null,
    "NOK": 6.42927125,
    "OMR": 180.575178,
    "PKR": 0.249371421,
    "PAB": 69.549484,
    "PGK": 17.67603925,
    "PYG": 0.0091914028,
    "PEN": 18.67369785,
    "PHP": 1.2048296900000002,
    "PLN": 17.5534899,
    "QAR": 19.05326376,
    "RON": 15.25259996,
    "RUB": 0.81021849,
    "RWF": 0.0526881724,
    "SHP": 88.289325,
    "WST": null,
    "STN": null,
    "SAR": 18.51503004,
    "RSD": 0.648817667,
    "SCR": 5.1784311,
    "SLL": 0.003444088287,
    "SGD": 52.3506943,
    "SBD": 8.16625,
    "SOS": 0.1221274155,
    "ZAR": 3.7770404670000004,
    "KRW": 0.050506894049999994,
    "SSP": null,
    "LKR": 0.23021875,
    "SDG": 0.11554446580000001,
    "SRD": 2.409429683,
    "SZL": 3.792337695,
    "SEK": 6.631917265,
    "CHF": 80.6676075,
    "SYP": null,
    "TJS": 6.564716325,
    "TZS": 0.025796579099999998,
    "THB": 1.9506036800000002,
    "TOP": 29.21085,
    "TTD": 10.24635025,
    "TND": 22.61660034,
    "TRY": 2.0763125000000002,
    "TMT": 19.89368,
    "UGX": 0.01866278635,
    "UAH": 1.696474845,
    "AED": 18.921861500000002,
    "GBP": null,
    "USD": 69.5,
    "UYU": 1.7156075000000002,
    "UZS": 0.00550985575,
    "VUV": null,
    "VES": 1.8976189650000002,
    "VND": 0.00276177015,
    "XOF": 0.11569804,
    "YER": 0.2776126765,
    "ZMW": 2.682355975,
    "ZWL": null,
    "AFN": 0.9801492432086365,
    "ALL": 0.7578068117244602,
    "DZD": 0.5158809764487406,
    "AOA": 0.07915077600069828,
    "ARS": 0.07422619042462979,
    "AMD": 0.1792484487138835,
    "AWG": 38.61111167097223,
    "AUD": 45.39739112960182,
    "AZN": 40.8823535339706,
    "BSD": 69.51304860994382,
    "BHD": 184.42821154458085,
    "BDT": 0.5915543157378982,
    "BBD": 34.426068418464084,
    "BYN": 21.23989035354342,
    "BZD": 34.48489786160014,
    "BMD": 69.50000100775001,
    "BTN": 0.8278730565748297,
    "BOB": 10.060226888288964,
    "BAM": 38.80368575194882,
    "BWP": 5.130075158986928,
    "BRL": null,
    "BND": 52.36836967815844,
    "BGN": 38.813264096571636,
    "BIF": 0.02411575040257658,
    "CVE": 0.68827760282935,
    "KHR": 0.016921351510396004,
    "XAF": 0.11569700538459451,
    "CAD": 50.57616882342956,
    "KYD": 83.40955333070674,
    "CLP": 0.07361820332931375,
    "CNY": 9.677913615252763,
    "COP": 0.016793524469091818,
    "KMF": 0.15418746758910046,
    "CDF": null,
    "CRC": 0.13157827670009437,
    "HRK": null,
    "CUP": 2.896319716424534,
    "CZK": 3.0035870617818925,
    "DKK": 10.172806115667397,
    "DJF": 0.39106460167636914,
    "DOP": 1.168112397855096,
    "EGP": 1.410463017772511,
    "ERN": null,
    "ETB": 0.8651916959385532,
    "EUR": 75.92724208248563,
    "FJD": 30.89918906956958,
    "GMD": 1
  }
}