{
  "meta": {
    "code": "GMD",
    "createdAt": "2024-08-06T15:33:20Z"
  },
  "data": {
    "GEL": 25.7907133,
    "GHS": 4.469453329,
    "GIP": null,
    "GTQ": 8.97108085,
    "GNF": 0.00806264496,
    "GYD": 0.33278963,
    "HTG": 0.526560078,
    "HNL": 2.80775274,
    "HKD": 8.91609245,
    "HUF": 0.1908887,
    "ISK": 0.5033678515,
    "INR": 0.8281008400000001,
    "IDR": 0.00430195965,
    "IRR": 0.001650635286,
    "IQD": 0.05305343451,
    "ILS": 18.1367193,
    "JMD": 0.4431405485,
    "JPY": 0.47958822500000003,
    "JOD": 98.0542835,
    "KZT": 0.1452814795,
    "KES": 0.5346153782,
    "KWD": 227.4631445,
    "KGS": 0.8216596495,
    "LAK": 0.003131335844,
    "LBP": 0.000775669623,
    "LSL": 3.7567567530000003,
    "LRD": 0.35559807050000003,
    "LYD": 14.40414466,
    "MOP": 8.66042975,
    "MKD": 1.234568115,
    "MGA": 0.015207877409999999,
    "MWK": 0.040092298199999994,
    "MYR": 15.7062355,
    "MVR": 4.5278791300000005,
    "MRU": 1.7462311460000002,
    "MUR": 1.503405235,
    "MXN": 3.5933585000000003,
    "MDL": 3.9489900000000002,
    "MNT": null,
    "MAD": 7.065700820000001,
    "MZN": 1.08816706,
    "MMK": 0.02139889015,
    "NAD": null,
    "NPR": 0.5173233195,
    "ANG": 38.57535645,
    "TWD": 2.1200011730000003,
    "NZD": 41.3514575,
    "NIO": 1.8850013090000002,
    "NGN": 0.04360237137,
    "KPW": null,
    "NOK": 6.3681807500000005,
    "OMR": 180.53931599999999,
    "PKR": 0.2489254951,
    "PAB": 69.518348,
    "PGK": 20.215241210000002,
    "PYG": 0.00917905265,
    "PEN": 18.58910036,
    "PHP": 1.2038803900000001,
    "PLN": 17.626312,
    "QAR": 19.08816805,
    "RON": 15.26166485,
    "RUB": 0.811282535,
    "RWF": 0.052751422959999995,
    "SHP": 88.803625,
    "WST": null,
    "STN": null,
    "SAR": 18.51134168,
    "RSD": 0.6490656221000001,
    "SCR": 5.224766750000001,
    "SLL": 0.003444088287,
    "SGD": 52.426518800000004,
    "SBD": 8.187100000000001,
    "SOS": 0.1217162813,
    "ZAR": 3.756919105,
    "KRW": 0.050453170549999996,
    "SSP": null,
    "LKR": 0.229966743,
    "SDG": 0.11554446580000001,
    "SRD": 2.420337778,
    "SZL": 3.7547271440000003,
    "SEK": 6.589740495,
    "CHF": 81.561586,
    "SYP": null,
    "TJS": 6.583320085,
    "TZS": 0.02573167722,
    "THB": 1.955878035,
    "TOP": 29.1761,
    "TTD": 10.2475943,
    "TND": 22.4107615,
    "TRY": 2.068070495,
    "TMT": 19.83679425,
    "UGX": 0.0186561908,
    "UAH": 1.6942244350000002,
    "AED": 18.921861500000002,
    "GBP": 88.25805,
    "USD": 69.5,
    "UYU": 1.7100475000000002,
    "UZS": 0.005522447343,
    "VUV": null,
    "VES": 1.89846339,
    "VND": 0.0027645154,
    "XOF": 0.11612363710000001,
    "YER": 0.2775836185,
    "ZMW": 2.6748200900000003,
    "ZWL": null,
    "AFN": 0.9789383326656729,
    "ALL": 0.7580715645194886,
    "DZD": 0.5160073727670068,
    "AOA": 0.07915077600069828,
    "ARS": 0.07427367406477371,
    "AMD": 0.17902681800143028,
    "AWG": 38.61111167097223,
    "AUD": 45.24171182606874,
    "AZN": 40.8823535339706,
    "BSD": 69.4818662678365,
    "BHD": 184.40188524742598,
    "BDT": 0.5913248058749699,
    "BBD": 34.41125610053373,
    "BYN": 21.230313778088906,
    "BZD": 34.46916300815394,
    "BMD": 69.50000100775001,
    "BTN": 0.8276192993398517,
    "BOB": 10.054312238466288,
    "BAM": 38.75180224847428,
    "BWP": 5.106805794427389,
    "BRL": 12.281756027864827,
    "BND": 52.34797697685928,
    "BGN": 38.84417674463845,
    "BIF": 0.02404844325527682,
    "CVE": 0.6891423008317502,
    "KHR": 0.01690586256831054,
    "XAF": 0.11554020951417109,
    "CAD": 50.3789300341979,
    "KYD": 83.36827130847328,
    "CLP": 0.0731894828885353,
    "CNY": 9.747203964831948,
    "COP": 0.016712234800362456,
    "KMF": 0.15461624252085188,
    "CDF": 0.02425829005800341,
    "CRC": 0.13139874244762584,
    "HRK": null,
    "CUP": 2.8949877977031497,
    "CZK": 3.005145544531352,
    "DKK": 10.178676187633986,
    "DJF": 0.39016777792679497,
    "DOP": 1.1661073994588929,
    "EGP": 1.4125557098923498,
    "ERN": null,
    "ETB": 0.8651916959385532,
    "EUR": 75.95960592426863,
    "FJD": 30.836809399824258,
    "GMD": 1
  }
}