{
  "meta": {
    "code": "GMD",
    "createdAt": "2024-07-30T10:35:08Z"
  },
  "data": {
    "GEL": 24.96528723,
    "GHS": 4.3644883750000005,
    "GIP": null,
    "GTQ": 8.733913482,
    "GNF": 0.007850222367,
    "GYD": 0.3239907289,
    "HTG": 0.5125500641,
    "HNL": 2.733262732,
    "HKD": 8.676230180000001,
    "HUF": 0.1861866002,
    "ISK": 0.4911943717,
    "INR": 0.8095825412000001,
    "IDR": 0.004149802252,
    "IRR": 0.00160966628,
    "IQD": 0.05166505193,
    "ILS": 18.15637352,
    "JMD": 0.4324036867,
    "JPY": 0.4378434437,
    "JOD": 95.64753652,
    "KZT": 0.1425482431,
    "KES": 0.5193486556,
    "KWD": 221.69412599999998,
    "KGS": 0.806557133,
    "LAK": 0.003050545972,
    "LBP": 0.0007554540375,
    "LSL": 3.6835515950000004,
    "LRD": 0.34622288760000003,
    "LYD": 14.01757996,
    "MOP": 8.41288364,
    "MKD": 1.189802324,
    "MGA": 0.01487925301,
    "MWK": 0.03905214612,
    "MYR": 14.66198263,
    "MVR": 4.411167729000001,
    "MRU": 1.709253171,
    "MUR": 1.453508072,
    "MXN": 3.6392464,
    "MDL": 3.8238655,
    "MNT": null,
    "MAD": 6.858442327000001,
    "MZN": 1.06158219,
    "MMK": 0.020867766609999998,
    "NAD": 3.671451724,
    "NPR": 0.5050134841,
    "ANG": 37.56150819,
    "TWD": 2.062852086,
    "NZD": 39.937774250000004,
    "NIO": 1.837966097,
    "NGN": 0.041836419709999996,
    "KPW": null,
    "NOK": 6.184615144,
    "OMR": 176.0814154,
    "PKR": 0.2433572661,
    "PAB": 67.68624863,
    "PGK": 17.24250897,
    "PYG": null,
    "PEN": 18.13377869,
    "PHP": 1.1547375720000002,
    "PLN": 17.14360492,
    "QAR": 18.535899960000002,
    "RON": null,
    "RUB": 0.7851293212,
    "RWF": 0.051442125049999995,
    "SHP": 87.06715375,
    "WST": null,
    "STN": null,
    "SAR": 18.06569735,
    "RSD": 0.6273336685,
    "SCR": 5.1769303440000005,
    "SLL": 0.003444088287,
    "SGD": 50.423136060000004,
    "SBD": 8.05167,
    "SOS": 0.11886460830000001,
    "ZAR": 3.7016671750000003,
    "KRW": 0.048957994399999996,
    "SSP": null,
    "LKR": 0.2235118515,
    "SDG": 0.1130525428,
    "SRD": 2.3489351060000003,
    "SZL": 3.684635317,
    "SEK": 6.280133162,
    "CHF": 76.51492512,
    "SYP": null,
    "TJS": 6.373893775,
    "TZS": 0.02506312722,
    "THB": 1.8825346660000002,
    "TOP": 28.4180575,
    "TTD": 9.965520782,
    "TND": 21.72988766,
    "TRY": 2.048335359,
    "TMT": 20.20124015,
    "UGX": 0.01816523171,
    "UAH": 1.6490192920000002,
    "AED": 18.45206907,
    "GBP": 87.16169987,
    "USD": 67.775,
    "UYU": 1.6828532500000002,
    "UZS": 0.005383240629,
    "VUV": null,
    "VES": 1.8536279500000001,
    "VND": 0.002680440252,
    "XOF": 0.11230322920000001,
    "YER": 0.270727983,
    "ZMW": 2.5845643820000004,
    "ZWL": null,
    "AFN": 0.9562542812938555,
    "ALL": 0.730885369269626,
    "DZD": 0.5034130349116703,
    "AOA": 0.07750142973281296,
    "ARS": 0.0727381185362012,
    "AMD": 0.1743715171740454,
    "AWG": 37.62664833047851,
    "AUD": 44.34619560575526,
    "AZN": 39.86764722527096,
    "BSD": 67.6502532267028,
    "BHD": 179.83440188282376,
    "BDT": 0.5757598953371685,
    "BBD": null,
    "BYN": 20.67222327166716,
    "BZD": 33.561849522859376,
    "BMD": 67.77500028296063,
    "BTN": 0.8079115886319594,
    "BOB": null,
    "BAM": 37.48121808197154,
    "BWP": null,
    "BRL": 12.068412950597185,
    "BND": 50.34784794457721,
    "BGN": 37.507540417468235,
    "BIF": 0.023490385418721914,
    "CVE": 0.6648147034275734,
    "KHR": 0.016495601690624452,
    "XAF": 0.11175394293636436,
    "CAD": 48.9528675192678,
    "KYD": 81.18026500061946,
    "CLP": 0.07088397129479296,
    "CNY": 9.3459555272781,
    "COP": 0.01674279467791073,
    "KMF": 0.14887424555854606,
    "CDF": 0.023635571155001003,
    "CRC": 0.12784404721554044,
    "HRK": null,
    "CUP": 2.818802286432237,
    "CZK": 2.888787552981927,
    "DKK": 9.841490697130643,
    "DJF": null,
    "DOP": 1.1429027265201048,
    "EGP": 1.399766212390982,
    "ERN": null,
    "ETB": 1.1776715949079315,
    "EUR": 73.43659455088557,
    "FJD": 29.97567460816251,
    "GMD": 1
  }
}