{
  "meta": {
    "code": "GMD",
    "createdAt": "2024-07-26T17:32:54Z"
  },
  "data": {
    "GEL": 25.09569077,
    "GHS": 4.371488805,
    "GIP": null,
    "GTQ": 8.7475006,
    "GNF": 0.00786294305,
    "GYD": 0.3245488547,
    "HTG": 0.5133529965,
    "HNL": 2.7376399670000002,
    "HKD": 8.67718965,
    "HUF": 0.1882950005,
    "ISK": 0.49090645260000004,
    "INR": 0.8090793075,
    "IDR": 0.004162905525,
    "IRR": 0.0016090725269999999,
    "IQD": 0.051745641069999994,
    "ILS": 18.51505129,
    "JMD": 0.4332361147,
    "JPY": 0.440341125,
    "JOD": 95.59877300000001,
    "KZT": 0.143045182,
    "KES": 0.5161904749,
    "KWD": 221.51966819999998,
    "KGS": 0.8061579275,
    "LAK": 0.003055436925,
    "LBP": 0.0007566387750000001,
    "LSL": 3.7121098970000004,
    "LRD": 0.3467760037,
    "LYD": 14.02235977,
    "MOP": 8.431013250000001,
    "MKD": 1.194075457,
    "MGA": 0.014889390399999999,
    "MWK": 0.039076357199999995,
    "MYR": 14.54643312,
    "MVR": 4.413867785,
    "MRU": 1.710608029,
    "MUR": 1.447691485,
    "MXN": 3.675164264,
    "MDL": 3.827875,
    "MNT": null,
    "MAD": 6.886123550000001,
    "MZN": 1.060359992,
    "MMK": 0.02086006917,
    "NAD": 3.712161387,
    "NPR": 0.5058985317,
    "ANG": 37.62034872,
    "TWD": 2.064176851,
    "NZD": 39.942012500000004,
    "NIO": 1.8410927000000001,
    "NGN": 0.04244987427,
    "KPW": null,
    "NOK": 6.157467557,
    "OMR": 175.99796899999998,
    "PKR": 0.2434564407,
    "PAB": 67.79654425,
    "PGK": 17.27765242,
    "PYG": 0.00895000535,
    "PEN": 18.03333592,
    "PHP": 1.158258065,
    "PLN": 17.21973091,
    "QAR": 18.6100849,
    "RON": 14.80487905,
    "RUB": 0.7872638075,
    "RWF": 0.05153508085,
    "SHP": 87.4483125,
    "WST": null,
    "STN": null,
    "SAR": 18.05898539,
    "RSD": 0.628216421,
    "SCR": 4.940266992000001,
    "SLL": 0.003444088287,
    "SGD": 50.47494917,
    "SBD": 7.9945,
    "SOS": 0.11906398550000001,
    "ZAR": 3.7055029170000005,
    "KRW": 0.048959923669999995,
    "SSP": null,
    "LKR": 0.22364559550000002,
    "SDG": 0.11561433160000001,
    "SRD": 2.336126299,
    "SZL": 3.7125252050000004,
    "SEK": 6.267429195,
    "CHF": 76.690832,
    "SYP": null,
    "TJS": 6.392896097,
    "TZS": 0.02510244545,
    "THB": 1.886136287,
    "TOP": 28.41435,
    "TTD": 9.9864855,
    "TND": 21.82668552,
    "TRY": 2.058005842,
    "TMT": 18.63125,
    "UGX": 0.018169581169999997,
    "UAH": 1.650454362,
    "AED": 18.44541175,
    "GBP": 87.2152525,
    "USD": 67.75,
    "UYU": 1.6815550000000001,
    "UZS": 0.005363083225,
    "VUV": null,
    "VES": 1.854459775,
    "VND": 0.002676280825,
    "XOF": 0.1121398,
    "YER": 0.2706224292,
    "ZMW": 2.5935797550000004,
    "ZWL": null,
    "AFN": 0.9576865513810044,
    "ALL": 0.7314264940770183,
    "DZD": 0.504177062341832,
    "AOA": 0.07763833121739248,
    "ARS": 0.07294485843354617,
    "AMD": 0.17443358076793747,
    "AWG": 37.638890422673676,
    "AUD": 44.45509070762966,
    "AZN": 39.85294280047801,
    "BSD": 67.75967884758133,
    "BHD": 179.76764407849595,
    "BDT": 0.5766664406172664,
    "BBD": 33.55819524446124,
    "BYN": 20.705054529589415,
    "BZD": 33.61555652549583,
    "BMD": 67.75000276081262,
    "BTN": 0.8093273062027423,
    "BOB": 9.805237287276737,
    "BAM": null,
    "BWP": 5.000649736920643,
    "BRL": 11.96489170017702,
    "BND": 50.42217145450203,
    "BGN": 37.62133380515904,
    "BIF": 0.023519708739302755,
    "CVE": 0.6671097930124555,
    "KHR": 0.01651895175253746,
    "XAF": null,
    "CAD": 49.00099649602498,
    "KYD": 81.30749013786897,
    "CLP": 0.07150320606647387,
    "CNY": 9.34431241950564,
    "COP": 0.01682327068298375,
    "KMF": 0.14915516046358193,
    "CDF": 0.02364747042541822,
    "CRC": 0.12815313981157425,
    "HRK": null,
    "CUP": 2.823254396494628,
    "CZK": 2.9039864021765993,
    "DKK": 9.861287394086853,
    "DJF": 0.3812176613915581,
    "DOP": 1.1447231183345963,
    "EGP": 1.40235738376943,
    "ERN": null,
    "ETB": 1.1720370949735872,
    "EUR": 73.5885156255422,
    "FJD": 29.99181158161673,
    "GMD": 1
  }
}