{
  "meta": {
    "code": "GMD",
    "createdAt": "2024-07-25T17:04:20Z"
  },
  "data": {
    "GEL": 25.01228919,
    "GHS": 4.369761406,
    "GIP": null,
    "GTQ": 8.741084077,
    "GNF": 0.007869375582,
    "GYD": 0.3244912473,
    "HTG": 0.5133742758000001,
    "HNL": 2.7375623780000002,
    "HKD": 8.681442077,
    "HUF": 0.1876498556,
    "ISK": 0.4925508679,
    "INR": 0.8090694845,
    "IDR": 0.004155617347,
    "IRR": 0.0016101442969999999,
    "IQD": 0.05173664063,
    "ILS": 18.47807704,
    "JMD": 0.43295117310000003,
    "JPY": 0.44050361250000003,
    "JOD": 95.6340493,
    "KZT": 0.14271496960000002,
    "KES": 0.5095864598000001,
    "KWD": 221.6123216,
    "KGS": 0.8049287031,
    "LAK": 0.003055543023,
    "LBP": 0.0007564173913,
    "LSL": 3.6934604350000004,
    "LRD": 0.3469039653,
    "LYD": 14.00309915,
    "MOP": 8.433229695,
    "MKD": null,
    "MGA": 0.014916911509999999,
    "MWK": 0.03905214612,
    "MYR": 14.5050835,
    "MVR": null,
    "MRU": 1.705031398,
    "MUR": 1.448845152,
    "MXN": 3.684689537,
    "MDL": 3.812097726,
    "MNT": null,
    "MAD": 6.846996485,
    "MZN": 1.060751269,
    "MMK": null,
    "NAD": 3.6934604350000004,
    "NPR": 0.5060232638000001,
    "ANG": 37.62348165,
    "TWD": 2.0711104700000003,
    "NZD": 40.03232037,
    "NIO": 1.8413708420000001,
    "NGN": 0.04278049496,
    "KPW": null,
    "NOK": 6.169524362000001,
    "OMR": 176.0623707,
    "PKR": 0.2433572661,
    "PAB": 67.79567137000001,
    "PGK": 17.52669633,
    "PYG": 0.008936960605,
    "PEN": 18.02886163,
    "PHP": 1.158172409,
    "PLN": 17.18146403,
    "QAR": 18.61695209,
    "RON": 14.81939006,
    "RUB": 0.7973751115000001,
    "RWF": 0.05142260991,
    "SHP": 87.48058125,
    "WST": null,
    "STN": null,
    "SAR": 18.06498435,
    "RSD": 0.6290005269,
    "SCR": 4.924065885,
    "SLL": 0.003444088287,
    "SGD": 50.48943627,
    "SBD": 7.997450000000001,
    "SOS": 0.1186952656,
    "ZAR": 3.6962790620000003,
    "KRW": 0.0490213864,
    "SSP": null,
    "LKR": 0.22336118770000002,
    "SDG": 0.1156569937,
    "SRD": 2.34207614,
    "SZL": 3.6894392770000004,
    "SEK": 6.281252805,
    "CHF": null,
    "SYP": null,
    "TJS": 6.381426966,
    "TZS": 0.025197626709999997,
    "THB": 1.8717204870000002,
    "TOP": 28.5129425,
    "TTD": 9.973328462000001,
    "TND": 21.83473965,
    "TRY": 2.049521422,
    "TMT": 18.638125,
    "UGX": 0.01813610202,
    "UAH": 1.644180157,
    "AED": 18.452218170000002,
    "GBP": 87.34279467,
    "USD": 67.775,
    "UYU": 1.683531,
    "UZS": 0.005367393682,
    "VUV": null,
    "VES": 1.8561715460000001,
    "VND": 0.002672524132,
    "XOF": 0.1121000533,
    "YER": 0.2707222899,
    "ZMW": null,
    "ZWL": null,
    "AFN": 0.9545774687740933,
    "ALL": 0.7327635451449402,
    "DZD": 0.5041882423184919,
    "AOA": 0.07766697720513054,
    "ARS": 0.07299508308697085,
    "AMD": 0.174727371911869,
    "AWG": 37.652777934978126,
    "AUD": 44.445158707774986,
    "AZN": 39.86764722527096,
    "BSD": 67.75968660700441,
    "BHD": 179.8263380009699,
    "BDT": 0.5766828700981894,
    "BBD": 33.561301077496616,
    "BYN": null,
    "BZD": 33.61808482075908,
    "BMD": 67.77500028296063,
    "BTN": 0.8095279595110705,
    "BOB": 9.80699151271474,
    "BAM": 37.59732189433612,
    "BWP": 4.9738118287603745,
    "BRL": null,
    "BND": 50.48943674873483,
    "BGN": 37.63396095832493,
    "BIF": 0.02350442180813495,
    "CVE": 0.6636150034319148,
    "KHR": 0.01645823222132648,
    "XAF": 0.1121000769347424,
    "CAD": 49.10929422131898,
    "KYD": 81.31463517392046,
    "CLP": 0.07175450514624997,
    "CNY": 9.37219115138312,
    "COP": 0.016863815587393253,
    "KMF": 0.14921019381304498,
    "CDF": 0.023656195564040878,
    "CRC": 0.12814944690899907,
    "HRK": null,
    "CUP": 2.823407780686176,
    "CZK": 2.901451273517803,
    "DKK": 9.867195102326932,
    "DJF": 0.38135831806828757,
    "DOP": 1.1409932707569128,
    "EGP": 1.4020857053156226,
    "ERN": null,
    "ETB": null,
    "EUR": 73.642863686236,
    "FJD": 30.016165238807147,
    "GMD": 1
  }
}