{
  "meta": {
    "code": "GMD",
    "createdAt": "2024-07-23T14:33:37Z"
  },
  "data": {
    "GEL": 24.96528723,
    "GHS": 4.394607585,
    "GIP": null,
    "GTQ": 8.746655182000001,
    "GNF": 0.007927827453,
    "GYD": 0.3247313741,
    "HTG": 0.5137241982,
    "HNL": 2.739135435,
    "HKD": 8.680981207,
    "HUF": 0.1878597616,
    "ISK": 0.4911231876,
    "INR": 0.8098292422000001,
    "IDR": 0.004177969542,
    "IRR": 0.0016101442969999999,
    "IQD": 0.05178284488,
    "ILS": 18.697075690000002,
    "JMD": 0.4341212407,
    "JPY": 0.4342421513,
    "JOD": 95.64753652,
    "KZT": 0.143101626,
    "KES": 0.5115094331,
    "KWD": 221.65434209999998,
    "KGS": 0.8033382271,
    "LAK": 0.003061010432,
    "LBP": 0.0007572026325,
    "LSL": 3.6946368740000004,
    "LRD": 0.3477292276,
    "LYD": 14.02884891,
    "MOP": 8.436103355,
    "MKD": 1.19572247,
    "MGA": 0.014949599389999998,
    "MWK": 0.0391044874,
    "MYR": 14.50664233,
    "MVR": 4.415496518,
    "MRU": 1.714243919,
    "MUR": 1.456007614,
    "MXN": 3.7543588480000003,
    "MDL": 3.83132075,
    "MNT": null,
    "MAD": 6.88843412,
    "MZN": 1.060751269,
    "MMK": 0.020867766609999998,
    "NAD": 3.6946368740000004,
    "NPR": 0.5063282513,
    "ANG": 37.64860585,
    "TWD": 2.0664373840000003,
    "NZD": 40.37153425,
    "NIO": 1.8424355870000002,
    "NGN": 0.042174859589999995,
    "KPW": null,
    "NOK": 6.137127912,
    "OMR": 176.08893849999998,
    "PKR": 0.2435680328,
    "PAB": 67.84650262,
    "PGK": 17.31087362,
    "PYG": 0.008963067534999999,
    "PEN": 18.052427,
    "PHP": 1.1589829980000002,
    "PLN": 17.16760404,
    "QAR": 18.60529546,
    "RON": 14.7854619,
    "RUB": 0.7774626132,
    "RWF": 0.051772854849999994,
    "SHP": 87.51446875,
    "WST": null,
    "STN": null,
    "SAR": 18.06792037,
    "RSD": 0.6279707535,
    "SCR": 5.008001834,
    "SLL": 0.003444088287,
    "SGD": 50.348692,
    "SBD": 8.01439375,
    "SOS": 0.1191496699,
    "ZAR": 3.6814431150000004,
    "KRW": 0.04889865943,
    "SSP": null,
    "LKR": 0.2232176402,
    "SDG": 0.1156569937,
    "SRD": 2.311483183,
    "SZL": 3.695202795,
    "SEK": 6.295983024000001,
    "CHF": 75.99387092,
    "SYP": null,
    "TJS": 6.367638820000001,
    "TZS": 0.02524208507,
    "THB": 1.8746714100000001,
    "TOP": 28.57394,
    "TTD": 9.993159427,
    "TND": 21.81483277,
    "TRY": 2.0640896580000003,
    "TMT": 19.34444216,
    "UGX": 0.01834577753,
    "UAH": 1.6433322920000002,
    "AED": 18.452218170000002,
    "GBP": 87.54530637,
    "USD": 67.775,
    "UYU": 1.6889530000000001,
    "UZS": 0.005384527202,
    "VUV": null,
    "VES": 1.8576625960000002,
    "VND": 0.00267198871,
    "XOF": 0.1122772578,
    "YER": 0.27072256100000003,
    "ZMW": 2.6155728000000003,
    "ZWL": null,
    "AFN": 0.9592219948383285,
    "ALL": 0.7341413052719663,
    "DZD": 0.5029423353799022,
    "AOA": 0.07766702172249203,
    "ARS": 0.07317172213119302,
    "AMD": 0.17471836325850054,
    "AWG": 37.600554952606636,
    "AUD": 44.85653869429162,
    "AZN": 39.86764722527096,
    "BSD": 67.80432565818495,
    "BHD": null,
    "BDT": 0.5770963247911411,
    "BBD": 33.58370198095831,
    "BYN": 20.719950732631577,
    "BZD": 33.63892530933284,
    "BMD": 67.77500028296063,
    "BTN": 0.8100130679084241,
    "BOB": 9.813331726354468,
    "BAM": 37.65675282355981,
    "BWP": 4.990787958668798,
    "BRL": 12.182517622838022,
    "BND": 50.39970278085677,
    "BGN": null,
    "BIF": 0.023540579681576898,
    "CVE": 0.6679281201672687,
    "KHR": 0.0165058418344453,
    "XAF": 0.11227725994659044,
    "CAD": 49.22396472798526,
    "KYD": 81.37118068821545,
    "CLP": 0.071774262216676,
    "CNY": 9.31640737013422,
    "COP": 0.016947393761955344,
    "KMF": 0.14969630101711107,
    "CDF": 0.02394030388125337,
    "CRC": 0.12799627481280137,
    "HRK": null,
    "CUP": 2.8252673856997963,
    "CZK": 2.893770560408032,
    "DKK": 9.85391064086178,
    "DJF": 0.38077276108484653,
    "DOP": null,
    "EGP": 1.4013029955367708,
    "ERN": null,
    "ETB": 1.1731012900691549,
    "EUR": 73.52223329171333,
    "FJD": 30.138966219239116,
    "GMD": 1
  }
}