{
  "meta": {
    "code": "FJD",
    "createdAt": "2024-07-30T09:33:12Z"
  },
  "data": {
    "GMD": 0.033352268389999995,
    "GEL": null,
    "GHS": 0.1455655883,
    "GIP": null,
    "GTQ": 0.2912958278,
    "GNF": 0.0002618227244,
    "GYD": 0.01080582579,
    "HTG": 0.01709470737,
    "HNL": 0.09116051261,
    "HKD": 0.2893913987,
    "HUF": 0.0062138662869999995,
    "ISK": 0.01638007243,
    "INR": 0.02699820447,
    "IDR": 0.0001384613782,
    "IRR": 0.00005368602204,
    "IQD": 0.001723146686,
    "ILS": 0.6061081342,
    "JMD": 0.014421643869999999,
    "JPY": 0.014599342369999999,
    "JOD": 3.190062322,
    "KZT": 0.004754307285,
    "KES": 0.017321455819999998,
    "KWD": 7.393084281,
    "KGS": 0.02690051008,
    "LAK": 0.00010174262840000001,
    "LBP": 0.00002519610592,
    "LSL": 0.1228548019,
    "LRD": 0.01154731872,
    "LYD": 0.46751809110000003,
    "MOP": null,
    "MKD": null,
    "MGA": 0.0004962568421,
    "MWK": 0.001302477664,
    "MYR": 0.4890103819,
    "MVR": 0.1471224506,
    "MRU": 0.05700747076,
    "MUR": 0.048477791529999995,
    "MXN": 0.1211714222,
    "MDL": 0.127534589,
    "MNT": null,
    "MAD": 0.2287446102,
    "MZN": 0.035406174289999995,
    "MMK": null,
    "NAD": 0.1224512438,
    "NPR": 0.01684334533,
    "ANG": 1.252761508,
    "TWD": 0.06879137066999999,
    "NZD": 1.332184905,
    "NIO": 0.061300338819999994,
    "NGN": 0.001414983312,
    "KPW": null,
    "NOK": 0.20553254640000002,
    "OMR": 5.873462862,
    "PKR": null,
    "PAB": 2.25748994,
    "PGK": 0.5750767896,
    "PYG": 0.0002980170498,
    "PEN": 0.6048026565,
    "PHP": 0.038557128569999995,
    "PLN": 0.5715739963,
    "QAR": 0.6182143132,
    "RON": 0.4922153835,
    "RUB": 0.026199790929999998,
    "RWF": 0.0017157115679999999,
    "SHP": 2.903887092,
    "WST": null,
    "STN": null,
    "SAR": null,
    "RSD": 0.02091730961,
    "SCR": 0.1667274013,
    "SLL": null,
    "SGD": 1.6816617770000002,
    "SBD": 0.26854146,
    "SOS": 0.003964404335,
    "ZAR": 0.12327463300000001,
    "KRW": 0.0016328129999999999,
    "SSP": null,
    "LKR": 0.007454627292,
    "SDG": 0.0037705587669999998,
    "SRD": 0.07834231441999999,
    "SZL": 0.1228909465,
    "SEK": 0.2090320847,
    "CHF": 2.5508409690000002,
    "SYP": null,
    "TJS": 0.21258381680000002,
    "TZS": 0.0008359121495,
    "THB": 0.06284265741999999,
    "TOP": 0.947806685,
    "TTD": 0.3323727252,
    "TND": 0.7247410485,
    "TRY": 0.06831423487999999,
    "TMT": 0.6737571864,
    "UGX": 0.0006058516861,
    "UAH": 0.054998534249999995,
    "AED": 0.6154199449000001,
    "GBP": 2.9063396800000003,
    "USD": 2.26045,
    "UYU": 0.056126973499999996,
    "UZS": null,
    "VUV": null,
    "VES": 0.0618233301,
    "VND": 0.00008939876309,
    "XOF": 0.003745567458,
    "YER": 0.009029392389,
    "ZMW": 0.08620108531,
    "ZWL": null,
    "AFN": 0.03189223220804051,
    "ALL": 0.024375907515646205,
    "DZD": 0.01677982173010003,
    "AOA": 0.0025847660421181346,
    "ARS": 0.0024259713090159655,
    "AMD": 0.005815500154449217,
    "AWG": 1.2548940478850361,
    "AUD": 1.4798860179002797,
    "AZN": 1.3296340609059891,
    "BSD": 2.256217439049725,
    "BHD": 5.99725314650999,
    "BDT": 0.01920228608100856,
    "BBD": 1.1174351062172319,
    "BYN": 0.6894435489051524,
    "BZD": 1.119328111212501,
    "BMD": 2.260377903540181,
    "BTN": 0.026944824724315298,
    "BOB": 0.32650053613493957,
    "BAM": 1.2500437738766181,
    "BWP": null,
    "BRL": 0.4024817763677449,
    "BND": 1.6791613795353089,
    "BGN": 1.2507832155902863,
    "BIF": 0.0007834326513233247,
    "CVE": 0.022172371212838323,
    "KHR": 0.0005501481875306896,
    "XAF": 0.003727128620114791,
    "CAD": 1.6328375950656906,
    "KYD": 2.707459629511457,
    "CLP": 0.0023640658311397814,
    "CNY": 0.3117332649530206,
    "COP": 0.0005583923715212763,
    "KMF": 0.0049651354297241355,
    "CDF": 0.0007882747703524432,
    "CRC": 0.004263752981152662,
    "HRK": null,
    "CUP": 0.09401045187333608,
    "CZK": 0.0963133454992242,
    "DKK": 0.32814456619401233,
    "DJF": 0.012670173197578058,
    "DOP": 0.03811718271637993,
    "EGP": 0.04675650765653382,
    "ERN": null,
    "ETB": 0.03927676635941065,
    "EUR": 2.4486549855387687,
    "FJD": 1
  }
}