{
  "meta": {
    "code": "FJD",
    "createdAt": "2024-07-24T12:06:02Z"
  },
  "data": {
    "GMD": 0.03322213886,
    "GEL": 0.8290943343,
    "GHS": 0.1451799987,
    "GIP": null,
    "GTQ": 0.2901783128,
    "GNF": 0.0002611425426,
    "GYD": 0.01077646126,
    "HTG": 0.01704869135,
    "HNL": 0.09089925573999999,
    "HKD": 0.2882142647,
    "HUF": null,
    "ISK": 0.0163101449,
    "INR": 0.026887539109999997,
    "IDR": 0.0001385491194,
    "IRR": 0.00005345683311,
    "IQD": 0.0017185150599999999,
    "ILS": 0.6198741463,
    "JMD": 0.014380129359999999,
    "JPY": 0.014603077859999999,
    "JOD": 3.175995841,
    "KZT": 0.00474795231,
    "KES": 0.017311053599999997,
    "KWD": 7.36208545,
    "KGS": 0.02672292685,
    "LAK": 0.000101533588,
    "LBP": 0.00002512838136,
    "LSL": null,
    "LRD": 0.0115399423,
    "LYD": 0.4656430281,
    "MOP": 0.27988698,
    "MKD": 0.03960617969,
    "MGA": 0.0004952590545000001,
    "MWK": 0.001297750508,
    "MYR": 0.4817123896,
    "MVR": 0.146542678,
    "MRU": null,
    "MUR": 0.04818811996,
    "MXN": 0.1233179558,
    "MDL": 0.1265546737,
    "MNT": null,
    "MAD": 0.22782440040000002,
    "MZN": 0.035255023159999996,
    "MMK": 0.0006930161431,
    "NAD": 0.12292791460000001,
    "NPR": 0.01680398437,
    "ANG": 1.249418179,
    "TWD": 0.06871307513,
    "NZD": 1.3368401520000002,
    "NIO": 0.061144399999999995,
    "NGN": 0.001355573335,
    "KPW": null,
    "NOK": 0.2044412894,
    "OMR": 5.84695943,
    "PKR": 0.008080117659,
    "PAB": 2.251394211,
    "PGK": 0.5822468475,
    "PYG": 0.000297187304,
    "PEN": 0.5989768188,
    "PHP": 0.03839644221,
    "PLN": 0.569486162,
    "QAR": 0.6168035374,
    "RON": 0.49117362740000003,
    "RUB": 0.025955707909999997,
    "RWF": 0.001713475519,
    "SHP": 2.90544518,
    "WST": null,
    "STN": null,
    "SAR": 0.6000048492,
    "RSD": 0.02085445045,
    "SCR": 0.16615313310000002,
    "SLL": null,
    "SGD": 1.6750077710000002,
    "SBD": 0.2655944,
    "SOS": 0.003953683254,
    "ZAR": 0.1229713551,
    "KRW": 0.001627717788,
    "SSP": null,
    "LKR": 0.0074137615669999995,
    "SDG": 0.003840955537,
    "SRD": null,
    "SZL": null,
    "SEK": 0.2089250765,
    "CHF": 2.541682138,
    "SYP": null,
    "TJS": 0.211316358,
    "TZS": 0.0008383230644000001,
    "THB": 0.06227657490999999,
    "TOP": null,
    "TTD": 0.331194191,
    "TND": 0.7244972499,
    "TRY": null,
    "TMT": 0.6424267122,
    "UGX": 0.0006050566798,
    "UAH": 0.05456645951,
    "AED": 0.6128019076,
    "GBP": 2.907605948,
    "USD": 2.2508,
    "UYU": 0.05607429294,
    "UZS": 0.0001788132304,
    "VUV": null,
    "VES": 0.061635457039999994,
    "VND": 0.00008875377068,
    "XOF": 0.0037195888,
    "YER": 0.008990665294,
    "ZMW": 0.08638334065999999,
    "ZWL": null,
    "AFN": 0.031801516073230535,
    "ALL": 0.024269492321978905,
    "DZD": 0.01671811790050077,
    "AOA": 0.0025707920596942093,
    "ARS": 0.002430569703918681,
    "AMD": 0.005799410118799177,
    "AWG": 1.2504046934790445,
    "AUD": 1.486549724110865,
    "AZN": 1.3239579107425177,
    "BSD": 2.2501254149589878,
    "BHD": 5.971532303393936,
    "BDT": 0.01915080031685742,
    "BBD": 1.1144255799497185,
    "BYN": 0.6875808254698244,
    "BZD": 1.1163120497583423,
    "BMD": 2.2507284482622802,
    "BTN": 0.026881812991705004,
    "BOB": 0.32565566887927405,
    "BAM": null,
    "BWP": 0.165838243501345,
    "BRL": 0.4019373268218109,
    "BND": 1.6733965857965234,
    "BGN": 1.2475789272808244,
    "BIF": 0.0007811148170964743,
    "CVE": 0.022126813918146887,
    "KHR": 0.0005479029773210515,
    "XAF": 0.0037194696469973546,
    "CAD": 1.6328143499595238,
    "KYD": 2.7001021248826285,
    "CLP": 0.0023785015519997344,
    "CNY": 0.30931470471914313,
    "COP": 0.0005603705836916215,
    "KMF": 0.004960283082799984,
    "CDF": 0.0007855945718192951,
    "CRC": 0.004244628038123876,
    "HRK": null,
    "CUP": 0.09375597550780025,
    "CZK": 0.09605362112714382,
    "DKK": 0.32721471912326977,
    "DJF": 0.012636278571440574,
    "DOP": 0.03800922546237101,
    "EGP": 0.046559217577488744,
    "ERN": null,
    "ETB": 0.03892743868167474,
    "EUR": 2.4416138169792996,
    "FJD": 1
  }
}