{
  "meta": {
    "code": "FJD",
    "createdAt": "2024-08-07T10:04:19Z"
  },
  "data": {
    "GMD": 0.032305035499999996,
    "GEL": 0.8300892819,
    "GHS": 0.1448515701,
    "GIP": null,
    "GTQ": null,
    "GNF": 0.000261021788,
    "GYD": 0.01077503361,
    "HTG": 0.01704907213,
    "HNL": 0.09089790987999999,
    "HKD": 0.28795296200000003,
    "HUF": 0.0061522319289999995,
    "ISK": 0.016237795609999998,
    "INR": 0.02674304869,
    "IDR": 0.0001397385537,
    "IRR": 0.00005333966768,
    "IQD": 0.001718005261,
    "ILS": 0.5930177158000001,
    "JMD": 0.014347964069999998,
    "JPY": 0.015218805299999999,
    "JOD": null,
    "KZT": 0.00470403976,
    "KES": 0.017404650969999998,
    "KWD": 7.336655756000001,
    "KGS": 0.02654374453,
    "LAK": 0.0001015739706,
    "LBP": 0.00002512131828,
    "LSL": 0.1214320685,
    "LRD": 0.011219997229999999,
    "LYD": 0.4686837038,
    "MOP": 0.28041155970000003,
    "MKD": 0.03982189999,
    "MGA": 0.000495297182,
    "MWK": 0.001297360979,
    "MYR": 0.49932192750000004,
    "MVR": 0.14571141440000002,
    "MRU": 0.05679330168,
    "MUR": 0.04835826265,
    "MXN": 0.1166459982,
    "MDL": 0.127100772,
    "MNT": null,
    "MAD": 0.22884829650000002,
    "MZN": 0.035142364339999996,
    "MMK": 0.000691291916,
    "NAD": 0.1214320685,
    "NPR": 0.01675046278,
    "ANG": 1.249000943,
    "TWD": 0.0687952181,
    "NZD": 1.3511725860000001,
    "NIO": 0.061127860099999994,
    "NGN": 0.0014085761749999999,
    "KPW": null,
    "NOK": 0.2081906604,
    "OMR": 5.833885021,
    "PKR": 0.008072634561,
    "PAB": 2.250860149,
    "PGK": 0.5722121210000001,
    "PYG": 0.0002971616498,
    "PEN": 0.6042531457,
    "PHP": 0.0389318578,
    "PLN": 0.567373266,
    "QAR": 0.6149908371,
    "RON": 0.4923151074,
    "RUB": 0.02614498354,
    "RWF": 0.001695248138,
    "SHP": 2.85218982,
    "WST": null,
    "STN": null,
    "SAR": 0.5980817195,
    "RSD": 0.02093543677,
    "SCR": null,
    "SLL": 0.00011460391160000001,
    "SGD": 1.69088549,
    "SBD": 0.263811,
    "SOS": 0.003952665619,
    "ZAR": 0.12271937640000001,
    "KRW": 0.001631816748,
    "SSP": null,
    "LKR": 0.007445911678,
    "SDG": 0.003732668125,
    "SRD": 0.07818909898,
    "SZL": 0.121469294,
    "SEK": 0.2149725339,
    "CHF": 2.602727893,
    "SYP": null,
    "TJS": 0.2131541464,
    "TZS": null,
    "THB": 0.06295423825,
    "TOP": 0.94365756,
    "TTD": 0.3317987992,
    "TND": 0.7282358737,
    "TRY": 0.06696852337999999,
    "TMT": 0.642666048,
    "UGX": null,
    "UAH": 0.054855961259999995,
    "AED": 0.6112705183,
    "GBP": 2.8528970580000004,
    "USD": 2.2452,
    "UYU": 0.055243146,
    "UZS": 0.0001786130691,
    "VUV": null,
    "VES": 0.0613136953,
    "VND": 0.00008922447252,
    "XOF": 0.0037410195959999997,
    "YER": 0.0089682875,
    "ZMW": 0.08660508748,
    "ZWL": null,
    "AFN": 0.03169541529475412,
    "ALL": 0.024496947155169917,
    "DZD": 0.016657141818698564,
    "AOA": 0.002546942176129182,
    "ARS": 0.002399921847792986,
    "AMD": 0.005801084982029144,
    "AWG": 1.2472941823654853,
    "AUD": 1.4749493346865061,
    "AZN": 1.3206644283869846,
    "BSD": 2.2495958762416834,
    "BHD": 5.957619565281151,
    "BDT": 0.019145434043831056,
    "BBD": 1.1141296882854421,
    "BYN": 0.6873779069480621,
    "BZD": 1.1160043326721023,
    "BMD": 2.2451295282578734,
    "BTN": 0.02679611041573746,
    "BOB": 0.325530363255911,
    "BAM": 1.2546632379092524,
    "BWP": 0.16534249538868873,
    "BRL": 0.39688336872860264,
    "BND": 1.6948722906610525,
    "BGN": 1.253673990041224,
    "BIF": null,
    "CVE": 0.022254189925912375,
    "KHR": 0.000547489479736433,
    "XAF": 0.003740901184210065,
    "CAD": 1.6327324170847626,
    "KYD": 2.699230527816159,
    "CLP": 0.0023755973343285476,
    "CNY": 0.3126355295537322,
    "COP": 0.0005423345683417703,
    "KMF": 0.004980875271917935,
    "CDF": 0.000782275096953963,
    "CRC": 0.00425428332146406,
    "HRK": null,
    "CUP": 0.09373159779256987,
    "CZK": null,
    "DKK": 0.3283313145433739,
    "DJF": 0.01263253992994597,
    "DOP": 0.03782167676006757,
    "EGP": null,
    "ERN": null,
    "ETB": 0.02794917115549291,
    "EUR": 2.4504797297183,
    "FJD": 1
  }
}