{
  "meta": {
    "code": "FJD",
    "createdAt": "2024-08-20T16:04:12Z"
  },
  "data": {
    "GMD": 0.03164857079,
    "GEL": 0.8236713199,
    "GHS": 0.14223588,
    "GIP": null,
    "GTQ": 0.2869432603,
    "GNF": 0.00025760870580000003,
    "GYD": 0.0106371722,
    "HTG": null,
    "HNL": 0.08966027308999999,
    "HKD": 0.2844219136,
    "HUF": 0.006259836455,
    "ISK": 0.016174344729999998,
    "INR": 0.02645017014,
    "IDR": 0.0001434856979,
    "IRR": 0.00005263170309,
    "IQD": 0.001696198856,
    "ILS": 0.5994339374000001,
    "JMD": 0.01414708359,
    "JPY": 0.015203182499999999,
    "JOD": 3.126485465,
    "KZT": 0.004662714718,
    "KES": 0.01721796695,
    "KWD": 7.249626221000001,
    "KGS": 0.025858908679999997,
    "LAK": 0.000100413448,
    "LBP": 0.000024801403,
    "LSL": 0.1248190698,
    "LRD": 0.01138921831,
    "LYD": 0.4647448396,
    "MOP": 0.27692300610000004,
    "MKD": 0.039985555209999996,
    "MGA": 0.0004859942918,
    "MWK": 0.001280818223,
    "MYR": 0.5060881914,
    "MVR": 0.1438708009,
    "MRU": 0.056052513309999996,
    "MUR": 0.04801872853,
    "MXN": 0.1172184755,
    "MDL": 0.1265133634,
    "MNT": null,
    "MAD": 0.22876530550000002,
    "MZN": 0.03467338047,
    "MMK": 0.0006821165645,
    "NAD": 0.1248269345,
    "NPR": 0.016568983239999998,
    "ANG": 1.233041128,
    "TWD": 0.06933526303,
    "NZD": 1.3607983730000002,
    "NIO": 0.060349800009999996,
    "NGN": 0.0014101670109999999,
    "KPW": null,
    "NOK": 0.2108188087,
    "OMR": 5.754940149,
    "PKR": 0.007980836714,
    "PAB": null,
    "PGK": 0.5631721816,
    "PYG": 0.0002927759654,
    "PEN": 0.5937626464,
    "PHP": 0.03922693579,
    "PLN": 0.575040301,
    "QAR": 0.6090334429,
    "RON": 0.4943219804,
    "RUB": 0.024239932019999997,
    "RWF": 0.00164536761,
    "SHP": 2.86728145,
    "WST": null,
    "STN": null,
    "SAR": null,
    "RSD": 0.021017579329999998,
    "SCR": 0.1641037035,
    "SLL": 0.00011460391160000001,
    "SGD": 1.695493694,
    "SBD": 0.26163874000000004,
    "SOS": 0.003902065989,
    "ZAR": 0.12396760300000001,
    "KRW": 0.001663025899,
    "SSP": null,
    "LKR": 0.007414932723,
    "SDG": 0.003683125318,
    "SRD": 0.07667335681,
    "SZL": 0.1248448349,
    "SEK": 0.21642712260000002,
    "CHF": null,
    "SYP": null,
    "TJS": 0.2085673486,
    "TZS": 0.0008198151946000001,
    "THB": 0.06473912772,
    "TOP": null,
    "TTD": 0.3277826085,
    "TND": 0.7261918368,
    "TRY": 0.065409685,
    "TMT": 0.634136096,
    "UGX": 0.0005966101000000001,
    "UAH": 0.053678145069999995,
    "AED": 0.6031581799,
    "GBP": 2.885281575,
    "USD": 2.2154,
    "UYU": 0.055030536,
    "UZS": 0.0001756872015,
    "VUV": null,
    "VES": 0.06047275470999999,
    "VND": 0.00008888273416,
    "XOF": 0.003752258426,
    "YER": 0.008849253575,
    "ZMW": 0.08616889131,
    "ZWL": null,
    "AFN": 0.0313238084072142,
    "ALL": 0.0246903447878087,
    "DZD": 0.01654010136717896,
    "AOA": 0.002500221834057393,
    "ARS": 0.002347413470659901,
    "AMD": 0.005723566395430671,
    "AWG": 1.230739753605409,
    "AUD": 1.4928110218933532,
    "AZN": 1.3031362096998447,
    "BSD": 2.2209189445413364,
    "BHD": 5.878648248172728,
    "BDT": 0.01861466731180909,
    "BBD": 1.0998988426444105,
    "BYN": 0.6786090803479903,
    "BZD": 1.1018096599158402,
    "BMD": 2.215331556489736,
    "BTN": null,
    "BOB": 0.3214009937196128,
    "BAM": 1.2583657761212907,
    "BWP": 0.16679013236719256,
    "BRL": 0.40467850814282175,
    "BND": 1.6976696412240984,
    "BGN": 1.258012057225093,
    "BIF": 0.0007699499474941874,
    "CVE": 0.022320372394325112,
    "KHR": 0.0005429175323964036,
    "XAF": 0.003752142859105228,
    "CAD": 1.6250130616518628,
    "KYD": 2.664982613696068,
    "CLP": 0.0024009749393076214,
    "CNY": null,
    "COP": 0.0005521336977614506,
    "KMF": 0.0049793921259174345,
    "CDF": 0.0007718925283936363,
    "CRC": 0.004285012124039014,
    "HRK": null,
    "CUP": 0.0925334222670821,
    "CZK": 0.09782008909649355,
    "DKK": 0.3297154240155256,
    "DJF": 0.012471649155614658,
    "DOP": 0.03717691021858231,
    "EGP": 0.04530284061468268,
    "ERN": null,
    "ETB": 0.02036038046486037,
    "EUR": 2.460208399903907,
    "FJD": 1
  }
}