{
  "meta": {
    "code": "FJD",
    "createdAt": "2024-07-25T13:05:57Z"
  },
  "data": {
    "GMD": 0.033367760829999996,
    "GEL": 0.8299781891,
    "GHS": 0.1458758186,
    "GIP": null,
    "GTQ": 0.2916704041,
    "GNF": 0.0002623880498,
    "GYD": 0.01082754637,
    "HTG": 0.01713015012,
    "HNL": 0.09134632708,
    "HKD": 0.2897445107,
    "HUF": 0.006247824339,
    "ISK": 0.01640789374,
    "INR": 0.026990278819999998,
    "IDR": 0.0001385720556,
    "IRR": 0.00005372691006,
    "IQD": 0.001726851322,
    "ILS": 0.6187280818,
    "JMD": 0.01444661125,
    "JPY": 0.014679848799999999,
    "JOD": 3.191094098,
    "KZT": 0.004762078995,
    "KES": 0.017394933329999997,
    "KWD": 7.394967048000001,
    "KGS": 0.02685866856,
    "LAK": 0.00010202440640000001,
    "LBP": 0.00002524942135,
    "LSL": 0.1223334679,
    "LRD": 0.01157152153,
    "LYD": 0.4675506514,
    "MOP": 0.2813979927,
    "MKD": 0.039835621429999996,
    "MGA": 0.0004977439379,
    "MWK": 0.0013039467509999999,
    "MYR": 0.4850924284,
    "MVR": 0.14733523240000002,
    "MRU": 0.05712748238,
    "MUR": 0.04834471872,
    "MXN": 0.1229679317,
    "MDL": 0.1272011657,
    "MNT": null,
    "MAD": 0.2301266216,
    "MZN": 0.0353948948,
    "MMK": 0.0006963106485,
    "NAD": 0.1223334679,
    "NPR": 0.016884863309999998,
    "ANG": 1.2554113420000002,
    "TWD": 0.06910725622,
    "NZD": 1.3327471800000001,
    "NIO": 0.06144242212,
    "NGN": 0.001463469863,
    "KPW": null,
    "NOK": 0.204238478,
    "OMR": 5.875616719,
    "PKR": 0.008121783749,
    "PAB": 2.2621897570000002,
    "PGK": 0.5848266138,
    "PYG": 0.0002982063653,
    "PEN": 0.6044270343,
    "PHP": 0.038533653269999996,
    "PLN": 0.5717963031000001,
    "QAR": 0.6198685563,
    "RON": 0.49355156920000004,
    "RUB": 0.026558106169999998,
    "RWF": 0.001725424541,
    "SHP": 2.919031125,
    "WST": null,
    "STN": null,
    "SAR": 0.6028110568,
    "RSD": 0.02095184269,
    "SCR": 0.1669330069,
    "SLL": 0.00011460391160000001,
    "SGD": 1.683158463,
    "SBD": 0.266857,
    "SOS": 0.003972709205,
    "ZAR": 0.12285033370000001,
    "KRW": 0.001634888329,
    "SSP": null,
    "LKR": 0.007453062722,
    "SDG": 0.003859214922,
    "SRD": 0.07757615082,
    "SZL": 0.1223631161,
    "SEK": 0.2089092512,
    "CHF": 2.567551056,
    "SYP": null,
    "TJS": 0.21293392960000002,
    "TZS": 0.0008407883852,
    "THB": 0.06242150688,
    "TOP": 0.95141305,
    "TTD": 0.3327876402,
    "TND": 0.7285328397,
    "TRY": 0.06845782127,
    "TMT": 0.6463272017,
    "UGX": 0.0006051611172,
    "UAH": 0.05486261048,
    "AED": 0.6157092055,
    "GBP": 2.910301735,
    "USD": 2.2615,
    "UYU": 0.056175659999999995,
    "UZS": 0.00017909790940000002,
    "VUV": null,
    "VES": 0.06194343483,
    "VND": 0.00008940501025,
    "XOF": 0.003740527784,
    "YER": 0.00903339666,
    "ZMW": 0.08659984564999999,
    "ZWL": null,
    "AFN": 0.03193029880409383,
    "ALL": 0.024449893048233817,
    "DZD": 0.01678513250067275,
    "AOA": 0.0025830123718107046,
    "ARS": 0.0024367928336121725,
    "AMD": 0.005830073815339977,
    "AWG": 1.2546060091651992,
    "AUD": 1.4771013080209776,
    "AZN": 1.3302513714825128,
    "BSD": 2.260916364849254,
    "BHD": 5.999612480230212,
    "BDT": 0.01924199775794628,
    "BBD": 1.1198294832062468,
    "BYN": 0.6909974430482636,
    "BZD": 1.1217241683520778,
    "BMD": 2.2614273315202715,
    "BTN": 0.027011267361487706,
    "BOB": 0.32722683201985614,
    "BAM": 1.2544981328960554,
    "BWP": 0.1659596305950188,
    "BRL": 0.4007216467906125,
    "BND": 1.684665314733758,
    "BGN": 1.2545371054208208,
    "BIF": 0.0007848335820193647,
    "CVE": 0.02225137563338933,
    "KHR": 0.0005507400543319934,
    "XAF": 0.003740408362830902,
    "CAD": 1.6341623025577978,
    "KYD": 2.713200112067754,
    "CLP": 0.0023876126611478846,
    "CNY": 0.31271033532346726,
    "COP": 0.0005591530302834659,
    "KMF": 0.004978650079756232,
    "CDF": 0.0007893289115254002,
    "CRC": 0.004275922693351333,
    "HRK": null,
    "CUP": 0.09420776838237842,
    "CZK": 0.09660833952980834,
    "DKK": 0.32873931460759614,
    "DJF": 0.012696887137192482,
    "DOP": 0.03816932791605426,
    "EGP": 0.046782763614943254,
    "ERN": null,
    "ETB": null,
    "EUR": 2.453206771100719,
    "FJD": 1
  }
}