{
  "meta": {
    "code": "FJD",
    "createdAt": "2024-08-19T09:33:20Z"
  },
  "data": {
    "GMD": 0.032278259479999995,
    "GEL": 0.8295691929000001,
    "GHS": 0.14323922760000002,
    "GIP": null,
    "GTQ": 0.28867251450000003,
    "GNF": 0.00025916679160000003,
    "GYD": 0.01070102561,
    "HTG": 0.0169456846,
    "HNL": 0.09022017484,
    "HKD": 0.285880942,
    "HUF": 0.006253774924,
    "ISK": 0.016143809749999998,
    "INR": 0.026546419959999998,
    "IDR": 0.00014291496960000001,
    "IRR": 0.00005289632962,
    "IQD": 0.001706492444,
    "ILS": null,
    "JMD": 0.014234157689999999,
    "JPY": 0.01525578769,
    "JOD": 3.142695014,
    "KZT": 0.004661676595,
    "KES": null,
    "KWD": null,
    "KGS": 0.02598833041,
    "LAK": 0.0001009213363,
    "LBP": 0.00002495265792,
    "LSL": 0.1247621537,
    "LRD": 0.01145951349,
    "LYD": null,
    "MOP": null,
    "MKD": 0.03990033254,
    "MGA": 0.0004975538073,
    "MWK": 0.001288659924,
    "MYR": 0.508087127,
    "MVR": 0.1445432309,
    "MRU": 0.05643969123,
    "MUR": 0.04829315712,
    "MXN": 0.1191846435,
    "MDL": 0.12706176,
    "MNT": null,
    "MAD": 0.2288456908,
    "MZN": 0.034858063099999996,
    "MMK": null,
    "NAD": 0.12475990420000001,
    "NPR": 0.01663905039,
    "ANG": null,
    "TWD": 0.06964614758,
    "NZD": 1.3518881280000001,
    "NIO": 0.06071298201,
    "NGN": 0.001403066667,
    "KPW": null,
    "NOK": 0.20890133760000001,
    "OMR": 5.785755571,
    "PKR": 0.008023824307,
    "PAB": 2.235730176,
    "PGK": 0.5669012428,
    "PYG": 0.0002953447603,
    "PEN": 0.5970112051,
    "PHP": 0.039321705979999996,
    "PLN": 0.575630976,
    "QAR": 0.6126104916,
    "RON": 0.4939132262,
    "RUB": 0.02484419328,
    "RWF": 0.001657855741,
    "SHP": null,
    "WST": null,
    "STN": null,
    "SAR": 0.5935510272,
    "RSD": 0.021006366199999998,
    "SCR": 0.1668301309,
    "SLL": 0.00011460391160000001,
    "SGD": 1.7000293320000002,
    "SBD": 0.26280960000000003,
    "SOS": 0.0039259723,
    "ZAR": 0.1252280616,
    "KRW": 0.001666460974,
    "SSP": null,
    "LKR": 0.007481342976,
    "SDG": 0.00370274294,
    "SRD": 0.07756224889999999,
    "SZL": 0.12479400260000001,
    "SEK": 0.213683225,
    "CHF": 2.5759550200000003,
    "SYP": null,
    "TJS": 0.20984324270000002,
    "TZS": 0.0008215418519,
    "THB": 0.06462118348,
    "TOP": 0.9421056,
    "TTD": 0.32909218560000003,
    "TND": 0.728945121,
    "TRY": 0.06600454195,
    "TMT": 0.6356907648,
    "UGX": 0.0006002900889000001,
    "UAH": 0.05420537088,
    "AED": 0.6063716812000001,
    "GBP": 2.8868409600000002,
    "USD": 2.2272,
    "UYU": 0.055212288,
    "UZS": null,
    "VUV": null,
    "VES": 0.06078790502,
    "VND": 0.0000891949056,
    "XOF": 0.003745165977,
    "YER": 0.008894612736,
    "ZMW": 0.08520656947,
    "ZWL": null,
    "AFN": 0.031502992310937075,
    "ALL": 0.02459565950189571,
    "DZD": 0.016597996720919023,
    "AOA": 0.002506618816596847,
    "ARS": 0.002365622899552339,
    "AMD": 0.005754543275791668,
    "AWG": 1.2372948991923878,
    "AUD": null,
    "AZN": 1.3100769520860576,
    "BSD": 2.2344842829458007,
    "BHD": 5.909444658118144,
    "BDT": 0.01901698806979637,
    "BBD": 1.1066724996673842,
    "BYN": 0.6827727034888056,
    "BZD": 1.1085205323752418,
    "BMD": 2.227130818546298,
    "BTN": 0.026618223855849107,
    "BOB": 0.32336635802591673,
    "BAM": 1.2560661094141599,
    "BWP": 0.16691067159709394,
    "BRL": 0.4070049011163888,
    "BND": 1.6942166618004273,
    "BGN": 1.2578431650194468,
    "BIF": 0.0007746638983174308,
    "CVE": 0.022279186105693773,
    "KHR": 0.0005457880769453035,
    "XAF": 0.0037450842464228857,
    "CAD": 1.6281564742306458,
    "KYD": 2.681234960199011,
    "CLP": 0.002373555454773283,
    "CNY": null,
    "COP": 0.0005520913089594016,
    "KMF": 0.004977662892079344,
    "CDF": 0.0007757334792378372,
    "CRC": 0.004247974069163256,
    "HRK": null,
    "CUP": 0.09310210446255918,
    "CZK": 0.09761652674661887,
    "DKK": 0.32945624697362313,
    "DJF": 0.01254771778812584,
    "DOP": 0.03736846834911526,
    "EGP": 0.04564728057715921,
    "ERN": null,
    "ETB": 0.021192382788624627,
    "EUR": 2.458364592125416,
    "FJD": 1
  }
}