{
  "meta": {
    "code": "FJD",
    "createdAt": "2024-08-01T11:33:03Z"
  },
  "data": {
    "GMD": 0.032473380819999995,
    "GEL": 0.8313413022,
    "GHS": 0.1452635404,
    "GIP": null,
    "GTQ": 0.2916318785,
    "GNF": null,
    "GYD": 0.01081807099,
    "HTG": 0.01709096655,
    "HNL": 0.09128147150999999,
    "HKD": 0.28878525050000003,
    "HUF": 0.006157265552,
    "ISK": 0.016248380019999998,
    "INR": null,
    "IDR": 0.0001387244209,
    "IRR": 0.00005360170902,
    "IQD": 0.001726419943,
    "ILS": 0.5961362118,
    "JMD": 0.01442505872,
    "JPY": 0.015004886799999999,
    "JOD": null,
    "KZT": 0.004759632832,
    "KES": 0.01737778469,
    "KWD": 7.384050942000001,
    "KGS": 0.02685826327,
    "LAK": 0.00010176497510000001,
    "LBP": 0.00002522469423,
    "LSL": 0.1239077821,
    "LRD": 0.01126607985,
    "LYD": 0.4672358509,
    "MOP": 0.2807556517,
    "MKD": 0.03955086349,
    "MGA": 0.0004956946828,
    "MWK": 0.0013027260119999999,
    "MYR": 0.4939593524,
    "MVR": 0.14693983030000002,
    "MRU": 0.057035185149999994,
    "MUR": 0.048401657949999996,
    "MXN": 0.121755688,
    "MDL": 0.1278364356,
    "MNT": null,
    "MAD": 0.22731000280000002,
    "MZN": 0.03533646385,
    "MMK": null,
    "NAD": null,
    "NPR": 0.016867479289999997,
    "ANG": 1.254207176,
    "TWD": null,
    "NZD": 1.341851179,
    "NIO": 0.06133784764,
    "NGN": 0.001328729562,
    "KPW": null,
    "NOK": null,
    "OMR": 5.863816643000001,
    "PKR": 0.008107554402,
    "PAB": 2.26019733,
    "PGK": 0.5749967323,
    "PYG": 0.0002981039906,
    "PEN": 0.6046061318,
    "PHP": 0.03869624317,
    "PLN": 0.5670348405,
    "QAR": 0.618610106,
    "RON": 0.4895561405,
    "RUB": 0.026302973339999997,
    "RWF": 0.0017204716569999999,
    "SHP": 2.894361405,
    "WST": null,
    "STN": null,
    "SAR": 0.6015304059000001,
    "RSD": 0.02080878478,
    "SCR": 0.16647431540000002,
    "SLL": 0.00011460391160000001,
    "SGD": 1.6867398040000001,
    "SBD": 0.26744265,
    "SOS": 0.003969483114,
    "ZAR": 0.12412399310000001,
    "KRW": 0.001652026876,
    "SSP": null,
    "LKR": 0.007463209678,
    "SDG": 0.003752119496,
    "SRD": 0.07787381540999999,
    "SZL": 0.12396837990000001,
    "SEK": 0.2112629021,
    "CHF": 2.5729111380000003,
    "SYP": null,
    "TJS": 0.21313030630000002,
    "TZS": null,
    "THB": 0.06338360336,
    "TOP": 0.9485750700000001,
    "TTD": 0.3337142616,
    "TND": 0.7238623302,
    "TRY": 0.06815402418,
    "TMT": 0.646015056,
    "UGX": 0.0006048636441,
    "UAH": 0.05487586899,
    "AED": 0.6144586288,
    "GBP": 2.882557818,
    "USD": 2.2569,
    "UYU": 0.056064217119999996,
    "UZS": null,
    "VUV": null,
    "VES": 0.06167963258,
    "VND": 0.00008947073808,
    "XOF": 0.003713789886,
    "YER": 0.009015022296,
    "ZMW": 0.08729955514,
    "ZWL": null,
    "AFN": 0.031814146571120736,
    "ALL": 0.024343053563144916,
    "DZD": 0.016762770476686697,
    "AOA": 0.0025486487065449924,
    "ARS": 0.002424730336416199,
    "AMD": 0.005822202750809613,
    "AWG": 1.2537935718655542,
    "AUD": 1.4748150978740007,
    "AZN": 1.3275461349164692,
    "BSD": 2.2587013446595936,
    "BHD": 5.98727965794518,
    "BDT": 0.019223558182044936,
    "BBD": 1.118718283442389,
    "BYN": 0.6902245005229226,
    "BZD": null,
    "BMD": 2.2568284293579977,
    "BTN": 0.02697206774309821,
    "BOB": 0.3268903513139443,
    "BAM": 1.245530858569761,
    "BWP": 0.16670151361767027,
    "BRL": 0.3988879829531168,
    "BND": 1.6864505993792742,
    "BGN": 1.245490990535227,
    "BIF": 0.0007839056930471312,
    "CVE": 0.022092327198255556,
    "KHR": 0.000549765188223627,
    "XAF": 0.003713672405319963,
    "CAD": 1.6329571503717293,
    "KYD": 2.70900660059915,
    "CLP": 0.002393294056491554,
    "CNY": 0.31140265063227013,
    "COP": null,
    "KMF": 0.004952171661155378,
    "CDF": 0.0007877237103828539,
    "CRC": 0.004321464066391033,
    "HRK": null,
    "CUP": 0.09406504986686949,
    "CZK": null,
    "DKK": 0.32640107572812,
    "DJF": 0.01268490443173403,
    "DOP": 0.03802699581913487,
    "EGP": 0.0463649619033342,
    "ERN": null,
    "ETB": 0.03898788984989151,
    "EUR": null,
    "FJD": 1
  }
}