{
  "meta": {
    "code": "FJD",
    "createdAt": "2024-08-02T15:33:01Z"
  },
  "data": {
    "GMD": 0.032197142209999995,
    "GEL": 0.8317624108,
    "GHS": 0.1448457579,
    "GIP": null,
    "GTQ": null,
    "GNF": null,
    "GYD": 0.01080047554,
    "HTG": 0.01712958093,
    "HNL": 0.09078247801,
    "HKD": 0.2886930734,
    "HUF": 0.006186385752,
    "ISK": null,
    "INR": 0.026901401869999998,
    "IDR": 0.0001393337474,
    "IRR": 0.00005354397961,
    "IQD": null,
    "ILS": 0.5931130506,
    "JMD": null,
    "JPY": null,
    "JOD": 3.180677503,
    "KZT": 0.0047514701749999996,
    "KES": 0.01733692286,
    "KWD": 7.383764332,
    "KGS": 0.026821371689999998,
    "LAK": 0.00010154539170000001,
    "LBP": 0.00002515401721,
    "LSL": 0.1232932162,
    "LRD": 0.011531610519999999,
    "LYD": 0.46662524190000004,
    "MOP": 0.2804500253,
    "MKD": 0.03962313374,
    "MGA": 0.0004931728648,
    "MWK": 0.001300894644,
    "MYR": null,
    "MVR": 0.1468335824,
    "MRU": 0.05665661038,
    "MUR": 0.04823170314,
    "MXN": 0.11825913980000001,
    "MDL": 0.12755381100000002,
    "MNT": null,
    "MAD": null,
    "MZN": 0.03527438156,
    "MMK": 0.0006939398362000001,
    "NAD": null,
    "NPR": 0.016834547239999997,
    "ANG": 1.251995816,
    "TWD": 0.06902909339999999,
    "NZD": null,
    "NIO": 0.06114487053,
    "NGN": 0.001393789834,
    "KPW": null,
    "NOK": 0.205557829,
    "OMR": 5.855482836,
    "PKR": 0.008079584062,
    "PAB": null,
    "PGK": 0.5735808535,
    "PYG": null,
    "PEN": 0.6021373109,
    "PHP": 0.038962747799999996,
    "PLN": null,
    "QAR": 0.61900617,
    "RON": 0.49461286270000004,
    "RUB": 0.026375770639999997,
    "RWF": 0.001709366685,
    "SHP": 2.8707777500000002,
    "WST": null,
    "STN": null,
    "SAR": 0.600374366,
    "RSD": null,
    "SCR": null,
    "SLL": 0.00011460391160000001,
    "SGD": 1.7009090530000002,
    "SBD": null,
    "SOS": 0.00394711014,
    "ZAR": 0.12313426690000001,
    "KRW": 0.001659757369,
    "SSP": null,
    "LKR": 0.007469760324,
    "SDG": null,
    "SRD": 0.07814027597999999,
    "SZL": 0.1232932162,
    "SEK": 0.2131336621,
    "CHF": 2.6268106610000004,
    "SYP": null,
    "TJS": 0.2132685295,
    "TZS": 0.0008347407399,
    "THB": 0.06391591987999999,
    "TOP": 0.94637062,
    "TTD": 0.33313868560000004,
    "TND": 0.7259794063,
    "TRY": 0.06783018449,
    "TMT": 0.6432829767,
    "UGX": 0.0006053675246,
    "UAH": 0.05465773769999999,
    "AED": null,
    "GBP": 2.8851908010000002,
    "USD": 2.2538,
    "UYU": 0.055837895,
    "UZS": 0.00017887301500000001,
    "VUV": null,
    "VES": 0.06158256073999999,
    "VND": 0.00008937466438,
    "XOF": 0.003719141877,
    "YER": 0.009002632811,
    "ZMW": 0.08715162875,
    "ZWL": null,
    "AFN": 0.031967777912021135,
    "ALL": 0.02428063287024755,
    "DZD": 0.016733452695963033,
    "AOA": 0.0025654278233323735,
    "ARS": 0.002416318552445181,
    "AMD": 0.005810824656592524,
    "AWG": 1.2520713015541611,
    "AUD": 1.4682479769224388,
    "AZN": null,
    "BSD": 2.2546757580294807,
    "BHD": 5.978731674863817,
    "BDT": 0.019190547839053648,
    "BBD": 1.1167624962854092,
    "BYN": 0.6891615046402484,
    "BZD": 1.118677132877918,
    "BMD": 2.2537283427974897,
    "BTN": 0.02693046982179146,
    "BOB": null,
    "BAM": 1.2478418111055853,
    "BWP": 0.1666390633779621,
    "BRL": null,
    "BND": 1.6935966537546077,
    "BGN": null,
    "BIF": 0.0007832244458027768,
    "CVE": 0.021976873162335347,
    "KHR": null,
    "XAF": 0.0037204590542425143,
    "CAD": null,
    "KYD": 2.7060357188526423,
    "CLP": 0.002366640774512161,
    "CNY": null,
    "COP": null,
    "KMF": null,
    "CDF": 0.0007839055105382574,
    "CRC": 0.0043082015047655195,
    "HRK": null,
    "CUP": 0.09395494803868576,
    "CZK": null,
    "DKK": 0.32979862053640296,
    "DJF": 0.01266259030601055,
    "DOP": 0.03787778727390739,
    "EGP": 0.046306124556853276,
    "ERN": null,
    "ETB": 0.03893433423996304,
    "EUR": null,
    "FJD": 1
  }
}