{
  "meta": {
    "code": "FJD",
    "createdAt": "2024-08-09T08:05:14Z"
  },
  "data": {
    "GMD": 0.032255395209999996,
    "GEL": 0.8318896624000001,
    "GHS": 0.1436390776,
    "GIP": null,
    "GTQ": 0.289102581,
    "GNF": 0.000259850882,
    "GYD": 0.01072053944,
    "HTG": 0.017010878729999998,
    "HNL": 0.09046949772,
    "HKD": 0.2875311143,
    "HUF": 0.006186976682,
    "ISK": 0.0161999566,
    "INR": 0.02670251545,
    "IDR": 0.00014080566250000001,
    "IRR": 0.00005324189427,
    "IQD": 0.001710164046,
    "ILS": 0.5989902198,
    "JMD": 0.014291245919999999,
    "JPY": 0.015223836329999999,
    "JOD": 3.1627797120000003,
    "KZT": 0.004691850486,
    "KES": 0.017344293979999998,
    "KWD": 7.3241469630000005,
    "KGS": 0.026325923869999997,
    "LAK": 0.00010102872300000001,
    "LBP": 0.0000250260003,
    "LSL": 0.12156335480000001,
    "LRD": 0.01145750959,
    "LYD": 0.4654054581,
    "MOP": 0.2791272419,
    "MKD": 0.0398105433,
    "MGA": null,
    "MWK": 0.001291393489,
    "MYR": 0.5063243451,
    "MVR": 0.1455820023,
    "MRU": 0.056464380759999995,
    "MUR": 0.048304758229999994,
    "MXN": 0.11905077900000001,
    "MDL": 0.127376235,
    "MNT": null,
    "MAD": 0.2277212243,
    "MZN": 0.03508578617,
    "MMK": null,
    "NAD": 0.12156447570000001,
    "NPR": 0.01667227584,
    "ANG": 1.2433279030000002,
    "TWD": 0.06920477282,
    "NZD": 1.3498809710000002,
    "NIO": 0.060838741159999994,
    "NGN": 0.0013653781889999999,
    "KPW": null,
    "NOK": null,
    "OMR": 5.82349037,
    "PKR": null,
    "PAB": 2.240522417,
    "PGK": 0.5691583558000001,
    "PYG": 0.0002959798217,
    "PEN": 0.5991081358,
    "PHP": 0.039130217009999996,
    "PLN": 0.566400555,
    "QAR": 0.6155533672,
    "RON": 0.49183882910000004,
    "RUB": 0.025600784999999997,
    "RWF": 0.001701174853,
    "SHP": 2.858343337,
    "WST": null,
    "STN": null,
    "SAR": 0.5972982589,
    "RSD": 0.020918871959999998,
    "SCR": 0.1653368862,
    "SLL": 0.00011460391160000001,
    "SGD": 1.693797926,
    "SBD": 0.2645265,
    "SOS": 0.00393436092,
    "ZAR": 0.1224668921,
    "KRW": null,
    "SSP": null,
    "LKR": 0.007440280821,
    "SDG": 0.003726932465,
    "SRD": 0.07760814081999999,
    "SZL": 0.1215898747,
    "SEK": 0.2132442045,
    "CHF": 2.589088986,
    "SYP": null,
    "TJS": 0.2126828031,
    "TZS": null,
    "THB": 0.06355069822,
    "TOP": 0.9448976250000001,
    "TTD": null,
    "TND": 0.7286973591,
    "TRY": 0.06674795155999999,
    "TMT": 0.6398436476,
    "UGX": null,
    "UAH": 0.05454063419999999,
    "AED": 0.6103287671000001,
    "GBP": 2.860932558,
    "USD": 2.2417499999999997,
    "UYU": null,
    "UZS": 0.0001771538454,
    "VUV": null,
    "VES": 0.06118905943,
    "VND": 0.00008925056857,
    "XOF": 0.0037297519139999997,
    "YER": 0.008954500002,
    "ZMW": 0.08588050096,
    "ZWL": null,
    "AFN": 0.03163249110674339,
    "ALL": 0.024427926684295578,
    "DZD": 0.016652610475707628,
    "AOA": 0.00254591652746762,
    "ARS": 0.002394284236146294,
    "AMD": 0.005771147967892262,
    "AWG": 1.2453775011943793,
    "AUD": 1.4782757373941464,
    "AZN": 1.3186350012646368,
    "BSD": 2.2393192600583958,
    "BHD": 5.947994317193441,
    "BDT": 0.019057411667749664,
    "BBD": 1.1176243458961856,
    "BYN": 0.6843489735348804,
    "BZD": 1.1109252983628877,
    "BMD": 2.2416795021498825,
    "BTN": 0.02667030295978093,
    "BOB": 0.3240710036963567,
    "BAM": 1.2508443860990137,
    "BWP": null,
    "BRL": 0.4040736706502137,
    "BND": 1.690125603279686,
    "BGN": 1.2526498294567487,
    "BIF": 0.0007768256290777641,
    "CVE": 0.022186345452118245,
    "KHR": 0.0005454803950762204,
    "XAF": 0.0037295994898576246,
    "CAD": 1.6323661786651549,
    "KYD": 2.686950130047862,
    "CLP": 0.002395775802221371,
    "CNY": 0.31246839362669193,
    "COP": 0.0005492293280251286,
    "KMF": 0.004967710808705337,
    "CDF": 0.0007824361267109489,
    "CRC": 0.00423630850720139,
    "HRK": null,
    "CUP": 0.09330141971956034,
    "CZK": 0.09698488360338342,
    "DKK": 0.3280330570957009,
    "DJF": 0.01257506853467053,
    "DOP": 0.037591705816852554,
    "EGP": 0.04551069822964235,
    "ERN": null,
    "ETB": 0.02790622246105831,
    "EUR": null,
    "FJD": 1
  }
}