{
  "meta": {
    "code": "FJD",
    "createdAt": "2024-08-21T14:34:28Z"
  },
  "data": {
    "GMD": 0.03186906428,
    "GEL": 0.8204346198,
    "GHS": 0.14170825210000002,
    "GIP": null,
    "GTQ": 0.2859469123,
    "GNF": 0.0002566512052,
    "GYD": null,
    "HTG": 0.01679205836,
    "HNL": 0.0892437475,
    "HKD": 0.2841914269,
    "HUF": 0.00627769107,
    "ISK": 0.01614358592,
    "INR": 0.026397931259999997,
    "IDR": 0.0001427660307,
    "IRR": 0.0000526042028,
    "IQD": null,
    "ILS": 0.5952993374000001,
    "JMD": null,
    "JPY": 0.01517826672,
    "JOD": 3.125339074,
    "KZT": 0.00462990514,
    "KES": 0.01716976725,
    "KWD": 7.238233397,
    "KGS": 0.02587230891,
    "LAK": 0.0001001084743,
    "LBP": 0.00002471986543,
    "LSL": 0.1241535859,
    "LRD": 0.01133688812,
    "LYD": 0.46433960960000004,
    "MOP": 0.2758073216,
    "MKD": 0.039949597569999995,
    "MGA": 0.0004809771853,
    "MWK": 0.001276231626,
    "MYR": 0.5059739709000001,
    "MVR": 0.14374497220000002,
    "MRU": null,
    "MUR": 0.04806818063,
    "MXN": 0.1152401395,
    "MDL": 0.1276557615,
    "MNT": null,
    "MAD": 0.2284815311,
    "MZN": 0.034678866489999995,
    "MMK": null,
    "NAD": 0.1241535859,
    "NPR": 0.01648859934,
    "ANG": 1.228746783,
    "TWD": 0.06940803336,
    "NZD": 1.3614104340000002,
    "NIO": 0.060105834319999996,
    "NGN": 0.001405714502,
    "KPW": null,
    "NOK": 0.21049966620000002,
    "OMR": 5.753820707,
    "PKR": 0.007950820992,
    "PAB": 2.2142065140000002,
    "PGK": 0.5613594723,
    "PYG": null,
    "PEN": 0.591744578,
    "PHP": 0.03926120665,
    "PLN": 0.575098785,
    "QAR": 0.6083637036,
    "RON": 0.4946629195,
    "RUB": 0.024207638799999997,
    "RWF": 0.001681776759,
    "SHP": 2.8859039550000003,
    "WST": null,
    "STN": null,
    "SAR": 0.5903499219,
    "RSD": null,
    "SCR": 0.16332568490000002,
    "SLL": 0.00011460391160000001,
    "SGD": null,
    "SBD": 0.26025075000000003,
    "SOS": 0.003878984049,
    "ZAR": 0.1237893877,
    "KRW": 0.001657661282,
    "SSP": null,
    "LKR": 0.0073692912449999995,
    "SDG": 0.0036822940629999998,
    "SRD": 0.076831552,
    "SZL": 0.1241535859,
    "SEK": 0.21648911010000002,
    "CHF": null,
    "SYP": null,
    "TJS": 0.2078270349,
    "TZS": 0.0008183840654,
    "THB": 0.0646007258,
    "TOP": 0.9426614400000001,
    "TTD": 0.3264459158,
    "TND": 0.7257210660000001,
    "TRY": 0.0653063265,
    "TMT": 0.6321800803000001,
    "UGX": 0.0005950878145,
    "UAH": null,
    "AED": 0.6030220293,
    "GBP": 2.8922385690000003,
    "USD": 2.2149,
    "UYU": 0.054995967,
    "UZS": 0.0001752294302,
    "VUV": null,
    "VES": 0.06045396786999999,
    "VND": 0.00008880929487,
    "XOF": null,
    "YER": 0.008846368186999999,
    "ZMW": 0.08528414862,
    "ZWL": null,
    "AFN": 0.03164045107639549,
    "ALL": 0.024675039835958004,
    "DZD": null,
    "AOA": 0.0024689153033385903,
    "ARS": 0.0023455669072784385,
    "AMD": 0.005703213537889985,
    "AWG": 1.230461986304269,
    "AUD": 1.4934502845569244,
    "AZN": 1.302882358172249,
    "BSD": 2.2131980595989624,
    "BHD": 5.878003122051983,
    "BDT": 0.018559515546637474,
    "BBD": 1.0961546786559206,
    "BYN": 0.676272513585368,
    "BZD": 1.0979576119803105,
    "BMD": 2.2149000088928235,
    "BTN": 0.026378559407730012,
    "BOB": 0.3202889135140386,
    "BAM": 1.2588736175937436,
    "BWP": 0.1662124079617926,
    "BRL": 0.4049792605058454,
    "BND": null,
    "BGN": 1.2598407732878074,
    "BIF": 0.0007695731677245533,
    "CVE": 0.022237264812727756,
    "KHR": 0.0005402028232555328,
    "XAF": 0.003753420825044784,
    "CAD": 1.6287382573273188,
    "KYD": 2.655706050112221,
    "CLP": 0.0024088133116089818,
    "CNY": 0.31037003067083163,
    "COP": 0.0005526923219279613,
    "KMF": 0.00500244285792814,
    "CDF": 0.0007703762001209336,
    "CRC": 0.00425394368783509,
    "HRK": null,
    "CUP": 0.09221365262613015,
    "CZK": 0.09823612064805107,
    "DKK": 0.32985997019075897,
    "DJF": 0.012428469994749882,
    "DOP": 0.036990924014157565,
    "EGP": 0.04539491611648448,
    "ERN": null,
    "ETB": 0.02007097032485441,
    "EUR": 2.461676151796178,
    "FJD": 1
  }
}