{
  "meta": {
    "code": "FJD",
    "createdAt": "2024-08-16T12:42:46Z"
  },
  "data": {
    "GMD": 0.03196714221,
    "GEL": 0.831904806,
    "GHS": 0.1434180642,
    "GIP": null,
    "GTQ": 0.289032968,
    "GNF": 0.00025949152390000003,
    "GYD": 0.01071438731,
    "HTG": 0.01696699774,
    "HNL": 0.09033406932999999,
    "HKD": 0.287052156,
    "HUF": 0.006215184897,
    "ISK": 0.01608236287,
    "INR": 0.026657697719999998,
    "IDR": 0.00014251419,
    "IRR": 0.00005316148867,
    "IQD": 0.001708669455,
    "ILS": 0.6088880158000001,
    "JMD": 0.0142519292,
    "JPY": 0.015138488039999998,
    "JOD": 3.15751106,
    "KZT": null,
    "KES": 0.01734616705,
    "KWD": 7.314253629,
    "KGS": null,
    "LAK": 0.0001010480426,
    "LBP": 0.00002498436804,
    "LSL": 0.1249190654,
    "LRD": null,
    "LYD": 0.4669395163,
    "MOP": 0.2787688619,
    "MKD": null,
    "MGA": 0.0004981795985000001,
    "MWK": 0.001290269232,
    "MYR": 0.5049533402,
    "MVR": 0.1453189903,
    "MRU": null,
    "MUR": 0.048426289469999995,
    "MXN": null,
    "MDL": 0.12751907140000002,
    "MNT": null,
    "MAD": 0.2291335431,
    "MZN": 0.03504983354,
    "MMK": 0.0006889553162,
    "NAD": 0.1249202066,
    "NPR": 0.01666012851,
    "ANG": 1.2422152960000001,
    "TWD": 0.06933101040999999,
    "NZD": 1.34821425,
    "NIO": 0.06078906729,
    "NGN": 0.001407188385,
    "KPW": null,
    "NOK": 0.2079975715,
    "OMR": 5.813041117,
    "PKR": 0.008033915851,
    "PAB": 2.2385212350000003,
    "PGK": 0.5676167721,
    "PYG": null,
    "PEN": 0.5977675419,
    "PHP": 0.03913021236,
    "PLN": 0.575872095,
    "QAR": 0.6133753428000001,
    "RON": 0.49420320560000003,
    "RUB": 0.025142013999999997,
    "RWF": 0.00165992586,
    "SHP": 2.870857215,
    "WST": null,
    "STN": null,
    "SAR": 0.5963094566,
    "RSD": 0.021012877939999997,
    "SCR": 0.16833977660000002,
    "SLL": 0.00011460391160000001,
    "SGD": 1.6971052450000002,
    "SBD": 0.26292975,
    "SOS": 0.003930927311,
    "ZAR": 0.1249395,
    "KRW": 0.001650617251,
    "SSP": null,
    "LKR": 0.007490819348,
    "SDG": 0.003720199298,
    "SRD": 0.07794283914,
    "SZL": 0.1249498114,
    "SEK": 0.2130290847,
    "CHF": 2.5801039030000004,
    "SYP": null,
    "TJS": 0.2101052611,
    "TZS": null,
    "THB": null,
    "TOP": 0.94363809,
    "TTD": null,
    "TND": 0.7298617700000001,
    "TRY": 0.06639862315999999,
    "TMT": 0.640519248,
    "UGX": 0.0006010395069,
    "UAH": 0.05427353383,
    "AED": null,
    "GBP": 2.888546233,
    "USD": 2.2377,
    "UYU": null,
    "UZS": 0.0001768745211,
    "VUV": null,
    "VES": 0.06108425125,
    "VND": 0.00008929362834,
    "XOF": 0.003749843676,
    "YER": 0.008940108269,
    "ZMW": 0.08531372225,
    "ZWL": null,
    "AFN": 0.031542465117527695,
    "ALL": 0.024626700676790448,
    "DZD": 0.016654237525929875,
    "AOA": 0.0025326882235021703,
    "ARS": 0.002378559708456321,
    "AMD": 0.0057653046643857805,
    "AWG": 1.2413760835375196,
    "AUD": 1.4831569859108542,
    "AZN": 1.3162529679200985,
    "BSD": 2.2372944513465276,
    "BHD": null,
    "BDT": 0.019040726881150084,
    "BBD": 1.1080645802557676,
    "BYN": 0.6836436860320158,
    "BZD": 1.10991461748057,
    "BMD": 2.2376300454641673,
    "BTN": null,
    "BOB": 0.3237700774147335,
    "BAM": 1.2576459279036274,
    "BWP": 0.16712063918729803,
    "BRL": 0.41037101732727066,
    "BND": 1.696332152181666,
    "BGN": 1.2573780880966,
    "BIF": 0.0007756451680187942,
    "CVE": 0.022306792492350163,
    "KHR": 0.0005464743758353704,
    "XAF": 0.0037497596038492376,
    "CAD": 1.6293343569263632,
    "KYD": 2.6846555274826764,
    "CLP": null,
    "CNY": 0.31236547024404687,
    "COP": 0.0005584678892741756,
    "KMF": 0.0050064437762618735,
    "CDF": 0.0007796620367470967,
    "CRC": 0.004253296699116086,
    "HRK": null,
    "CUP": 0.09322001960178368,
    "CZK": 0.09745351015381376,
    "DKK": 0.3295784506590728,
    "DJF": 0.012563494855518406,
    "DOP": 0.037415290365508364,
    "EGP": 0.04576089651878336,
    "ERN": null,
    "ETB": 0.02121893487380939,
    "EUR": 2.459042205928034,
    "FJD": 1
  }
}