{
  "meta": {
    "code": "FJD",
    "createdAt": "2024-08-09T08:35:03Z"
  },
  "data": {
    "GMD": 0.03226258946,
    "GEL": 0.8320752071,
    "GHS": 0.1436711148,
    "GIP": null,
    "GTQ": 0.2891670625,
    "GNF": 0.00025990883910000003,
    "GYD": 0.010722930549999999,
    "HTG": 0.017014672839999998,
    "HNL": 0.09048967604,
    "HKD": 0.2876223765,
    "HUF": null,
    "ISK": 0.016203569839999998,
    "INR": 0.02671015287,
    "IDR": 0.0001408449157,
    "IRR": 0.00005325376935,
    "IQD": 0.001710545481,
    "ILS": 0.6011218875000001,
    "JMD": 0.014294433439999999,
    "JPY": 0.015238162829999999,
    "JOD": 3.163485139,
    "KZT": 0.004692896957,
    "KES": 0.01734816245,
    "KWD": 7.3259285290000005,
    "KGS": 0.0263317956,
    "LAK": 0.0001010512565,
    "LBP": 0.0000250315821,
    "LSL": 0.1215904683,
    "LRD": 0.01146006508,
    "LYD": 0.4655092622,
    "MOP": 0.2791894984,
    "MKD": 0.039784533239999996,
    "MGA": 0.0004926180647,
    "MWK": 0.001291681522,
    "MYR": 0.5070097221000001,
    "MVR": 0.1456144729,
    "MRU": 0.05647697457,
    "MUR": 0.04831553212,
    "MXN": 0.119323576,
    "MDL": 0.127404645,
    "MNT": null,
    "MAD": 0.2277720152,
    "MZN": 0.0350936117,
    "MMK": 0.0006903836178,
    "NAD": 0.1215915894,
    "NPR": 0.01667599443,
    "ANG": 1.243605215,
    "TWD": 0.06928866415,
    "NZD": 1.3505071750000002,
    "NIO": 0.060852310629999996,
    "NGN": 0.001365682723,
    "KPW": null,
    "NOK": 0.20709665400000002,
    "OMR": null,
    "PKR": 0.008039120987,
    "PAB": 2.2410221430000004,
    "PGK": 0.5692853009000001,
    "PYG": 0.000296045837,
    "PEN": null,
    "PHP": null,
    "PLN": 0.56648204,
    "QAR": 0.6156906603,
    "RON": null,
    "RUB": 0.025552254969999997,
    "RWF": 0.001701554283,
    "SHP": 2.858980862,
    "WST": null,
    "STN": null,
    "SAR": 0.5978775312,
    "RSD": 0.02092334241,
    "SCR": 0.1653753549,
    "SLL": 0.00011460391160000001,
    "SGD": 1.694489402,
    "SBD": 0.26458550000000003,
    "SOS": 0.00393523844,
    "ZAR": 0.1224077908,
    "KRW": 0.001642313141,
    "SSP": null,
    "LKR": 0.007441940302,
    "SDG": 0.00372776372,
    "SRD": 0.07762545054999999,
    "SZL": 0.1216169941,
    "SEK": 0.21327463570000002,
    "CHF": 2.59030774,
    "SYP": null,
    "TJS": 0.2127302399,
    "TZS": 0.0008304629621000001,
    "THB": 0.06354412951999999,
    "TOP": 0.945108375,
    "TTD": 0.3303370147,
    "TND": 0.7288598878,
    "TRY": 0.06677270268999999,
    "TMT": null,
    "UGX": 0.0006005644642,
    "UAH": 0.054552798949999995,
    "AED": 0.6104648948,
    "GBP": 2.86308418,
    "USD": 2.24225,
    "UYU": 0.055473264999999994,
    "UZS": 0.00017719335780000002,
    "VUV": null,
    "VES": 0.0612019671,
    "VND": 0.00008927944402,
    "XOF": 0.003730583798,
    "YER": 0.008956497213999999,
    "ZMW": 0.08589965575,
    "ZWL": null,
    "AFN": 0.031639548213727484,
    "ALL": 0.024433376481625562,
    "DZD": 0.01666143739123424,
    "AOA": 0.002546484513156036,
    "ARS": 0.0023948623894636417,
    "AMD": 0.005772435494427393,
    "AWG": 1.2456553410188274,
    "AUD": 1.4778200498515106,
    "AZN": 1.31892918460817,
    "BSD": 2.2398188448136414,
    "BHD": 5.948749906256625,
    "BDT": 0.01906166331443903,
    "BBD": 1.1178736843626254,
    "BYN": 0.6845016496589009,
    "BZD": 1.1111731422283122,
    "BMD": 2.242179613833889,
    "BTN": 0.026676253016496006,
    "BOB": 0.3241433030100277,
    "BAM": 1.2511234456724798,
    "BWP": 0.16495833067366206,
    "BRL": 0.4041711036671469,
    "BND": 1.69050266492725,
    "BGN": 1.2524044093495719,
    "BIF": 0.0007769989362317355,
    "CVE": 0.022191295156060414,
    "KHR": 0.0005456020899493202,
    "XAF": 0.0037304315507996014,
    "CAD": 1.632557977049805,
    "KYD": 2.68754958051936,
    "CLP": 0.0023963102919634196,
    "CNY": 0.3125555311551787,
    "COP": 0.0005493518595963396,
    "KMF": 0.004968819090063022,
    "CDF": 0.0007826106854568549,
    "CRC": 0.0042372536145443875,
    "HRK": null,
    "CUP": null,
    "CZK": 0.0971073515488527,
    "DKK": 0.32814945768665366,
    "DJF": 0.012577873993421185,
    "DOP": null,
    "EGP": 0.04553037241972886,
    "ERN": null,
    "ETB": 0.027912448253942578,
    "EUR": null,
    "FJD": 1
  }
}