{
  "meta": {
    "code": "FJD",
    "createdAt": "2024-08-22T15:33:53Z"
  },
  "data": {
    "GMD": 0.03170428508,
    "GEL": 0.8205136038,
    "GHS": 0.141989762,
    "GIP": null,
    "GTQ": 0.28652605540000003,
    "GNF": 0.0002571312494,
    "GYD": 0.010619310549999999,
    "HTG": 0.01681370087,
    "HNL": 0.0892224957,
    "HKD": 0.2846292197,
    "HUF": 0.006266047076,
    "ISK": 0.016190997239999998,
    "INR": 0.0264347037,
    "IDR": 0.00014138055080000002,
    "IRR": 0.00005272435617,
    "IQD": 0.001694122118,
    "ILS": null,
    "JMD": 0.01416179716,
    "JPY": 0.01519388262,
    "JOD": 3.1315477030000003,
    "KZT": 0.004625944428,
    "KES": 0.01720387578,
    "KWD": 7.259552230000001,
    "KGS": null,
    "LAK": 0.00010030734430000001,
    "LBP": 0.00002478280103,
    "LSL": 0.12419138210000001,
    "LRD": 0.01136691948,
    "LYD": 0.4647748607,
    "MOP": null,
    "MKD": 0.040067686059999996,
    "MGA": 0.0004814099567,
    "MWK": 0.001278766918,
    "MYR": 0.5066901584,
    "MVR": 0.144397778,
    "MRU": 0.056071247,
    "MUR": 0.048216001359999996,
    "MXN": 0.1141531798,
    "MDL": 0.12806470650000001,
    "MNT": null,
    "MAD": 0.2292309865,
    "MZN": 0.03473164552,
    "MMK": 0.0006833173656,
    "NAD": 0.12419138210000001,
    "NPR": 0.01651330308,
    "ANG": 1.231249663,
    "TWD": 0.06928383845,
    "NZD": 1.3626058140000001,
    "NIO": 0.060307065119999996,
    "NGN": 0.001408560637,
    "KPW": null,
    "NOK": 0.2094997007,
    "OMR": 5.765284224,
    "PKR": 0.007965185988,
    "PAB": 2.2188532540000003,
    "PGK": 0.5626314987000001,
    "PYG": 0.000292437161,
    "PEN": 0.5904827594000001,
    "PHP": 0.03928591544,
    "PLN": 0.5756145146,
    "QAR": 0.6096141906,
    "RON": 0.4954243258,
    "RUB": 0.02399167607,
    "RWF": 0.001668646596,
    "SHP": 2.903621155,
    "WST": null,
    "STN": null,
    "SAR": null,
    "RSD": 0.02105937379,
    "SCR": 0.1629184579,
    "SLL": 0.00011460391160000001,
    "SGD": 1.6937344730000001,
    "SBD": null,
    "SOS": 0.0038866898279999998,
    "ZAR": 0.1231552154,
    "KRW": 0.001651953931,
    "SSP": null,
    "LKR": 0.007364658278,
    "SDG": 0.003689609108,
    "SRD": 0.07703762656999999,
    "SZL": 0.12412192250000001,
    "SEK": 0.2166037465,
    "CHF": 2.604976611,
    "SYP": null,
    "TJS": 0.2080556687,
    "TZS": 0.0008168200007000001,
    "THB": 0.06433883858,
    "TOP": 0.94519987,
    "TTD": 0.3268094574,
    "TND": null,
    "TRY": 0.06544507085,
    "TMT": 0.635252432,
    "UGX": 0.0005969448727,
    "UAH": 0.053679696029999995,
    "AED": 0.6042199601,
    "GBP": 2.9045865500000003,
    "USD": 2.2193,
    "UYU": 0.055005350499999994,
    "UZS": 0.00017523095010000002,
    "VUV": null,
    "VES": 0.06062204371,
    "VND": 0.00008886987113,
    "XOF": 0.0037019182339999997,
    "YER": 0.008864831841,
    "ZMW": 0.08521215402,
    "ZWL": null,
    "AFN": 0.031256784285029066,
    "ALL": 0.024851418636473277,
    "DZD": 0.016557217040587706,
    "AOA": 0.0024644438470150624,
    "ARS": 0.0023478012732490216,
    "AMD": 0.005719669289270783,
    "AWG": 1.231196496109328,
    "AUD": 1.4888077258640955,
    "AZN": 1.3054304024923902,
    "BSD": 2.217468796976522,
    "BHD": 5.888571116401449,
    "BDT": 0.018556969421715745,
    "BBD": 1.0982897292852773,
    "BYN": 0.6776124775642931,
    "BZD": 1.100147423396223,
    "BMD": 2.2192316842370636,
    "BTN": 0.026417119607598922,
    "BOB": 0.32090114854673524,
    "BAM": 1.2637295572484877,
    "BWP": 0.16609188093731087,
    "BRL": 0.3984615647624538,
    "BND": 1.6960068019153305,
    "BGN": 1.2613728739877443,
    "BIF": 0.0007719066727781092,
    "CVE": 0.022331891162133972,
    "KHR": 0.0005419369192276102,
    "XAF": 0.0037679172755872184,
    "CAD": 1.6310444389199048,
    "KYD": 2.6610829546225765,
    "CLP": 0.002416252950017422,
    "CNY": 0.31059056211583436,
    "COP": 0.0005457229975114813,
    "KMF": 0.005022022369101076,
    "CDF": 0.0007719066727781092,
    "CRC": 0.00421701364529046,
    "HRK": null,
    "CUP": 0.09241061529868105,
    "CZK": 0.09827566945204219,
    "DKK": null,
    "DJF": 0.012453167647952679,
    "DOP": 0.03701804310653985,
    "EGP": 0.045491533690080216,
    "ERN": null,
    "ETB": 0.02016566728066391,
    "EUR": 2.4657307920185882,
    "FJD": 1
  }
}