{
  "meta": {
    "code": "FJD",
    "createdAt": "2024-07-31T12:42:56Z"
  },
  "data": {
    "GMD": 0.03321985214,
    "GEL": null,
    "GHS": 0.14531613000000002,
    "GIP": null,
    "GTQ": 0.2917318718,
    "GNF": 0.0002622340509,
    "GYD": 0.01082156774,
    "HTG": 0.01710649071,
    "HNL": 0.09131676613999999,
    "HKD": 0.28917383680000003,
    "HUF": 0.006182002955,
    "ISK": 0.01633251391,
    "INR": 0.026988890959999998,
    "IDR": 0.0001387476456,
    "IRR": 0.00005366632919,
    "IQD": 0.00172580143,
    "ILS": 0.5996125254,
    "JMD": 0.014439788949999999,
    "JPY": 0.015042235099999999,
    "JOD": 3.1874959150000004,
    "KZT": 0.004758622747,
    "KES": 0.017384402559999998,
    "KWD": 7.393703735000001,
    "KGS": null,
    "LAK": 0.000101908689,
    "LBP": 0.00002523427866,
    "LSL": 0.1240203307,
    "LRD": 0.011270675689999999,
    "LYD": 0.4677203412,
    "MOP": 0.2809643607,
    "MKD": 0.03973766382,
    "MGA": 0.0004958966764,
    "MWK": 0.00130316815,
    "MYR": 0.49166408180000004,
    "MVR": 0.1471691015,
    "MRU": 0.05698964674,
    "MUR": 0.04844562241,
    "MXN": 0.1200338261,
    "MDL": 0.1276969751,
    "MNT": null,
    "MAD": 0.2280138951,
    "MZN": 0.03535498457,
    "MMK": 0.0006955255094,
    "NAD": 0.1240203307,
    "NPR": 0.01688280045,
    "ANG": 1.254659232,
    "TWD": 0.06905043153,
    "NZD": 1.339218507,
    "NIO": 0.061393562379999995,
    "NGN": 0.001359936648,
    "KPW": null,
    "NOK": 0.2067899303,
    "OMR": 5.86911579,
    "PKR": 0.008106870063,
    "PAB": 2.2609559470000002,
    "PGK": 0.5755190165,
    "PYG": 0.00029824645770000003,
    "PEN": 0.6059357783,
    "PHP": 0.0387011898,
    "PLN": 0.5704187592000001,
    "QAR": 0.6187673145,
    "RON": 0.4919965992,
    "RUB": 0.026206282249999997,
    "RWF": 0.001722309545,
    "SHP": 2.899475272,
    "WST": null,
    "STN": null,
    "SAR": 0.6021032437,
    "RSD": 0.020917154129999997,
    "SCR": 0.1666196098,
    "SLL": 0.00011460391160000001,
    "SGD": 1.68937044,
    "SBD": 0.26881505,
    "SOS": 0.003970687434,
    "ZAR": 0.12417679999999999,
    "KRW": 0.00164677726,
    "SSP": null,
    "LKR": 0.0074708423599999995,
    "SDG": 0.003755527642,
    "SRD": 0.07790422793,
    "SZL": 0.1240809835,
    "SEK": null,
    "CHF": 2.568008244,
    "SYP": null,
    "TJS": 0.2132072684,
    "TZS": 0.0008365632785,
    "THB": 0.06342429066,
    "TOP": 0.947177735,
    "TTD": 0.3332895491,
    "TND": 0.7260833877,
    "TRY": 0.06811949565,
    "TMT": 0.6447528974,
    "UGX": 0.0006073665972,
    "UAH": 0.05510514255,
    "AED": 0.6150124653,
    "GBP": 2.9017999999999997,
    "USD": null,
    "UYU": null,
    "UZS": 0.00018018605030000002,
    "VUV": null,
    "VES": 0.06177363071999999,
    "VND": 0.0000894722657,
    "XOF": 0.003731902865,
    "YER": 0.00902411671,
    "ZMW": 0.08666400683,
    "ZWL": null,
    "AFN": 0.031844827158025744,
    "ALL": 0.024413203394842743,
    "DZD": 0.01678664267638321,
    "AOA": 0.0025742196983354984,
    "ARS": 0.0024231951316427943,
    "AMD": 0.005820349873535118,
    "AWG": 1.2549321027770315,
    "AUD": 1.4725601280014526,
    "AZN": 1.3287516382345042,
    "BSD": 2.2596806495701496,
    "BHD": 5.993269836061823,
    "BDT": 0.019230989407106606,
    "BBD": 1.1191477691886391,
    "BYN": 0.6905836726394781,
    "BZD": 1.1210439549099647,
    "BMD": 2.2588777849986568,
    "BTN": 0.02700786720076996,
    "BOB": 0.3269986809864015,
    "BAM": 1.2516167092355652,
    "BWP": 0.16699042324617838,
    "BRL": 0.398587977377685,
    "BND": 1.6879820126003484,
    "BGN": 1.2517332290010015,
    "BIF": 0.000784235351777029,
    "CVE": 0.022200054890212918,
    "KHR": 0.0005500926211849809,
    "XAF": 0.0037318176143104997,
    "CAD": 1.6348421776248865,
    "KYD": 2.7114665656988826,
    "CLP": 0.0023776659772658244,
    "CNY": 0.3128076364374452,
    "COP": 0.0005541708052465669,
    "KMF": 0.0049591169825658815,
    "CDF": 0.000787065430313121,
    "CRC": 0.004308187248415678,
    "HRK": null,
    "CUP": 0.09415046742440056,
    "CZK": 0.09617238680292002,
    "DKK": null,
    "DJF": 0.012689397881062188,
    "DOP": 0.03816513889198556,
    "EGP": 0.0465159115248161,
    "ERN": null,
    "ETB": 0.03902329354087507,
    "EUR": 2.4487363173797347,
    "FJD": 1
  }
}