{
  "meta": {
    "code": "FJD",
    "createdAt": "2024-08-27T12:06:16Z"
  },
  "data": {
    "GMD": 0.031257446439999996,
    "GEL": 0.8162674387000001,
    "GHS": 0.1412703381,
    "GIP": null,
    "GTQ": 0.2847003413,
    "GNF": 0.0002556992055,
    "GYD": 0.01055305948,
    "HTG": 0.016714564039999998,
    "HNL": 0.08896511874,
    "HKD": 0.2824889786,
    "HUF": 0.006259198979,
    "ISK": 0.01606861583,
    "INR": 0.02626107334,
    "IDR": 0.0001417779929,
    "IRR": 0.00005228113789,
    "IQD": 0.001682941828,
    "ILS": 0.5981856405,
    "JMD": 0.014057147249999999,
    "JPY": 0.01525597913,
    "JOD": 3.1094647390000003,
    "KZT": 0.0045876268829999995,
    "KES": 0.01708580194,
    "KWD": 7.217035285000001,
    "KGS": 0.02588372692,
    "LAK": null,
    "LBP": 0.00002460948174,
    "LSL": 0.1241251037,
    "LRD": 0.01130142409,
    "LYD": 0.4629844409,
    "MOP": 0.2744026849,
    "MKD": 0.03995122693,
    "MGA": 0.0004827423668,
    "MWK": 0.001270939711,
    "MYR": 0.5069476992,
    "MVR": null,
    "MRU": 0.055645534079999996,
    "MUR": 0.047772157069999995,
    "MXN": 0.1134141527,
    "MDL": 0.1267565923,
    "MNT": null,
    "MAD": 0.22885323940000002,
    "MZN": 0.03450272434,
    "MMK": 0.0006784987666,
    "NAD": 0.1241251037,
    "NPR": 0.016414457769999998,
    "ANG": 1.223559914,
    "TWD": 0.06899557633,
    "NZD": 1.373072278,
    "NIO": 0.059881654549999996,
    "NGN": 0.00138604208,
    "KPW": null,
    "NOK": 0.209831553,
    "OMR": 5.724525176,
    "PKR": 0.007920147278999999,
    "PAB": 2.204923709,
    "PGK": 0.5580135417000001,
    "PYG": 0.0002893319729,
    "PEN": 0.5885277036000001,
    "PHP": 0.03914607933,
    "PLN": 0.5749701877,
    "QAR": 0.6044221242000001,
    "RON": 0.4943141737,
    "RUB": 0.02414883074,
    "RWF": 0.001646717789,
    "SHP": 2.9051819770000002,
    "WST": null,
    "STN": null,
    "SAR": 0.5872542804,
    "RSD": 0.021020575479999998,
    "SCR": 0.1610624867,
    "SLL": null,
    "SGD": 1.6903240560000001,
    "SBD": 0.261132525,
    "SOS": 0.003871619128,
    "ZAR": 0.12429110460000001,
    "KRW": 0.001655348825,
    "SSP": null,
    "LKR": 0.007338086186,
    "SDG": 0.0036635908219999997,
    "SRD": 0.07653289670999999,
    "SZL": 0.124087245,
    "SEK": 0.2162882915,
    "CHF": 2.6056640730000002,
    "SYP": null,
    "TJS": 0.2067574171,
    "TZS": 0.000811657447,
    "THB": 0.06467818524999999,
    "TOP": 0.9407381850000001,
    "TTD": 0.3245972042,
    "TND": 0.7295312899,
    "TRY": 0.06474678486999999,
    "TMT": 0.6289690884,
    "UGX": 0.0005938327706,
    "UAH": 0.053293203809999995,
    "AED": 0.5999747839,
    "GBP": 2.9133575190000003,
    "USD": 2.20365,
    "UYU": 0.05475054367,
    "UZS": 0.000173970675,
    "VUV": null,
    "VES": 0.06032613075,
    "VND": 0.00008874957973,
    "XOF": 0.003751993988,
    "YER": 0.008802312447,
    "ZMW": 0.08387435669,
    "ZWL": null,
    "AFN": 0.0311480637175606,
    "ALL": 0.024582386774498134,
    "DZD": 0.016455565292677388,
    "AOA": 0.0024308691113365025,
    "ARS": 0.0023207613386605807,
    "AMD": 0.005681973209291768,
    "AWG": 1.222514756963406,
    "AUD": 1.4944053287926038,
    "AZN": 1.2962252055450232,
    "BSD": 2.2040761217970357,
    "BHD": 5.847691992107665,
    "BDT": 0.018443280358524564,
    "BBD": 1.0915780745348942,
    "BYN": 0.6734911357322603,
    "BZD": 1.0932590843073564,
    "BMD": 2.2035828494265397,
    "BTN": 0.026254939519649047,
    "BOB": 0.31890980077401143,
    "BAM": 1.2583453107096647,
    "BWP": 0.16582630466739695,
    "BRL": 0.4020549645184745,
    "BND": 1.6901804091943267,
    "BGN": 1.2577994330037126,
    "BIF": 0.0007629357848958462,
    "CVE": 0.022319606673749166,
    "KHR": 0.0005408125332880592,
    "XAF": 0.003751308013580792,
    "CAD": 1.6351663300274253,
    "KYD": 2.64448897649874,
    "CLP": 0.00243221065058117,
    "CNY": 0.3092096891651387,
    "COP": 0.0005474182381867336,
    "KMF": 0.004994238426804349,
    "CDF": 0.0007772779010322891,
    "CRC": 0.004173502164149932,
    "HRK": null,
    "CUP": 0.09183447207053215,
    "CZK": 0.09827771160466461,
    "DKK": 0.32972514959253324,
    "DJF": 0.012375319757936081,
    "DOP": 0.03691968616002849,
    "EGP": 0.045253962019559765,
    "ERN": null,
    "ETB": 0.01939072087085074,
    "EUR": 2.460179580060552,
    "FJD": 1
  }
}