{
  "meta": {
    "code": "FJD",
    "createdAt": "2024-08-02T17:32:58Z"
  },
  "data": {
    "GMD": 0.032197142209999995,
    "GEL": 0.8317624108,
    "GHS": 0.1448457579,
    "GIP": null,
    "GTQ": 0.2911375449,
    "GNF": 0.0002614617152,
    "GYD": 0.01080047554,
    "HTG": 0.01712958093,
    "HNL": 0.09078247801,
    "HKD": 0.28874175550000003,
    "HUF": 0.006178916433,
    "ISK": 0.016338987779999998,
    "INR": 0.02689651113,
    "IDR": 0.0001394013614,
    "IRR": 0.00005354397961,
    "IQD": 0.001720457995,
    "ILS": 0.5931130506,
    "JMD": 0.014415007289999998,
    "JPY": 0.0153554236,
    "JOD": 3.1802289970000004,
    "KZT": 0.0047514701749999996,
    "KES": null,
    "KWD": 7.3847627650000005,
    "KGS": 0.026821371689999998,
    "LAK": 0.00010154539170000001,
    "LBP": 0.00002515401721,
    "LSL": null,
    "LRD": 0.011531610519999999,
    "LYD": null,
    "MOP": 0.2804500253,
    "MKD": 0.03962313374,
    "MGA": 0.0004931728648,
    "MWK": 0.001300894644,
    "MYR": 0.4932808669,
    "MVR": 0.1468335824,
    "MRU": 0.05665661038,
    "MUR": null,
    "MXN": 0.1185088428,
    "MDL": 0.12755381100000002,
    "MNT": null,
    "MAD": 0.22682029080000002,
    "MZN": 0.03527438156,
    "MMK": 0.0006939398362000001,
    "NAD": 0.1232932162,
    "NPR": 0.016834547239999997,
    "ANG": 1.251995816,
    "TWD": 0.06896150193999999,
    "NZD": 1.343400028,
    "NIO": 0.06114487053,
    "NGN": 0.001393789834,
    "KPW": null,
    "NOK": 0.2056310775,
    "OMR": 5.854781904,
    "PKR": 0.008079584062,
    "PAB": 2.2562002970000004,
    "PGK": 0.5735808535,
    "PYG": 0.0002978241187,
    "PEN": 0.6021373109,
    "PHP": 0.03890360809,
    "PLN": 0.5730336083,
    "QAR": 0.61900617,
    "RON": 0.4942110327,
    "RUB": 0.026361323779999998,
    "RWF": 0.001709366685,
    "SHP": 2.8707777500000002,
    "WST": null,
    "STN": null,
    "SAR": null,
    "RSD": 0.02101014221,
    "SCR": 0.16621678080000002,
    "SLL": 0.00011460391160000001,
    "SGD": 1.6992818090000001,
    "SBD": 0.26594840000000003,
    "SOS": 0.00394711014,
    "ZAR": 0.1234576872,
    "KRW": 0.001657858993,
    "SSP": null,
    "LKR": 0.007469760324,
    "SDG": 0.003746965714,
    "SRD": 0.07814027597999999,
    "SZL": 0.1232932162,
    "SEK": 0.2131696553,
    "CHF": 2.6234547530000003,
    "SYP": null,
    "TJS": 0.2132685295,
    "TZS": 0.0008347407399,
    "THB": 0.06384702121,
    "TOP": 0.94637062,
    "TTD": 0.33313868560000004,
    "TND": 0.7259794063,
    "TRY": 0.0679227706,
    "TMT": 0.6432829767,
    "UGX": 0.0006053675246,
    "UAH": 0.05465773769999999,
    "AED": 0.6136128266,
    "GBP": 2.88351172,
    "USD": 2.2538,
    "UYU": 0.055713936,
    "UZS": 0.00017887301500000001,
    "VUV": null,
    "VES": 0.0615834848,
    "VND": 0.00008937466438,
    "XOF": 0.003719141877,
    "YER": 0.009002632811,
    "ZMW": 0.08715162875,
    "ZWL": null,
    "AFN": 0.031967777912021135,
    "ALL": 0.02428063287024755,
    "DZD": 0.01680057566339202,
    "AOA": 0.0025654278233323735,
    "ARS": 0.00241494655262145,
    "AMD": 0.005810824656592524,
    "AWG": 1.2520713015541611,
    "AUD": 1.468753196865259,
    "AZN": 1.3257225545867588,
    "BSD": 2.2546757580294807,
    "BHD": 5.979093316956038,
    "BDT": 0.019190547839053648,
    "BBD": 1.1167624962854092,
    "BYN": 0.6891615046402484,
    "BZD": 1.118677132877918,
    "BMD": 2.2537283427974897,
    "BTN": 0.02693046982179146,
    "BOB": 0.3263265554813919,
    "BAM": 1.2478418111055853,
    "BWP": 0.1666390633779621,
    "BRL": 0.39485850195830147,
    "BND": 1.6935966537546077,
    "BGN": 1.2576258156678388,
    "BIF": 0.0007832244458027768,
    "CVE": 0.021976873162335347,
    "KHR": 0.0005480190499203623,
    "XAF": 0.0037204590542425143,
    "CAD": 1.6253688662288284,
    "KYD": 2.7060357188526423,
    "CLP": 0.0023726952844226085,
    "CNY": 0.3147929076651716,
    "COP": 0.0005492250080885741,
    "KMF": 0.00493643268747128,
    "CDF": 0.0007839055105382574,
    "CRC": 0.0043082015047655195,
    "HRK": null,
    "CUP": 0.09395494803868576,
    "CZK": 0.09717487735330368,
    "DKK": 0.32952087142345404,
    "DJF": 0.012681343365472716,
    "DOP": 0.03787778727390739,
    "EGP": 0.0463108631424554,
    "ERN": null,
    "ETB": 0.03893433423996304,
    "EUR": 2.4589122778564736,
    "FJD": 1
  }
}