{
  "meta": {
    "code": "FJD",
    "createdAt": "2024-08-01T18:35:42Z"
  },
  "data": {
    "GMD": 0.03251726571,
    "GEL": 0.8324647862000001,
    "GHS": 0.1453344036,
    "GIP": null,
    "GTQ": 0.2920259931,
    "GNF": 0.0002621751723,
    "GYD": null,
    "HTG": 0.01711406348,
    "HNL": 0.09110360158,
    "HKD": 0.28916060250000003,
    "HUF": 0.006151446043,
    "ISK": 0.01626214278,
    "INR": 0.0269790119,
    "IDR": 0.00013882782450000002,
    "IRR": 0.00005367414697,
    "IQD": 0.001725152652,
    "ILS": 0.595911571,
    "JMD": 0.014444552909999998,
    "JPY": 0.01510293171,
    "JOD": 3.1889069670000003,
    "KZT": 0.004766065053,
    "KES": 0.017518992049999998,
    "KWD": 7.393686319,
    "KGS": 0.026894559829999998,
    "LAK": 0.0001017995494,
    "LBP": 0.00002523673735,
    "LSL": 0.1239007666,
    "LRD": 0.011565981139999999,
    "LYD": 0.4674146785,
    "MOP": 0.281135068,
    "MKD": 0.03960431297,
    "MGA": 0.00049506024,
    "MWK": 0.001302189563,
    "MYR": 0.4918817334,
    "MVR": 0.1471384064,
    "MRU": 0.056782662989999996,
    "MUR": 0.04847746426,
    "MXN": 0.1202157803,
    "MDL": 0.1280091952,
    "MNT": null,
    "MAD": 0.22746211430000002,
    "MZN": 0.03538421794,
    "MMK": null,
    "NAD": 0.12396873230000001,
    "NPR": 0.01689027419,
    "ANG": 1.255902125,
    "TWD": 0.06885159149999999,
    "NZD": 1.343732619,
    "NIO": 0.061278469669999995,
    "NGN": 0.001360538669,
    "KPW": null,
    "NOK": 0.2060997109,
    "OMR": 5.870846131,
    "PKR": 0.008100179006,
    "PAB": 2.263251786,
    "PGK": 0.5750508765,
    "PYG": 0.0002985068517,
    "PEN": null,
    "PHP": 0.03875717072,
    "PLN": 0.5666033642,
    "QAR": 0.6207804676,
    "RON": 0.4899625838,
    "RUB": null,
    "RWF": 0.001715332062,
    "SHP": 2.898272877,
    "WST": null,
    "STN": null,
    "SAR": 0.6022338489,
    "RSD": 0.02082596107,
    "SCR": 0.1612340761,
    "SLL": 0.00011460391160000001,
    "SGD": 1.6899352410000001,
    "SBD": 0.26780407500000003,
    "SOS": 0.003957880718,
    "ZAR": 0.1236408091,
    "KRW": 0.001648485724,
    "SSP": null,
    "LKR": 0.007473295543,
    "SDG": 0.003757190152,
    "SRD": 0.07839970849,
    "SZL": 0.1240367726,
    "SEK": 0.2103650954,
    "CHF": 2.587095842,
    "SYP": null,
    "TJS": 0.21341833300000002,
    "TZS": 0.0008380034716000001,
    "THB": 0.06337711121999999,
    "TOP": 0.949856985,
    "TTD": 0.33416524680000004,
    "TND": 0.7278440169,
    "TRY": null,
    "TMT": 0.646888088,
    "UGX": 0.0006056810636,
    "UAH": 0.05495002886,
    "AED": 0.6152872297,
    "GBP": 2.878012425,
    "USD": 2.25995,
    "UYU": 0.056114558499999995,
    "UZS": 0.0001796319833,
    "VUV": null,
    "VES": 0.061761246969999996,
    "VND": 0.00008959164984,
    "XOF": 0.003741638984,
    "YER": 0.009027205298,
    "ZMW": null,
    "ZWL": null,
    "AFN": 0.03182926497079452,
    "ALL": 0.024365259438559685,
    "DZD": 0.016800816394544296,
    "AOA": 0.002569502914072099,
    "ARS": 0.0024254348426850825,
    "AMD": 0.005826980414522414,
    "AWG": null,
    "AUD": 1.4668863738761806,
    "AZN": 1.3293398899567122,
    "BSD": 2.261753258766608,
    "BHD": 5.995985162685282,
    "BDT": 0.019249532690548344,
    "BBD": 1.120229874145505,
    "BYN": 0.6911571187987534,
    "BZD": 1.121540252357687,
    "BMD": 2.2598778129264105,
    "BTN": 0.02700851188187664,
    "BOB": 0.32733203929070953,
    "BAM": 1.2472137962498728,
    "BWP": 0.1669267575289048,
    "BRL": 0.3940914156225169,
    "BND": null,
    "BGN": null,
    "BIF": 0.0007850886967026827,
    "CVE": 0.02203683874135944,
    "KHR": 0.0005495143619567972,
    "XAF": 0.003718690248526681,
    "CAD": 1.6274798358425993,
    "KYD": 2.712666958954723,
    "CLP": 0.002382656081029551,
    "CNY": 0.31195254385490545,
    "COP": 0.0005531486664985394,
    "KMF": 0.0049588629392340626,
    "CDF": 0.0007874138720997947,
    "CRC": 0.00432730314624689,
    "HRK": null,
    "CUP": 0.09419214874888934,
    "CZK": 0.09629572967082387,
    "DKK": 0.32665785126447594,
    "DJF": 0.01271594538092972,
    "DOP": 0.037981139713048916,
    "EGP": 0.04641254383950783,
    "ERN": null,
    "ETB": 0.039040569554811264,
    "EUR": 2.437603483230268,
    "FJD": 1
  }
}