{
  "meta": {
    "code": "FJD",
    "createdAt": "2024-07-26T08:04:50Z"
  },
  "data": {
    "GMD": 0.033342434059999995,
    "GEL": 0.836751449,
    "GHS": 0.1457704275,
    "GIP": null,
    "GTQ": 0.2914650898,
    "GNF": 0.00026219723,
    "GYD": 0.01081972444,
    "HTG": 0.01711785323,
    "HNL": 0.09127990007999999,
    "HKD": 0.289382112,
    "HUF": 0.006252265336,
    "ISK": 0.0163929607,
    "INR": 0.026980401829999997,
    "IDR": 0.000138434781,
    "IRR": 0.00005365039682,
    "IQD": 0.001725603772,
    "ILS": 0.6139245549,
    "JMD": 0.014436106859999999,
    "JPY": 0.014673687409999999,
    "JOD": 3.1874959150000004,
    "KZT": 0.00475863856,
    "KES": 0.017113257399999998,
    "KWD": 7.386077520000001,
    "KGS": null,
    "LAK": 0.0001019507055,
    "LBP": 0.00002523134202,
    "LSL": 0.1222450897,
    "LRD": 0.01156315979,
    "LYD": 0.46721298110000004,
    "MOP": 0.2811947736,
    "MKD": 0.03979524446,
    "MGA": 0.0004973821619,
    "MWK": 0.001302998954,
    "MYR": 0.4853261458,
    "MVR": null,
    "MRU": 0.05708595255,
    "MUR": null,
    "MXN": 0.12316360130000001,
    "MDL": 0.127269243,
    "MNT": null,
    "MAD": null,
    "MZN": null,
    "MMK": null,
    "NAD": 0.1222450897,
    "NPR": 0.01687351842,
    "ANG": 1.2545101410000001,
    "TWD": 0.06885092107,
    "NZD": 1.3326449630000001,
    "NIO": 0.061397741439999994,
    "NGN": 0.0014507883409999999,
    "KPW": null,
    "NOK": null,
    "OMR": 5.868137665000001,
    "PKR": 0.008116102391,
    "PAB": 2.2605561130000003,
    "PGK": 0.5844014338,
    "PYG": null,
    "PEN": 0.6039903705,
    "PHP": 0.038685286789999995,
    "PLN": 0.5728850808,
    "QAR": 0.6194263406,
    "RON": 0.493242636,
    "RUB": 0.026460255999999998,
    "RWF": 0.001724170017,
    "SHP": 2.915739712,
    "WST": null,
    "STN": null,
    "SAR": 0.6021276629,
    "RSD": 0.020933454259999998,
    "SCR": 0.16144907660000002,
    "SLL": null,
    "SGD": 1.681773591,
    "SBD": 0.2665561,
    "SOS": 0.003969819997,
    "ZAR": 0.123841196,
    "KRW": 0.001629387411,
    "SSP": null,
    "LKR": 0.007447850766,
    "SDG": 0.003854863387,
    "SRD": 0.07806171741,
    "SZL": 0.1222747045,
    "SEK": 0.2090262682,
    "CHF": null,
    "SYP": null,
    "TJS": 0.21278007840000002,
    "TZS": 0.0008366481473000001,
    "THB": 0.06261382457999999,
    "TOP": 0.94740363,
    "TTD": 0.33254703220000004,
    "TND": 0.7280131861,
    "TRY": 0.06831763493,
    "TMT": 0.62121125,
    "UGX": 0.0006047238516,
    "UAH": null,
    "AED": 0.6150191517,
    "GBP": 2.9062634170000003,
    "USD": 2.25895,
    "UYU": 0.056112317999999994,
    "UZS": 0.0001789684762,
    "VUV": null,
    "VES": 0.061831798679999994,
    "VND": 0.00008929200149,
    "XOF": 0.003737825832,
    "YER": 0.009023210871,
    "ZMW": 0.08653727973,
    "ZWL": null,
    "AFN": 0.03190738342343679,
    "ALL": 0.02443223387850873,
    "DZD": 0.01679138445360929,
    "AOA": 0.0025885681833160393,
    "ARS": 0.0024301961650674848,
    "AMD": 0.005823745683343607,
    "AWG": 1.2549321027770315,
    "AUD": 1.4813721862805027,
    "AZN": 1.3287516382345042,
    "BSD": 2.259283778412599,
    "BHD": 5.993152170391741,
    "BDT": 0.01922809194082907,
    "BBD": 1.1190208088623461,
    "BYN": null,
    "BZD": 1.1209137827432847,
    "BMD": 2.2588777849986568,
    "BTN": 0.02699200526495258,
    "BOB": 0.3269904918862315,
    "BAM": 1.2535914564723594,
    "BWP": 0.16583970787546404,
    "BRL": 0.4001614525009822,
    "BND": 1.6834407134734728,
    "BGN": 1.2535844995179215,
    "BIF": 0.0007842631248333818,
    "CVE": 0.022235500225300093,
    "KHR": 0.000550339756376147,
    "XAF": 0.003737689340348503,
    "CAD": 1.6357419059734828,
    "KYD": 2.7112403803412053,
    "CLP": 0.002384946032707801,
    "CNY": 0.3115564576937265,
    "COP": 0.0005603070285736756,
    "KMF": null,
    "CDF": 0.0007884390177623563,
    "CRC": null,
    "HRK": null,
    "CUP": 0.09413971633220063,
    "CZK": 0.09658772406131672,
    "DKK": 0.3283896963905047,
    "DJF": null,
    "DOP": 0.03814403902658834,
    "EGP": 0.04673272741769474,
    "ERN": null,
    "ETB": 0.03908270210825333,
    "EUR": null,
    "FJD": 1
  }
}