{
  "meta": {
    "code": "FJD",
    "createdAt": "2024-08-09T10:04:22Z"
  },
  "data": {
    "GMD": 0.0322697837,
    "GEL": 0.8322607518,
    "GHS": null,
    "GIP": null,
    "GTQ": 0.2892315439,
    "GNF": 0.0002599667963,
    "GYD": 0.010725321659999999,
    "HTG": 0.017018466939999997,
    "HNL": 0.09050985435999999,
    "HKD": 0.287606223,
    "HUF": 0.006194439616,
    "ISK": 0.01620484098,
    "INR": 0.026713372819999998,
    "IDR": 0.00014062020070000001,
    "IRR": 0.00005326564442,
    "IQD": 0.001710926916,
    "ILS": 0.6016836243,
    "JMD": 0.014297620959999998,
    "JPY": 0.01523399151,
    "JOD": 3.164190565,
    "KZT": 0.0046939434269999995,
    "KES": 0.017352030929999998,
    "KWD": 7.3273064670000005,
    "KGS": 0.02633766734,
    "LAK": null,
    "LBP": 0.0000250371639,
    "LSL": 0.1216175818,
    "LRD": 0.01146262056,
    "LYD": 0.46561306620000004,
    "MOP": 0.279251755,
    "MKD": 0.03981991411,
    "MGA": 0.0004927279137,
    "MWK": 0.001291969554,
    "MYR": 0.5071227803,
    "MVR": 0.14564694350000001,
    "MRU": 0.056489568389999995,
    "MUR": null,
    "MXN": null,
    "MDL": 0.12743305500000002,
    "MNT": null,
    "MAD": 0.2278228062,
    "MZN": 0.03510143724,
    "MMK": 0.0006905375666000001,
    "NAD": 0.1216187031,
    "NPR": 0.01667971301,
    "ANG": 1.243882527,
    "TWD": 0.06928698023999999,
    "NZD": 1.3496963690000001,
    "NIO": 0.06086588011,
    "NGN": 0.0014159221969999999,
    "KPW": null,
    "NOK": 0.2069632127,
    "OMR": 5.825928878,
    "PKR": null,
    "PAB": 2.24152187,
    "PGK": 0.5694122460000001,
    "PYG": 0.00029611185240000003,
    "PEN": 0.5993753860000001,
    "PHP": 0.039151103629999996,
    "PLN": 0.5657449012,
    "QAR": 0.6158279533000001,
    "RON": 0.4920044026,
    "RUB": 0.025420920849999997,
    "RWF": 0.001701933713,
    "SHP": 2.8596183870000003,
    "WST": null,
    "STN": null,
    "SAR": 0.597551492,
    "RSD": 0.020925664889999997,
    "SCR": 0.1654176595,
    "SLL": null,
    "SGD": 1.6938943510000002,
    "SBD": 0.2646445,
    "SOS": 0.00393611596,
    "ZAR": 0.12254049580000001,
    "KRW": 0.001642360666,
    "SSP": null,
    "LKR": 0.007443599782,
    "SDG": 0.003728594975,
    "SRD": 0.07764276027,
    "SZL": 0.1216441135,
    "SEK": 0.2131004981,
    "CHF": 2.5925920870000003,
    "SYP": null,
    "TJS": 0.21277767660000002,
    "TZS": 0.0008306481473,
    "THB": 0.06355740438,
    "TOP": 0.945319125,
    "TTD": 0.3304106767,
    "TND": 0.7290224165,
    "TRY": 0.06678389182,
    "TMT": 0.6401290691,
    "UGX": 0.0006006983842,
    "UAH": 0.054564963689999996,
    "AED": 0.6105976585,
    "GBP": 2.8606276250000002,
    "USD": 2.24275,
    "UYU": null,
    "UZS": 0.00017723287020000002,
    "VUV": null,
    "VES": 0.06121561454,
    "VND": 0.0000893170702,
    "XOF": 0.003731415682,
    "YER": 0.008958494426,
    "ZMW": 0.08591881054,
    "ZWL": null,
    "AFN": 0.03164660848026502,
    "ALL": 0.024438828705192553,
    "DZD": 0.016675601362160706,
    "AOA": 0.002547052752981268,
    "ARS": 0.0023954075407599936,
    "AMD": 0.005773723592244074,
    "AWG": 1.2459333048413306,
    "AUD": 1.4764381025680986,
    "AZN": 1.3192234992437617,
    "BSD": 2.24031865303196,
    "BHD": 5.950042235155048,
    "BDT": 0.01906591686224397,
    "BBD": 1.1181231341071416,
    "BYN": 0.6846543939212582,
    "BZD": 1.11142109682828,
    "BMD": null,
    "BTN": 0.026682205735799002,
    "BOB": 0.3242156344853215,
    "BAM": 1.2514026296318124,
    "BWP": 0.1649951405787942,
    "BRL": 0.40426129306428593,
    "BND": 1.6908798948548658,
    "BGN": 1.2519950475352735,
    "BIF": 0.0007771723213354316,
    "CVE": 0.0221962470690222,
    "KHR": 0.0005457238391339846,
    "XAF": 0.003731263984476581,
    "CAD": 1.6326310360322436,
    "KYD": 2.6881492977991135,
    "CLP": 0.0023967425609171594,
    "CNY": 0.312716820350634,
    "COP": 0.0005494744455507501,
    "KMF": 0.0049699278660395385,
    "CDF": 0.0007827853227197779,
    "CRC": 0.004238199143682544,
    "HRK": null,
    "CUP": 0.09334305946855236,
    "CZK": 0.09702900683808918,
    "DKK": 0.3281434422459597,
    "DJF": 0.012580680704229448,
    "DOP": 0.03760848273559151,
    "EGP": 0.0455361401945847,
    "ERN": null,
    "ETB": 0.02791867682535743,
    "EUR": 2.4487415503702636,
    "FJD": 1
  }
}