{
  "meta": {
    "code": "FJD",
    "createdAt": "2024-08-12T12:07:27Z"
  },
  "data": {
    "GMD": 0.032248200969999995,
    "GEL": 0.8332821818,
    "GHS": 0.1438674063,
    "GIP": null,
    "GTQ": 0.2892835165,
    "GNF": 0.0002599444333,
    "GYD": 0.010732525949999999,
    "HTG": 0.01700162046,
    "HNL": 0.09049703561,
    "HKD": null,
    "HUF": 0.006225448405,
    "ISK": 0.016208055909999998,
    "INR": 0.026692503059999997,
    "IDR": 0.00014035626410000002,
    "IRR": 0.00005324582674,
    "IQD": 0.00171116479,
    "ILS": 0.594614383,
    "JMD": 0.014257333099999998,
    "JPY": 0.01518883963,
    "JOD": 3.162074286,
    "KZT": 0.0046700477999999995,
    "KES": 0.017239697239999997,
    "KWD": 7.318844458,
    "KGS": 0.02624414324,
    "LAK": 0.0001011565775,
    "LBP": 0.0000250222115,
    "LSL": 0.12292536800000001,
    "LRD": 0.0114675905,
    "LYD": 0.4663873156,
    "MOP": 0.2792303896,
    "MKD": 0.03978528042,
    "MGA": 0.0004905981946,
    "MWK": 0.001292205238,
    "MYR": 0.5029737047,
    "MVR": 0.145455063,
    "MRU": 0.056501910249999995,
    "MUR": 0.048325249769999995,
    "MXN": 0.1191007646,
    "MDL": 0.1272036678,
    "MNT": null,
    "MAD": 0.2284149766,
    "MZN": 0.03507246957,
    "MMK": 0.0006900757201,
    "NAD": 0.12292536800000001,
    "NPR": 0.0166817134,
    "ANG": 1.2440914280000002,
    "TWD": 0.06904228896999999,
    "NZD": 1.351428925,
    "NIO": 0.060881740829999996,
    "NGN": 0.001366234622,
    "KPW": null,
    "NOK": 0.2079622256,
    "OMR": 5.822209428000001,
    "PKR": 0.008042884753,
    "PAB": 2.241796865,
    "PGK": null,
    "PYG": 0.0002961890318,
    "PEN": 0.6010378055,
    "PHP": 0.039131731919999996,
    "PLN": null,
    "QAR": 0.6125881546,
    "RON": 0.4921072282,
    "RUB": 0.024732036859999997,
    "RWF": 0.0016925373129999999,
    "SHP": 2.8619641870000003,
    "WST": null,
    "STN": null,
    "SAR": 0.5970562248,
    "RSD": 0.020931394359999998,
    "SCR": 0.16530462640000002,
    "SLL": 0.00011460391160000001,
    "SGD": 1.6917775290000001,
    "SBD": 0.264243375,
    "SOS": 0.003937250941,
    "ZAR": 0.1230182006,
    "KRW": 0.0016350299759999999,
    "SSP": null,
    "LKR": 0.007490031133,
    "SDG": null,
    "SRD": 0.077849561,
    "SZL": 0.122961497,
    "SEK": 0.2131666322,
    "CHF": 2.5800709680000002,
    "SYP": null,
    "TJS": 0.211413773,
    "TZS": 0.0008270671956000001,
    "THB": null,
    "TOP": 0.944686875,
    "TTD": 0.32969235750000003,
    "TND": 0.7264942396,
    "TRY": 0.06684590879999999,
    "TMT": 0.6415354,
    "UGX": 0.000600732099,
    "UAH": 0.05425622482,
    "AED": null,
    "GBP": 2.862513293,
    "USD": 2.24125,
    "UYU": 0.05559382523,
    "UZS": 0.0001772454461,
    "VUV": null,
    "VES": 0.06121445439999999,
    "VND": 0.00008918628537,
    "XOF": 0.003732642746,
    "YER": 0.008950714272,
    "ZMW": 0.08560622468,
    "ZWL": null,
    "AFN": 0.03164695746953138,
    "ALL": 0.024502134483231245,
    "DZD": 0.016654253990251087,
    "AOA": 0.0025195948437471143,
    "ARS": 0.0023925163197731055,
    "AMD": 0.00577145979024397,
    "AWG": 1.245099785285032,
    "AUD": 1.47849695795222,
    "AZN": 1.3183409491253282,
    "BSD": 2.2405119414204995,
    "BHD": 5.946364993679829,
    "BDT": 0.019069844097311918,
    "BBD": 1.1096948230209176,
    "BYN": 0.6846603808695452,
    "BZD": 1.1115793446426665,
    "BMD": null,
    "BTN": 0.026685856245289574,
    "BOB": 0.32427199306468846,
    "BAM": 1.2517682329411048,
    "BWP": 0.16580340988666445,
    "BRL": 0.40851219674930433,
    "BND": 1.6914831205954701,
    "BGN": 1.2520241745580307,
    "BIF": 0.0007771985966892812,
    "CVE": 0.022204472973130277,
    "KHR": 0.0005466071767037425,
    "XAF": 0.003732338368163613,
    "CAD": 1.6325906384217481,
    "KYD": 2.688615512070816,
    "CLP": 0.00241701764735838,
    "CNY": 0.3121507024859943,
    "COP": 0.0005505231182150211,
    "KMF": 0.004968805264170129,
    "CDF": 0.0007819887001272171,
    "CRC": 0.004231994437757672,
    "HRK": null,
    "CUP": 0.0933575496593313,
    "CZK": 0.0972506276988277,
    "DKK": 0.3281808165163853,
    "DJF": 0.012582894550593245,
    "DOP": 0.03752618944317847,
    "EGP": 0.04544190207151046,
    "ERN": null,
    "ETB": 0.021728710658320785,
    "EUR": 2.44913572833797,
    "FJD": 1
  }
}