{
  "meta": {
    "code": "FJD",
    "createdAt": "2024-08-21T10:34:48Z"
  },
  "data": {
    "GMD": 0.03164857079,
    "GEL": 0.8206198279,
    "GHS": 0.1424599234,
    "GIP": null,
    "GTQ": 0.2874160267,
    "GNF": 0.0002580307395,
    "GYD": 0.010654213059999999,
    "HTG": 0.016885005619999997,
    "HNL": 0.08980919227999999,
    "HKD": 0.2842477831,
    "HUF": 0.0062737358749999994,
    "ISK": 0.016160186559999998,
    "INR": 0.026401254109999998,
    "IDR": 0.0001427535813,
    "IRR": 0.00005261607787,
    "IQD": 0.001698908733,
    "ILS": 0.5946186769,
    "JMD": 0.014170451629999999,
    "JPY": 0.01516773831,
    "JOD": 3.1260446,
    "KZT": 0.004670162893,
    "KES": 0.01717364322,
    "KWD": 7.24854289,
    "KGS": 0.025878149429999997,
    "LAK": 0.0001005751722,
    "LBP": 0.0000248412802,
    "LSL": 0.1250235512,
    "LRD": 0.011407979649999999,
    "LYD": 0.46550405720000004,
    "MOP": 0.2773780493,
    "MKD": 0.04000033193,
    "MGA": 0.0004867661372,
    "MWK": 0.00128292241,
    "MYR": 0.5057993032,
    "MVR": 0.1437774218,
    "MRU": 0.05614483567,
    "MUR": 0.04813127085,
    "MXN": 0.11688893480000001,
    "MDL": 0.126887035,
    "MNT": null,
    "MAD": 0.2291443605,
    "MZN": null,
    "MMK": 0.0006821165645,
    "NAD": 0.1250241272,
    "NPR": 0.016595155979999998,
    "ANG": 1.235066669,
    "TWD": 0.06949402301999999,
    "NZD": 1.360706323,
    "NIO": null,
    "NGN": 0.001409511673,
    "KPW": null,
    "NOK": 0.2108129911,
    "OMR": 5.755081934000001,
    "PKR": 0.007993515448,
    "PAB": 2.2256993940000003,
    "PGK": 0.5640643232,
    "PYG": 0.00029323588250000003,
    "PEN": 0.5947165976000001,
    "PHP": 0.03927806722,
    "PLN": 0.574852435,
    "QAR": 0.6100477416,
    "RON": 0.495194848,
    "RUB": 0.02408085744,
    "RWF": 0.001647951874,
    "SHP": 2.8789123,
    "WST": null,
    "STN": null,
    "SAR": 0.5904351156000001,
    "RSD": 0.021056526279999998,
    "SCR": 0.1690063527,
    "SLL": 0.00011460391160000001,
    "SGD": 1.6951243870000001,
    "SBD": 0.2603095,
    "SOS": null,
    "ZAR": 0.1243246147,
    "KRW": null,
    "SSP": null,
    "LKR": 0.007427181669,
    "SDG": null,
    "SRD": 0.07667335681,
    "SZL": null,
    "SEK": 0.2164721617,
    "CHF": 2.5914131950000003,
    "SYP": null,
    "TJS": 0.2089033805,
    "TZS": 0.0008190018327000001,
    "THB": 0.06464546061,
    "TOP": 0.9428742400000001,
    "TTD": null,
    "TND": 0.7273880420000001,
    "TRY": 0.06528892354,
    "TMT": 0.6323227911,
    "UGX": 0.0005975658235000001,
    "UAH": 0.05376631799,
    "AED": 0.6031663547,
    "GBP": 2.887408359,
    "USD": 2.2154,
    "UYU": null,
    "UZS": 0.00017597741890000001,
    "VUV": null,
    "VES": 0.060469072719999996,
    "VND": 0.00008882934302,
    "XOF": 0.0037582200669999998,
    "YER": 0.0088483652,
    "ZMW": 0.08630615749,
    "ZWL": null,
    "AFN": 0.03137568747425703,
    "ALL": 0.024730683053213298,
    "DZD": 0.0165196517658465,
    "AOA": 0.00248773897446973,
    "ARS": 0.002347360490942447,
    "AMD": 0.005732994141652222,
    "AWG": 1.229885666374935,
    "AUD": 1.4935104759424795,
    "AZN": 1.3031362096998447,
    "BSD": null,
    "BHD": 5.878660727275454,
    "BDT": 0.01864592402837029,
    "BBD": null,
    "BYN": 0.6797269955370756,
    "BZD": 1.1035748264558536,
    "BMD": 2.215331556489736,
    "BTN": 0.02654810157779087,
    "BOB": 0.3219101011247072,
    "BAM": 1.260444222489068,
    "BWP": 0.16706118552653837,
    "BRL": 0.4043018499563739,
    "BND": 1.700481787420973,
    "BGN": 1.2596773414287603,
    "BIF": 0.0007711906642866335,
    "CVE": 0.022356938086210122,
    "KHR": null,
    "XAF": 0.0037581376212889876,
    "CAD": 1.6282737417693038,
    "KYD": null,
    "CLP": 0.002397856384683043,
    "CNY": 0.3105575962604038,
    "COP": 0.0005525895626981758,
    "KMF": 0.005003572122690185,
    "CDF": 0.0007705501069019995,
    "CRC": null,
    "HRK": null,
    "CUP": null,
    "CZK": 0.09812468421023504,
    "DKK": 0.33030337994517267,
    "DJF": 0.01249191703169463,
    "DOP": null,
    "EGP": 0.045387581792320046,
    "ERN": null,
    "ETB": 0.020392354213391636,
    "EUR": 2.464560207697933,
    "FJD": 1
  }
}