{
  "meta": {
    "code": "FJD",
    "createdAt": "2024-07-31T16:35:45Z"
  },
  "data": {
    "GMD": 0.03318970508,
    "GEL": 0.8314087835,
    "GHS": null,
    "GIP": null,
    "GTQ": 0.29146712480000003,
    "GNF": 0.0002619960732,
    "GYD": 0.010811747149999999,
    "HTG": 0.01709096655,
    "HNL": 0.09123389606,
    "HKD": 0.2889091543,
    "HUF": 0.0061900312259999994,
    "ISK": 0.01629177773,
    "INR": 0.02697079005,
    "IDR": 0.0001386894389,
    "IRR": 0.00005361762693,
    "IQD": 0.001724235263,
    "ILS": 0.6001715039000001,
    "JMD": 0.014426684819999999,
    "JPY": 0.014988524279999998,
    "JOD": 3.185052381,
    "KZT": 0.004754304291,
    "KES": 0.01736862619,
    "KWD": 7.38622885,
    "KGS": 0.02685826327,
    "LAK": 0.0001018162067,
    "LBP": 0.00002521137852,
    "LSL": 0.1239077821,
    "LRD": 0.011260447529999999,
    "LYD": 0.46729588440000003,
    "MOP": 0.2807093852,
    "MKD": 0.039701601839999996,
    "MGA": 0.0004954466495,
    "MWK": 0.001301985523,
    "MYR": null,
    "MVR": 0.1470355454,
    "MRU": 0.056937928559999997,
    "MUR": 0.048401657949999996,
    "MXN": 0.1217608834,
    "MDL": 0.12758109,
    "MNT": null,
    "MAD": 0.2278069722,
    "MZN": 0.03532289988,
    "MMK": 0.0006948943191,
    "NAD": 0.1239077821,
    "NPR": 0.016867479289999997,
    "ANG": 1.253520627,
    "TWD": 0.06896140758,
    "NZD": 1.340970988,
    "NIO": 0.06133784764,
    "NGN": 0.001358702503,
    "KPW": null,
    "NOK": 0.2063587261,
    "OMR": 5.8628642310000005,
    "PKR": 0.008099513068,
    "PAB": 2.258904127,
    "PGK": 0.5749967323,
    "PYG": 0.0002979757987,
    "PEN": 0.6053858908,
    "PHP": 0.03868364967,
    "PLN": 0.568987059,
    "QAR": 0.6182057824,
    "RON": 0.49032190670000003,
    "RUB": 0.02655171306,
    "RWF": 0.001720746547,
    "SHP": 2.8968439950000002,
    "WST": null,
    "STN": null,
    "SAR": 0.6015690215,
    "RSD": 0.020836064379999998,
    "SCR": 0.1669822533,
    "SLL": 0.00011460391160000001,
    "SGD": 1.6869855800000002,
    "SBD": 0.2685711,
    "SOS": 0.00396708403,
    "ZAR": 0.12414055880000001,
    "KRW": 0.001646411032,
    "SSP": null,
    "LKR": 0.0074640625609999995,
    "SDG": 0.003752119496,
    "SRD": 0.07787381540999999,
    "SZL": 0.12396837990000001,
    "SEK": 0.2105168613,
    "CHF": 2.562922098,
    "SYP": null,
    "TJS": 0.2130137826,
    "TZS": null,
    "THB": 0.06341387968,
    "TOP": 0.9463181700000001,
    "TTD": 0.3329870884,
    "TND": 0.7254244661,
    "TRY": 0.06815463354,
    "TMT": 0.6441677833,
    "UGX": 0.0006068154112000001,
    "UAH": 0.055055134559999996,
    "AED": 0.6144568233000001,
    "GBP": 2.8950159060000002,
    "USD": 2.2569,
    "UYU": 0.05604194152,
    "UZS": 0.0001800225312,
    "VUV": null,
    "VES": 0.06171854154,
    "VND": null,
    "XOF": 0.003728516158,
    "YER": 0.009015927313,
    "ZMW": 0.08658535913,
    "ZWL": null,
    "AFN": 0.03201175077103543,
    "ALL": 0.024391054637299018,
    "DZD": 0.01676082577336985,
    "AOA": 0.0025761264188246817,
    "ARS": 0.002420806606583415,
    "AMD": 0.00581506939004548,
    "AWG": 1.2537935718655542,
    "AUD": 1.4741359478806628,
    "AZN": 1.3275461349164692,
    "BSD": 2.2576305658882903,
    "BHD": 5.987740330405176,
    "BDT": 0.01921354218779297,
    "BBD": 1.1181324280412892,
    "BYN": 0.6899571442917214,
    "BZD": 1.1200268932972628,
    "BMD": 2.2568284293579977,
    "BTN": 0.026983364450095,
    "BOB": 0.32670201308236324,
    "BAM": 1.2504811862546417,
    "BWP": 0.16683892201428413,
    "BRL": 0.39941745220223474,
    "BND": 1.6864505993792742,
    "BGN": 1.2496281447164992,
    "BIF": 0.0007843018004119978,
    "CVE": 0.022179914001761773,
    "KHR": 0.0005495935524850082,
    "XAF": 0.003728431941674051,
    "CAD": 1.6343466494044097,
    "KYD": 2.70900660059915,
    "CLP": 0.0023974636474475143,
    "CNY": 0.3125931035114326,
    "COP": 0.0005554340268990446,
    "KMF": 0.004954617848336079,
    "CDF": 0.0007877237103828539,
    "CRC": 0.0043042786666590525,
    "HRK": null,
    "CUP": 0.09406504986686949,
    "CZK": 0.09598215585758307,
    "DKK": 0.3269064979291877,
    "DJF": 0.012677885488883002,
    "DOP": 0.03813051375927482,
    "EGP": null,
    "ERN": null,
    "ETB": 0.03898788984989151,
    "EUR": 2.438733566507592,
    "FJD": 1
  }
}