{
  "meta": {
    "code": "FJD",
    "createdAt": "2024-08-26T16:04:44Z"
  },
  "data": {
    "GMD": 0.031522856509999996,
    "GEL": 0.81884587,
    "GHS": 0.1414357782,
    "GIP": null,
    "GTQ": 0.2850516772,
    "GNF": 0.0002556598093,
    "GYD": 0.01056543028,
    "HTG": null,
    "HNL": 0.08871191772999999,
    "HKD": 0.2830118962,
    "HUF": null,
    "ISK": 0.01615373349,
    "INR": 0.02631238104,
    "IDR": 0.0001427647141,
    "IRR": 0.00005242263972,
    "IQD": 0.001684427461,
    "ILS": 0.5994656097000001,
    "JMD": 0.014099000079999998,
    "JPY": 0.01527507817,
    "JOD": 3.113627343,
    "KZT": null,
    "KES": 0.01710542617,
    "KWD": 7.2230116220000005,
    "KGS": 0.02589601989,
    "LAK": 0.00009991396756,
    "LBP": 0.00002464098083,
    "LSL": null,
    "LRD": 0.01131619504,
    "LYD": 0.4630849756,
    "MOP": null,
    "MKD": 0.04001296184,
    "MGA": 0.00048179039,
    "MWK": 0.0012714491419999999,
    "MYR": 0.504481277,
    "MVR": 0.14375853360000002,
    "MRU": null,
    "MUR": 0.0478776373,
    "MXN": 0.11366697710000001,
    "MDL": 0.126471279,
    "MNT": null,
    "MAD": 0.22874617390000002,
    "MZN": 0.03453565106,
    "MMK": null,
    "NAD": 0.1245962714,
    "NPR": 0.01644003278,
    "ANG": 1.225016276,
    "TWD": 0.06924187229999999,
    "NZD": 1.3692063330000002,
    "NIO": 0.05996195642,
    "NGN": 0.001387798725,
    "KPW": null,
    "NOK": 0.2093390387,
    "OMR": 5.733307276000001,
    "PKR": null,
    "PAB": 2.207398789,
    "PGK": null,
    "PYG": 0.0002903011786,
    "PEN": 0.5886621182,
    "PHP": 0.039328430389999995,
    "PLN": 0.575216488,
    "QAR": null,
    "RON": 0.4950202589,
    "RUB": 0.02398488142,
    "RWF": 0.0016559849829999999,
    "SHP": 2.91403596,
    "WST": null,
    "STN": null,
    "SAR": 0.5880730222,
    "RSD": 0.021048755189999997,
    "SCR": 0.1650511203,
    "SLL": 0.00011460391160000001,
    "SGD": 1.6925996710000002,
    "SBD": null,
    "SOS": 0.0038644481479999998,
    "ZAR": 0.1246286576,
    "KRW": 0.001660271149,
    "SSP": null,
    "LKR": 0.00733384252,
    "SDG": 0.003668495227,
    "SRD": 0.07663535039,
    "SZL": 0.1245962714,
    "SEK": 0.21605592910000002,
    "CHF": 2.602894327,
    "SYP": null,
    "TJS": 0.2071987911,
    "TZS": 0.0008144046462,
    "THB": 0.06489244304,
    "TOP": 0.9428801800000001,
    "TTD": 0.3249752497,
    "TND": 0.7261549891,
    "TRY": 0.06490802164,
    "TMT": 0.631617184,
    "UGX": 0.00059445804,
    "UAH": 0.053394600679999994,
    "AED": 0.6007622962,
    "GBP": 2.909931684,
    "USD": 2.2066,
    "UYU": 0.054676988339999996,
    "UZS": null,
    "VUV": null,
    "VES": 0.060384690229999996,
    "VND": 0.00008871657366,
    "XOF": 0.003680733914,
    "YER": null,
    "ZMW": null,
    "ZWL": null,
    "AFN": 0.031077919809879704,
    "ALL": 0.024612741846084318,
    "DZD": 0.016443098743289544,
    "AOA": 0.002439397159878678,
    "ARS": null,
    "AMD": 0.005685327117260463,
    "AWG": null,
    "AUD": 1.4944839392121891,
    "AZN": 1.2979601802949758,
    "BSD": 2.206276378815396,
    "BHD": 5.855388501692444,
    "BDT": 0.0184634694484359,
    "BBD": 1.0927213918674312,
    "BYN": 0.6741813872509591,
    "BZD": 1.0945893435595953,
    "BMD": 2.206532306501459,
    "BTN": 0.026299942567868616,
    "BOB": 0.3192740924975704,
    "BAM": 1.260288669336481,
    "BWP": 0.16634919978205678,
    "BRL": 0.4015088993524071,
    "BND": 1.6935442153783824,
    "BGN": 1.2601303267839006,
    "BIF": 0.0007654925610914142,
    "CVE": 0.022276954129242393,
    "KHR": null,
    "XAF": 0.0037575399717670777,
    "CAD": 1.6364685034373765,
    "KYD": 2.647542455093293,
    "CLP": 0.0024306370419872113,
    "CNY": 0.3098191950170787,
    "COP": 0.0005485665895495596,
    "KMF": 0.005002907397109117,
    "CDF": 0.000778318273898222,
    "CRC": 0.004193349855112194,
    "HRK": null,
    "CUP": 0.09193087880859345,
    "CZK": 0.09840925464800022,
    "DKK": 0.3302055141036631,
    "DJF": 0.01238997735727921,
    "DOP": null,
    "EGP": null,
    "ERN": null,
    "ETB": 0.019892110044813362,
    "EUR": 2.463555000011421,
    "FJD": 1
  }
}