{
  "meta": {
    "code": "FJD",
    "createdAt": "2024-07-29T12:42:56Z"
  },
  "data": {
    "GMD": 0.03339483258,
    "GEL": 0.8380664262,
    "GHS": 0.1459286028,
    "GIP": null,
    "GTQ": 0.29201137250000003,
    "GNF": 0.0002624638012,
    "GYD": 0.010832775329999999,
    "HTG": 0.01713655057,
    "HNL": 0.09139538437,
    "HKD": 0.2896685537,
    "HUF": 0.006241180912,
    "ISK": 0.01634990602,
    "INR": 0.027020992249999997,
    "IDR": 0.0001389677275,
    "IRR": 0.00005373470985,
    "IQD": 0.0017273802869999999,
    "ILS": 0.606796165,
    "JMD": 0.014457076349999999,
    "JPY": 0.01470330875,
    "JOD": 3.192955387,
    "KZT": 0.0047659879249999995,
    "KES": 0.017367774449999998,
    "KWD": 7.397094425000001,
    "KGS": 0.02692490613,
    "LAK": 0.000101992595,
    "LBP": 0.0000252580975,
    "LSL": null,
    "LRD": 0.01157569051,
    "LYD": 0.46810559370000004,
    "MOP": null,
    "MKD": 0.03979169612,
    "MGA": 0.0004955981362,
    "MWK": 0.001304381025,
    "MYR": 0.4877130975,
    "MVR": 0.1474003817,
    "MRU": 0.05714701235,
    "MUR": 0.0486261025,
    "MXN": 0.1226520028,
    "MDL": 0.1276035067,
    "MNT": null,
    "MAD": 0.2295389962,
    "MZN": 0.03541054587,
    "MMK": 0.0006965908758,
    "NAD": 0.1231566535,
    "NPR": 0.016884727529999997,
    "ANG": 1.255839313,
    "TWD": 0.0688590065,
    "NZD": 1.3280875,
    "NIO": 0.06145164936999999,
    "NGN": 0.001396604936,
    "KPW": null,
    "NOK": 0.20539880000000002,
    "OMR": 5.8772962500000006,
    "PKR": 0.008121800325,
    "PAB": 2.2630362120000003,
    "PGK": 0.5764845475,
    "PYG": 0.00029874932370000003,
    "PEN": 0.6056861825000001,
    "PHP": 0.0386296535,
    "PLN": null,
    "QAR": 0.6197332757,
    "RON": 0.49216931750000004,
    "RUB": null,
    "RWF": null,
    "SHP": 2.9203218750000004,
    "WST": null,
    "STN": null,
    "SAR": 0.6030808232,
    "RSD": 0.02090348185,
    "SCR": 0.1642348998,
    "SLL": 0.00011460391160000001,
    "SGD": 1.6833889160000002,
    "SBD": 0.266975,
    "SOS": 0.003974237362,
    "ZAR": 0.12279040000000001,
    "KRW": 0.001635274138,
    "SSP": null,
    "LKR": 0.007472942475,
    "SDG": 0.003860921407,
    "SRD": 0.07801454985999999,
    "SZL": null,
    "SEK": 0.20864957350000002,
    "CHF": 2.5565571250000003,
    "SYP": null,
    "TJS": 0.2131139928,
    "TZS": 0.0008398292305,
    "THB": 0.0629390395,
    "TOP": 0.9488925,
    "TTD": 0.33318932500000004,
    "TND": 0.7265217825,
    "TRY": 0.06852945075,
    "TMT": 0.6221875,
    "UGX": 0.0006073402962,
    "UAH": 0.05513364075,
    "AED": 0.6159839512,
    "GBP": null,
    "USD": 2.2624999999999997,
    "UYU": 0.056147127619999994,
    "UZS": 0.0001795164787,
    "VUV": null,
    "VES": 0.06188505387,
    "VND": 0.00008947992698,
    "XOF": 0.003736405625,
    "YER": 0.009037391087,
    "ZMW": 0.08641288424999999,
    "ZWL": null,
    "AFN": 0.03197029178283681,
    "ALL": 0.024447306467795145,
    "DZD": 0.016794177125459775,
    "AOA": 0.0025926360723478323,
    "ARS": 0.0024353899390383666,
    "AMD": 0.005836263566122544,
    "AWG": 1.2569042062274123,
    "AUD": 1.480626936438679,
    "AZN": 1.3308397477702012,
    "BSD": 2.2617603519797056,
    "BHD": 6.00134887997804,
    "BDT": 0.01924947670884676,
    "BBD": 1.1201805671928782,
    "BYN": 0.6911375074571577,
    "BZD": 1.122103984450952,
    "BMD": 2.262427571209342,
    "BTN": 0.02701102241952163,
    "BOB": 0.3273027037728799,
    "BAM": null,
    "BWP": 0.16635056507717438,
    "BRL": 0.4010898596563558,
    "BND": null,
    "BGN": null,
    "BIF": 0.0007853685142112261,
    "CVE": 0.02222683762999539,
    "KHR": 0.0005514946951430225,
    "XAF": 0.0037362852415825415,
    "CAD": 1.6350623305070475,
    "KYD": 2.7141113376727612,
    "CLP": 0.002377773356852467,
    "CNY": 0.31168495348937847,
    "COP": 0.0005623998081226831,
    "KMF": 0.004980852159850409,
    "CDF": 0.0007896780356379187,
    "CRC": 0.004274228086631846,
    "HRK": null,
    "CUP": 0.09424142787464244,
    "CZK": 0.0964545198405216,
    "DKK": 0.3279629149112335,
    "DJF": 0.012701297855880521,
    "DOP": 0.03821082769769987,
    "EGP": 0.04680277808466749,
    "ERN": null,
    "ETB": 0.03912240528143802,
    "EUR": 2.4474154699872908,
    "FJD": 1
  }
}