{
  "meta": {
    "code": "FJD",
    "createdAt": "2024-08-09T18:36:00Z"
  },
  "data": {
    "GMD": 0.03231294917,
    "GEL": 0.8349552526,
    "GHS": 0.1436820205,
    "GIP": null,
    "GTQ": 0.2897861902,
    "GNF": 0.0002602259443,
    "GYD": 0.010748568219999999,
    "HTG": 0.01702526879,
    "HNL": 0.09039658026,
    "HKD": 0.2879913868,
    "HUF": 0.006217477899,
    "ISK": 0.016226517279999998,
    "INR": 0.026750385869999997,
    "IDR": 0.00014088196100000002,
    "IRR": 0.00005335273414,
    "IQD": 0.001714312957,
    "ILS": 0.6028130632,
    "JMD": 0.01428650481,
    "JPY": 0.01530927775,
    "JOD": 3.1684231240000003,
    "KZT": 0.004691699629,
    "KES": 0.01740891453,
    "KWD": 7.4173243730000005,
    "KGS": 0.02629683644,
    "LAK": 0.0001012739557,
    "LBP": 0.00002507816673,
    "LSL": 0.12258460510000001,
    "LRD": 0.01149914503,
    "LYD": 0.4668918741,
    "MOP": 0.27967020930000003,
    "MKD": 0.03986224216,
    "MGA": null,
    "MWK": 0.001295500412,
    "MYR": 0.5083760418000001,
    "MVR": 0.1457471089,
    "MRU": 0.05647554159,
    "MUR": 0.048370108829999994,
    "MXN": 0.11926055370000001,
    "MDL": 0.12756744820000002,
    "MNT": null,
    "MAD": 0.2279370674,
    "MZN": 0.03514288836,
    "MMK": 0.0006914612597,
    "NAD": 0.12258460510000001,
    "NPR": 0.01671977942,
    "ANG": 1.246224615,
    "TWD": 0.06931369935,
    "NZD": 1.346223573,
    "NIO": 0.060992665599999996,
    "NGN": 0.00138626543,
    "KPW": null,
    "NOK": 0.2073781693,
    "OMR": 5.833676979000001,
    "PKR": 0.008056502138,
    "PAB": 2.246311437,
    "PGK": 0.5784288445,
    "PYG": 0.00029667188420000003,
    "PEN": 0.6018760465,
    "PHP": 0.0392271216,
    "PLN": 0.5677801717000001,
    "QAR": 0.6167525682,
    "RON": null,
    "RUB": 0.025345669239999997,
    "RWF": 0.001701970428,
    "SHP": 2.8677104620000002,
    "WST": null,
    "STN": null,
    "SAR": 0.5983364525,
    "RSD": 0.02095404695,
    "SCR": 0.1616213949,
    "SLL": 0.00011460391160000001,
    "SGD": 1.6963971050000002,
    "SBD": 0.264773925,
    "SOS": 0.003933012068,
    "ZAR": 0.1225377857,
    "KRW": 0.001645835166,
    "SSP": null,
    "LKR": 0.007485774195,
    "SDG": 0.0037335825059999998,
    "SRD": 0.07800586797999999,
    "SZL": 0.12258460510000001,
    "SEK": 0.2134027306,
    "CHF": 2.596280134,
    "SYP": null,
    "TJS": 0.2129723999,
    "TZS": 0.0008315893225,
    "THB": 0.06378159066,
    "TOP": 0.946583625,
    "TTD": 0.3304457185,
    "TND": 0.7263101345,
    "TRY": 0.06702440875,
    "TMT": 0.64282348,
    "UGX": 0.0006027736728,
    "UAH": 0.05457828259,
    "AED": 0.6114211802,
    "GBP": 2.864521497,
    "USD": 2.2457499999999997,
    "UYU": 0.05571705749999999,
    "UZS": 0.000177599841,
    "VUV": null,
    "VES": 0.06129682549,
    "VND": 0.00008929438862,
    "XOF": 0.003739800089,
    "YER": 0.008968685589,
    "ZMW": 0.08594220251,
    "ZWL": null,
    "AFN": 0.03162927583884184,
    "ALL": 0.024082344073224415,
    "DZD": 0.016684338434302528,
    "AOA": 0.0025504583587099903,
    "ARS": 0.0023973520998650257,
    "AMD": 0.00578455150430024,
    "AWG": 1.2475992136432061,
    "AUD": 1.4755678954636073,
    "AZN": 1.3209874026810415,
    "BSD": 2.245061192817975,
    "BHD": 5.958659098464901,
    "BDT": 0.01910279373408827,
    "BBD": 1.1116362224949845,
    "BYN": 0.685849769026339,
    "BZD": 1.1135047817809856,
    "BMD": 2.245678584557771,
    "BTN": 0.02674713933687772,
    "BOB": 0.32482880185471735,
    "BAM": 1.253247880392669,
    "BWP": 0.16579807723353063,
    "BRL": 0.4075050056712757,
    "BND": 1.695216393626751,
    "BGN": 1.253711055087592,
    "BIF": 0.0007792083918312671,
    "CVE": 0.02215765747219108,
    "KHR": 0.000546260906206879,
    "XAF": 0.00373669810442331,
    "CAD": 1.6349568157442018,
    "KYD": 2.6941726578932848,
    "CLP": 0.002406892226389414,
    "CNY": 0.3133096971181926,
    "COP": 0.0005515225736987096,
    "KMF": 0.004978779704041977,
    "CDF": 0.0007835584734506961,
    "CRC": 0.004239071380002753,
    "HRK": null,
    "CUP": 0.09351959632580473,
    "CZK": 0.09712302505403231,
    "DKK": 0.32853917179296765,
    "DJF": 0.012636048754621185,
    "DOP": 0.037647587342506166,
    "EGP": 0.0455944796585885,
    "ERN": null,
    "ETB": 0.02795600624799966,
    "EUR": 2.4517480044111126,
    "FJD": 1
  }
}