{
  "meta": {
    "code": "FJD",
    "createdAt": "2024-07-31T18:35:25Z"
  },
  "data": {
    "GMD": 0.032495682979999996,
    "GEL": 0.8319122531,
    "GHS": 0.1452379406,
    "GIP": null,
    "GTQ": 0.2916672994,
    "GNF": 0.0002620011584,
    "GYD": 0.01081917247,
    "HTG": 0.01710270433,
    "HNL": 0.0909697788,
    "HKD": 0.2890723403,
    "HUF": 0.0061985599369999995,
    "ISK": 0.01632063878,
    "INR": 0.02698377992,
    "IDR": 0.0001388278248,
    "IRR": 0.00005363852175,
    "IQD": 0.001724007614,
    "ILS": 0.6005836913,
    "JMD": 0.014436592819999998,
    "JPY": 0.014989978559999999,
    "JOD": 3.186790389,
    "KZT": 0.004757569465,
    "KES": 0.01750736415,
    "KWD": 7.390436599,
    "KGS": 0.026876709059999997,
    "LAK": 0.0001017319818,
    "LBP": 0.00002521998693,
    "LSL": 0.1238185297,
    "LRD": 0.01155830444,
    "LYD": 0.4671044406,
    "MOP": 0.28090217160000003,
    "MKD": 0.03972886822,
    "MGA": 0.000494731653,
    "MWK": 0.001301325258,
    "MYR": 0.491555256,
    "MVR": 0.147040746,
    "MRU": 0.056744974549999994,
    "MUR": 0.04843489937,
    "MXN": 0.1217303646,
    "MDL": 0.1276687105,
    "MNT": null,
    "MAD": 0.2273111405,
    "MZN": 0.03536073232,
    "MMK": 0.0006953715605,
    "NAD": 0.1238864504,
    "NPR": 0.01687906358,
    "ANG": null,
    "TWD": 0.06901933864,
    "NZD": 1.342964708,
    "NIO": 0.0612876525,
    "NGN": 0.001359635637,
    "KPW": null,
    "NOK": 0.20650589260000002,
    "OMR": 5.8668297670000005,
    "PKR": 0.008094802662,
    "PAB": 2.260455503,
    "PGK": 0.5745230077,
    "PYG": 0.0002981804433,
    "PEN": 0.604591085,
    "PHP": 0.038720538049999996,
    "PLN": 0.5695596347,
    "QAR": 0.620368436,
    "RON": 0.4909572184,
    "RUB": 0.0265684058,
    "RWF": 0.001712244115,
    "SHP": 2.896349202,
    "WST": null,
    "STN": null,
    "SAR": 0.6019691826,
    "RSD": 0.02087658625,
    "SCR": 0.1672637204,
    "SLL": 0.00011460391160000001,
    "SGD": 1.6882390280000001,
    "SBD": 0.26875555,
    "SOS": 0.003955253748,
    "ZAR": 0.12392591680000001,
    "KRW": 0.001646391982,
    "SSP": null,
    "LKR": 0.0074691887499999995,
    "SDG": 0.003754696387,
    "SRD": 0.07792729779999999,
    "SZL": 0.12395444550000001,
    "SEK": 0.210819916,
    "CHF": 2.564962317,
    "SYP": null,
    "TJS": 0.21316007680000001,
    "TZS": 0.0008363781121,
    "THB": 0.06347527299,
    "TOP": 0.9469680850000001,
    "TTD": 0.33321577820000003,
    "TND": 0.7298280546,
    "TRY": 0.0681718101,
    "TMT": 0.646458728,
    "UGX": 0.0006072321616000001,
    "UAH": 0.055092945479999995,
    "AED": 0.6148788216000001,
    "GBP": 2.900346659,
    "USD": 2.25845,
    "UYU": 0.05608043016,
    "UZS": 0.00017952702480000002,
    "VUV": null,
    "VES": 0.06176203541,
    "VND": 0.0000894436538,
    "XOF": 0.00373915554,
    "YER": 0.009021213658,
    "ZMW": 0.08664482445999999,
    "ZWL": null,
    "AFN": 0.03203372833819427,
    "ALL": 0.024335968187960084,
    "DZD": 0.016771660250782642,
    "AOA": 0.002573649969382689,
    "ARS": 0.0024263838182522054,
    "AMD": 0.0058190617077109276,
    "AWG": 1.2546543599126088,
    "AUD": 1.4755576341349024,
    "AZN": 1.328457557554527,
    "BSD": 2.259180535134741,
    "BHD": 5.9921564409912795,
    "BDT": 0.019226733184518726,
    "BBD": 1.1189000782751948,
    "BYN": 0.6904308319322559,
    "BZD": 1.12079584436598,
    "BMD": 2.258377847842696,
    "BTN": 0.02700188979287175,
    "BOB": 0.3269263093315159,
    "BAM": 1.2513397002376556,
    "BWP": 0.1669534647544094,
    "BRL": 0.3997270431907408,
    "BND": 1.6876084269006786,
    "BGN": 1.2484433543710678,
    "BIF": 0.0007848402603551851,
    "CVE": 0.02205985688123411,
    "KHR": 0.0005498181007362067,
    "XAF": 0.00373099168494926,
    "CAD": 1.635764851345494,
    "KYD": 2.7108664609311313,
    "CLP": 0.0023950133601185943,
    "CNY": 0.312833711744864,
    "COP": 0.000556867919685085,
    "KMF": 0.004955571559089361,
    "CDF": 0.0007882645196275027,
    "CRC": 0.004307233757200971,
    "HRK": null,
    "CUP": 0.09412962991574883,
    "CZK": 0.09609300689926456,
    "DKK": 0.3273960348342021,
    "DJF": 0.012686589451108433,
    "DOP": 0.0380038342121542,
    "EGP": 0.0465083939728416,
    "ERN": null,
    "ETB": 0.039014656874917904,
    "EUR": 2.442928912800177,
    "FJD": 1
  }
}