{
  "meta": {
    "code": "FJD",
    "createdAt": "2024-08-09T09:33:12Z"
  },
  "data": {
    "GMD": 0.0322697837,
    "GEL": null,
    "GHS": 0.1437031521,
    "GIP": null,
    "GTQ": 0.2892315439,
    "GNF": 0.0002599667963,
    "GYD": 0.010725321659999999,
    "HTG": 0.017018466939999997,
    "HNL": null,
    "HKD": null,
    "HUF": 0.006198660471,
    "ISK": 0.016214213209999998,
    "INR": null,
    "IDR": 0.0001407422063,
    "IRR": 0.00005326564442,
    "IQD": 0.001710926916,
    "ILS": 0.5999973006,
    "JMD": 0.014297620959999998,
    "JPY": 0.015238660909999998,
    "JOD": 3.164190565,
    "KZT": 0.0046939434269999995,
    "KES": 0.017352030929999998,
    "KWD": 7.327122561,
    "KGS": 0.02633766734,
    "LAK": null,
    "LBP": null,
    "LSL": 0.1216175818,
    "LRD": 0.01146262056,
    "LYD": 0.46561306620000004,
    "MOP": null,
    "MKD": 0.03981089825,
    "MGA": 0.0004927279137,
    "MWK": 0.001291969554,
    "MYR": 0.5059787536,
    "MVR": 0.14564694350000001,
    "MRU": 0.056489568389999995,
    "MUR": 0.048326306019999994,
    "MXN": 0.11914272960000001,
    "MDL": 0.12743305500000002,
    "MNT": null,
    "MAD": 0.2278228062,
    "MZN": null,
    "MMK": null,
    "NAD": 0.1216187031,
    "NPR": 0.01667971301,
    "ANG": 1.243882527,
    "TWD": null,
    "NZD": null,
    "NIO": null,
    "NGN": 0.001365987257,
    "KPW": null,
    "NOK": 0.207054293,
    "OMR": 5.825875052000001,
    "PKR": 0.008040913633,
    "PAB": 2.24152187,
    "PGK": 0.5694122460000001,
    "PYG": 0.00029611185240000003,
    "PEN": null,
    "PHP": 0.03916478441,
    "PLN": 0.56660836,
    "QAR": 0.6158279533000001,
    "RON": 0.4923392452,
    "RUB": 0.025470754749999998,
    "RWF": 0.001701933713,
    "SHP": 2.8596183870000003,
    "WST": null,
    "STN": null,
    "SAR": 0.5975393811,
    "RSD": 0.020939927429999998,
    "SCR": 0.1654107069,
    "SLL": null,
    "SGD": 1.6946622910000002,
    "SBD": null,
    "SOS": null,
    "ZAR": 0.1224978387,
    "KRW": 0.0016448779289999999,
    "SSP": null,
    "LKR": 0.007443599782,
    "SDG": null,
    "SRD": 0.07764276027,
    "SZL": 0.1216441135,
    "SEK": 0.21322981500000002,
    "CHF": 2.591955146,
    "SYP": null,
    "TJS": 0.21277767660000002,
    "TZS": 0.0008306481473,
    "THB": 0.06358263532,
    "TOP": 0.945319125,
    "TTD": 0.3304106767,
    "TND": 0.7290224165,
    "TRY": null,
    "TMT": 0.6401290691,
    "UGX": 0.0006006983842,
    "UAH": 0.054564963689999996,
    "AED": 0.6105976585,
    "GBP": null,
    "USD": null,
    "UYU": null,
    "UZS": 0.00017723287020000002,
    "VUV": null,
    "VES": 0.06121671349,
    "VND": 0.00008929935247,
    "XOF": 0.003731415682,
    "YER": 0.008958494426,
    "ZMW": 0.08591881054,
    "ZWL": null,
    "AFN": 0.03164660848026502,
    "ALL": 0.024438828705192553,
    "DZD": 0.016675328582722318,
    "AOA": 0.002547052752981268,
    "ARS": 0.0023954185422343714,
    "AMD": 0.005773723592244074,
    "AWG": 1.2459333048413306,
    "AUD": 1.4771295132718294,
    "AZN": 1.3192234992437617,
    "BSD": 2.24031865303196,
    "BHD": 5.950042235155048,
    "BDT": 0.01906591686224397,
    "BBD": 1.1181231341071416,
    "BYN": 0.6846543939212582,
    "BZD": 1.11142109682828,
    "BMD": 2.242679948714395,
    "BTN": 0.026682205735799002,
    "BOB": 0.3242156344853215,
    "BAM": null,
    "BWP": 0.1649951405787942,
    "BRL": 0.4042685802507537,
    "BND": 1.6908798948548658,
    "BGN": 1.2520894112145367,
    "BIF": 0.0007771723213354316,
    "CVE": 0.0221962470690222,
    "KHR": 0.0005457238391339846,
    "XAF": 0.003731263984476581,
    "CAD": null,
    "KYD": 2.6881492977991135,
    "CLP": null,
    "CNY": null,
    "COP": null,
    "KMF": null,
    "CDF": 0.0007827853227197779,
    "CRC": 0.004238199143682544,
    "HRK": null,
    "CUP": 0.09334305946855236,
    "CZK": 0.09714080061104827,
    "DKK": null,
    "DJF": 0.012580680704229448,
    "DOP": 0.03760848273559151,
    "EGP": 0.04553405996908006,
    "ERN": null,
    "ETB": 0.02791867682535743,
    "EUR": 2.4499720875292557,
    "FJD": 1
  }
}