{
  "meta": {
    "code": "FJD",
    "createdAt": "2024-08-27T08:35:37Z"
  },
  "data": {
    "GMD": 0.031271630839999995,
    "GEL": 0.8166378548000001,
    "GHS": 0.1411868221,
    "GIP": null,
    "GTQ": 0.2845486638,
    "GNF": 0.00025554539080000003,
    "GYD": 0.010546833949999999,
    "HTG": 0.01670264225,
    "HNL": null,
    "HKD": 0.2826623653,
    "HUF": 0.00625251086,
    "ISK": 0.01610762022,
    "INR": 0.02626511982,
    "IDR": 0.0001419913496,
    "IRR": 0.00005230486268,
    "IQD": 0.001682033087,
    "ILS": 0.5988213009000001,
    "JMD": 0.014074560549999999,
    "JPY": 0.015199738959999999,
    "JOD": 3.1108757910000002,
    "KZT": 0.004557858135,
    "KES": 0.017123494939999997,
    "KWD": 7.219988443,
    "KGS": 0.02587313525,
    "LAK": 0.00009973990925,
    "LBP": 0.00002461888562,
    "LSL": 0.1241707382,
    "LRD": 0.01129502514,
    "LYD": 0.462717674,
    "MOP": 0.27442733610000003,
    "MKD": 0.03994234953,
    "MGA": 0.0004827105426,
    "MWK": 0.001270211522,
    "MYR": 0.5066997801,
    "MVR": 0.1435379932,
    "MRU": 0.05567820867,
    "MUR": null,
    "MXN": null,
    "MDL": 0.1267783982,
    "MNT": null,
    "MAD": 0.2290025071,
    "MZN": 0.03451838142,
    "MMK": 0.0006788066643,
    "NAD": 0.1241707382,
    "NPR": 0.01641175632,
    "ANG": 1.222887387,
    "TWD": 0.06899774052999999,
    "NZD": 1.371380486,
    "NIO": 0.05984992015,
    "NGN": 0.001385909879,
    "KPW": null,
    "NOK": null,
    "OMR": 5.7273147280000005,
    "PKR": 0.007912424915,
    "PAB": 2.203572808,
    "PGK": 0.5656011937000001,
    "PYG": 0.0002897886759,
    "PEN": 0.5889010373,
    "PHP": 0.039174972599999996,
    "PLN": 0.5753195114,
    "QAR": null,
    "RON": 0.4949714831,
    "RUB": 0.024074579579999998,
    "RWF": 0.001662902016,
    "SHP": 2.9065003270000003,
    "WST": null,
    "STN": null,
    "SAR": 0.5875498955,
    "RSD": 0.02104597427,
    "SCR": 0.15743826730000002,
    "SLL": null,
    "SGD": 1.6891799010000002,
    "SBD": 0.261251025,
    "SOS": null,
    "ZAR": 0.1240749175,
    "KRW": null,
    "SSP": null,
    "LKR": 0.007320736538,
    "SDG": 0.003665253332,
    "SRD": null,
    "SZL": 0.1242237159,
    "SEK": 0.2160935317,
    "CHF": 2.6012709440000004,
    "SYP": null,
    "TJS": 0.2068349938,
    "TZS": 0.0008129856316000001,
    "THB": 0.06470943173,
    "TOP": 0.9411650850000001,
    "TTD": 0.3244016809,
    "TND": 0.7233013294,
    "TRY": 0.06477806248,
    "TMT": 0.6292545099,
    "UGX": 0.0005934141763,
    "UAH": 0.053300852999999995,
    "AED": 0.6002501345,
    "GBP": 2.9140953460000003,
    "USD": 2.20465,
    "UYU": 0.054763505999999997,
    "UZS": 0.0001735881884,
    "VUV": null,
    "VES": 0.060372311969999995,
    "VND": 0.00008881675036,
    "XOF": 0.00375124284,
    "YER": 0.008806306871,
    "ZMW": 0.08374819387,
    "ZWL": null,
    "AFN": 0.031095541710197197,
    "ALL": 0.024573517112842256,
    "DZD": 0.016406932461993613,
    "AOA": 0.0024319725406408465,
    "ARS": 0.002321835816828633,
    "AMD": 0.0056759496304469225,
    "AWG": 1.2230696854134095,
    "AUD": 1.4949062594760192,
    "AZN": 1.2968135928369722,
    "BSD": 2.2024225317586135,
    "BHD": 5.850759397970385,
    "BDT": 0.018433446921836974,
    "BBD": 1.0908026747784003,
    "BYN": 0.6730160232159569,
    "BZD": 1.0926435117389042,
    "BMD": 2.204583107822853,
    "BTN": 0.026254244742970542,
    "BOB": 0.3187207452921032,
    "BAM": 1.2582403836182872,
    "BWP": 0.16606240970268252,
    "BRL": 0.4010374569514162,
    "BND": 1.6906778930465003,
    "BGN": 1.2594019468504287,
    "BIF": 0.0007650443301341389,
    "CVE": null,
    "KHR": 0.0005412697690163412,
    "XAF": 0.0037511627535454606,
    "CAD": 1.6364793141769176,
    "KYD": 2.6429068264661373,
    "CLP": 0.002431007110230503,
    "CNY": 0.30912015317818586,
    "COP": 0.0005473553414724383,
    "KMF": 0.004996505429113362,
    "CDF": 0.000777630726165795,
    "CRC": 0.004186064071290533,
    "HRK": null,
    "CUP": 0.09176953078959298,
    "CZK": 0.09838682521386088,
    "DKK": 0.3301198251411934,
    "DJF": 0.012368448085372104,
    "DOP": 0.03701772952161693,
    "EGP": 0.045259074740592986,
    "ERN": null,
    "ETB": 0.01985148737030904,
    "EUR": 2.4630011932341787,
    "FJD": 1
  }
}