{
  "meta": {
    "code": "FJD",
    "createdAt": "2024-08-20T08:35:08Z"
  },
  "data": {
    "GMD": 0.03168428508,
    "GEL": 0.8246008036,
    "GHS": 0.1422961834,
    "GIP": null,
    "GTQ": 0.28769578560000003,
    "GNF": 0.00025828243940000003,
    "GYD": 0.010661063819999999,
    "HTG": 0.016896907019999997,
    "HNL": 0.08990991774,
    "HKD": 0.2847457568,
    "HUF": null,
    "ISK": 0.01618196407,
    "INR": 0.026471592409999998,
    "IDR": 0.0001437043947,
    "IRR": 0.00005269109609,
    "IQD": 0.00170074405,
    "ILS": null,
    "JMD": 0.014185954539999998,
    "JPY": 0.01515694007,
    "JOD": 3.1304549550000003,
    "KZT": 0.004652136183,
    "KES": 0.01722640756,
    "KWD": 7.255890900000001,
    "KGS": 0.025879812329999998,
    "LAK": 0.0001006358817,
    "LBP": 0.00002486798196,
    "LSL": 0.1248952054,
    "LRD": 0.011420300219999999,
    "LYD": 0.4647298944,
    "MOP": 0.27759502540000003,
    "MKD": 0.03989571827,
    "MGA": 0.0004916245933,
    "MWK": null,
    "MYR": 0.5071226132000001,
    "MVR": 0.144033154,
    "MRU": 0.056228369359999995,
    "MUR": 0.048060229569999995,
    "MXN": 0.1184167195,
    "MDL": 0.12670862700000002,
    "MNT": null,
    "MAD": 0.22874608840000002,
    "MZN": 0.034712508149999995,
    "MMK": 0.0006828863088000001,
    "NAD": 0.1248952054,
    "NPR": 0.01659731531,
    "ANG": 1.236454187,
    "TWD": 0.06952664048,
    "NZD": null,
    "NIO": 0.06050302561,
    "NGN": 0.001394905643,
    "KPW": null,
    "NOK": 0.2100916864,
    "OMR": 5.7616672730000005,
    "PKR": 0.007999293276,
    "PAB": 2.228095686,
    "PGK": 0.5649552428,
    "PYG": 0.0002937240378,
    "PEN": 0.59650731,
    "PHP": 0.039201449029999995,
    "PLN": 0.5760673654,
    "QAR": null,
    "RON": 0.4938329564,
    "RUB": 0.02454765066,
    "RWF": 0.0016706076689999999,
    "SHP": 2.870517075,
    "WST": null,
    "STN": null,
    "SAR": 0.5911236239000001,
    "RSD": 0.0210030397,
    "SCR": 0.161949328,
    "SLL": 0.00011460391160000001,
    "SGD": 1.695928324,
    "SBD": 0.26193399,
    "SOS": 0.003912175989,
    "ZAR": 0.12466416670000001,
    "KRW": 0.001666291192,
    "SSP": null,
    "LKR": 0.007453694312,
    "SDG": 0.003687281594,
    "SRD": 0.07723837637,
    "SZL": 0.1249240603,
    "SEK": 0.21576540730000002,
    "CHF": 2.580502253,
    "SYP": null,
    "TJS": 0.2092242657,
    "TZS": 0.000818413284,
    "THB": null,
    "TOP": null,
    "TTD": 0.3281544956,
    "TND": 0.7237138556,
    "TRY": 0.06557077186,
    "TMT": 0.634851696,
    "UGX": 0.0005982408207,
    "UAH": 0.05382180147,
    "AED": 0.6038470065,
    "GBP": 2.8850997670000003,
    "USD": 2.2178999999999998,
    "UYU": null,
    "UZS": 0.0001759282638,
    "VUV": null,
    "VES": 0.060533823369999996,
    "VND": 0.0000889954554,
    "XOF": 0.003747008976,
    "YER": 0.008859239643,
    "ZMW": 0.0867376332,
    "ZWL": null,
    "AFN": 0.03139327044938958,
    "ALL": 0.024639611712992733,
    "DZD": 0.016530247509574648,
    "AOA": 0.0024933467124921655,
    "ARS": 0.0023513405470368624,
    "AMD": null,
    "AWG": 1.2321288337565448,
    "AUD": 1.4923127290537095,
    "AZN": 1.3046070004481063,
    "BSD": 2.2268743468210106,
    "BHD": 5.884981814479309,
    "BDT": 0.018666371818132896,
    "BBD": 1.111423321406802,
    "BYN": 0.6804545035159693,
    "BZD": 1.1047785548058522,
    "BMD": 2.2178319007617806,
    "BTN": 0.02655156327501026,
    "BOB": null,
    "BAM": 1.256673054876174,
    "BWP": 0.166788890093492,
    "BRL": 0.41029172160313826,
    "BND": 1.6991286907833274,
    "BGN": 1.256490794280616,
    "BIF": 0.0007733519612373168,
    "CVE": 0.022289949306920073,
    "KHR": 0.000544484115375596,
    "XAF": 0.003746894009400737,
    "CAD": 1.6284836631426793,
    "KYD": 2.6721040128372517,
    "CLP": 0.0024017845820501513,
    "CNY": null,
    "COP": 0.0005504670888572722,
    "KMF": 0.004985012139768261,
    "CDF": 0.0007727637284884255,
    "CRC": null,
    "HRK": null,
    "CUP": 0.09278571531994363,
    "CZK": null,
    "DKK": 0.32936695288272805,
    "DJF": 0.012505346191813827,
    "DOP": 0.03731823902119006,
    "EGP": 0.04539258766732871,
    "ERN": null,
    "ETB": 0.020347529678228195,
    "EUR": 2.458330360085193,
    "FJD": 1
  }
}