{
  "meta": {
    "code": "FJD",
    "createdAt": "2024-07-29T11:04:19Z"
  },
  "data": {
    "GMD": null,
    "GEL": 0.8373070732000001,
    "GHS": 0.1459375001,
    "GIP": null,
    "GTQ": null,
    "GNF": 0.0002624947562,
    "GYD": 0.01083471886,
    "HTG": 0.01713742762,
    "HNL": 0.09139193747999999,
    "HKD": 0.28939659770000004,
    "HUF": 0.006250279877,
    "ISK": 0.01633863386,
    "INR": 0.02699705164,
    "IDR": 0.00013889402830000001,
    "IRR": 0.00005368602204,
    "IQD": 0.001727457138,
    "ILS": 0.6047657659,
    "JMD": 0.01446292647,
    "JPY": 0.014709313259999999,
    "JOD": 3.190062322,
    "KZT": 0.004776136451,
    "KES": null,
    "KWD": 7.391556217000001,
    "KGS": 0.026897117149999997,
    "LAK": 0.0001020165949,
    "LBP": 0.00002526391942,
    "LSL": 0.1239459437,
    "LRD": 0.01157626581,
    "LYD": 0.46811930300000004,
    "MOP": 0.28146422660000003,
    "MKD": 0.039854310409999996,
    "MGA": 0.0004970503505,
    "MWK": 0.001304480604,
    "MYR": 0.4872711917,
    "MVR": 0.1472668256,
    "MRU": 0.05710603768,
    "MUR": 0.04858204349,
    "MXN": 0.12258081280000001,
    "MDL": 0.12748938,
    "MNT": null,
    "MAD": 0.22965351450000002,
    "MZN": 0.03537846118,
    "MMK": null,
    "NAD": 0.1239459437,
    "NPR": 0.016888495559999998,
    "ANG": 1.255892005,
    "TWD": 0.06878822863999999,
    "NZD": null,
    "NIO": 0.06146292395,
    "NGN": 0.001395339504,
    "KPW": null,
    "NOK": null,
    "OMR": 5.871939318000001,
    "PKR": 0.008127384682,
    "PAB": 2.2632529580000003,
    "PGK": 0.5767933753,
    "PYG": null,
    "PEN": 0.6020292652,
    "PHP": 0.03861872583,
    "PLN": 0.5712017002,
    "QAR": 0.6201097005,
    "RON": 0.49259138680000003,
    "RUB": 0.02605620715,
    "RWF": 0.001720452003,
    "SHP": 2.917675837,
    "WST": null,
    "STN": null,
    "SAR": 0.6025374369000001,
    "RSD": 0.020917806459999997,
    "SCR": 0.1667044577,
    "SLL": 0.00011460391160000001,
    "SGD": 1.682362517,
    "SBD": 0.2667331,
    "SOS": 0.003974732331,
    "ZAR": 0.1230799879,
    "KRW": 0.001634684653,
    "SSP": null,
    "LKR": 0.007467306157,
    "SDG": 0.003857423114,
    "SRD": null,
    "SZL": 0.12393640460000001,
    "SEK": 0.2091809127,
    "CHF": null,
    "SYP": null,
    "TJS": 0.21342296360000002,
    "TZS": 0.0008372037028000001,
    "THB": 0.06289509986,
    "TOP": 0.94803273,
    "TTD": 0.3334387534,
    "TND": 0.729082627,
    "TRY": 0.06844384908,
    "TMT": 0.62162375,
    "UGX": 0.0006065666665,
    "UAH": 0.05509790362999999,
    "AED": 0.6154183626,
    "GBP": 2.902734263,
    "USD": 2.26045,
    "UYU": 0.056104368999999994,
    "UZS": 0.0001790398464,
    "VUV": null,
    "VES": 0.06182642692,
    "VND": 0.00008939876309,
    "XOF": 0.003743651048,
    "YER": 0.009029202512,
    "ZMW": 0.08658350824,
    "ZWL": null,
    "AFN": 0.03197002877834251,
    "ALL": 0.02441677856259758,
    "DZD": 0.01679180090778148,
    "AOA": 0.002590287249220667,
    "ARS": 0.00243311888194964,
    "AMD": 0.005831436467156893,
    "AWG": 1.2557655019667673,
    "AUD": 1.4803328120821948,
    "AZN": 1.3296340609059891,
    "BSD": 2.261970783742505,
    "BHD": 5.996806541001862,
    "BDT": 0.019250594911289234,
    "BBD": 1.1202534242494313,
    "BYN": 0.6912895578032164,
    "BZD": 1.1221476418885463,
    "BMD": null,
    "BTN": 0.02701729455780058,
    "BOB": 0.32732695677945073,
    "BAM": 1.255551360860298,
    "BWP": 0.1669337334856898,
    "BRL": 0.398899979693837,
    "BND": 1.6831826073353273,
    "BGN": 1.2521481851133434,
    "BIF": null,
    "CVE": 0.02227004021502483,
    "KHR": 0.0005514525059657055,
    "XAF": 0.0037435313220015374,
    "CAD": 1.633758138430156,
    "KYD": 2.7142899728515792,
    "CLP": 0.002373972487524337,
    "CNY": 0.3114454859750748,
    "COP": null,
    "KMF": 0.004976339709201239,
    "CDF": 0.0007889626193479435,
    "CRC": 0.004278041143449793,
    "HRK": null,
    "CUP": 0.09426265380545007,
    "CZK": 0.0965210369583558,
    "DKK": 0.32816171656337617,
    "DJF": 0.012702234679047469,
    "DOP": 0.03821343681179439,
    "EGP": 0.046779344047725435,
    "ERN": null,
    "ETB": 0.03912470011201018,
    "EUR": 2.4489998739538947,
    "FJD": 1
  }
}