{
  "meta": {
    "code": "FJD",
    "createdAt": "2024-07-26T18:34:12Z"
  },
  "data": {
    "GMD": 0.033342434059999995,
    "GEL": 0.836751449,
    "GHS": 0.1458111338,
    "GIP": null,
    "GTQ": null,
    "GNF": 0.0002622516707,
    "GYD": 0.01082463765,
    "HTG": 0.017121562429999997,
    "HNL": 0.09130732373,
    "HKD": 0.2893227016,
    "HUF": 0.006276878855,
    "ISK": 0.01636327403,
    "INR": 0.026976267949999997,
    "IDR": 0.0001388228686,
    "IRR": 0.00005365039682,
    "IQD": 0.001725794428,
    "ILS": 0.6173369022,
    "JMD": 0.01444953857,
    "JPY": 0.014689838899999998,
    "JOD": 3.1874959150000004,
    "KZT": 0.004770769121,
    "KES": 0.017385938639999998,
    "KWD": 7.388047324,
    "KGS": 0.026879268629999998,
    "LAK": 0.0001019019121,
    "LBP": 0.00002523540813,
    "LSL": 0.1238067018,
    "LRD": 0.011565551569999999,
    "LYD": 0.46768600520000003,
    "MOP": 0.2811934183,
    "MKD": 0.03982438492,
    "MGA": 0.0004965899481000001,
    "MWK": 0.001303272965,
    "MYR": 0.4850135071,
    "MVR": null,
    "MRU": null,
    "MUR": 0.048281961479999996,
    "MXN": 0.1225062469,
    "MDL": 0.1273444434,
    "MNT": null,
    "MAD": 0.2296719644,
    "MZN": 0.03535498457,
    "MMK": 0.0006955255094,
    "NAD": null,
    "NPR": null,
    "ANG": 1.2547294850000001,
    "TWD": 0.06883790950999999,
    "NZD": 1.3310975820000002,
    "NIO": 0.061406031779999995,
    "NGN": 0.001361302454,
    "KPW": null,
    "NOK": null,
    "OMR": 5.869874798000001,
    "PKR": 0.008119859025,
    "PAB": 2.261147958,
    "PGK": 0.5762540788,
    "PYG": 0.0002985055593,
    "PEN": 0.6014664457000001,
    "PHP": 0.038615846669999995,
    "PLN": 0.5738781152,
    "QAR": 0.6195698969,
    "RON": 0.4933612309,
    "RUB": 0.026243261259999998,
    "RWF": 0.001718859225,
    "SHP": 2.915739712,
    "WST": null,
    "STN": null,
    "SAR": 0.6021260591,
    "RSD": 0.0209568981,
    "SCR": 0.16593883,
    "SLL": 0.00011460391160000001,
    "SGD": 1.6828072870000002,
    "SBD": 0.2665561,
    "SOS": 0.003971053384,
    "ZAR": null,
    "KRW": 0.001631954256,
    "SSP": null,
    "LKR": null,
    "SDG": 0.003854863387,
    "SRD": 0.07789214029,
    "SZL": 0.123809085,
    "SEK": 0.20875795020000001,
    "CHF": 2.556939389,
    "SYP": null,
    "TJS": 0.2132175467,
    "TZS": 0.0008372389305,
    "THB": 0.06291318063,
    "TOP": null,
    "TTD": 0.3330641059,
    "TND": 0.7284479888000001,
    "TRY": 0.06857293467999999,
    "TMT": null,
    "UGX": 0.0006060024173,
    "UAH": 0.055046884229999996,
    "AED": 0.6150149501000001,
    "GBP": 2.907946335,
    "USD": 2.25895,
    "UYU": 0.056067138999999995,
    "UZS": 0.0001788675012,
    "VUV": null,
    "VES": 0.061831753499999996,
    "VND": 0.00008923372058,
    "XOF": 0.003740184176,
    "YER": 0.009023210871,
    "ZMW": 0.08650335029999999,
    "ZWL": null,
    "AFN": 0.03194013799778144,
    "ALL": 0.02439417355985778,
    "DZD": 0.016814745558078888,
    "AOA": 0.0025885681833160393,
    "ARS": 0.002430979462748322,
    "AMD": 0.0058263593860418805,
    "AWG": 1.2549321027770315,
    "AUD": 1.481145865238727,
    "AZN": 1.3287516382345042,
    "BSD": 2.259876650562945,
    "BHD": 5.995410930213522,
    "BDT": 0.01923269228178032,
    "BBD": 1.119215973899409,
    "BYN": 0.6905129533200621,
    "BZD": 1.1211084958458901,
    "BMD": 2.2588777849986568,
    "BTN": 0.026992031070868144,
    "BOB": 0.3270223985119743,
    "BAM": 1.254382961929373,
    "BWP": 0.16677922118203806,
    "BRL": 0.39901041920705377,
    "BND": 1.6816247691567885,
    "BGN": 1.2536297209449099,
    "BIF": 0.0007844104608338978,
    "CVE": 0.022250766459747436,
    "KHR": 0.0005509369324929506,
    "XAF": 0.003740065128020554,
    "CAD": 1.6330633957981557,
    "KYD": 2.711677163173512,
    "CLP": 0.0023822798831616837,
    "CNY": 0.3115521605780312,
    "COP": 0.0005597738445599479,
    "KMF": 0.004973037120205668,
    "CDF": 0.0007884390177623563,
    "CRC": 0.0042740800121737425,
    "HRK": null,
    "CUP": 0.09415674661157597,
    "CZK": null,
    "DKK": 0.3287026942455555,
    "DJF": 0.012690474354681234,
    "DOP": 0.03817805907502358,
    "EGP": 0.046747234337667885,
    "ERN": null,
    "ETB": 0.03908847772896163,
    "EUR": 2.4529289983519456,
    "FJD": 1
  }
}