{
  "meta": {
    "code": "FJD",
    "createdAt": "2024-07-31T14:32:52Z"
  },
  "data": {
    "GMD": null,
    "GEL": 0.8314087835,
    "GHS": 0.1451842555,
    "GIP": null,
    "GTQ": 0.29146712480000003,
    "GNF": 0.0002619960732,
    "GYD": 0.010811747149999999,
    "HTG": 0.01709096655,
    "HNL": 0.09123389606,
    "HKD": 0.28891547360000003,
    "HUF": 0.006206477256,
    "ISK": 0.01629883708,
    "INR": 0.026971737949999998,
    "IDR": 0.0001387325457,
    "IRR": 0.00005361762693,
    "IQD": 0.001724235263,
    "ILS": 0.598981937,
    "JMD": 0.014426684819999999,
    "JPY": 0.01503219529,
    "JOD": 3.184603258,
    "KZT": 0.004754304291,
    "KES": 0.01736862619,
    "KWD": 7.387650697000001,
    "KGS": null,
    "LAK": null,
    "LBP": 0.00002521137852,
    "LSL": 0.1239077821,
    "LRD": 0.011260447529999999,
    "LYD": 0.46729588440000003,
    "MOP": 0.2807093852,
    "MKD": 0.039701601839999996,
    "MGA": 0.0004954466495,
    "MWK": 0.001301985523,
    "MYR": 0.49121789600000004,
    "MVR": 0.1470355454,
    "MRU": 0.056937928559999997,
    "MUR": 0.048401657949999996,
    "MXN": 0.12088798220000001,
    "MDL": 0.12758109,
    "MNT": null,
    "MAD": 0.2278069722,
    "MZN": 0.03532289988,
    "MMK": null,
    "NAD": 0.1239077821,
    "NPR": 0.016867479289999997,
    "ANG": 1.253520627,
    "TWD": 0.06906757216,
    "NZD": 1.341704481,
    "NIO": 0.06133784764,
    "NGN": 0.001358702503,
    "KPW": null,
    "NOK": 0.2072488701,
    "OMR": 5.863651890000001,
    "PKR": 0.008099513068,
    "PAB": 2.258904127,
    "PGK": 0.5749967323,
    "PYG": 0.0002979757987,
    "PEN": 0.6053858908,
    "PHP": null,
    "PLN": 0.5708490015000001,
    "QAR": 0.6182057824,
    "RON": 0.4916036002,
    "RUB": 0.026256720429999998,
    "RWF": 0.001720746547,
    "SHP": 2.8968439950000002,
    "WST": null,
    "STN": null,
    "SAR": null,
    "RSD": 0.02090206065,
    "SCR": 0.1668687989,
    "SLL": 0.00011460391160000001,
    "SGD": 1.688620253,
    "SBD": null,
    "SOS": 0.00396708403,
    "ZAR": 0.12406138900000001,
    "KRW": 0.001646831493,
    "SSP": null,
    "LKR": 0.0074640625609999995,
    "SDG": 0.003752119496,
    "SRD": 0.07787381540999999,
    "SZL": 0.12396837990000001,
    "SEK": 0.21119765510000002,
    "CHF": 2.56680848,
    "SYP": null,
    "TJS": 0.2130137826,
    "TZS": 0.0008358040963,
    "THB": 0.06343085157,
    "TOP": 0.9463181700000001,
    "TTD": 0.3329870884,
    "TND": 0.7254244661,
    "TRY": 0.06811597284,
    "TMT": 0.6441677833,
    "UGX": 0.0006068154112000001,
    "UAH": 0.055055134559999996,
    "AED": 0.6144568233000001,
    "GBP": 2.8988752050000004,
    "USD": null,
    "UYU": 0.05604194152,
    "UZS": 0.0001800225312,
    "VUV": null,
    "VES": 0.061718451259999994,
    "VND": 0.00008939106951,
    "XOF": 0.003728516158,
    "YER": 0.009015927313,
    "ZMW": 0.08658535913,
    "ZWL": null,
    "AFN": 0.03201175077103543,
    "ALL": 0.024391054637299018,
    "DZD": 0.016785508694885445,
    "AOA": 0.002571884250311354,
    "ARS": 0.002421489731070813,
    "AMD": 0.00581506939004548,
    "AWG": 1.2537935718655542,
    "AUD": 1.475503555987768,
    "AZN": 1.3275461349164692,
    "BSD": 2.2576305658882903,
    "BHD": 5.987692671346071,
    "BDT": 0.01921354218779297,
    "BBD": 1.1181324280412892,
    "BYN": 0.6899571442917214,
    "BZD": 1.1200268932972628,
    "BMD": 2.2568284293579977,
    "BTN": 0.026983364450095,
    "BOB": 0.32670201308236324,
    "BAM": 1.2504811862546417,
    "BWP": 0.16683892201428413,
    "BRL": 0.40026753273481347,
    "BND": 1.6864505993792742,
    "BGN": 1.2511175704659798,
    "BIF": 0.0007843018004119978,
    "CVE": 0.022179914001761773,
    "KHR": 0.0005495935524850082,
    "XAF": 0.003728431941674051,
    "CAD": 1.6365807071618201,
    "KYD": 2.70900660059915,
    "CLP": 0.0023905054971697474,
    "CNY": 0.31275338546274445,
    "COP": 0.0005550324214640557,
    "KMF": 0.004954617848336079,
    "CDF": null,
    "CRC": 0.0043042786666590525,
    "HRK": null,
    "CUP": 0.09406504986686949,
    "CZK": 0.09624001835582019,
    "DKK": 0.3278272609606761,
    "DJF": 0.012677885488883002,
    "DOP": 0.03813051375927482,
    "EGP": 0.046443507464845914,
    "ERN": null,
    "ETB": 0.03898788984989151,
    "EUR": 2.445856445196997,
    "FJD": 1
  }
}