{
  "meta": {
    "code": "FJD",
    "createdAt": "2024-08-16T14:04:15Z"
  },
  "data": {
    "GMD": 0.0319528565,
    "GEL": 0.8315330382,
    "GHS": 0.1433539724,
    "GIP": null,
    "GTQ": 0.2889038028,
    "GNF": 0.0002593755604,
    "GYD": null,
    "HTG": 0.0169594154,
    "HNL": null,
    "HKD": 0.28695026900000004,
    "HUF": 0.006226632821,
    "ISK": 0.01604519358,
    "INR": 0.026656274849999998,
    "IDR": 0.0001425650213,
    "IRR": null,
    "IQD": 0.001707905872,
    "ILS": 0.6093931647,
    "JMD": 0.01424556019,
    "JPY": 0.015106112619999999,
    "JOD": 3.156100008,
    "KZT": 0.0046655370029999995,
    "KES": 0.017338415269999997,
    "KWD": 7.310745654000001,
    "KGS": 0.02609918222,
    "LAK": 0.0001010028855,
    "LBP": null,
    "LSL": 0.12486324060000001,
    "LRD": 0.01146890359,
    "LYD": 0.4667308469,
    "MOP": 0.2786442836,
    "MKD": 0.039991346049999994,
    "MGA": 0.0004979569683,
    "MWK": 0.001289692627,
    "MYR": 0.5047276829,
    "MVR": 0.1452540491,
    "MRU": 0.0564746642,
    "MUR": 0.04840464837,
    "MXN": null,
    "MDL": 0.128252378,
    "MNT": null,
    "MAD": 0.2290311462,
    "MZN": 0.03503417021,
    "MMK": 0.0006886474307,
    "NAD": 0.1248643814,
    "NPR": 0.01665268331,
    "ANG": 1.241660165,
    "TWD": 0.06932387719,
    "NZD": 1.347690034,
    "NIO": 0.06076190141999999,
    "NGN": 0.001406641081,
    "KPW": null,
    "NOK": 0.2083497233,
    "OMR": 5.81051268,
    "PKR": 0.008030325595,
    "PAB": 2.2375208680000003,
    "PGK": 0.5673631113000001,
    "PYG": null,
    "PEN": null,
    "PHP": 0.039149519269999995,
    "PLN": 0.5763864065000001,
    "QAR": 0.613101233,
    "RON": 0.4943317249,
    "RUB": 0.02517493081,
    "RWF": 0.00165918406,
    "SHP": 2.8695742650000002,
    "WST": null,
    "STN": null,
    "SAR": 0.5960187947000001,
    "RSD": null,
    "SCR": 0.1706706106,
    "SLL": 0.00011460391160000001,
    "SGD": 1.6968413640000002,
    "SBD": 0.26281225,
    "SOS": null,
    "ZAR": 0.1250947391,
    "KRW": 0.001650226523,
    "SSP": null,
    "LKR": 0.007487471795,
    "SDG": 0.003718536788,
    "SRD": 0.07789308644,
    "SZL": 0.12489397290000001,
    "SEK": 0.2130543533,
    "CHF": 2.5756629380000002,
    "SYP": null,
    "TJS": 0.2100113677,
    "TZS": 0.0008250460938000001,
    "THB": 0.06435911893,
    "TOP": 0.94321639,
    "TTD": 0.329358772,
    "TND": 0.7295356040000001,
    "TRY": 0.06636935306,
    "TMT": 0.640233008,
    "UGX": 0.0006007709099,
    "UAH": 0.05424927967,
    "AED": 0.6089572319000001,
    "GBP": 2.8850745960000004,
    "USD": 2.2367,
    "UYU": 0.055447792999999995,
    "UZS": 0.0001767954781,
    "VUV": null,
    "VES": 0.061058420739999994,
    "VND": 0.00008925372414,
    "XOF": 0.003748167918,
    "YER": 0.008936113047,
    "ZMW": 0.08527559661999999,
    "ZWL": null,
    "AFN": 0.031528369461885794,
    "ALL": 0.02461569553358398,
    "DZD": 0.01664729071298382,
    "AOA": 0.0025315564190984785,
    "ARS": 0.0023756785629001145,
    "AMD": 0.00576272827177323,
    "AWG": 1.240821339003139,
    "AUD": 1.4838701756807557,
    "AZN": 1.315664762513827,
    "BSD": 2.2362946524757756,
    "BHD": 5.934056335631997,
    "BDT": 0.019032217984691065,
    "BBD": 1.1075694098276394,
    "BYN": 0.6833381798524291,
    "BZD": 1.109418620277324,
    "BMD": 2.2366300962735055,
    "BTN": 0.026639541887299858,
    "BOB": 0.3236253914410922,
    "BAM": 1.257083912822985,
    "BWP": 0.1670459565382957,
    "BRL": 0.41012745878004336,
    "BND": 1.695574097429232,
    "BGN": 1.2568161925880685,
    "BIF": 0.0007752985484955937,
    "CVE": 0.022296824060916137,
    "KHR": 0.0005462301678615232,
    "XAF": 0.003748083915784824,
    "CAD": 1.6306485006298979,
    "KYD": 2.683455812433033,
    "CLP": 0.002397810948419321,
    "CNY": 0.31226947242911074,
    "COP": 0.0005578312803279061,
    "KMF": 0.005004206503459466,
    "CDF": 0.0007793136223949498,
    "CRC": 0.004251395991470021,
    "HRK": null,
    "CUP": 0.0931783616415501,
    "CZK": 0.0975246401172062,
    "DKK": 0.32966448062545234,
    "DJF": 0.01255788049717456,
    "DOP": 0.037398570276369024,
    "EGP": 0.04573876323945722,
    "ERN": null,
    "ETB": 0.02120945258352403,
    "EUR": 2.459619170296606,
    "FJD": 1
  }
}