{
  "meta": {
    "code": "FJD",
    "createdAt": "2024-08-02T18:05:00Z"
  },
  "data": {
    "GMD": 0.03220499935,
    "GEL": 0.8319653877000001,
    "GHS": 0.1448811049,
    "GIP": null,
    "GTQ": 0.29120859190000004,
    "GNF": 0.0002615255203,
    "GYD": 0.010803111209999999,
    "HTG": 0.0171337611,
    "HNL": 0.09080463186,
    "HKD": 0.2887989171,
    "HUF": 0.006179953355,
    "ISK": 0.016342975019999997,
    "INR": 0.02690388631,
    "IDR": 0.0001394459753,
    "IRR": 0.00005355704607,
    "IQD": 0.0017208778429999999,
    "ILS": 0.5932577893000001,
    "JMD": 0.01441852502,
    "JPY": 0.015352236209999998,
    "JOD": 3.1810050760000004,
    "KZT": 0.004752629687,
    "KES": 0.017341153629999998,
    "KWD": 7.3866099730000006,
    "KGS": 0.026827916969999997,
    "LAK": 0.00010157017200000001,
    "LBP": 0.0000251601556,
    "LSL": 0.1233233037,
    "LRD": 0.011534424599999999,
    "LYD": 0.4667391135,
    "MOP": 0.2805184642,
    "MKD": 0.03963280306,
    "MGA": 0.0004932932149,
    "MWK": 0.001301212104,
    "MYR": 0.4934012434,
    "MVR": 0.1468694146,
    "MRU": 0.05667043643,
    "MUR": 0.04824347323,
    "MXN": 0.1180422747,
    "MDL": 0.1275849382,
    "MNT": null,
    "MAD": 0.2268756423,
    "MZN": 0.03528298965,
    "MMK": 0.0006941091799,
    "NAD": 0.1233233037,
    "NPR": null,
    "ANG": 1.2523013440000001,
    "TWD": 0.06899311930999999,
    "NZD": 1.343074099,
    "NIO": 0.06115979185,
    "NGN": 0.001394129964,
    "KPW": null,
    "NOK": 0.2054986557,
    "OMR": 5.856190371,
    "PKR": 0.008081555742,
    "PAB": 2.256750882,
    "PGK": 0.5737208257,
    "PYG": 0.0002978967974,
    "PEN": 0.6022842518,
    "PHP": 0.038925117509999996,
    "PLN": 0.5730557700000001,
    "QAR": 0.6191572275,
    "RON": 0.4943749873,
    "RUB": 0.02636726083,
    "RWF": null,
    "SHP": 2.8714783120000003,
    "WST": null,
    "STN": null,
    "SAR": 0.6005431046,
    "RSD": 0.02101664091,
    "SCR": 0.1662573431,
    "SLL": 0.00011460391160000001,
    "SGD": 1.6987992570000001,
    "SBD": 0.2660133,
    "SOS": 0.003948073363,
    "ZAR": 0.1233530273,
    "KRW": 0.0016579646379999999,
    "SSP": null,
    "LKR": 0.007471583187,
    "SDG": 0.003747880094,
    "SRD": 0.07815934473,
    "SZL": 0.1233233037,
    "SEK": 0.213112024,
    "CHF": 2.6221404390000003,
    "SYP": null,
    "TJS": 0.2133205739,
    "TZS": 0.0008349444436000001,
    "THB": 0.06386260195,
    "TOP": 0.946601565,
    "TTD": 0.3332199822,
    "TND": 0.7261565687,
    "TRY": 0.06793772280999999,
    "TMT": 0.6434399585,
    "UGX": 0.0006055152539,
    "UAH": 0.054671075949999995,
    "AED": 0.6137625679000001,
    "GBP": 2.885162217,
    "USD": 2.25435,
    "UYU": 0.055727531999999996,
    "UZS": 0.0001789166658,
    "VUV": null,
    "VES": 0.06159528944,
    "VND": 0.00008939647468,
    "XOF": 0.003720049467,
    "YER": 0.009004829744,
    "ZMW": 0.08717289655999999,
    "ZWL": null,
    "AFN": 0.03197557526498039,
    "ALL": 0.024286555227118267,
    "DZD": 0.016765966284727228,
    "AOA": 0.002566053564235763,
    "ARS": 0.002415480199841769,
    "AMD": 0.0058122419926163165,
    "AWG": 1.2523766978783988,
    "AUD": 1.467625120894445,
    "AZN": 1.3260459154006574,
    "BSD": 2.2552257023252524,
    "BHD": 5.980551693238854,
    "BDT": 0.01919522866320272,
    "BBD": 1.1170348891156372,
    "BYN": 0.6893296001420471,
    "BZD": 1.1189499926162616,
    "BMD": 2.2542780561811178,
    "BTN": 0.026937038513427183,
    "BOB": 0.3264061507285673,
    "BAM": 1.248146175758682,
    "BWP": 0.1666797087982811,
    "BRL": 0.3940769975065487,
    "BND": 1.6940097437241635,
    "BGN": 1.256870008260244,
    "BIF": 0.0007834154846443565,
    "CVE": 0.022220582121055866,
    "KHR": null,
    "XAF": 0.0037213665221074556,
    "CAD": 1.6250972713550589,
    "KYD": 2.7066957563487954,
    "CLP": 0.0023689344852680936,
    "CNY": 0.3148696897037516,
    "COP": 0.0005451871660415807,
    "KMF": 0.004937636746769594,
    "CDF": 0.0007840967151934322,
    "CRC": 0.004309252331818529,
    "HRK": null,
    "CUP": 0.09397786486909089,
    "CZK": 0.09716548233085348,
    "DKK": 0.3296108843473376,
    "DJF": 0.012684436507883848,
    "DOP": 0.0378870261543045,
    "EGP": 0.04631228082993865,
    "ERN": null,
    "ETB": 0.03894383083027943,
    "EUR": 2.459458371215602,
    "FJD": 1
  }
}