{
  "meta": {
    "code": "FJD",
    "createdAt": "2024-08-01T09:03:53Z"
  },
  "data": {
    "GMD": 0.03250287722,
    "GEL": null,
    "GHS": 0.1451927688,
    "GIP": null,
    "GTQ": 0.291484065,
    "GNF": 0.00026205916300000003,
    "GYD": 0.01081263133,
    "HTG": 0.01710649071,
    "HNL": 0.09106328936,
    "HKD": 0.2890631483,
    "HUF": 0.006151656221,
    "ISK": 0.01627133883,
    "INR": 0.02697468668,
    "IDR": 0.0001389571519,
    "IRR": 0.00005365039682,
    "IQD": 0.001724336275,
    "ILS": 0.5939689906,
    "JMD": 0.014439788949999999,
    "JPY": 0.015090124839999998,
    "JOD": 3.187945446,
    "KZT": 0.004758622747,
    "KES": null,
    "KWD": 7.392540376,
    "KGS": 0.02688265932,
    "LAK": 0.0001017545044,
    "LBP": 0.00002516492889,
    "LSL": 0.123845942,
    "LRD": 0.01126110723,
    "LYD": null,
    "MOP": 0.2807258156,
    "MKD": 0.0397039377,
    "MGA": 0.000494841182,
    "MWK": 0.00130161336,
    "MYR": 0.4941918468,
    "MVR": 0.1470732995,
    "MRU": 0.05675753737,
    "MUR": 0.04844562241,
    "MXN": null,
    "MDL": 0.127811391,
    "MNT": null,
    "MAD": 0.227822562,
    "MZN": 0.035368560859999995,
    "MMK": 0.0006955255094,
    "NAD": 0.12391387770000001,
    "NPR": 0.01688280045,
    "ANG": 1.254659232,
    "TWD": 0.06896714404,
    "NZD": 1.341951837,
    "NIO": 0.061251354699999996,
    "NGN": 0.001359936648,
    "KPW": null,
    "NOK": 0.2073162657,
    "OMR": 5.868831163,
    "PKR": 0.008096594777,
    "PAB": 2.259038099,
    "PGK": null,
    "PYG": null,
    "PEN": 0.6054211895,
    "PHP": 0.03872475064,
    "PLN": 0.5675160085000001,
    "QAR": null,
    "RON": 0.4895018148,
    "RUB": 0.026389957479999997,
    "RWF": 0.0017145730479999999,
    "SHP": 2.896990427,
    "WST": null,
    "STN": null,
    "SAR": 0.6020999004,
    "RSD": 0.020810033819999997,
    "SCR": 0.16662686100000001,
    "SLL": 0.00011460391160000001,
    "SGD": 1.6882971230000001,
    "SBD": 0.267685575,
    "SOS": 0.003956129404,
    "ZAR": 0.1236717521,
    "KRW": 0.001652076531,
    "SSP": null,
    "LKR": 0.0074708423599999995,
    "SDG": 0.003755527642,
    "SRD": 0.07794455018999999,
    "SZL": 0.1239818879,
    "SEK": 0.21092649700000002,
    "CHF": 2.5790996880000003,
    "SYP": null,
    "TJS": 0.2130262588,
    "TZS": 0.0008366481473000001,
    "THB": 0.06342962178,
    "TOP": 0.949436685,
    "TTD": 0.3332895491,
    "TND": 0.7254670784,
    "TRY": 0.06816878593999999,
    "TMT": 0.646601848,
    "UGX": 0.0006068511048,
    "UAH": 0.05510514255,
    "AED": 0.6150124427,
    "GBP": 2.8858876880000004,
    "USD": 2.25895,
    "UYU": 0.056067138999999995,
    "UZS": 0.0001800328935,
    "VUV": null,
    "VES": 0.06173538669,
    "VND": 0.00008955200664,
    "XOF": 0.003739983355,
    "YER": 0.009023210871,
    "ZMW": 0.08666400683,
    "ZWL": null,
    "AFN": 0.03204081964537102,
    "ALL": 0.0243544774692585,
    "DZD": 0.01675799950400243,
    "AOA": 0.00255096305509517,
    "ARS": 0.002426999955115063,
    "AMD": 0.005813724234973118,
    "AWG": 1.2549321027770315,
    "AUD": 1.4725505284096783,
    "AZN": 1.3287516382345042,
    "BSD": 2.2596806495701496,
    "BHD": 5.992830992026154,
    "BDT": 0.01921466369180939,
    "BBD": 1.1191477691886391,
    "BYN": 0.6905836726394781,
    "BZD": 1.1210439549099647,
    "BMD": 2.2588777849986568,
    "BTN": 0.02698493714004477,
    "BOB": 0.3267210495966516,
    "BAM": null,
    "BWP": null,
    "BRL": 0.3992360879356225,
    "BND": 1.6879820126003484,
    "BGN": 1.2483753580671346,
    "BIF": 0.0007850140004617186,
    "CVE": 0.022181416145505718,
    "KHR": 0.000549939813981824,
    "XAF": 0.0037318176143104997,
    "CAD": 1.6332050837428576,
    "KYD": 2.7114665656988826,
    "CLP": null,
    "CNY": 0.3118188047318047,
    "COP": 0.0005572660136165075,
    "KMF": 0.004956668572851048,
    "CDF": 0.0007884390177623563,
    "CRC": 0.004308187248415678,
    "HRK": null,
    "CUP": null,
    "CZK": 0.0956357341386612,
    "DKK": null,
    "DJF": 0.012689397881062188,
    "DOP": 0.03801224712180597,
    "EGP": 0.04641927121816602,
    "ERN": null,
    "ETB": 0.03902329354087507,
    "EUR": 2.4356972254576372,
    "FJD": 1
  }
}