{
  "meta": {
    "code": "FJD",
    "createdAt": "2024-08-13T14:04:17Z"
  },
  "data": {
    "GMD": 0.032408694249999995,
    "GEL": null,
    "GHS": 0.1431102926,
    "GIP": null,
    "GTQ": 0.28897227410000004,
    "GNF": 0.0002594841756,
    "GYD": 0.010713792969999998,
    "HTG": 0.01699189763,
    "HNL": 0.09033425078,
    "HKD": 0.2871063888,
    "HUF": 0.006229849705,
    "ISK": 0.01621139607,
    "INR": 0.02663506513,
    "IDR": 0.00014122832910000002,
    "IRR": 0.00005311008095,
    "IQD": null,
    "ILS": 0.6004004686000001,
    "JMD": 0.0142476151,
    "JPY": 0.01520157579,
    "JOD": 3.1549494780000003,
    "KZT": 0.004658615082,
    "KES": 0.017334883529999998,
    "KWD": 7.3044511430000005,
    "KGS": 0.0261016621,
    "LAK": 0.0001010035635,
    "LBP": 0.00002497745952,
    "LSL": 0.1229666254,
    "LRD": null,
    "LYD": 0.4651472659,
    "MOP": 0.2789514147,
    "MKD": 0.039800558459999996,
    "MGA": null,
    "MWK": 0.001289967623,
    "MYR": 0.5018404009,
    "MVR": 0.1452215785,
    "MRU": 0.05645814866,
    "MUR": null,
    "MXN": 0.1176643716,
    "MDL": 0.127865916,
    "MNT": null,
    "MAD": 0.22794637610000001,
    "MZN": 0.03499892273,
    "MMK": 0.0006885208367000001,
    "NAD": 0.1229666254,
    "NPR": null,
    "ANG": 1.241945675,
    "TWD": 0.06900787972,
    "NZD": 1.354678779,
    "NIO": null,
    "NGN": 0.001406415077,
    "KPW": null,
    "NOK": 0.20728791330000002,
    "OMR": 5.8098354400000005,
    "PKR": null,
    "PAB": 2.238026975,
    "PGK": 0.5681506631000001,
    "PYG": 0.00029587698880000003,
    "PEN": 0.5974292297,
    "PHP": 0.039241217749999995,
    "PLN": 0.5705165627000001,
    "QAR": 0.6131648548,
    "RON": 0.4923604782,
    "RUB": 0.024505174079999997,
    "RWF": 0.00169704972,
    "SHP": 2.8541738700000003,
    "WST": null,
    "STN": null,
    "SAR": null,
    "RSD": 0.020935261679999997,
    "SCR": 0.1672145384,
    "SLL": 0.00011460391160000001,
    "SGD": 1.693578019,
    "SBD": 0.26342436,
    "SOS": 0.003929821849,
    "ZAR": 0.12314417970000001,
    "KRW": 0.0016346494529999999,
    "SSP": null,
    "LKR": 0.007476660905,
    "SDG": 0.003717705532,
    "SRD": 0.07800334753999999,
    "SZL": 0.1229899489,
    "SEK": 0.2125665752,
    "CHF": 2.5826656470000002,
    "SYP": null,
    "TJS": 0.2108469821,
    "TZS": 0.0008256247185,
    "THB": 0.06385958826999999,
    "TOP": 0.94345278,
    "TTD": 0.3296894509,
    "TND": 0.7252847026,
    "TRY": 0.0666674728,
    "TMT": 0.6382595583,
    "UGX": 0.0005998072048,
    "UAH": 0.05409627199,
    "AED": 0.6088211034000001,
    "GBP": 2.864590089,
    "USD": 2.2361999999999997,
    "UYU": null,
    "UZS": null,
    "VUV": null,
    "VES": 0.06112062342999999,
    "VND": 0.0000890029962,
    "XOF": 0.003724847284,
    "YER": 0.008930555405999999,
    "ZMW": 0.08561951378999999,
    "ZWL": null,
    "AFN": 0.03152568329290872,
    "ALL": 0.02445686127280506,
    "DZD": 0.01662809774682995,
    "AOA": 0.0025396138066070056,
    "ARS": null,
    "AMD": 0.005754026960227486,
    "AWG": 1.2422944203985937,
    "AUD": 1.4785288283074856,
    "AZN": 1.3153705627749814,
    "BSD": 2.2367851114193225,
    "BHD": 5.934352671552996,
    "BDT": null,
    "BBD": 1.1077940657421173,
    "BYN": 0.6834812719433371,
    "BZD": 1.1096560052590674,
    "BMD": 2.2361299567174684,
    "BTN": 0.02663602776954098,
    "BOB": 0.32369372094427246,
    "BAM": null,
    "BWP": 0.16563214002474333,
    "BRL": 0.4073690076429909,
    "BND": 1.6907063859755271,
    "BGN": 1.2507557834094722,
    "BIF": 0.0007759240048918378,
    "CVE": 0.022158087744725462,
    "KHR": 0.0005467084506094715,
    "XAF": 0.0037246956233396517,
    "CAD": null,
    "KYD": 2.6839947392554357,
    "CLP": 0.0023972747667300445,
    "CNY": null,
    "COP": null,
    "KMF": 0.004959809153685892,
    "CDF": 0.0007804991122923101,
    "CRC": 0.004224135862591679,
    "HRK": null,
    "CUP": 0.09320008046857668,
    "CZK": null,
    "DKK": 0.32826913523218054,
    "DJF": 0.012560940088551074,
    "DOP": 0.03749026261191526,
    "EGP": 0.04530797822271301,
    "ERN": null,
    "ETB": 0.021577018113629658,
    "EUR": 2.449439386201607,
    "FJD": 1
  }
}