{
  "meta": {
    "code": "FJD",
    "createdAt": "2024-08-15T17:33:07Z"
  },
  "data": {
    "GMD": 0.03200357078,
    "GEL": null,
    "GHS": 0.1431469635,
    "GIP": null,
    "GTQ": 0.2894647187,
    "GNF": 0.0002597391103,
    "GYD": 0.01073081542,
    "HTG": 0.016990526449999998,
    "HNL": 0.09028364317,
    "HKD": 0.2873828544,
    "HUF": 0.006217200046,
    "ISK": 0.01612618759,
    "INR": 0.02668252002,
    "IDR": 0.0001423470531,
    "IRR": 0.00005320626905,
    "IQD": 0.001710114484,
    "ILS": null,
    "JMD": 0.0142627734,
    "JPY": 0.015027518589999999,
    "JOD": 3.1611092430000003,
    "KZT": 0.004676580121,
    "KES": 0.01736627888,
    "KWD": null,
    "KGS": null,
    "LAK": null,
    "LBP": null,
    "LSL": 0.12383913590000001,
    "LRD": 0.01146664121,
    "LYD": null,
    "MOP": 0.27927561360000003,
    "MKD": 0.03999401832,
    "MGA": 0.0004864820712,
    "MWK": 0.001291582578,
    "MYR": 0.5069018155,
    "MVR": 0.1454845905,
    "MRU": 0.05628768812,
    "MUR": null,
    "MXN": 0.12011772450000001,
    "MDL": 0.12769534770000002,
    "MNT": null,
    "MAD": 0.2294397738,
    "MZN": 0.03506230956,
    "MMK": null,
    "NAD": 0.12383913590000001,
    "NPR": 0.01668247863,
    "ANG": null,
    "TWD": 0.06910662713,
    "NZD": 1.34343312,
    "NIO": null,
    "NGN": null,
    "KPW": null,
    "NOK": 0.2085717555,
    "OMR": null,
    "PKR": 0.008039655294,
    "PAB": 2.241721844,
    "PGK": 0.5766112267,
    "PYG": 0.0002961482805,
    "PEN": 0.5991575283,
    "PHP": 0.0391488392,
    "PLN": 0.5736720187000001,
    "QAR": 0.6152844384,
    "RON": 0.4942206564,
    "RUB": null,
    "RWF": 0.0016971590729999999,
    "SHP": 2.8741287370000004,
    "WST": null,
    "STN": null,
    "SAR": 0.5970096215,
    "RSD": 0.0210164506,
    "SCR": 0.1497614517,
    "SLL": 0.00011460391160000001,
    "SGD": 1.6949570200000001,
    "SBD": 0.263229375,
    "SOS": 0.0039233798439999995,
    "ZAR": null,
    "KRW": 0.0016405480679999999,
    "SSP": null,
    "LKR": 0.0074954015669999995,
    "SDG": 0.003724438699,
    "SRD": 0.07803165991,
    "SZL": null,
    "SEK": 0.21266971040000002,
    "CHF": null,
    "SYP": null,
    "TJS": 0.2108976726,
    "TZS": 0.0008263555736,
    "THB": 0.06373399236999999,
    "TOP": 0.9453855,
    "TTD": 0.32992721810000003,
    "TND": 0.7316324943,
    "TRY": 0.06664221770999999,
    "TMT": 0.6394155153000001,
    "UGX": 0.0006017515362000001,
    "UAH": null,
    "AED": 0.6099237442000001,
    "GBP": 2.880479846,
    "USD": 2.24025,
    "UYU": 0.055625407499999995,
    "UZS": 0.0001772349682,
    "VUV": null,
    "VES": 0.06125943462,
    "VND": 0.00008944892602,
    "XOF": null,
    "YER": null,
    "ZMW": 0.08527325683999999,
    "ZWL": null,
    "AFN": 0.03177559576032715,
    "ALL": 0.02472604305853272,
    "DZD": 0.01669595305461572,
    "AOA": 0.00253557385523833,
    "ARS": 0.0023797663631912923,
    "AMD": 0.0057697921533636605,
    "AWG": 1.2427904518826063,
    "AUD": 1.4831893307086372,
    "AZN": 1.3177526477076849,
    "BSD": null,
    "BHD": 5.943485963128637,
    "BDT": 0.019067840332484987,
    "BBD": 1.1096248784393046,
    "BYN": null,
    "BZD": 1.1115149683422,
    "BMD": 2.2401795011030643,
    "BTN": 0.026687564310524894,
    "BOB": 0.3242356577547271,
    "BAM": 1.261289182703973,
    "BWP": 0.16691151278118146,
    "BRL": 0.40915773252720655,
    "BND": 1.7004098884287207,
    "BGN": 1.2571308407104522,
    "BIF": 0.000778245441201248,
    "CVE": 0.022125229640524092,
    "KHR": 0.0005463852441714791,
    "XAF": 0.0037605890308675207,
    "CAD": 1.6331469469920676,
    "KYD": null,
    "CLP": 0.0024018736341774104,
    "CNY": 0.3122680134580406,
    "COP": 0.0005593540731307794,
    "KMF": 0.005012147895238284,
    "CDF": 0.0007805503488163987,
    "CRC": 0.00425968759088283,
    "HRK": null,
    "CUP": 0.09335563278257132,
    "CZK": 0.09747793876609202,
    "DKK": null,
    "DJF": 0.012605106354222882,
    "DOP": 0.037367464572194566,
    "EGP": 0.04578793915709817,
    "ERN": null,
    "ETB": 0.02055210551470701,
    "EUR": 2.4590739706440115,
    "FJD": 1
  }
}