{
  "meta": {
    "code": "FJD",
    "createdAt": "2024-08-01T12:06:10Z"
  },
  "data": {
    "GMD": 0.032473380819999995,
    "GEL": 0.8313413022,
    "GHS": 0.1452635404,
    "GIP": null,
    "GTQ": 0.2916318785,
    "GNF": null,
    "GYD": 0.01081807099,
    "HTG": null,
    "HNL": 0.09128147150999999,
    "HKD": 0.2887771257,
    "HUF": null,
    "ISK": 0.01624721027,
    "INR": 0.026950500519999997,
    "IDR": 0.0001387158447,
    "IRR": 0.00005360170902,
    "IQD": 0.001726419943,
    "ILS": 0.5959267715000001,
    "JMD": 0.01442505872,
    "JPY": 0.014974757189999998,
    "JOD": 3.185052381,
    "KZT": 0.004759632832,
    "KES": 0.01737778469,
    "KWD": 7.383757545000001,
    "KGS": 0.02685826327,
    "LAK": 0.00010176497510000001,
    "LBP": 0.00002522469423,
    "LSL": 0.1239077821,
    "LRD": null,
    "LYD": 0.4672358509,
    "MOP": 0.2807556517,
    "MKD": 0.03955086349,
    "MGA": 0.0004956946828,
    "MWK": 0.0013027260119999999,
    "MYR": 0.4939593524,
    "MVR": 0.14693983030000002,
    "MRU": 0.057035185149999994,
    "MUR": 0.048401657949999996,
    "MXN": 0.12176424620000001,
    "MDL": 0.1278364356,
    "MNT": null,
    "MAD": null,
    "MZN": 0.03533646385,
    "MMK": 0.0006948943191,
    "NAD": 0.1239077821,
    "NPR": 0.016867479289999997,
    "ANG": 1.254207176,
    "TWD": 0.06888038486999999,
    "NZD": 1.342110723,
    "NIO": null,
    "NGN": 0.001328729562,
    "KPW": null,
    "NOK": 0.20735155900000002,
    "OMR": null,
    "PKR": 0.008107554402,
    "PAB": 2.26019733,
    "PGK": 0.5749967323,
    "PYG": null,
    "PEN": 0.6046061318,
    "PHP": 0.03870387149,
    "PLN": null,
    "QAR": 0.618610106,
    "RON": 0.4894818885,
    "RUB": 0.02628764899,
    "RWF": 0.0017204716569999999,
    "SHP": null,
    "WST": null,
    "STN": null,
    "SAR": 0.6014723585,
    "RSD": 0.02080437299,
    "SCR": 0.1664727581,
    "SLL": 0.00011460391160000001,
    "SGD": 1.6867082070000001,
    "SBD": 0.26744265,
    "SOS": 0.003969483114,
    "ZAR": 0.1241866672,
    "KRW": 0.0016518273659999999,
    "SSP": null,
    "LKR": null,
    "SDG": null,
    "SRD": 0.07787381540999999,
    "SZL": null,
    "SEK": 0.2113114255,
    "CHF": null,
    "SYP": null,
    "TJS": 0.21313030630000002,
    "TZS": 0.0008368725127,
    "THB": 0.06338808331,
    "TOP": 0.9485750700000001,
    "TTD": null,
    "TND": null,
    "TRY": 0.06819437754999999,
    "TMT": 0.646015056,
    "UGX": 0.0006048636441,
    "UAH": 0.05487586899,
    "AED": 0.614457726,
    "GBP": 2.8862817030000003,
    "USD": null,
    "UYU": 0.056064217119999996,
    "UZS": 0.0001800785023,
    "VUV": null,
    "VES": 0.06165695072999999,
    "VND": null,
    "XOF": 0.003713789886,
    "YER": 0.009015022296,
    "ZMW": 0.08729955514,
    "ZWL": null,
    "AFN": 0.031814146571120736,
    "ALL": 0.024343053563144916,
    "DZD": 0.01675597254019759,
    "AOA": 0.0025486487065449924,
    "ARS": 0.002424719395056254,
    "AMD": 0.005822202750809613,
    "AWG": 1.2537935718655542,
    "AUD": 1.475176602906023,
    "AZN": null,
    "BSD": 2.2587013446595936,
    "BHD": 5.98727965794518,
    "BDT": 0.019223558182044936,
    "BBD": 1.118718283442389,
    "BYN": 0.6902245005229226,
    "BZD": 1.1200268932972628,
    "BMD": 2.2568284293579977,
    "BTN": 0.02697206774309821,
    "BOB": null,
    "BAM": 1.245530858569761,
    "BWP": null,
    "BRL": 0.39758794099267114,
    "BND": 1.6864505993792742,
    "BGN": null,
    "BIF": 0.0007839056930471312,
    "CVE": null,
    "KHR": 0.000549765188223627,
    "XAF": 0.003713672405319963,
    "CAD": null,
    "KYD": 2.70900660059915,
    "CLP": 0.002398916238540302,
    "CNY": 0.311355392872259,
    "COP": 0.0005565558558688903,
    "KMF": 0.004952171661155378,
    "CDF": 0.0007877237103828539,
    "CRC": null,
    "HRK": null,
    "CUP": 0.09406504986686949,
    "CZK": 0.09565669604591817,
    "DKK": 0.32638833037952436,
    "DJF": 0.01268490443173403,
    "DOP": 0.03802699581913487,
    "EGP": null,
    "ERN": null,
    "ETB": 0.03898788984989151,
    "EUR": null,
    "FJD": 1
  }
}