{
  "meta": {
    "code": "FJD",
    "createdAt": "2024-08-02T14:04:30Z"
  },
  "data": {
    "GMD": 0.03262753482,
    "GEL": 0.8308397885000001,
    "GHS": 0.1448500828,
    "GIP": null,
    "GTQ": 0.2908146041,
    "GNF": 0.0002613538672,
    "GYD": 0.010788495249999999,
    "HTG": 0.01711058015,
    "HNL": 0.091023526,
    "HKD": 0.2883420014,
    "HUF": 0.006191255104,
    "ISK": 0.01629369594,
    "INR": 0.026873925689999998,
    "IDR": 0.0001394011713,
    "IRR": 0.00005348458661,
    "IQD": 0.001720232738,
    "ILS": 0.5929464934,
    "JMD": 0.01439901762,
    "JPY": 0.01530456253,
    "JOD": 3.177149376,
    "KZT": 0.004746199665,
    "KES": 0.01731769209,
    "KWD": 7.3752137740000006,
    "KGS": 0.026791620409999998,
    "LAK": 0.000101512918,
    "LBP": 0.00002515422516,
    "LSL": 0.123831991,
    "LRD": 0.011234766169999999,
    "LYD": 0.46645044900000004,
    "MOP": 0.2801389395,
    "MKD": 0.03957918226,
    "MGA": 0.0004942483758,
    "MWK": 0.001299005052,
    "MYR": 0.5006785388,
    "MVR": 0.14667070910000002,
    "MRU": 0.05660870661,
    "MUR": 0.04817820272,
    "MXN": 0.1184014952,
    "MDL": 0.1274123235,
    "MNT": null,
    "MAD": 0.22822711340000001,
    "MZN": 0.03523525389,
    "MMK": 0.0006931700920000001,
    "NAD": 0.123831991,
    "NPR": 0.01681587372,
    "ANG": 1.2506070550000001,
    "TWD": 0.06888079730999999,
    "NZD": 1.3464575040000002,
    "NIO": null,
    "NGN": 0.00137863673,
    "KPW": null,
    "NOK": 0.20584536420000002,
    "OMR": 5.847609918000001,
    "PKR": 0.008087943835,
    "PAB": 2.2536976340000003,
    "PGK": 0.5734479841,
    "PYG": 0.000297493761,
    "PEN": 0.6020644836,
    "PHP": 0.038906763979999995,
    "PLN": 0.5731359540000001,
    "QAR": 0.6177498985000001,
    "RON": 0.49334965680000004,
    "RUB": 0.026377266389999997,
    "RWF": 0.001714517588,
    "SHP": 2.867593375,
    "WST": null,
    "STN": null,
    "SAR": 0.5997406917,
    "RSD": 0.02097940543,
    "SCR": 0.1660324069,
    "SLL": 0.00011460391160000001,
    "SGD": 1.6979410410000002,
    "SBD": 0.2656534,
    "SOS": 0.00395815011,
    "ZAR": 0.12385214010000001,
    "KRW": 0.00165702614,
    "SSP": null,
    "LKR": 0.0074614745839999995,
    "SDG": 0.003742809438,
    "SRD": 0.07809963216999999,
    "SZL": 0.12387604890000001,
    "SEK": 0.21289010960000002,
    "CHF": 2.609983869,
    "SYP": null,
    "TJS": 0.21303196400000002,
    "TZS": 0.0008338148139,
    "THB": 0.06397742088,
    "TOP": 0.94532087,
    "TTD": 0.33276915560000003,
    "TND": 0.7260620802000001,
    "TRY": 0.06781595491999999,
    "TMT": 0.6425694229000001,
    "UGX": 0.0006046960281,
    "UAH": 0.05459710927999999,
    "AED": 0.6129321841,
    "GBP": 2.88985648,
    "USD": 2.2513,
    "UYU": 0.055775957499999994,
    "UZS": 0.0001791235588,
    "VUV": null,
    "VES": 0.06151960912999999,
    "VND": 0.00008927552663,
    "XOF": 0.0037167252009999998,
    "YER": 0.008992646751,
    "ZMW": 0.08705495686999999,
    "ZWL": null,
    "AFN": 0.03174335014842924,
    "ALL": 0.024341479553735647,
    "DZD": 0.016779676752048365,
    "AOA": 0.0025625823016389585,
    "ARS": 0.0024148112463248128,
    "AMD": 0.00580437940414434,
    "AWG": 1.249814602033254,
    "AUD": 1.4713575519002173,
    "AZN": 1.3242520892361043,
    "BSD": 2.2521749159134674,
    "BHD": 5.972792597784342,
    "BDT": 0.019169262061906826,
    "BBD": 1.115523805360834,
    "BYN": 0.6883971006008308,
    "BZD": 1.1174363181691231,
    "BMD": 2.2512285517013773,
    "BTN": 0.02690059907529228,
    "BOB": 0.3259646005005938,
    "BAM": 1.2464577296392916,
    "BWP": 0.16645423062001746,
    "BRL": 0.3940182777119861,
    "BND": 1.6917181497960843,
    "BGN": 1.2520006072959153,
    "BIF": 0.0007816681668207624,
    "CVE": 0.022109559884147107,
    "KHR": 0.0005483027484440148,
    "XAF": 0.0037163323944166956,
    "CAD": 1.6270687201722223,
    "KYD": 2.7030342378880277,
    "CLP": 0.0023777736666810833,
    "CNY": 0.3135546822297459,
    "COP": 0.0005498808148730426,
    "KMF": 0.0049309572931790805,
    "CDF": 0.000784400192230445,
    "CRC": 0.004303422933176553,
    "HRK": null,
    "CUP": 0.09385073503839371,
    "CZK": 0.09719491207184523,
    "DKK": 0.32897644095651063,
    "DJF": 0.012648545210623549,
    "DOP": 0.037865436310800166,
    "EGP": 0.04625362229750405,
    "ERN": null,
    "ETB": 0.03889114904585507,
    "EUR": 2.455448177008841,
    "FJD": 1
  }
}