{
  "meta": {
    "code": "FJD",
    "createdAt": "2024-08-13T17:04:15Z"
  },
  "data": {
    "GMD": null,
    "GEL": 0.8292734821000001,
    "GHS": 0.14279233090000001,
    "GIP": null,
    "GTQ": 0.288778437,
    "GNF": 0.0002587955789,
    "GYD": 0.010706606359999999,
    "HTG": 0.01698049979,
    "HNL": 0.08993340088,
    "HKD": 0.2868881043,
    "HUF": 0.006232429692,
    "ISK": 0.01616419517,
    "INR": 0.02662888632,
    "IDR": 0.0001416518741,
    "IRR": 0.00005309021707,
    "IQD": 0.001705877843,
    "ILS": 0.6005425737,
    "JMD": 0.014238058069999998,
    "JPY": 0.015227835759999999,
    "JOD": 3.1528331990000003,
    "KZT": 0.004655490173,
    "KES": 0.01732325562,
    "KWD": 7.299940295000001,
    "KGS": null,
    "LAK": 0.0001007756468,
    "LBP": 0.00002495477199,
    "LSL": 0.1231239653,
    "LRD": 0.01144551885,
    "LYD": 0.4645945769,
    "MOP": 0.2787642994,
    "MKD": 0.03980563844,
    "MGA": 0.00048633295630000004,
    "MWK": 0.001289126025,
    "MYR": 0.5015044464,
    "MVR": 0.145029974,
    "MRU": 0.056218866349999994,
    "MUR": 0.048236044189999994,
    "MXN": 0.11747976560000001,
    "MDL": 0.127780146,
    "MNT": null,
    "MAD": 0.22772851130000002,
    "MZN": 0.03496997111,
    "MMK": 0.0006880589901,
    "NAD": 0.1231239653,
    "NPR": 0.01663910914,
    "ANG": 1.241112602,
    "TWD": 0.06907799609,
    "NZD": 1.356073101,
    "NIO": 0.060643147749999994,
    "NGN": 0.001405471681,
    "KPW": null,
    "NOK": 0.2080007808,
    "OMR": 5.804847781,
    "PKR": 0.008016860883,
    "PAB": 2.236525749,
    "PGK": 0.5755456665,
    "PYG": 0.0002956785202,
    "PEN": 0.5966359606,
    "PHP": 0.03921489549,
    "PLN": 0.5714016165,
    "QAR": 0.6137601315,
    "RON": 0.4927130248,
    "RUB": 0.024557136169999997,
    "RWF": 0.00169423805,
    "SHP": 2.8522593450000002,
    "WST": null,
    "STN": null,
    "SAR": 0.5952247699000001,
    "RSD": 0.020952407529999998,
    "SCR": 0.15321905900000002,
    "SLL": 0.00011460391160000001,
    "SGD": 1.694405407,
    "SBD": 0.26324766,
    "SOS": 0.003913660054,
    "ZAR": 0.1231355231,
    "KRW": 0.001636699419,
    "SSP": null,
    "LKR": 0.007471645704,
    "SDG": 0.003715211767,
    "SRD": 0.0779510244,
    "SZL": 0.1224493138,
    "SEK": 0.21326128700000002,
    "CHF": 2.583887517,
    "SYP": null,
    "TJS": 0.21070555000000002,
    "TZS": 0.0008250709053,
    "THB": 0.06384857462,
    "TOP": 0.9428199300000001,
    "TTD": 0.3294683016,
    "TND": 0.7247339927,
    "TRY": 0.06662691008999999,
    "TMT": 0.637831426,
    "UGX": 0.0005994048656,
    "UAH": 0.05405998525,
    "AED": 0.6084127179000001,
    "GBP": 2.870662099,
    "USD": 2.2346999999999997,
    "UYU": 0.055454080499999996,
    "UZS": 0.0001768658477,
    "VUV": null,
    "VES": 0.06108677593,
    "VND": 0.00008892564057,
    "XOF": 0.003715211767,
    "YER": 0.008924564961,
    "ZMW": 0.08556208186,
    "ZWL": null,
    "AFN": 0.0316968777374117,
    "ALL": 0.02445425564233768,
    "DZD": 0.01664304388522758,
    "AOA": 0.0025379101425184836,
    "ARS": 0.002379142315883358,
    "AMD": 0.005750166953222403,
    "AWG": 1.239739184736491,
    "AUD": 1.4802971157157956,
    "AZN": 1.3144881649926616,
    "BSD": null,
    "BHD": 5.930853324557505,
    "BDT": 0.01902308074095801,
    "BBD": 1.1070509177344503,
    "BYN": 0.6830227683788848,
    "BZD": 1.1089116081003754,
    "BMD": 2.2346298804875246,
    "BTN": 0.026618159365619204,
    "BOB": 0.3234765755194772,
    "BAM": 1.2484014634354197,
    "BWP": 0.16552102804382224,
    "BRL": null,
    "BND": 1.689572199509779,
    "BGN": 1.2510454430051972,
    "BIF": 0.0007772625671260956,
    "CVE": 0.022103164000865726,
    "KHR": 0.0005446995444475626,
    "XAF": 0.0037221969650892846,
    "CAD": 1.6287745947058812,
    "KYD": 2.682194219449387,
    "CLP": 0.0023988812820979147,
    "CNY": 0.31236526661102537,
    "COP": null,
    "KMF": 0.004977458248850001,
    "CDF": 0.0007786166830966986,
    "CRC": 0.004221302160899013,
    "HRK": null,
    "CUP": 0.09313755847104903,
    "CZK": 0.09726777580177642,
    "DKK": 0.3285505331987135,
    "DJF": 0.012573879589873445,
    "DOP": 0.037399663271757734,
    "EGP": 0.04524577243195618,
    "ERN": null,
    "ETB": 0.020304738564128445,
    "EUR": 2.4515557951350986,
    "FJD": 1
  }
}