{
  "meta": {
    "code": "FJD",
    "createdAt": "2024-08-01T17:32:56Z"
  },
  "data": {
    "GMD": 0.03250287722,
    "GEL": 0.8320964308000001,
    "GHS": null,
    "GIP": null,
    "GTQ": 0.2918967752,
    "GNF": null,
    "GYD": 0.01082789732,
    "HTG": 0.01710649071,
    "HNL": 0.09106328936,
    "HKD": 0.2890389775,
    "HUF": 0.006148601217,
    "ISK": 0.01625728658,
    "INR": 0.026970936829999997,
    "IDR": 0.0001387135354,
    "IRR": 0.00005365039682,
    "IQD": 0.001724389293,
    "ILS": 0.5956478875,
    "JMD": 0.014438161369999999,
    "JPY": 0.015083347989999999,
    "JOD": 3.1874959150000004,
    "KZT": 0.004763956128,
    "KES": 0.01751124011,
    "KWD": 7.390213657,
    "KGS": 0.02688265932,
    "LAK": 0.0001017545044,
    "LBP": 0.0000252255704,
    "LSL": 0.123845942,
    "LRD": 0.01156086334,
    "LYD": 0.46720785330000003,
    "MOP": 0.2810106692,
    "MKD": 0.039586788549999995,
    "MGA": null,
    "MWK": 0.00130161336,
    "MYR": 0.49166408180000004,
    "MVR": 0.1470732995,
    "MRU": 0.05675753737,
    "MUR": 0.04845601358,
    "MXN": 0.11982374380000001,
    "MDL": 0.1279525527,
    "MNT": null,
    "MAD": 0.22736146510000002,
    "MZN": 0.035368560859999995,
    "MMK": 0.0006955255094,
    "NAD": 0.12391387770000001,
    "NPR": 0.01688280045,
    "ANG": 1.255346404,
    "TWD": 0.06884732934,
    "NZD": 1.344380208,
    "NIO": 0.061251354699999996,
    "NGN": 0.001359936648,
    "KPW": null,
    "NOK": 0.2065448343,
    "OMR": 5.868413257,
    "PKR": 0.008096594777,
    "PAB": 2.262250325,
    "PGK": 0.5747964236,
    "PYG": null,
    "PEN": 0.6047249359,
    "PHP": 0.03876428227,
    "PLN": 0.5666528637,
    "QAR": 0.6205057799,
    "RON": 0.48972454730000003,
    "RUB": 0.02642058884,
    "RWF": 0.0017145730479999999,
    "SHP": 2.896990427,
    "WST": null,
    "STN": null,
    "SAR": null,
    "RSD": 0.020821926509999998,
    "SCR": 0.1541444229,
    "SLL": 0.00011460391160000001,
    "SGD": 1.6895220160000002,
    "SBD": 0.267685575,
    "SOS": 0.003956129404,
    "ZAR": 0.1237198,
    "KRW": 0.001649801881,
    "SSP": null,
    "LKR": 0.007469988702,
    "SDG": 0.003755527642,
    "SRD": 0.07836501758999999,
    "SZL": 0.1239818879,
    "SEK": 0.21061433270000002,
    "CHF": 2.5859013870000003,
    "SYP": null,
    "TJS": 0.213323898,
    "TZS": 0.0008376326654,
    "THB": 0.06354290812999999,
    "TOP": 0.949436685,
    "TTD": 0.3340173828,
    "TND": 0.7275219549,
    "TRY": 0.06825674945,
    "TMT": 0.646601848,
    "UGX": 0.0006054130572,
    "UAH": 0.05492571415,
    "AED": 0.6150149501000001,
    "GBP": 2.8789640060000004,
    "USD": 2.25895,
    "UYU": 0.056067138999999995,
    "UZS": 0.00017955249840000001,
    "VUV": null,
    "VES": 0.06172924235,
    "VND": 0.00008955200664,
    "XOF": 0.003739983355,
    "YER": 0.009023210871,
    "ZMW": 0.08737885156,
    "ZWL": null,
    "AFN": 0.03181518007040362,
    "ALL": 0.0243544774692585,
    "DZD": 0.016760486335418434,
    "AOA": 0.0025683658729832156,
    "ARS": 0.0024230495707427877,
    "AMD": 0.005824401893086943,
    "AWG": 1.2540612269643172,
    "AUD": 1.4693799421270075,
    "AZN": 1.3287516382345042,
    "BSD": 2.2607524012327294,
    "BHD": 5.992443081040066,
    "BDT": 0.019241014497458887,
    "BBD": 1.119734156604256,
    "BYN": 0.6908512718076228,
    "BZD": 1.1210439549099647,
    "BMD": 2.2588777849986568,
    "BTN": 0.02699656023408767,
    "BOB": 0.32718719023777704,
    "BAM": 1.2466618863965162,
    "BWP": 0.16685289006491552,
    "BRL": 0.3942952024770391,
    "BND": 1.6879820126003484,
    "BGN": 1.246586896188299,
    "BIF": 0.0007847412839313332,
    "CVE": 0.022064740272258545,
    "KHR": 0.000549939813981824,
    "XAF": 0.0037170446754030482,
    "CAD": 1.6291530940469738,
    "KYD": 2.7114665656988826,
    "CLP": 0.002382455765563835,
    "CNY": 0.3118145003763146,
    "COP": 0.0005518772626336558,
    "KMF": 0.004956668572851048,
    "CDF": 0.000787065430313121,
    "CRC": 0.0043253882538676095,
    "HRK": null,
    "CUP": 0.09415046742440056,
    "CZK": 0.09618262427247835,
    "DKK": 0.3265973317340271,
    "DJF": 0.012710318394741736,
    "DOP": 0.03801224712180597,
    "EGP": 0.04638848060170773,
    "ERN": null,
    "ETB": 0.03902329354087507,
    "EUR": 2.4368139390837587,
    "FJD": 1
  }
}