{
  "meta": {
    "code": "FJD",
    "createdAt": "2024-08-23T18:35:46Z"
  },
  "data": {
    "GMD": 0.031453570789999996,
    "GEL": 0.8155636481,
    "GHS": 0.1406868996,
    "GIP": null,
    "GTQ": 0.28437252560000004,
    "GNF": 0.0002550978814,
    "GYD": 0.01054129425,
    "HTG": 0.01669965946,
    "HNL": 0.08848137497,
    "HKD": 0.2824585443,
    "HUF": 0.006258454559,
    "ISK": 0.016159632929999997,
    "INR": 0.026271809419999997,
    "IDR": 0.0001427396726,
    "IRR": null,
    "IQD": 0.001680725171,
    "ILS": 0.5966567681,
    "JMD": null,
    "JPY": 0.01526242531,
    "JOD": 3.106783741,
    "KZT": 0.004553800262,
    "KES": 0.017067829269999998,
    "KWD": 7.209976049000001,
    "KGS": 0.025799831279999998,
    "LAK": 0.0000996943615,
    "LBP": 0.00002458682115,
    "LSL": 0.1221159178,
    "LRD": 0.01129132259,
    "LYD": 0.46206713720000003,
    "MOP": 0.2740912338,
    "MKD": 0.040065949309999994,
    "MGA": 0.0004799455013,
    "MWK": 0.001268654558,
    "MYR": 0.5028550404000001,
    "MVR": 0.1434425593,
    "MRU": null,
    "MUR": 0.04771027118,
    "MXN": 0.115442156,
    "MDL": null,
    "MNT": null,
    "MAD": 0.2274652584,
    "MZN": null,
    "MMK": 0.0006779137609000001,
    "NAD": 0.1221159178,
    "NPR": 0.01640070144,
    "ANG": 1.222023211,
    "TWD": 0.06921784587999999,
    "NZD": 1.371855381,
    "NIO": 0.05981390742,
    "NGN": 0.0013977146259999999,
    "KPW": null,
    "NOK": 0.2104003308,
    "OMR": 5.719607071,
    "PKR": 0.00790361647,
    "PAB": null,
    "PGK": 0.5581115234,
    "PYG": 0.0002898427735,
    "PEN": 0.5882313533,
    "PHP": 0.03921809942,
    "PLN": 0.5774789531,
    "QAR": 0.6047104173,
    "RON": 0.495276837,
    "RUB": 0.024062617499999998,
    "RWF": null,
    "SHP": 2.880989875,
    "WST": null,
    "STN": null,
    "SAR": 0.5867796955,
    "RSD": 0.02105567652,
    "SCR": 0.1649184728,
    "SLL": null,
    "SGD": 1.6924301810000002,
    "SBD": 0.2615679,
    "SOS": null,
    "ZAR": 0.1243407708,
    "KRW": 0.001662727472,
    "SSP": null,
    "LKR": null,
    "SDG": 0.0036604320529999997,
    "SRD": 0.07653203076,
    "SZL": 0.1221159178,
    "SEK": 0.2163426339,
    "CHF": 2.5975960270000003,
    "SYP": null,
    "TJS": 0.20710895680000002,
    "TZS": 0.0008109576312,
    "THB": 0.06485670754999999,
    "TOP": 0.935963925,
    "TTD": 0.3243371504,
    "TND": 0.720998926,
    "TRY": 0.06481626140999999,
    "TMT": 0.6284267876,
    "UGX": 0.0005925254924,
    "UAH": 0.053335192,
    "AED": 0.5994418497,
    "GBP": null,
    "USD": 2.20175,
    "UYU": 0.05454835625,
    "UZS": null,
    "VUV": null,
    "VES": 0.060072701119999995,
    "VND": null,
    "XOF": 0.003666527818,
    "YER": 0.008794723042,
    "ZMW": 0.08383152115999999,
    "ZWL": null,
    "AFN": 0.03100961924590932,
    "ALL": 0.024404803040074294,
    "DZD": 0.016384251637945598,
    "AOA": 0.0024449560982338276,
    "ARS": 0.0023274123414098557,
    "AMD": 0.005673855702271422,
    "AWG": 1.2214607303520453,
    "AUD": 1.4960439274138837,
    "AZN": 1.2951076273291537,
    "BSD": 2.2008620451783725,
    "BHD": 5.842340155612319,
    "BDT": 0.018416419627432554,
    "BBD": null,
    "BYN": 0.6726341657765879,
    "BZD": 1.0918977488125297,
    "BMD": 2.2016829664595616,
    "BTN": null,
    "BOB": 0.31854775809982094,
    "BAM": 1.2513223849832262,
    "BWP": null,
    "BRL": 0.4016130619957573,
    "BND": null,
    "BGN": 1.259035519237366,
    "BIF": 0.0007650045053716337,
    "CVE": 0.02222799562301425,
    "KHR": 0.0005375202554832914,
    "XAF": null,
    "CAD": 1.6301095163143493,
    "KYD": 2.6408911597850935,
    "CLP": 0.002421720490316342,
    "CNY": 0.3090601879238247,
    "COP": 0.0005466325780177193,
    "KMF": 0.004991912405531259,
    "CDF": 0.0007807386405884971,
    "CRC": 0.004183555246897684,
    "HRK": null,
    "CUP": null,
    "CZK": 0.09839044410597082,
    "DKK": 0.3302755643238815,
    "DJF": 0.012388492946542661,
    "DOP": 0.03687911166598931,
    "EGP": null,
    "ERN": null,
    "ETB": 0.020060892632888946,
    "EUR": 2.46424866132359,
    "FJD": 1
  }
}