{
  "meta": {
    "code": "FJD",
    "createdAt": "2024-08-14T13:06:46Z"
  },
  "data": {
    "GMD": 0.032452172509999995,
    "GEL": 0.8309433844,
    "GHS": 0.1430856861,
    "GIP": null,
    "GTQ": 0.2892287311,
    "GNF": 0.00025976645710000003,
    "GYD": 0.010729565679999999,
    "HTG": null,
    "HNL": 0.09042292655999999,
    "HKD": 0.2873919377,
    "HUF": 0.00626393808,
    "ISK": 0.01623314466,
    "INR": 0.026675746339999997,
    "IDR": 0.0001432172167,
    "IRR": null,
    "IQD": 0.00171005308,
    "ILS": 0.6001425468,
    "JMD": 0.01427228685,
    "JPY": 0.015204167999999999,
    "JOD": 3.1596276380000003,
    "KZT": 0.004665355286,
    "KES": 0.01735813934,
    "KWD": null,
    "KGS": null,
    "LAK": null,
    "LBP": 0.00002500201152,
    "LSL": 0.12407622160000001,
    "LRD": 0.011471434809999998,
    "LYD": 0.4658745168,
    "MOP": 0.279239436,
    "MKD": 0.040090323309999995,
    "MGA": null,
    "MWK": 0.001291382691,
    "MYR": 0.5066064604,
    "MVR": 0.14532201990000002,
    "MRU": null,
    "MUR": 0.048503042489999995,
    "MXN": 0.1186866463,
    "MDL": 0.128104632,
    "MNT": null,
    "MAD": 0.2289096093,
    "MZN": 0.035040389899999996,
    "MMK": 0.0006894445298,
    "NAD": 0.12407622160000001,
    "NPR": 0.016674245339999998,
    "ANG": 1.243321621,
    "TWD": null,
    "NZD": 1.3472482680000002,
    "NIO": 0.06084432611999999,
    "NGN": 0.001408301869,
    "KPW": null,
    "NOK": null,
    "OMR": 5.816816863000001,
    "PKR": 0.0080369344,
    "PAB": 2.240382297,
    "PGK": null,
    "PYG": 0.0002959391656,
    "PEN": 0.5978948378,
    "PHP": null,
    "PLN": null,
    "QAR": 0.613717025,
    "RON": null,
    "RUB": null,
    "RWF": 0.001697621937,
    "SHP": 2.8768122000000003,
    "WST": null,
    "STN": null,
    "SAR": 0.5965898992,
    "RSD": null,
    "SCR": 0.1698407897,
    "SLL": 0.00011460391160000001,
    "SGD": 1.7015680800000001,
    "SBD": null,
    "SOS": 0.003934072872,
    "ZAR": 0.12409086600000001,
    "KRW": 0.001651254823,
    "SSP": null,
    "LKR": 0.00748463572,
    "SDG": 0.0037226930629999998,
    "SRD": 0.07810799384,
    "SZL": 0.1240678246,
    "SEK": 0.2154367908,
    "CHF": null,
    "SYP": null,
    "TJS": 0.2106756918,
    "TZS": null,
    "THB": 0.06412372408,
    "TOP": 0.94471848,
    "TTD": 0.3296928664,
    "TND": 0.7286704547,
    "TRY": 0.0667718244,
    "TMT": 0.640948608,
    "UGX": 0.0006011851183000001,
    "UAH": null,
    "AED": 0.6096378744000001,
    "GBP": 2.876565888,
    "USD": 2.2392,
    "UYU": 0.05557349563,
    "UZS": null,
    "VUV": null,
    "VES": 0.06116871902,
    "VND": 0.00008944282872,
    "XOF": null,
    "YER": 0.008943431976,
    "ZMW": 0.08538615964,
    "ZWL": null,
    "AFN": 0.031568212325336305,
    "ALL": 0.02469237387504946,
    "DZD": 0.016692859858738942,
    "AOA": 0.0025401362935021615,
    "ARS": 0.002380786967275019,
    "AMD": 0.005764713823280143,
    "AWG": 1.2422358628139556,
    "AUD": 1.4843638043831475,
    "AZN": 1.317135378071856,
    "BSD": 2.239241881193867,
    "BHD": 5.941163724066101,
    "BDT": null,
    "BBD": 1.1090056739434035,
    "BYN": null,
    "BZD": null,
    "BMD": 2.2391301427221553,
    "BTN": 0.02667447845484223,
    "BOB": null,
    "BAM": 1.261889129772447,
    "BWP": 0.16681331650694747,
    "BRL": 0.41042032059859396,
    "BND": 1.7027761036693287,
    "BGN": null,
    "BIF": 0.000776541198560061,
    "CVE": 0.022382863090542795,
    "KHR": 0.0005473504287106634,
    "XAF": 0.0037624459204318294,
    "CAD": 1.6329176354708483,
    "KYD": null,
    "CLP": 0.0023995650632830986,
    "CNY": 0.31344123395479784,
    "COP": 0.000555608526655144,
    "KMF": 0.0049874822201184,
    "CDF": 0.000780184718718521,
    "CRC": 0.004256644881890304,
    "HRK": null,
    "CUP": 0.09329767247497546,
    "CZK": 0.09804706089301449,
    "DKK": 0.33081288112937557,
    "DJF": 0.012574529622165544,
    "DOP": 0.03753616384638818,
    "EGP": 0.04560290796537493,
    "ERN": null,
    "ETB": 0.02030806001742436,
    "EUR": 2.468272191815115,
    "FJD": 1
  }
}