{
  "meta": {
    "code": "FJD",
    "createdAt": "2024-08-26T08:35:50Z"
  },
  "data": {
    "GMD": 0.03150214222,
    "GEL": 0.8183077904,
    "GHS": null,
    "GIP": null,
    "GTQ": 0.2867921063,
    "GNF": 0.00025749668850000003,
    "GYD": 0.01062898618,
    "HTG": 0.01684130829,
    "HNL": 0.08961092310999999,
    "HKD": 0.2828418006,
    "HUF": 0.006246211304,
    "ISK": 0.016167974119999998,
    "INR": null,
    "IDR": 0.0001426511535,
    "IRR": 0.00005238819178,
    "IQD": 0.001695052937,
    "ILS": 0.6029202051,
    "JMD": 0.014174865169999998,
    "JPY": 0.015335274639999999,
    "JOD": 3.111581317,
    "KZT": 0.004592383645,
    "KES": 0.01709418586,
    "KWD": 7.221067985,
    "KGS": 0.025839672049999998,
    "LAK": 0.0001005131626,
    "LBP": 0.00002478632703,
    "LSL": 0.1237174709,
    "LRD": 0.01138291748,
    "LYD": 0.4644760368,
    "MOP": 0.276408496,
    "MKD": 0.0400256997,
    "MGA": 0.00048600271110000004,
    "MWK": 0.0012800320199999999,
    "MYR": 0.5071644331,
    "MVR": 0.14366406710000001,
    "MRU": 0.055796762699999995,
    "MUR": 0.04811776224,
    "MXN": null,
    "MDL": 0.1265535585,
    "MNT": null,
    "MAD": 0.23038282570000002,
    "MZN": 0.03451295701,
    "MMK": 0.0006789606131000001,
    "NAD": 0.1236881865,
    "NPR": 0.016539145409999997,
    "ANG": 1.2323776260000001,
    "TWD": 0.0693181846,
    "NZD": null,
    "NIO": 0.06031067607999999,
    "NGN": 0.001398035903,
    "KPW": null,
    "NOK": 0.2101177177,
    "OMR": 5.728386514,
    "PKR": 0.007968768196,
    "PAB": 2.220658819,
    "PGK": null,
    "PYG": 0.00029229594020000003,
    "PEN": 0.5928232643,
    "PHP": 0.039377341489999995,
    "PLN": null,
    "QAR": 0.6087303344,
    "RON": 0.4955622569,
    "RUB": 0.02390428908,
    "RWF": 0.001676904553,
    "SHP": 2.9121210900000003,
    "WST": null,
    "STN": null,
    "SAR": 0.5877132261,
    "RSD": 0.02106502482,
    "SCR": 0.1646008196,
    "SLL": null,
    "SGD": 1.692935442,
    "SBD": 0.260869245,
    "SOS": 0.003899236641,
    "ZAR": 0.12380924930000001,
    "KRW": 0.001664163858,
    "SSP": null,
    "LKR": 0.007403332453,
    "SDG": 0.003666084588,
    "SRD": 0.07665021353,
    "SZL": null,
    "SEK": 0.2166175076,
    "CHF": 2.606374837,
    "SYP": null,
    "TJS": 0.2088299983,
    "TZS": 0.000813708487,
    "THB": 0.06491846931999999,
    "TOP": 0.942260595,
    "TTD": 0.32708526860000003,
    "TND": 0.727462314,
    "TRY": 0.06481745139999999,
    "TMT": 0.631202136,
    "UGX": 0.0005975431674,
    "UAH": 0.053788062899999996,
    "AED": 0.6003871493,
    "GBP": 2.909849785,
    "USD": 2.2051499999999997,
    "UYU": 0.054632591249999994,
    "UZS": 0.000175104346,
    "VUV": null,
    "VES": 0.060344392829999996,
    "VND": 0.00008869377918,
    "XOF": 0.0037626650859999998,
    "YER": 0.008810063793,
    "ZMW": 0.08454031299999999,
    "ZWL": null,
    "AFN": 0.031337178188661635,
    "ALL": 0.024611917555005466,
    "DZD": 0.016437270489422777,
    "AOA": 0.002437902541226117,
    "ARS": 0.002330977547114486,
    "AMD": 0.005721381643156515,
    "AWG": 1.2250460268167966,
    "AUD": 1.4949906801608253,
    "AZN": 1.2971075578060198,
    "BSD": 2.2194991616111586,
    "BHD": 5.851635301424542,
    "BDT": 0.01857345122716592,
    "BBD": 1.0992661607235314,
    "BYN": 0.6783181814823526,
    "BZD": 1.1011297757659841,
    "BMD": 2.2050828482702336,
    "BTN": 0.02645966484827418,
    "BOB": 0.3212106036029828,
    "BAM": 1.262003808407702,
    "BWP": 0.1661337162947638,
    "BRL": 0.40188136258824425,
    "BND": 1.6965020659429588,
    "BGN": 1.2606272304765294,
    "BIF": 0.000768438823863284,
    "CVE": 0.022384296301585557,
    "KHR": 0.0005433840363057654,
    "XAF": 0.0037625515597114177,
    "CAD": 1.6329773859966448,
    "KYD": null,
    "CLP": 0.002426100614402824,
    "CNY": 0.3097679073649803,
    "COP": 0.0005479828154167275,
    "KMF": 0.0049996210162279175,
    "CDF": 0.0007819442724362532,
    "CRC": 0.004218870305107861,
    "HRK": null,
    "CUP": 0.09248383579772035,
    "CZK": 0.09845086791420234,
    "DKK": 0.33044949158795905,
    "DJF": 0.012464383716860414,
    "DOP": 0.0371468836878052,
    "EGP": 0.04517723663089271,
    "ERN": null,
    "ETB": 0.02031592938125656,
    "EUR": 2.465625494496603,
    "FJD": 1
  }
}