{
  "meta": {
    "code": "FJD",
    "createdAt": "2024-08-21T08:05:09Z"
  },
  "data": {
    "GMD": 0.03166999936,
    "GEL": 0.8211754520000001,
    "GHS": 0.14255638,
    "GIP": null,
    "GTQ": 0.2876106299,
    "GNF": 0.0002582054466,
    "GYD": 0.0106614268,
    "HTG": 0.016896438099999998,
    "HNL": 0.08987000016999999,
    "HKD": 0.2845191629,
    "HUF": 0.006268100747,
    "ISK": 0.016200672229999998,
    "INR": 0.026414452169999998,
    "IDR": 0.0001428636867,
    "IRR": 0.0000526517031,
    "IQD": 0.001700059028,
    "ILS": 0.5963820137,
    "JMD": 0.01418004614,
    "JPY": 0.015170220089999999,
    "JOD": 3.128161178,
    "KZT": 0.00467332496,
    "KES": 0.01721864057,
    "KWD": 7.252796738000001,
    "KGS": 0.025876417189999997,
    "LAK": 0.0001006432695,
    "LBP": 0.0000248580997,
    "LSL": 0.125108202,
    "LRD": 0.011415703749999999,
    "LYD": 0.46581924010000003,
    "MOP": 0.277565856,
    "MKD": 0.039997531489999995,
    "MGA": 0.00048709571610000004,
    "MWK": 0.00128379105,
    "MYR": 0.506083908,
    "MVR": 0.14387477040000002,
    "MRU": 0.05618285014,
    "MUR": 0.04816385951,
    "MXN": 0.11690157080000001,
    "MDL": 0.12697294750000002,
    "MNT": null,
    "MAD": 0.2292995092,
    "MZN": 0.03471018065,
    "MMK": 0.0006825784111,
    "NAD": 0.1251087784,
    "NPR": 0.0166063922,
    "ANG": 1.235902906,
    "TWD": 0.06938003589,
    "NZD": 1.3606556280000002,
    "NIO": null,
    "NGN": 0.0014104660229999999,
    "KPW": null,
    "NOK": 0.2106674557,
    "OMR": null,
    "PKR": 0.007998927687,
    "PAB": 2.227206368,
    "PGK": 0.5644462391,
    "PYG": 0.0002934344262,
    "PEN": 0.5951192675,
    "PHP": 0.03924515996,
    "PLN": 0.5750527755,
    "QAR": 0.6104607919,
    "RON": 0.4950874189,
    "RUB": 0.02399891793,
    "RWF": 0.0016490676669999999,
    "SHP": 2.88086155,
    "WST": null,
    "STN": null,
    "SAR": 0.5908156882,
    "RSD": 0.02105258157,
    "SCR": 0.1634883719,
    "SLL": 0.00011460391160000001,
    "SGD": 1.694735142,
    "SBD": 0.26048575,
    "SOS": 0.003910946351,
    "ZAR": 0.12431135950000001,
    "KRW": 0.001655032902,
    "SSP": null,
    "LKR": 0.007432210455,
    "SDG": 0.003685619084,
    "SRD": 0.07672527071,
    "SZL": 0.1251346053,
    "SEK": 0.21656117960000001,
    "CHF": 2.5904543,
    "SYP": null,
    "TJS": 0.2090448245,
    "TZS": 0.0008180442803,
    "THB": 0.06461664937,
    "TOP": 0.94351264,
    "TTD": 0.3285283966,
    "TND": 0.7278805409,
    "TRY": 0.06538746549999999,
    "TMT": null,
    "UGX": 0.0005979704226,
    "UAH": 0.05380272201,
    "AED": 0.6035756325,
    "GBP": 2.8859382510000002,
    "USD": 2.2169,
    "UYU": null,
    "UZS": 0.00017609656950000002,
    "VUV": null,
    "VES": 0.060509819949999995,
    "VND": 0.00008888948747,
    "XOF": 0.003760764678,
    "YER": 0.008854356239,
    "ZMW": 0.08636459355,
    "ZWL": null,
    "AFN": 0.03139693641636266,
    "ALL": 0.02474743171481567,
    "DZD": 0.016530161611439366,
    "AOA": 0.002489423775819467,
    "ARS": 0.002348960924638514,
    "AMD": 0.005736876767895307,
    "AWG": 1.2307185968097987,
    "AUD": 1.4932886990854375,
    "AZN": 1.3040187484513146,
    "BSD": 2.2259737240024777,
    "BHD": 5.883419501307007,
    "BDT": null,
    "BBD": 1.102441804095613,
    "BYN": 0.6801873352913613,
    "BZD": 1.1043222138577826,
    "BMD": 2.216831872367235,
    "BTN": 0.026566081072445492,
    "BOB": 0.3221281122114827,
    "BAM": 1.2612978484438226,
    "BWP": 0.16717432639246682,
    "BRL": 0.4045461280540758,
    "BND": 1.7016334252871985,
    "BGN": 1.2603906953960402,
    "BIF": 0.0007717129471204107,
    "CVE": 0.022372079148383683,
    "KHR": 0.0005441997271511,
    "XAF": 0.0037606827906204563,
    "CAD": 1.6280661648889683,
    "KYD": 2.671192340343997,
    "CLP": 0.0023994803144108353,
    "CNY": 0.31064598419253675,
    "COP": 0.0005529637997874526,
    "KMF": 0.005006960751941761,
    "CDF": 0.0007710719556059949,
    "CRC": 0.004294667685586883,
    "HRK": null,
    "CUP": 0.09274903866525726,
    "CZK": null,
    "DKK": 0.3301986962432696,
    "DJF": 0.012500377083249999,
    "DOP": 0.037263703353059986,
    "EGP": 0.04537109849710183,
    "ERN": null,
    "ETB": 0.020406164772983248,
    "EUR": 2.464145873004162,
    "FJD": 1
  }
}