{
  "meta": {
    "code": "FJD",
    "createdAt": "2024-08-08T13:33:10Z"
  },
  "data": {
    "GMD": 0.03237050312,
    "GEL": 0.8317714956000001,
    "GHS": 0.144329989,
    "GIP": null,
    "GTQ": 0.2904865951,
    "GNF": 0.00026108798700000003,
    "GYD": 0.01077210671,
    "HTG": 0.01709168371,
    "HNL": 0.09089968641,
    "HKD": 0.2886271767,
    "HUF": 0.006189494202,
    "ISK": 0.01622376863,
    "INR": 0.02679011299,
    "IDR": 0.0001407853054,
    "IRR": 0.00005344776294,
    "IQD": 0.001718319229,
    "ILS": 0.5948210764,
    "JMD": 0.01435926559,
    "JPY": 0.01527351225,
    "JOD": 3.174066536,
    "KZT": 0.004714094653,
    "KES": 0.017406189529999998,
    "KWD": 7.346342649,
    "KGS": 0.026419871629999998,
    "LAK": null,
    "LBP": 0.00002512588292,
    "LSL": 0.1221408172,
    "LRD": 0.01151241282,
    "LYD": 0.46761616180000004,
    "MOP": 0.2804673335,
    "MKD": 0.03985789835,
    "MGA": 0.0004948523103,
    "MWK": 0.00129756356,
    "MYR": 0.5027376840000001,
    "MVR": 0.1460067052,
    "MRU": 0.056732856889999995,
    "MUR": 0.04856089874,
    "MXN": 0.11730983910000001,
    "MDL": 0.12805577,
    "MNT": null,
    "MAD": 0.2288092489,
    "MZN": 0.035213581939999995,
    "MMK": 0.0006926928505,
    "NAD": 0.1221408172,
    "NPR": 0.01675155075,
    "ANG": 1.249245454,
    "TWD": 0.06929343612,
    "NZD": 1.346374136,
    "NIO": 0.061127754769999994,
    "NGN": 0.001407017092,
    "KPW": null,
    "NOK": 0.20687013680000002,
    "OMR": 5.844045089000001,
    "PKR": 0.008075581113,
    "PAB": 2.251268581,
    "PGK": 0.5718673271,
    "PYG": 0.0002973859034,
    "PEN": 0.6019732566,
    "PHP": 0.0391438052,
    "PLN": 0.5671536509,
    "QAR": 0.6185029348000001,
    "RON": 0.49255666540000004,
    "RUB": 0.02588164144,
    "RWF": 0.001709302906,
    "SHP": 2.857969912,
    "WST": null,
    "STN": null,
    "SAR": 0.5994670126,
    "RSD": 0.02094700267,
    "SCR": 0.1670681448,
    "SLL": 0.00011460391160000001,
    "SGD": 1.6955315110000002,
    "SBD": 0.26434562500000003,
    "SOS": null,
    "ZAR": 0.1223448246,
    "KRW": 0.00163250724,
    "SSP": null,
    "LKR": 0.007475694275,
    "SDG": 0.003740232547,
    "SRD": 0.07799445223,
    "SZL": 0.122169704,
    "SEK": 0.21309213540000002,
    "CHF": 2.6016153990000004,
    "SYP": null,
    "TJS": 0.21370287500000001,
    "TZS": 0.0008348808076,
    "THB": 0.06357744005,
    "TOP": 0.9466948000000001,
    "TTD": 0.33182912600000003,
    "TND": 0.7321888991000001,
    "TRY": 0.06719863764999999,
    "TMT": 0.64396844,
    "UGX": 0.0006033075833,
    "UAH": 0.054800197909999994,
    "AED": 0.6125101857,
    "GBP": 2.8551352270000003,
    "USD": 2.2497499999999997,
    "UYU": 0.05565881499999999,
    "UZS": 0.0001780008949,
    "VUV": null,
    "VES": 0.061408658549999995,
    "VND": 0.00008947458227,
    "XOF": 0.003747469318,
    "YER": 0.008986462143,
    "ZMW": 0.08629003865,
    "ZWL": null,
    "AFN": 0.03178303866511156,
    "ALL": 0.02454463530979022,
    "DZD": 0.016721760735227378,
    "AOA": 0.0025620693571021553,
    "ARS": 0.002401567627880109,
    "AMD": 0.005790828085752482,
    "AWG": 1.2498215567272384,
    "AUD": 1.4742257422753848,
    "AZN": 1.3233404718288404,
    "BSD": 2.249977374115027,
    "BHD": 5.968057059581365,
    "BDT": 0.019148549289256182,
    "BBD": 1.1229332219361716,
    "BYN": 0.6875998279347441,
    "BZD": 1.116202228287858,
    "BMD": 2.249678802109029,
    "BTN": 0.026798093779984922,
    "BOB": 0.32562530467925344,
    "BAM": 1.2568262685380325,
    "BWP": 0.16571169724928156,
    "BRL": 0.39933945197354737,
    "BND": 1.6982001809976055,
    "BGN": 1.2559267563550236,
    "BIF": null,
    "CVE": 0.02229265418870541,
    "KHR": 0.0005480814780556069,
    "XAF": null,
    "CAD": 1.6348875235280504,
    "KYD": 2.699799985021132,
    "CLP": 0.0023882954717401508,
    "CNY": null,
    "COP": null,
    "KMF": 0.004990967947620035,
    "CDF": 0.0007838602097940868,
    "CRC": 0.004256450488118335,
    "HRK": null,
    "CUP": 0.09374548357696497,
    "CZK": 0.09705383608121082,
    "DKK": 0.32852721431825205,
    "DJF": 0.01263503190474749,
    "DOP": 0.03777044016640592,
    "EGP": 0.045679592173660834,
    "ERN": null,
    "ETB": 0.028005804162584337,
    "EUR": 2.451271358667938,
    "FJD": 1
  }
}