{
  "meta": {
    "code": "FJD",
    "createdAt": "2024-08-22T08:05:14Z"
  },
  "data": {
    "GMD": 0.03182661824,
    "GEL": 0.8177961817,
    "GHS": 0.1418160775,
    "GIP": null,
    "GTQ": 0.2863650192,
    "GNF": 0.0002571440537,
    "GYD": 0.01061419248,
    "HTG": 0.016819024119999998,
    "HNL": 0.08948080964999999,
    "HKD": 0.2837960605,
    "HUF": 0.00627209261,
    "ISK": 0.016186974,
    "INR": 0.026345010199999998,
    "IDR": 0.0001416577019,
    "IRR": 0.00005254974075,
    "IQD": 0.001692705797,
    "ILS": 0.5948064379,
    "JMD": 0.014118668919999999,
    "JPY": 0.01522081725,
    "JOD": 3.121176471,
    "KZT": 0.004636632079,
    "KES": 0.01714689903,
    "KWD": 7.242674151,
    "KGS": 0.02583784988,
    "LAK": 0.00010024645870000001,
    "LBP": 0.00002474995094,
    "LSL": 0.12451659350000001,
    "LRD": 0.01136583765,
    "LYD": 0.46375456140000004,
    "MOP": 0.2762353942,
    "MKD": 0.04006909821,
    "MGA": 0.00048580460620000003,
    "MWK": 0.001278168892,
    "MYR": 0.5055285109000001,
    "MVR": 0.143732511,
    "MRU": null,
    "MUR": 0.04813035685,
    "MXN": 0.11454140680000001,
    "MDL": 0.1269438105,
    "MNT": null,
    "MAD": 0.22896204120000002,
    "MZN": null,
    "MMK": 0.0006810543175,
    "NAD": 0.12450095500000001,
    "NPR": 0.01651285706,
    "ANG": 1.230543176,
    "TWD": 0.06922078541,
    "NZD": 1.364209102,
    "NIO": 0.0602242539,
    "NGN": 0.001405867641,
    "KPW": null,
    "NOK": 0.2103529943,
    "OMR": 5.7460156940000005,
    "PKR": 0.007931464321,
    "PAB": 2.217652407,
    "PGK": 0.5619085155,
    "PYG": 0.0002923532103,
    "PEN": null,
    "PHP": 0.03926666911,
    "PLN": null,
    "QAR": 0.6079153723,
    "RON": 0.4953648753,
    "RUB": 0.0240957446,
    "RWF": 0.001640685599,
    "SHP": 2.894004782,
    "WST": null,
    "STN": null,
    "SAR": 0.5895032553,
    "RSD": 0.021061576949999997,
    "SCR": 0.1615968164,
    "SLL": 0.00011460391160000001,
    "SGD": 1.692794275,
    "SBD": 0.25891515,
    "SOS": 0.003893525264,
    "ZAR": null,
    "KRW": 0.001657044788,
    "SSP": null,
    "LKR": 0.007380662227,
    "SDG": 0.003677389658,
    "SRD": 0.07672922093,
    "SZL": 0.1245114989,
    "SEK": 0.21668514360000002,
    "CHF": 2.603062575,
    "SYP": null,
    "TJS": 0.20813465180000001,
    "TZS": 0.0008144145746,
    "THB": 0.06450528405,
    "TOP": 0.9420695050000001,
    "TTD": 0.32692621,
    "TND": 0.7270891776,
    "TRY": 0.06515234578,
    "TMT": 0.6323208563,
    "UGX": 0.0005959847112,
    "UAH": 0.053611098499999996,
    "AED": 0.6022434237000001,
    "GBP": 2.897973,
    "USD": 2.21195,
    "UYU": 0.054922718499999995,
    "UZS": 0.0001755726464,
    "VUV": null,
    "VES": 0.06043171268999999,
    "VND": 0.00008869609827,
    "XOF": 0.003758943591,
    "YER": 0.008835472802,
    "ZMW": null,
    "ZWL": null,
    "AFN": 0.031350852734510194,
    "ALL": 0.024736705897539474,
    "DZD": 0.016531924322360874,
    "AOA": 0.0024573929856542246,
    "ARS": 0.0023441866047551356,
    "AMD": 0.00571534858949812,
    "AWG": 1.2293791018387406,
    "AUD": 1.493939120882181,
    "AZN": 1.3016955195939606,
    "BSD": 2.2172981327572554,
    "BHD": 5.872945446425285,
    "BDT": 0.01859590030921274,
    "BBD": 1.0976792770434098,
    "BYN": 0.6772343483744998,
    "BZD": 1.0995394414778177,
    "BMD": 2.2118819200108293,
    "BTN": 0.026416075399767498,
    "BOB": 0.3207775646113202,
    "BAM": 1.2607712319681315,
    "BWP": 0.166450333914109,
    "BRL": 0.40336310458391034,
    "BND": 1.6958825272809928,
    "BGN": 1.2604033962587413,
    "BIF": 0.0007678561855735787,
    "CVE": 0.022360938978000417,
    "KHR": 0.0005423318279763705,
    "XAF": 0.0037588272929751807,
    "CAD": 1.6293249358734283,
    "KYD": 2.6594833383422043,
    "CLP": 0.002414507379839673,
    "CNY": 0.31005227439489236,
    "COP": null,
    "KMF": 0.005005390179549603,
    "CDF": 0.000769082726130408,
    "CRC": 0.004259936071275697,
    "HRK": null,
    "CUP": 0.09234482032408287,
    "CZK": 0.0982735421068189,
    "DKK": 0.3303357478365948,
    "DJF": 0.012445754657160787,
    "DOP": 0.03709419427199479,
    "EGP": 0.045362631669637055,
    "ERN": null,
    "ETB": 0.020317658751970783,
    "EUR": 2.4657367387130287,
    "FJD": 1
  }
}