{
  "meta": {
    "code": "FJD",
    "createdAt": "2024-08-06T14:33:41Z"
  },
  "data": {
    "GMD": 0.032444603839999996,
    "GEL": 0.8367694880000001,
    "GHS": 0.145148612,
    "GIP": null,
    "GTQ": 0.2910631684,
    "GNF": 0.00026158932540000003,
    "GYD": 0.01079722786,
    "HTG": 0.017084033369999998,
    "HNL": 0.09109642666,
    "HKD": 0.2893104347,
    "HUF": 0.006195349024,
    "ISK": 0.016325658639999997,
    "INR": 0.026870425649999998,
    "IDR": 0.0001396168687,
    "IRR": 0.00005355420872,
    "IQD": 0.001721528434,
    "ILS": 0.5883122041000001,
    "JMD": 0.01437751975,
    "JPY": 0.01560063839,
    "JOD": 3.1813324290000002,
    "KZT": 0.004713600116,
    "KES": 0.01741235516,
    "KWD": 7.377737408000001,
    "KGS": 0.026658422209999998,
    "LAK": 0.0001017823526,
    "LBP": 0.00002517235066,
    "LSL": 0.1216799736,
    "LRD": 0.011243002649999998,
    "LYD": 0.4696449347,
    "MOP": 0.2809842164,
    "MKD": 0.03998846424,
    "MGA": 0.0004963172448000001,
    "MWK": 0.001300021555,
    "MYR": 0.5040010421,
    "MVR": 0.1469052467,
    "MRU": 0.056910803249999996,
    "MUR": 0.048777387969999995,
    "MXN": 0.1163562223,
    "MDL": 0.12812341800000002,
    "MNT": null,
    "MAD": 0.2293197221,
    "MZN": 0.035305149689999996,
    "MMK": 0.0006942785237,
    "NAD": 0.1216799736,
    "NPR": 0.0167843504,
    "ANG": 1.251562176,
    "TWD": 0.06877149608,
    "NZD": 1.34063952,
    "NIO": 0.061254313399999996,
    "NGN": 0.001414661686,
    "KPW": null,
    "NOK": 0.2063504088,
    "OMR": 5.857569514000001,
    "PKR": 0.008076289192,
    "PAB": 2.255495293,
    "PGK": 0.5733881484000001,
    "PYG": 0.0002978107312,
    "PEN": 0.6054922872,
    "PHP": 0.03907295229,
    "PLN": 0.571526954,
    "QAR": 0.6162546994,
    "RON": 0.4949629519,
    "RUB": 0.026356601589999997,
    "RWF": 0.001698724856,
    "SHP": 2.881198475,
    "WST": null,
    "STN": null,
    "SAR": 0.6005552513,
    "RSD": 0.021052975539999998,
    "SCR": 0.1687141885,
    "SLL": 0.00011460391160000001,
    "SGD": 1.701393981,
    "SBD": 0.26562722,
    "SOS": null,
    "ZAR": 0.12175558040000001,
    "KRW": 0.001636600557,
    "SSP": null,
    "LKR": 0.007461179982,
    "SDG": 0.003748794475,
    "SRD": 0.07852690151,
    "SZL": 0.1217144735,
    "SEK": 0.21378961700000002,
    "CHF": 2.647838874,
    "SYP": null,
    "TJS": 0.21359321520000002,
    "TZS": 0.0008348540858,
    "THB": 0.06344057199,
    "TOP": 0.9466070200000001,
    "TTD": 0.3324791422,
    "TND": 0.7271082893,
    "TRY": 0.06710722203,
    "TMT": 0.6435969403,
    "UGX": 0.0006052927285,
    "UAH": 0.05496844141,
    "AED": 0.6139123093000001,
    "GBP": 2.8677479960000003,
    "USD": 2.2548999999999997,
    "UYU": 0.0554818145,
    "UZS": 0.00017898088350000002,
    "VUV": null,
    "VES": 0.061600282699999995,
    "VND": 0.00008969360828,
    "XOF": 0.003748690073,
    "YER": 0.009006129227,
    "ZMW": 0.08678347942999999,
    "ZWL": null,
    "AFN": 0.03176025992909247,
    "ALL": 0.02454728636438377,
    "DZD": 0.016734166616336428,
    "AOA": 0.002567933025350495,
    "ARS": 0.0024096373871394824,
    "AMD": 0.005808270129819078,
    "AWG": 1.2509451020031186,
    "AUD": 1.4677245587708672,
    "AZN": 1.326369733070346,
    "BSD": 2.2542401900113482,
    "BHD": 5.982305745446818,
    "BDT": 0.019184691122346303,
    "BBD": 1.116424193447173,
    "BYN": 0.6887872928244227,
    "BZD": 1.1183029002883218,
    "BMD": 2.254828546219588,
    "BTN": 0.026850929408310225,
    "BOB": 0.3261978405991311,
    "BAM": 1.2572470308788741,
    "BWP": 0.1656830405030648,
    "BRL": 0.3977752084142309,
    "BND": 1.6983555552262786,
    "BGN": 1.2575864140943644,
    "BIF": 0.0007821289699793044,
    "CVE": 0.022299931134177768,
    "KHR": 0.0005486171478541861,
    "XAF": 0.003748537538536208,
    "CAD": 1.6343186232168871,
    "KYD": 2.7047648219821396,
    "CLP": 0.0023707835709022847,
    "CNY": 0.31546211323663914,
    "COP": 0.0005442318015600018,
    "KMF": 0.005006835898140598,
    "CDF": 0.000787025670892458,
    "CRC": 0.004263045052786904,
    "HRK": null,
    "CUP": 0.09392375589588532,
    "CZK": 0.0974892363718322,
    "DKK": 0.3300731261398504,
    "DJF": null,
    "DOP": 0.037899227233506035,
    "EGP": null,
    "ERN": null,
    "ETB": 0.02806991230237439,
    "EUR": 2.4633781396197794,
    "FJD": 1
  }
}