{
  "meta": {
    "code": "FJD",
    "createdAt": "2024-08-26T17:34:02Z"
  },
  "data": {
    "GMD": 0.031271630839999995,
    "GEL": 0.8181222457,
    "GHS": 0.1407822468,
    "GIP": null,
    "GTQ": 0.2847997735,
    "GNF": 0.000255463488,
    "GYD": 0.010556093479999999,
    "HTG": 0.01671663516,
    "HNL": 0.0886335219,
    "HKD": 0.2827529764,
    "HUF": 0.006242817014,
    "ISK": null,
    "INR": 0.02629113469,
    "IDR": 0.0001426774521,
    "IRR": 0.00005237631318,
    "IQD": 0.001682938912,
    "ILS": 0.5989358545,
    "JMD": 0.014086540619999999,
    "JPY": 0.015258941299999999,
    "JOD": 3.1108757910000002,
    "KZT": 0.004561800049,
    "KES": 0.01709030989,
    "KWD": 7.217089328,
    "KGS": 0.02587313525,
    "LAK": 0.00009982567234,
    "LBP": 0.00002461920529,
    "LSL": 0.1244861641,
    "LRD": 0.011306194779999999,
    "LYD": 0.4626757416,
    "MOP": 0.2746672021,
    "MKD": 0.03997760189,
    "MGA": 0.0004813646258,
    "MWK": 0.001270325547,
    "MYR": 0.5040354606,
    "MVR": 0.1436314924,
    "MRU": 0.0554210649,
    "MUR": 0.047835327229999995,
    "MXN": null,
    "MDL": null,
    "MNT": null,
    "MAD": 0.22854402810000002,
    "MZN": 0.03450513147,
    "MMK": 0.0006788066643,
    "NAD": 0.1244861641,
    "NPR": 0.016425504509999998,
    "ANG": 1.2239337140000002,
    "TWD": 0.06921110656,
    "NZD": 1.369837231,
    "NIO": 0.05990896729,
    "NGN": 0.00138657231,
    "KPW": null,
    "NOK": 0.20930836860000002,
    "OMR": 5.727945258,
    "PKR": 0.007912606357,
    "PAB": 2.2054480830000003,
    "PGK": 0.5827011867,
    "PYG": 0.0002900446358,
    "PEN": 0.5881419101,
    "PHP": 0.03929296988,
    "PLN": 0.5749709562,
    "QAR": 0.6055485699,
    "RON": 0.4948603687,
    "RUB": 0.023963046329999998,
    "RWF": 0.001654521569,
    "SHP": 2.91146079,
    "WST": null,
    "STN": null,
    "SAR": 0.5875776079,
    "RSD": 0.02104316202,
    "SCR": null,
    "SLL": 0.00011460391160000001,
    "SGD": null,
    "SBD": null,
    "SOS": 0.003861033087,
    "ZAR": null,
    "KRW": 0.001659416024,
    "SSP": null,
    "LKR": null,
    "SDG": 0.003665253332,
    "SRD": 0.07656762677,
    "SZL": 0.1244861641,
    "SEK": 0.21611743020000002,
    "CHF": null,
    "SYP": null,
    "TJS": 0.207015687,
    "TZS": 0.0008136849466000001,
    "THB": 0.06486172895,
    "TOP": null,
    "TTD": 0.324688065,
    "TND": 0.7255132768,
    "TRY": 0.06485449107999999,
    "TMT": 0.631059016,
    "UGX": 0.00059393271,
    "UAH": 0.05334741521,
    "AED": 0.600231395,
    "GBP": 2.9093443260000003,
    "USD": null,
    "UYU": 0.054763505999999997,
    "UZS": 0.000173799762,
    "VUV": null,
    "VES": null,
    "VND": 0.00008863817371,
    "XOF": 0.003677481203,
    "YER": 0.008808066182,
    "ZMW": null,
    "ZWL": null,
    "AFN": 0.031050466307364126,
    "ALL": 0.024590999532559034,
    "DZD": 0.016436902477523233,
    "AOA": 0.002437242253741095,
    "ARS": 0.0023248236866502577,
    "AMD": 0.005680304832422771,
    "AWG": 1.2230696854134095,
    "AUD": 1.495180003473638,
    "AZN": 1.2968135928369722,
    "BSD": 2.2043274061256004,
    "BHD": null,
    "BDT": null,
    "BBD": 1.091756107533896,
    "BYN": 0.673585831032592,
    "BZD": 1.0936224091069835,
    "BMD": 2.204583107822853,
    "BTN": 0.026276709824233843,
    "BOB": 0.3189920531975595,
    "BAM": 1.2591753599573186,
    "BWP": 0.16620225081964335,
    "BRL": 0.4020687400029855,
    "BND": 1.692048178401151,
    "BGN": 1.2594271281705658,
    "BIF": 0.0007648163428428026,
    "CVE": 0.022218020740189533,
    "KHR": 0.0005396776275196414,
    "XAF": null,
    "CAD": 1.6366008002027048,
    "KYD": 2.6452036787046476,
    "CLP": 0.002429988876074683,
    "CNY": 0.3095498544589449,
    "COP": 0.0005476272719897283,
    "KMF": 0.004998487944900448,
    "CDF": null,
    "CRC": 0.004189645549274719,
    "HRK": null,
    "CUP": 0.09184966926422063,
    "CZK": 0.09836443706016931,
    "DKK": 0.33012081380254005,
    "DJF": 0.012404811545255757,
    "DOP": 0.0368967884222521,
    "EGP": 0.04523372321781134,
    "ERN": null,
    "ETB": 0.019874537822243774,
    "EUR": 2.462574751789038,
    "FJD": 1
  }
}