{
  "meta": {
    "code": "FJD",
    "createdAt": "2024-07-24T11:33:17Z"
  },
  "data": {
    "GMD": 0.03324427908,
    "GEL": 0.8296468674,
    "GHS": 0.1452767509,
    "GIP": null,
    "GTQ": 0.29037169620000003,
    "GNF": null,
    "GYD": 0.010783643019999999,
    "HTG": 0.0170600531,
    "HNL": 0.09095983371,
    "HKD": 0.288407015,
    "HUF": 0.00621477139,
    "ISK": null,
    "INR": 0.02690516497,
    "IDR": 0.0001385964066,
    "IRR": 0.00005349245834,
    "IQD": 0.001719660329,
    "ILS": 0.6210424451000001,
    "JMD": 0.014389712709999999,
    "JPY": 0.014581579389999998,
    "JOD": 3.178112419,
    "KZT": 0.004751116487,
    "KES": 0.017322590199999998,
    "KWD": 7.366629142000001,
    "KGS": 0.026696550179999997,
    "LAK": 0.000101601253,
    "LBP": 0.00002514512766,
    "LSL": null,
    "LRD": 0.011547632859999999,
    "LYD": 0.4659533464,
    "MOP": 0.280073505,
    "MKD": 0.03963257442,
    "MGA": null,
    "MWK": 0.001298615367,
    "MYR": 0.482033417,
    "MVR": 0.14664033840000001,
    "MRU": 0.05689189301,
    "MUR": 0.04822023395,
    "MXN": null,
    "MDL": 0.1266390135,
    "MNT": null,
    "MAD": 0.2279762293,
    "MZN": 0.03527851815,
    "MMK": 0.0006934779897,
    "NAD": 0.1230098374,
    "NPR": 0.016815183049999998,
    "ANG": 1.250250829,
    "TWD": null,
    "NZD": 1.336942757,
    "NIO": 0.061185148439999996,
    "NGN": 0.001356476729,
    "KPW": null,
    "NOK": 0.204148472,
    "OMR": null,
    "PKR": 0.00808550249,
    "PAB": null,
    "PGK": 0.5826348741,
    "PYG": 0.0002973853584,
    "PEN": 0.5993759947,
    "PHP": null,
    "PLN": 0.5695857236,
    "QAR": 0.6172145936,
    "RON": 0.4912007285,
    "RUB": 0.02597070822,
    "RWF": 0.00171461743,
    "SHP": 2.9073814550000003,
    "WST": null,
    "STN": null,
    "SAR": 0.6003899802,
    "RSD": 0.02085366416,
    "SCR": 0.1662619481,
    "SLL": null,
    "SGD": 1.675494303,
    "SBD": null,
    "SOS": 0.003956318106,
    "ZAR": 0.12291999320000001,
    "KRW": 0.0016279732509999999,
    "SSP": null,
    "LKR": 0.007418702318,
    "SDG": 0.003843515264,
    "SRD": 0.07681525007,
    "SZL": 0.1230355587,
    "SEK": 0.20865748650000002,
    "CHF": 2.53791191,
    "SYP": null,
    "TJS": 0.2114571855,
    "TZS": 0.0008388817478000001,
    "THB": null,
    "TOP": 0.94799307,
    "TTD": 0.3314149087,
    "TND": 0.7249800764000001,
    "TRY": 0.06852732662,
    "TMT": 0.6428548444000001,
    "UGX": 0.0006054599075,
    "UAH": 0.05460282422,
    "AED": 0.6132087204000001,
    "GBP": null,
    "USD": null,
    "UYU": 0.05611166250999999,
    "UZS": 0.0001789311941,
    "VUV": null,
    "VES": null,
    "VND": 0.00008881291883,
    "XOF": null,
    "YER": 0.008996656941,
    "ZMW": 0.08644090907999999,
    "ZWL": null,
    "AFN": 0.03182270969651963,
    "ALL": 0.024285666346155855,
    "DZD": 0.016729271853967474,
    "AOA": 0.002572505324255102,
    "ARS": 0.0024323915160571557,
    "AMD": 0.005803275043915646,
    "AWG": 1.251238006164249,
    "AUD": null,
    "AZN": 1.3248402418209697,
    "BSD": 2.251624975904348,
    "BHD": 5.975378766099212,
    "BDT": 0.019163563068380393,
    "BBD": 1.1151682714617974,
    "BYN": 0.6880390531406907,
    "BZD": 1.1170559984870378,
    "BMD": 2.2522284110956483,
    "BTN": 0.026899727954039793,
    "BOB": 0.3258726970299102,
    "BAM": 1.2483065663487665,
    "BWP": 0.16594876382332188,
    "BRL": 0.40314832118172195,
    "BND": 1.6745117948931092,
    "BGN": 1.2475217774050755,
    "BIF": null,
    "CVE": null,
    "KHR": 0.0005482681185777247,
    "XAF": null,
    "CAD": null,
    "KYD": 2.701901566250756,
    "CLP": 0.0023786789862625156,
    "CNY": 0.3094995756112417,
    "COP": 0.0005607440338081057,
    "KMF": 0.0049635887853997284,
    "CDF": 0.0007861181193650636,
    "CRC": 0.0042474568045504,
    "HRK": null,
    "CUP": null,
    "CZK": 0.09606843595661795,
    "DKK": 0.32719993660200203,
    "DJF": 0.012644699821562067,
    "DOP": null,
    "EGP": 0.04661213431346725,
    "ERN": null,
    "ETB": null,
    "EUR": null,
    "FJD": 1
  }
}