{
  "meta": {
    "code": "FJD",
    "createdAt": "2024-08-07T11:32:59Z"
  },
  "data": {
    "GMD": 0.03229064701,
    "GEL": 0.8297195646000001,
    "GHS": 0.14397994990000001,
    "GIP": null,
    "GTQ": 0.2897636981,
    "GNF": 0.00026044995770000003,
    "GYD": 0.010749423999999999,
    "HTG": 0.017049734979999998,
    "HNL": 0.09068693256999999,
    "HKD": 0.28783054420000004,
    "HUF": 0.006158152126,
    "ISK": null,
    "INR": 0.0267298134,
    "IDR": 0.0001397995215,
    "IRR": 0.00005331591048,
    "IQD": null,
    "ILS": 0.5936380282,
    "JMD": 0.01434354846,
    "JPY": 0.01524361629,
    "JOD": 3.1666828980000004,
    "KZT": 0.004702056816,
    "KES": 0.0172672002,
    "KWD": 7.337160549,
    "KGS": 0.026484235079999998,
    "LAK": 0.00010125763070000001,
    "LBP": 0.00002506524538,
    "LSL": null,
    "LRD": 0.01148450027,
    "LYD": null,
    "MOP": 0.2796192408,
    "MKD": null,
    "MGA": null,
    "MWK": 0.001294468922,
    "MYR": 0.49909953220000003,
    "MVR": 0.1456465153,
    "MRU": 0.056651029559999996,
    "MUR": 0.048336724139999995,
    "MXN": null,
    "MDL": null,
    "MNT": null,
    "MAD": 0.2289366769,
    "MZN": 0.03512671212,
    "MMK": 0.0006909840183,
    "NAD": 0.1224885257,
    "NPR": 0.016709660129999998,
    "ANG": 1.246223335,
    "TWD": 0.06880566837999999,
    "NZD": 1.350658417,
    "NIO": null,
    "NGN": 0.001394097937,
    "KPW": null,
    "NOK": 0.2084873021,
    "OMR": null,
    "PKR": 0.008052364647,
    "PAB": 2.24579787,
    "PGK": 0.5707707523000001,
    "PYG": null,
    "PEN": 0.6029857944,
    "PHP": 0.038931389659999996,
    "PLN": null,
    "QAR": null,
    "RON": 0.4925493857,
    "RUB": 0.026094861889999998,
    "RWF": 0.001701335201,
    "SHP": 2.85091947,
    "WST": null,
    "STN": null,
    "SAR": 0.5978064052000001,
    "RSD": 0.02094310196,
    "SCR": 0.1655185472,
    "SLL": 0.00011460391160000001,
    "SGD": 1.691036567,
    "SBD": 0.2636935,
    "SOS": 0.003943573321,
    "ZAR": 0.1225816376,
    "KRW": 0.001632063255,
    "SSP": null,
    "LKR": 0.0074339125,
    "SDG": 0.003731005615,
    "SRD": 0.07815427397,
    "SZL": null,
    "SEK": 0.21502048240000002,
    "CHF": 2.59903495,
    "SYP": null,
    "TJS": 0.2119789406,
    "TZS": null,
    "THB": 0.06303048899,
    "TOP": null,
    "TTD": 0.3308612839,
    "TND": 0.7303046689,
    "TRY": 0.06693326499999999,
    "TMT": 0.642379808,
    "UGX": null,
    "UAH": 0.05478027118,
    "AED": 0.6109982617,
    "GBP": 2.8573491030000002,
    "USD": 2.2441999999999998,
    "UYU": null,
    "UZS": 0.0001779168097,
    "VUV": null,
    "VES": 0.061285578599999994,
    "VND": 0.00008917934634,
    "XOF": 0.0037359646239999997,
    "YER": 0.008964293073,
    "ZMW": null,
    "ZWL": null,
    "AFN": 0.03164865773803195,
    "ALL": 0.0244693025957967,
    "DZD": 0.016653156524210372,
    "AOA": 0.0025458076163846007,
    "ARS": 0.00239892150304209,
    "AMD": null,
    "AWG": 1.2467385630874273,
    "AUD": 1.4746400934697201,
    "AZN": null,
    "BSD": 2.2445507159651603,
    "BHD": 5.954414250164203,
    "BDT": null,
    "BBD": 1.1116050589946591,
    "BYN": 0.6858282300786149,
    "BZD": 1.113504639937256,
    "BMD": 2.2441294135573693,
    "BTN": 0.026731715816402653,
    "BOB": null,
    "BAM": 1.252956708917211,
    "BWP": 0.1656482358305601,
    "BRL": 0.3966995605763728,
    "BND": 1.6909553526374785,
    "BGN": 1.253451492278029,
    "BIF": 0.0007786886909231746,
    "CVE": 0.022224230082635833,
    "KHR": 0.0005463842028769829,
    "XAF": 0.003735813655779818,
    "CAD": 1.6326462504907189,
    "KYD": null,
    "CLP": 0.0023754691003333665,
    "CNY": 0.3124962630329695,
    "COP": 0.0005423025783526629,
    "KMF": null,
    "CDF": 0.0007819266249328813,
    "CRC": 0.0042486140531305915,
    "HRK": null,
    "CUP": 0.09352109601188077,
    "CZK": 0.0969935217764923,
    "DKK": 0.32845789042452367,
    "DJF": 0.01260467151149098,
    "DOP": 0.0377179187408591,
    "EGP": 0.04561405527634011,
    "ERN": null,
    "ETB": 0.027936720926777785,
    "EUR": 2.451260965409521,
    "FJD": 1
  }
}