{
  "meta": {
    "code": "FJD",
    "createdAt": "2024-07-29T15:04:18Z"
  },
  "data": {
    "GMD": 0.033433208959999995,
    "GEL": 0.8390295081,
    "GHS": 0.1460962998,
    "GIP": null,
    "GTQ": 0.2923469435,
    "GNF": 0.00026276541710000003,
    "GYD": 0.01084522405,
    "HTG": 0.0171562434,
    "HNL": 0.09150041332,
    "HKD": 0.2900224979,
    "HUF": 0.00623276921,
    "ISK": 0.016393572909999998,
    "INR": 0.02704366312,
    "IDR": 0.0001390787255,
    "IRR": 0.00005379646023,
    "IQD": 0.001729365343,
    "ILS": 0.6094474888,
    "JMD": 0.014473689999999999,
    "JPY": 0.01470882346,
    "JOD": 3.1961738850000003,
    "KZT": 0.004771464861,
    "KES": 0.017290839489999998,
    "KWD": null,
    "KGS": 0.026955847459999998,
    "LAK": 0.0001021098019,
    "LBP": 0.00002528712338,
    "LSL": 0.1232981815,
    "LRD": 0.011588992959999999,
    "LYD": 0.4686435272,
    "MOP": 0.2816015356,
    "MKD": 0.03983742359,
    "MGA": 0.0004961676633,
    "MWK": 0.001305879982,
    "MYR": 0.4882735633,
    "MVR": 0.14756977000000002,
    "MRU": 0.05721268405,
    "MUR": 0.048681982219999996,
    "MXN": 0.12162680960000001,
    "MDL": 0.128114056,
    "MNT": null,
    "MAD": 0.2298027758,
    "MZN": null,
    "MMK": 0.000697391378,
    "NAD": 0.1232981815,
    "NPR": 0.016904130979999998,
    "ANG": 1.257282488,
    "TWD": 0.06886268680999999,
    "NZD": 1.32916068,
    "NIO": 0.06152226784,
    "NGN": 0.001398209875,
    "KPW": null,
    "NOK": 0.2058466252,
    "OMR": 5.883866796,
    "PKR": 0.008131133664,
    "PAB": 2.2656368280000003,
    "PGK": 0.5771470269,
    "PYG": 0.00029909263780000003,
    "PEN": 0.6063822196,
    "PHP": 0.038664803979999995,
    "PLN": 0.5711506277,
    "QAR": 0.6204454554000001,
    "RON": 0.4927242583,
    "RUB": 0.026170285869999997,
    "RWF": 0.001713874777,
    "SHP": 2.9236778250000004,
    "WST": null,
    "STN": null,
    "SAR": 0.6037909452,
    "RSD": 0.0209334134,
    "SCR": 0.1651694158,
    "SLL": 0.00011460391160000001,
    "SGD": 1.685837822,
    "SBD": 0.2672818,
    "SOS": null,
    "ZAR": 0.1226347111,
    "KRW": 0.001639208927,
    "SSP": null,
    "LKR": 0.007481530165,
    "SDG": 0.003865358267,
    "SRD": null,
    "SZL": 0.1233344458,
    "SEK": 0.2091737853,
    "CHF": 2.556770131,
    "SYP": null,
    "TJS": 0.21335889730000002,
    "TZS": null,
    "THB": 0.06291944947,
    "TOP": 0.94998294,
    "TTD": 0.3335722166,
    "TND": 0.7297361680000001,
    "TRY": 0.06859325315999999,
    "TMT": 0.6229025,
    "UGX": 0.0006080382342,
    "UAH": 0.055196998739999996,
    "AED": 0.6166893307,
    "GBP": 2.9109366370000003,
    "USD": 2.2651,
    "UYU": 0.056242432999999994,
    "UZS": null,
    "VUV": null,
    "VES": 0.06195195730999999,
    "VND": 0.00008958266641,
    "XOF": null,
    "YER": 0.009047776597,
    "ZMW": 0.08651218745,
    "ZWL": null,
    "AFN": 0.03200703443945447,
    "ALL": 0.024475403148554876,
    "DZD": 0.016804870927868084,
    "AOA": 0.002595615724299861,
    "ARS": 0.002432852715234806,
    "AMD": 0.005842971037980101,
    "AWG": 1.258348734892674,
    "AUD": 1.4801616480924287,
    "AZN": 1.3323692487098902,
    "BSD": 2.264359736846002,
    "BHD": 6.009795776003379,
    "BDT": 0.019271599650225554,
    "BBD": 1.1214679628233464,
    "BYN": 0.6919318141882708,
    "BZD": 1.1233935906407158,
    "BMD": 2.2650277228068134,
    "BTN": 0.027042065514327526,
    "BOB": 0.32767886468301594,
    "BAM": null,
    "BWP": 0.16654174764324747,
    "BRL": 0.4000402195636266,
    "BND": 1.685205728638809,
    "BGN": 1.2524240733692324,
    "BIF": 0.0007862711187645903,
    "CVE": 0.022252382379332983,
    "KHR": 0.0005521285144180132,
    "XAF": 0.003740579260889974,
    "CAD": 1.6352337837112425,
    "KYD": 2.7172305978790305,
    "CLP": 0.002373969168074955,
    "CNY": 0.3119743982078593,
    "COP": 0.0005577965515437504,
    "KMF": 0.004986576527434404,
    "CDF": 0.0007905855929152399,
    "CRC": 0.004279140349374051,
    "HRK": null,
    "CUP": 0.09434973720036487,
    "CZK": 0.09649091433927799,
    "DKK": 0.32841338737461884,
    "DJF": 0.012715895140791827,
    "DOP": 0.03825474244615926,
    "EGP": 0.04686829906352677,
    "ERN": null,
    "ETB": 0.039167367689435885,
    "EUR": 2.4497363103835506,
    "FJD": 1
  }
}