{
  "meta": {
    "code": "FJD",
    "createdAt": "2024-08-12T08:35:43Z"
  },
  "data": {
    "GMD": 0.032255395209999996,
    "GEL": 0.8334680786,
    "GHS": 0.1439851814,
    "GIP": null,
    "GTQ": 0.289353657,
    "GNF": 0.0002600030968,
    "GYD": 0.010732617989999998,
    "HTG": 0.01700055099,
    "HNL": 0.09053610010999999,
    "HKD": 0.28748827520000003,
    "HUF": 0.006216556573,
    "ISK": 0.01619878596,
    "INR": 0.026699937439999998,
    "IDR": 0.0001404725385,
    "IRR": 0.00005325770534,
    "IQD": 0.00171160325,
    "ILS": 0.5976669147,
    "JMD": 0.014265761699999999,
    "JPY": 0.015206799029999999,
    "JOD": 3.1627797120000003,
    "KZT": 0.004684737414,
    "KES": null,
    "KWD": 7.3191702780000005,
    "KGS": 0.02624999804,
    "LAK": 0.00010117914450000001,
    "LBP": null,
    "LSL": 0.12241654240000001,
    "LRD": 0.01146459375,
    "LYD": null,
    "MOP": 0.2792487447,
    "MKD": 0.03979980532,
    "MGA": 0.0004911142955,
    "MWK": 0.001292513916,
    "MYR": 0.5033118814,
    "MVR": 0.1454875125,
    "MRU": 0.05660548771,
    "MUR": 0.048409134109999995,
    "MXN": 0.1190952105,
    "MDL": null,
    "MNT": null,
    "MAD": 0.228685401,
    "MZN": 0.035080293879999995,
    "MMK": 0.0006902296689,
    "NAD": 0.12241654240000001,
    "NPR": 0.01669542639,
    "ANG": 1.244386682,
    "TWD": 0.06898331033999999,
    "NZD": 1.3505087500000001,
    "NIO": 0.06089702666,
    "NGN": 0.001430143534,
    "KPW": null,
    "NOK": 0.2078393677,
    "OMR": null,
    "PKR": 0.008047514853,
    "PAB": 2.242956061,
    "PGK": 0.5694643547,
    "PYG": 0.00029623313940000003,
    "PEN": 0.6016765088,
    "PHP": 0.03910154503,
    "PLN": 0.5679103375,
    "QAR": 0.6148972518,
    "RON": 0.4918605741,
    "RUB": 0.02483944186,
    "RWF": 0.001685509504,
    "SHP": 2.862602662,
    "WST": null,
    "STN": null,
    "SAR": 0.5972109428,
    "RSD": null,
    "SCR": 0.1653399798,
    "SLL": 0.00011460391160000001,
    "SGD": 1.691887058,
    "SBD": 0.264302325,
    "SOS": 0.003938017214,
    "ZAR": 0.12288107790000001,
    "KRW": 0.001634476738,
    "SSP": null,
    "LKR": 0.007474528036,
    "SDG": 0.003726932465,
    "SRD": 0.07786692844,
    "SZL": 0.1224572974,
    "SEK": 0.2129909092,
    "CHF": 2.579962822,
    "SYP": null,
    "TJS": 0.2126544225,
    "TZS": 0.0008272140220000001,
    "THB": 0.0635497791,
    "TOP": 0.9448976250000001,
    "TTD": 0.32994928360000003,
    "TND": 0.7256444095,
    "TRY": 0.06681029239,
    "TMT": 0.64167852,
    "UGX": 0.0006018928377,
    "UAH": 0.05449804095,
    "AED": 0.6103280946,
    "GBP": 2.860652,
    "USD": 2.2417499999999997,
    "UYU": 0.0556178175,
    "UZS": null,
    "VUV": null,
    "VES": 0.06121708131,
    "VND": 0.00008925056857,
    "XOF": 0.0037312718199999997,
    "YER": 0.008952711085,
    "ZMW": 0.08581311395999999,
    "ZWL": null,
    "AFN": 0.0316547358801185,
    "ALL": 0.024462538400161386,
    "DZD": 0.01665240017797979,
    "AOA": 0.0025201568324141116,
    "ARS": 0.0023930392341096505,
    "AMD": 0.005768918692917632,
    "AWG": 1.2453775011943793,
    "AUD": 1.4783976036542066,
    "AZN": 1.3186350012646368,
    "BSD": 2.241689814260417,
    "BHD": 5.947587161726296,
    "BDT": 0.019073237428139045,
    "BBD": 1.109967068670081,
    "BYN": 0.684819577779872,
    "BZD": 1.1118322421678843,
    "BMD": 2.2416795021498825,
    "BTN": 0.0267077025958938,
    "BOB": 0.32434394552007456,
    "BAM": 1.2513939251904818,
    "BWP": 0.16554902653666068,
    "BRL": 0.4070031808173637,
    "BND": 1.6927483094581455,
    "BGN": 1.251356203116048,
    "BIF": null,
    "CVE": 0.02219671459635065,
    "KHR": 0.0005466315058996769,
    "XAF": 0.003731256995479549,
    "CAD": 1.633293868941001,
    "KYD": 2.6901262360405735,
    "CLP": 0.0024043841798886073,
    "CNY": 0.3121551115230948,
    "COP": 0.0005506459106542176,
    "KMF": 0.004969913539974698,
    "CDF": 0.0007821631204472778,
    "CRC": null,
    "HRK": null,
    "CUP": 0.09338129019137151,
    "CZK": 0.09715175101371003,
    "DKK": 0.3279706660596174,
    "DJF": 0.012585369029579482,
    "DOP": null,
    "EGP": 0.045479397505932946,
    "ERN": null,
    "ETB": 0.020997529975718934,
    "EUR": 2.4478360028208863,
    "FJD": 1
  }
}