{
  "meta": {
    "code": "FJD",
    "createdAt": "2024-08-26T18:36:06Z"
  },
  "data": {
    "GMD": 0.03129219822,
    "GEL": 0.8186603253,
    "GHS": null,
    "GIP": null,
    "GTQ": 0.2849870865,
    "GNF": 0.0002556315065,
    "GYD": 0.01056303623,
    "HTG": 0.0167276297,
    "HNL": 0.08869181623,
    "HKD": 0.2829365165,
    "HUF": 0.006242590139,
    "ISK": 0.016108798799999997,
    "INR": 0.026305271659999997,
    "IDR": 0.0001427112853,
    "IRR": 0.00005233926363,
    "IQD": 0.001684045782,
    "ILS": 0.5993297750000001,
    "JMD": 0.014095805349999999,
    "JPY": 0.015257718509999999,
    "JOD": 3.112921817,
    "KZT": 0.004564800349,
    "KES": 0.0171015502,
    "KWD": 7.221794097,
    "KGS": 0.02589015203,
    "LAK": 0.00009989132776,
    "LBP": 0.00002463539736,
    "LSL": 0.12456803870000001,
    "LRD": 0.011313630869999999,
    "LYD": 0.4629800438,
    "MOP": 0.2748478509,
    "MKD": 0.04000389519,
    "MGA": 0.0004816812197,
    "MWK": null,
    "MYR": 0.5043669651,
    "MVR": 0.1437259589,
    "MRU": 0.055457515379999996,
    "MUR": 0.04786678856,
    "MXN": 0.1142395793,
    "MDL": 0.1268617805,
    "MNT": null,
    "MAD": 0.22869434160000002,
    "MZN": 0.03452782552,
    "MMK": 0.0006792531159,
    "NAD": 0.12456803870000001,
    "NPR": 0.01643630758,
    "ANG": 1.2247386960000002,
    "TWD": 0.06925228073999999,
    "NZD": null,
    "NIO": 0.05994836946,
    "NGN": 0.001387484259,
    "KPW": null,
    "NOK": 0.2092585124,
    "OMR": 5.731794157,
    "PKR": 0.007917810485,
    "PAB": 2.206898608,
    "PGK": null,
    "PYG": null,
    "PEN": 0.5885287315000001,
    "PHP": 0.039301318519999996,
    "PLN": 0.5750065077000001,
    "QAR": 0.6059468396000001,
    "RON": 0.49493037240000004,
    "RUB": 0.023979446619999997,
    "RWF": 0.001655609749,
    "SHP": 2.9133756600000003,
    "WST": null,
    "STN": null,
    "SAR": 0.587925672,
    "RSD": 0.02104755979,
    "SCR": 0.16501140450000001,
    "SLL": 0.00011460391160000001,
    "SGD": null,
    "SBD": 0.26098163,
    "SOS": 0.003863572491,
    "ZAR": 0.1245975938,
    "KRW": 0.001659820443,
    "SSP": null,
    "LKR": 0.007332180723,
    "SDG": 0.003667663972,
    "SRD": 0.07661798536,
    "SZL": 0.12456803870000001,
    "SEK": 0.21610126100000002,
    "CHF": 2.6031274040000003,
    "SYP": null,
    "TJS": 0.2071518413,
    "TZS": 0.0008142201078,
    "THB": 0.06490438856,
    "TOP": 0.94266653,
    "TTD": 0.3249016126,
    "TND": null,
    "TRY": 0.06489216676,
    "TMT": null,
    "UGX": null,
    "UAH": 0.05338250184,
    "AED": 0.6006261677,
    "GBP": 2.9101216620000003,
    "USD": 2.2060999999999997,
    "UYU": 0.054799523999999995,
    "UZS": null,
    "VUV": null,
    "VES": 0.0603748461,
    "VND": 0.00008869647111,
    "XOF": 0.003679899885,
    "YER": 0.008813859254,
    "ZMW": 0.08387462039999999,
    "ZWL": null,
    "AFN": 0.03107087881106661,
    "ALL": 0.024607165597960404,
    "DZD": 0.01644514547826534,
    "AOA": 0.002438844490961967,
    "ARS": 0.00232338298551315,
    "AMD": 0.005684039052140289,
    "AWG": 1.2238737285551868,
    "AUD": 1.4947082249817099,
    "AZN": 1.2976661150504287,
    "BSD": 2.2057765259466606,
    "BHD": null,
    "BDT": 0.018459286370667478,
    "BBD": 1.0924738254376423,
    "BYN": 0.6740286447830703,
    "BZD": 1.094341353922568,
    "BMD": 2.206032395585729,
    "BTN": 0.026293984066443055,
    "BOB": 0.31920175781292615,
    "BAM": 1.2600031389324196,
    "BWP": 0.16631151178719394,
    "BRL": 0.40220835683812156,
    "BND": null,
    "BGN": null,
    "BIF": 0.0007653191313123361,
    "CVE": 0.022232626814898907,
    "KHR": 0.0005400324103259226,
    "XAF": 0.0037566886653634004,
    "CAD": 1.6367653921840992,
    "KYD": 2.6469426292096436,
    "CLP": 0.002432068877311303,
    "CNY": 0.3097403043901291,
    "COP": null,
    "KMF": 0.005001773939148807,
    "CDF": 0.0007781419387809639,
    "CRC": 0.004192399812360258,
    "HRK": null,
    "CUP": 0.09191005102270676,
    "CZK": 0.09836941035720859,
    "DKK": 0.33014058391341106,
    "DJF": 0.012412966439262487,
    "DOP": 0.036921044284401246,
    "EGP": 0.045268010919987785,
    "ERN": null,
    "ETB": 0.019887603296780805,
    "EUR": 2.46294186127071,
    "FJD": 1
  }
}