{
  "meta": {
    "code": "FJD",
    "createdAt": "2024-08-21T13:05:29Z"
  },
  "data": {
    "GMD": 0.03163499936,
    "GEL": 0.8202679326000001,
    "GHS": 0.14157138290000001,
    "GIP": null,
    "GTQ": 0.2858888166,
    "GNF": 0.000256707016,
    "GYD": 0.01059616318,
    "HTG": 0.01678864673,
    "HNL": 0.08933202021999999,
    "HKD": 0.2841351937,
    "HUF": 0.006279281133,
    "ISK": 0.016134426009999998,
    "INR": 0.026394095979999997,
    "IDR": 0.0001427383537,
    "IRR": 0.00005259351523,
    "IQD": 0.001689769732,
    "ILS": 0.5949401160000001,
    "JMD": 0.014095191259999999,
    "JPY": null,
    "JOD": 3.1247041010000003,
    "KZT": 0.0046289644849999995,
    "KES": 0.01715471967,
    "KWD": 7.24599928,
    "KGS": 0.025867052449999997,
    "LAK": 0.0001000778602,
    "LBP": 0.0000247088331,
    "LSL": 0.1242950412,
    "LRD": 0.011346837589999999,
    "LYD": 0.46298347640000004,
    "MOP": 0.275751286,
    "MKD": 0.040003485629999995,
    "MGA": 0.0004849880231,
    "MWK": 0.001276031859,
    "MYR": 0.5055824081,
    "MVR": 0.1437157677,
    "MRU": 0.05589222417,
    "MUR": 0.04807112558,
    "MXN": 0.11576701710000001,
    "MDL": 0.1276298257,
    "MNT": null,
    "MAD": null,
    "MZN": 0.034671820799999996,
    "MMK": 0.0006818240617000001,
    "NAD": null,
    "NPR": null,
    "ANG": 1.2284971390000001,
    "TWD": 0.06941306460999999,
    "NZD": 1.3614106430000001,
    "NIO": 0.06012140957,
    "NGN": 0.0014054289039999999,
    "KPW": null,
    "NOK": 0.2109352203,
    "OMR": 5.752523268,
    "PKR": 0.007918275298,
    "PAB": 2.213756655,
    "PGK": 0.5609161989,
    "PYG": 0.00029186960320000003,
    "PEN": 0.5902186871,
    "PHP": 0.039272694989999996,
    "PLN": 0.5745696119,
    "QAR": 0.6069099490000001,
    "RON": 0.4950821506,
    "RUB": 0.024181926859999998,
    "RWF": null,
    "SHP": 2.877677775,
    "WST": null,
    "STN": null,
    "SAR": 0.590186644,
    "RSD": 0.02104990489,
    "SCR": 0.1632925022,
    "SLL": 0.00011460391160000001,
    "SGD": 1.694751801,
    "SBD": 0.260197875,
    "SOS": 0.003887050658,
    "ZAR": 0.12379355680000001,
    "KRW": 0.0016578575139999999,
    "SSP": null,
    "LKR": 0.0073677940299999994,
    "SDG": 0.003681545933,
    "SRD": 0.07664047802,
    "SZL": 0.1242482941,
    "SEK": 0.2167235711,
    "CHF": 2.594028874,
    "SYP": null,
    "TJS": 0.2077848108,
    "TZS": 0.0008182177948,
    "THB": 0.06471785486,
    "TOP": 0.9424699200000001,
    "TTD": 0.326379592,
    "TND": 0.7258801902,
    "TRY": 0.0652622331,
    "TMT": 0.6320516406000001,
    "UGX": 0.0005949669108,
    "UAH": 0.053521949969999996,
    "AED": 0.6029159005,
    "GBP": 2.889358998,
    "USD": 2.21445,
    "UYU": 0.054969159479999995,
    "UZS": 0.0001752684028,
    "VUV": null,
    "VES": 0.060443833489999994,
    "VND": 0.00008879125153,
    "XOF": 0.00375272655,
    "YER": 0.008844570874999999,
    "ZMW": 0.08526682148999999,
    "ZWL": null,
    "AFN": 0.03128134940589169,
    "ALL": 0.024684412056650527,
    "DZD": 0.01653596492543912,
    "AOA": 0.002486673020351639,
    "ARS": 0.0023463546866879115,
    "AMD": 0.0057018805368207175,
    "AWG": 1.2293586812619761,
    "AUD": null,
    "AZN": 1.3025778380136084,
    "BSD": 2.212680773455247,
    "BHD": 5.8757161607829,
    "BDT": 0.018555177666909783,
    "BBD": 1.0958984765314943,
    "BYN": 0.6761144497413512,
    "BZD": 1.0977009884417597,
    "BMD": 2.2143823246231342,
    "BTN": 0.026372394000348933,
    "BOB": 0.3202140530012844,
    "BAM": 1.2585793835702155,
    "BWP": 0.16617355945205237,
    "BRL": 0.40511934226171825,
    "BND": 1.6928195447885142,
    "BGN": 1.2591039416065062,
    "BIF": 0.000766538156544722,
    "CVE": 0.022323761698522036,
    "KHR": 0.0005413475920651227,
    "XAF": 0.003752543544374569,
    "CAD": null,
    "KYD": 2.655085337358026,
    "CLP": 0.0023944704470978254,
    "CNY": 0.3105115860775133,
    "COP": 0.0005521365603330055,
    "KMF": 0.005001428175320462,
    "CDF": 0.0007702199389993511,
    "CRC": 0.004252949421806231,
    "HRK": null,
    "CUP": 0.09219209969721515,
    "CZK": 0.09819006411913304,
    "DKK": 0.3301559434580993,
    "DJF": 0.012425565113486761,
    "DOP": 0.037032523375930486,
    "EGP": 0.04535958419598549,
    "ERN": null,
    "ETB": 0.020283334401406394,
    "EUR": 2.4640524379533177,
    "FJD": 1
  }
}