{
  "meta": {
    "code": "FJD",
    "createdAt": "2024-08-16T18:04:53Z"
  },
  "data": {
    "GMD": 0.032351447879999995,
    "GEL": 0.8298786715,
    "GHS": 0.14254469890000002,
    "GIP": null,
    "GTQ": 0.2883290177,
    "GNF": 0.0002586616339,
    "GYD": 0.01068829203,
    "HTG": 0.016925673999999998,
    "HNL": 0.08996123756999999,
    "HKD": 0.2863309307,
    "HUF": null,
    "ISK": 0.01611965607,
    "INR": 0.02661092012,
    "IDR": 0.0001424083977,
    "IRR": 0.00005301626787,
    "IQD": 0.001704007614,
    "ILS": 0.6076389867,
    "JMD": 0.0142172181,
    "JPY": 0.015107533159999999,
    "JOD": 3.149820827,
    "KZT": 0.0046562547389999995,
    "KES": 0.01730426337,
    "KWD": 7.296823445,
    "KGS": 0.0260472569,
    "LAK": 0.00010100678550000001,
    "LBP": 0.00002491350382,
    "LSL": 0.1240828217,
    "LRD": 0.011416983249999998,
    "LYD": 0.4650520758,
    "MOP": 0.2780899101,
    "MKD": 0.039953145329999995,
    "MGA": null,
    "MWK": null,
    "MYR": 0.5031844195,
    "MVR": 0.1449650606,
    "MRU": 0.0563623057,
    "MUR": 0.04830834547,
    "MXN": 0.1197267287,
    "MDL": 0.127997215,
    "MNT": null,
    "MAD": 0.22857548,
    "MZN": 0.034964468389999996,
    "MMK": 0.0006872773404,
    "NAD": 0.1240828217,
    "NPR": 0.01661955216,
    "ANG": 1.2391898350000001,
    "TWD": null,
    "NZD": 1.3500648000000002,
    "NIO": 0.06060955644,
    "NGN": 0.0014038425149999999,
    "KPW": null,
    "NOK": 0.2087310007,
    "OMR": 5.798851992,
    "PKR": 0.008014348956,
    "PAB": null,
    "PGK": null,
    "PYG": 0.00029499853420000003,
    "PEN": 0.596555218,
    "PHP": 0.03910466711,
    "PLN": 0.5765658434,
    "QAR": 0.6130872392,
    "RON": 0.4940362126,
    "RUB": 0.02495492545,
    "RWF": 0.0016930223539999999,
    "SHP": 2.8638651370000003,
    "WST": null,
    "STN": null,
    "SAR": 0.5948386848,
    "RSD": 0.021007632199999998,
    "SCR": 0.1591079716,
    "SLL": 0.00011460391160000001,
    "SGD": 1.6956729060000002,
    "SBD": 0.262289375,
    "SOS": 0.003921353394,
    "ZAR": 0.12486648430000001,
    "KRW": 0.0016519897819999999,
    "SSP": null,
    "LKR": 0.007472575184,
    "SDG": 0.003711138617,
    "SRD": 0.07773811517,
    "SZL": 0.1240483446,
    "SEK": 0.2133790586,
    "CHF": 2.573485128,
    "SYP": null,
    "TJS": 0.2095935421,
    "TZS": 0.0008234046331000001,
    "THB": 0.06436583493999999,
    "TOP": 0.941339825,
    "TTD": 0.3287035002,
    "TND": 0.7283043765,
    "TRY": 0.06625862669,
    "TMT": 0.63895924,
    "UGX": 0.0005995756532,
    "UAH": 0.05414134866,
    "AED": 0.6077456882,
    "GBP": 2.8864889910000002,
    "USD": 2.23225,
    "UYU": 0.055337477499999996,
    "UZS": null,
    "VUV": null,
    "VES": 0.06094131789999999,
    "VND": 0.00008907615045,
    "XOF": 0.003740710795,
    "YER": 0.008918334309,
    "ZMW": 0.08510593756,
    "ZWL": null,
    "AFN": 0.03143916513372441,
    "ALL": 0.02463775634099816,
    "DZD": 0.016618750601369223,
    "AOA": 0.002526520344645652,
    "ARS": 0.0023708770307959994,
    "AMD": 0.005751264365722368,
    "AWG": null,
    "AUD": 1.4873014756999143,
    "AZN": 1.3130474849967253,
    "BSD": 2.231845947901161,
    "BHD": 5.922674298766911,
    "BDT": 0.01899435682331391,
    "BBD": null,
    "BYN": 0.6819788020856297,
    "BZD": 1.107211632182585,
    "BMD": 2.2321807244944334,
    "BTN": 0.026586547326426423,
    "BOB": 0.32298159712064617,
    "BAM": null,
    "BWP": null,
    "BRL": 0.40739915775552915,
    "BND": 1.692201058960876,
    "BGN": 1.2557060381114566,
    "BIF": null,
    "CVE": 0.022183162479447783,
    "KHR": 0.0005444343230474228,
    "XAF": 0.0037406277799468947,
    "CAD": 1.6302214529811454,
    "KYD": 2.6781175617711765,
    "CLP": 0.002371506745810819,
    "CNY": 0.3115612708564174,
    "COP": 0.0005546479626002965,
    "KMF": null,
    "CDF": 0.0007774924156003605,
    "CRC": null,
    "HRK": null,
    "CUP": 0.09299300004398475,
    "CZK": 0.09761538299579522,
    "DKK": null,
    "DJF": null,
    "DOP": 0.03723404044194217,
    "EGP": 0.0456549632516558,
    "ERN": null,
    "ETB": 0.0203619678403141,
    "EUR": 2.4581999162433763,
    "FJD": 1
  }
}