{
  "meta": {
    "code": "FJD",
    "createdAt": "2024-07-24T12:41:50Z"
  },
  "data": {
    "GMD": 0.03323689901,
    "GEL": 0.8294626897,
    "GHS": 0.14524450020000002,
    "GIP": null,
    "GTQ": 0.2903072351,
    "GNF": 0.00026125856470000003,
    "GYD": 0.0107812491,
    "HTG": 0.01705626585,
    "HNL": 0.09093964104999999,
    "HKD": 0.2883504209,
    "HUF": 0.0062104846659999996,
    "ISK": 0.01631620885,
    "INR": 0.026900655819999997,
    "IDR": 0.00013864535260000002,
    "IRR": 0.00005348058326,
    "IQD": 0.001719278573,
    "ILS": 0.6201378387,
    "JMD": 0.01438651826,
    "JPY": 0.01461969891,
    "JOD": 3.177406893,
    "KZT": 0.004750061761,
    "KES": 0.01699471695,
    "KWD": null,
    "KGS": 0.02673479949,
    "LAK": 0.000101578698,
    "LBP": 0.00002513954556,
    "LSL": 0.1229825298,
    "LRD": 0.011545069339999998,
    "LYD": 0.465849907,
    "MOP": 0.28001133,
    "MKD": 0.03962377618,
    "MGA": 0.0004954790914,
    "MWK": 0.001298327081,
    "MYR": 0.4819264079,
    "MVR": 0.1466077849,
    "MRU": 0.056879263279999995,
    "MUR": 0.04820952929,
    "MXN": 0.12282555690000001,
    "MDL": 0.126652491,
    "MNT": null,
    "MAD": 0.2279256197,
    "MZN": 0.035270686489999994,
    "MMK": 0.0006933240408,
    "NAD": 0.1229825298,
    "NPR": 0.01681145015,
    "ANG": 1.249973279,
    "TWD": 0.06878668034999999,
    "NZD": 1.337264711,
    "NIO": 0.061171565629999994,
    "NGN": 0.001356175598,
    "KPW": null,
    "NOK": 0.20439138240000002,
    "OMR": 5.849599939,
    "PKR": 0.008083707546,
    "PAB": 2.252394475,
    "PGK": 0.5825055319,
    "PYG": 0.00029731934030000003,
    "PEN": 0.5992429361,
    "PHP": 0.03841057389,
    "PLN": 0.56902986,
    "QAR": 0.6170775749,
    "RON": 0.4913380312,
    "RUB": 0.026001692219999997,
    "RWF": 0.001714236793,
    "SHP": 2.9067360300000002,
    "WST": null,
    "STN": null,
    "SAR": 0.6002632492000001,
    "RSD": 0.02086526234,
    "SCR": 0.1662189138,
    "SLL": 0.00011460391160000001,
    "SGD": 1.675812078,
    "SBD": 0.2657124,
    "SOS": 0.003955439822,
    "ZAR": 0.12268369350000001,
    "KRW": 0.001628982969,
    "SSP": null,
    "LKR": 0.007417055401,
    "SDG": 0.003842662022,
    "SRD": null,
    "SZL": 0.12300824540000001,
    "SEK": 0.2089647882,
    "CHF": 2.541480559,
    "SYP": null,
    "TJS": 0.211410243,
    "TZS": 0.0008386955200000001,
    "THB": 0.062319762949999996,
    "TOP": 0.94778262,
    "TTD": 0.3313413361,
    "TND": null,
    "TRY": 0.06854731401,
    "TMT": 0.6427121337,
    "UGX": 0.0006053254983,
    "UAH": 0.054590702649999996,
    "AED": 0.6130716903,
    "GBP": 2.9087176140000004,
    "USD": 2.2518,
    "UYU": 0.05609920599,
    "UZS": 0.0001788926747,
    "VUV": null,
    "VES": 0.06166378659,
    "VND": 0.00008879320278,
    "XOF": 0.003721241363,
    "YER": 0.008994659725,
    "ZMW": null,
    "ZWL": null,
    "AFN": 0.031815644396170975,
    "ALL": 0.024280274435561782,
    "DZD": 0.01672561973172018,
    "AOA": 0.0025719341755493746,
    "ARS": 0.002431638494117668,
    "AMD": 0.005797596157315235,
    "AWG": 1.2509602057799514,
    "AUD": 1.4854539694130515,
    "AZN": 1.3245461002375958,
    "BSD": 2.251125069313154,
    "BHD": 5.973963352924926,
    "BDT": 0.019159308367123307,
    "BBD": 1.1149206813573997,
    "BYN": 0.6878862941565648,
    "BZD": 1.1168079892415894,
    "BMD": 2.251728370403913,
    "BTN": 0.026893755667719496,
    "BOB": 0.3258003465925989,
    "BAM": 1.248029416776212,
    "BWP": 0.1659119197940501,
    "BRL": 0.39975634834578067,
    "BND": 1.6741400190620361,
    "BGN": 1.2482452723430548,
    "BIF": 0.000781461840263003,
    "CVE": 0.022136644110723525,
    "KHR": 0.0005481463920251598,
    "XAF": 0.003721122081843549,
    "CAD": 1.633492352528838,
    "KYD": 2.7013016886436816,
    "CLP": 0.0023737885792223584,
    "CNY": 0.3094861485449351,
    "COP": 0.000560619537152241,
    "KMF": 0.0049624867685773575,
    "CDF": 0.0007859435850920694,
    "CRC": 0.004246513782151568,
    "HRK": null,
    "CUP": 0.0937976280906037,
    "CZK": 0.0960471067876014,
    "DKK": 0.3273703220917473,
    "DJF": 0.012641892439557465,
    "DOP": 0.038026111665406336,
    "EGP": 0.04657046123708474,
    "ERN": null,
    "ETB": 0.03894473281658193,
    "EUR": 2.4427780410314885,
    "FJD": 1
  }
}