{
  "meta": {
    "code": "FJD",
    "createdAt": "2024-08-16T17:03:57Z"
  },
  "data": {
    "GMD": 0.03237246237,
    "GEL": 0.8304177348,
    "GHS": 0.1426372915,
    "GIP": null,
    "GTQ": 0.2885163072,
    "GNF": 0.0002588296524,
    "GYD": 0.010695234809999999,
    "HTG": 0.01693666839,
    "HNL": 0.09001967358999999,
    "HKD": 0.2865062006,
    "HUF": 0.006235027326,
    "ISK": null,
    "INR": 0.026627513289999998,
    "IDR": 0.0001425067094,
    "IRR": 0.00005305070558,
    "IQD": 0.001705114484,
    "ILS": 0.6080336900000001,
    "JMD": 0.01422645316,
    "JPY": 0.015100370419999998,
    "JOD": 3.1523113580000004,
    "KZT": 0.004659279297,
    "KES": 0.01731550368,
    "KWD": 7.300671987,
    "KGS": 0.02606417639,
    "LAK": 0.0001009581918,
    "LBP": 0.00002494360504,
    "LSL": 0.12416342200000001,
    "LRD": 0.01142587361,
    "LYD": 0.4653541592,
    "MOP": 0.2782705487,
    "MKD": 0.03992609195,
    "MGA": 0.0004850597042,
    "MWK": 0.001287435144,
    "MYR": 0.5035112724,
    "MVR": 0.1450592254,
    "MRU": 0.0563989169,
    "MUR": 0.04833972507,
    "MXN": 0.1199752926,
    "MDL": 0.128080358,
    "MNT": null,
    "MAD": 0.22872395550000002,
    "MZN": 0.03498718022,
    "MMK": 0.0006877237743,
    "NAD": 0.12416342200000001,
    "NPR": 0.0166303477,
    "ANG": 1.2399947740000001,
    "TWD": 0.06926781878999999,
    "NZD": 1.349188305,
    "NIO": 0.06064892651,
    "NGN": 0.001404754407,
    "KPW": null,
    "NOK": 0.2085036096,
    "OMR": 5.802540566,
    "PKR": 0.008019554827,
    "PAB": 2.234519767,
    "PGK": 0.5749253419,
    "PYG": 0.00029519015610000003,
    "PEN": 0.5969427217000001,
    "PHP": 0.03912321082,
    "PLN": 0.5766352392,
    "QAR": 0.6134854816,
    "RON": 0.49402899250000004,
    "RUB": 0.02497330208,
    "RWF": 0.001694122089,
    "SHP": 2.865725415,
    "WST": null,
    "STN": null,
    "SAR": 0.5952261009,
    "RSD": 0.02100783413,
    "SCR": 0.1592061857,
    "SLL": 0.00011460391160000001,
    "SGD": 1.6957691970000002,
    "SBD": 0.26245975,
    "SOS": 0.003923900583,
    "ZAR": 0.124878483,
    "KRW": 0.001653172985,
    "SSP": null,
    "LKR": 0.007477429136,
    "SDG": null,
    "SRD": 0.07778861143,
    "SZL": 0.1241289225,
    "SEK": 0.21313183600000002,
    "CHF": 2.5728516050000003,
    "SYP": null,
    "TJS": 0.2097296875,
    "TZS": 0.0008239394911000001,
    "THB": 0.06425756267999999,
    "TOP": 0.94195129,
    "TTD": 0.32891701570000004,
    "TND": 0.7287774603,
    "TRY": 0.06629881602,
    "TMT": 0.6393742880000001,
    "UGX": 0.0005999651189,
    "UAH": null,
    "AED": 0.6081404609000001,
    "GBP": 2.8871130920000003,
    "USD": 2.2337,
    "UYU": 0.055373423,
    "UZS": 0.000176716772,
    "VUV": null,
    "VES": 0.060973643949999996,
    "VND": 0.00008913401154,
    "XOF": 0.003743140644,
    "YER": 0.008924127381,
    "ZMW": 0.08516121973,
    "ZWL": null,
    "AFN": 0.03145957909530726,
    "ALL": 0.024653754037161316,
    "DZD": 0.016625704259283593,
    "AOA": 0.0025281608557432534,
    "ARS": 0.002373068286462835,
    "AMD": 0.005754998752494676,
    "AWG": 1.240905619870453,
    "AUD": 1.486579379959226,
    "AZN": 1.3139000680981265,
    "BSD": 2.2332951217729087,
    "BHD": 5.9256631038929335,
    "BDT": 0.01900669016772314,
    "BBD": 1.1060838326462965,
    "BYN": 0.6824216218226445,
    "BZD": 1.1079305627804046,
    "BMD": 2.233630115766815,
    "BTN": 0.026603810404278082,
    "BOB": 0.32319131442010024,
    "BAM": 1.255397792617716,
    "BWP": 0.16682189866953342,
    "BRL": 0.40841655074794125,
    "BND": 1.6932998327078863,
    "BGN": 1.2560832930335757,
    "BIF": 0.0007769148231772125,
    "CVE": 0.0221975663691008,
    "KHR": 0.0005447878331138574,
    "XAF": 0.0037430566304184564,
    "CAD": 1.630880972054351,
    "KYD": 2.6798565066224174,
    "CLP": 0.0023730466038771082,
    "CNY": 0.3117548699116776,
    "COP": 0.0005559322407258629,
    "KMF": 0.004997494386249589,
    "CDF": 0.0007779972542609703,
    "CRC": 0.004245693615892146,
    "HRK": null,
    "CUP": 0.09305338191126822,
    "CZK": 0.09751160667246377,
    "DKK": 0.32948770723439885,
    "DJF": 0.012568254084397403,
    "DOP": 0.03725821711731311,
    "EGP": 0.04568270168630704,
    "ERN": null,
    "ETB": 0.020375189198454657,
    "EUR": 2.458726529939774,
    "FJD": 1
  }
}