{
  "meta": {
    "code": "FJD",
    "createdAt": "2024-07-26T08:33:53Z"
  },
  "data": {
    "GMD": 0.033335053989999995,
    "GEL": 0.836566241,
    "GHS": 0.1457381624,
    "GIP": null,
    "GTQ": 0.2914005764,
    "GNF": 0.0002621391948,
    "GYD": 0.01081732958,
    "HTG": 0.01711406434,
    "HNL": 0.09125969601999999,
    "HKD": 0.2893297133,
    "HUF": 0.006245165311,
    "ISK": null,
    "INR": 0.02697560433,
    "IDR": 0.00013854687370000001,
    "IRR": 0.00005363852175,
    "IQD": 0.001725221824,
    "ILS": 0.6144063539,
    "JMD": 0.01443291154,
    "JPY": 0.014629019529999999,
    "JOD": 3.186790389,
    "KZT": 0.004757585274,
    "KES": 0.01710946952,
    "KWD": null,
    "KGS": 0.02682244528,
    "LAK": null,
    "LBP": 0.00002522575727,
    "LSL": 0.12221803170000001,
    "LRD": 0.01156060038,
    "LYD": null,
    "MOP": 0.2811325335,
    "MKD": 0.03978643611,
    "MGA": 0.0004972720705,
    "MWK": 0.0013027105459999999,
    "MYR": 0.4852187228,
    "MVR": 0.1471365269,
    "MRU": 0.057073317049999996,
    "MUR": 0.048279518009999994,
    "MXN": 0.12313628360000001,
    "MDL": null,
    "MNT": null,
    "MAD": 0.2296761216,
    "MZN": 0.03534715904,
    "MMK": 0.0006953715605,
    "NAD": null,
    "NPR": 0.016869783609999998,
    "ANG": 1.254232465,
    "TWD": 0.0688289513,
    "NZD": 1.3315704430000002,
    "NIO": 0.061384151549999995,
    "NGN": null,
    "KPW": null,
    "NOK": 0.2053123018,
    "OMR": 5.8668817120000005,
    "PKR": 0.008114305959,
    "PAB": 2.260055757,
    "PGK": null,
    "PYG": 0.0002979247868,
    "PEN": 0.6038566822,
    "PHP": 0.038648606419999995,
    "PLN": 0.5725848285,
    "QAR": 0.6192892357,
    "RON": null,
    "RUB": 0.026416082379999997,
    "RWF": 0.001723788386,
    "SHP": 2.915094337,
    "WST": null,
    "STN": null,
    "SAR": null,
    "RSD": 0.0209249426,
    "SCR": 0.1614167514,
    "SLL": null,
    "SGD": 1.680264215,
    "SBD": 0.2664971,
    "SOS": 0.00396894131,
    "ZAR": 0.1236984909,
    "KRW": 0.0016280402689999999,
    "SSP": null,
    "LKR": 0.007446202246,
    "SDG": 0.003854010144,
    "SRD": 0.07804443909,
    "SZL": 0.12224764,
    "SEK": 0.2090008023,
    "CHF": 2.554659268,
    "SYP": null,
    "TJS": 0.2127329813,
    "TZS": 0.0008364629621,
    "THB": null,
    "TOP": 0.9471939300000001,
    "TTD": 0.33247342560000004,
    "TND": 0.7278520464,
    "TRY": 0.06832150017,
    "TMT": 0.62107375,
    "UGX": 0.0006045900009,
    "UAH": 0.054810594059999995,
    "AED": 0.6148831127000001,
    "GBP": 2.905157157,
    "USD": 2.25845,
    "UYU": 0.056099897999999995,
    "UZS": 0.000178928863,
    "VUV": null,
    "VES": 0.06181797721,
    "VND": null,
    "XOF": 0.003736998495,
    "YER": 0.009021213658,
    "ZMW": 0.08651812542,
    "ZWL": null,
    "AFN": 0.031900321651900224,
    "ALL": 0.024426826506804198,
    "DZD": 0.016804125641112135,
    "AOA": 0.002587995278929323,
    "ARS": 0.0024297139893569336,
    "AMD": 0.0058224567633312786,
    "AWG": 1.2546543599126088,
    "AUD": 1.480479264573086,
    "AZN": 1.328457557554527,
    "BSD": 2.258783751347649,
    "BHD": 5.992127820504153,
    "BDT": 0.01922383636121149,
    "BBD": 1.1187731459752706,
    "BYN": 0.6903516867986841,
    "BZD": 1.120665701049324,
    "BMD": 2.258377847842696,
    "BTN": 0.02698603136522954,
    "BOB": 0.32691812203885534,
    "BAM": 1.253314010242591,
    "BWP": 0.16580300406890022,
    "BRL": 0.4000694864688268,
    "BND": 1.6830681328009836,
    "BGN": 1.253147102567644,
    "BIF": 0.0007840895509052453,
    "CVE": 0.022230579042693377,
    "KHR": 0.0005502179547571974,
    "XAF": null,
    "CAD": 1.6345513320024267,
    "KYD": 2.7106403257139022,
    "CLP": 0.0023844181941111322,
    "CNY": null,
    "COP": 0.0005601830208454678,
    "KMF": 0.004971936481276069,
    "CDF": 0.0007882645196275027,
    "CRC": 0.004272143847635747,
    "HRK": null,
    "CUP": 0.09411888118988493,
    "CZK": 0.09656965055530292,
    "DKK": 0.32826690815844983,
    "DJF": 0.01268490775446033,
    "DOP": 0.0381355969611825,
    "EGP": 0.04671909820868073,
    "ERN": null,
    "ETB": 0.03907405228934925,
    "EUR": 2.4493805426348003,
    "FJD": 1
  }
}