{
  "meta": {
    "code": "FJD",
    "createdAt": "2024-08-21T15:04:10Z"
  },
  "data": {
    "GMD": 0.03186906428,
    "GEL": 0.8204346198,
    "GHS": 0.14170825210000002,
    "GIP": null,
    "GTQ": 0.2859469123,
    "GNF": 0.0002566512052,
    "GYD": 0.01059831643,
    "HTG": 0.01679205836,
    "HNL": 0.0892437475,
    "HKD": 0.2841628104,
    "HUF": 0.006279088671,
    "ISK": 0.01618369133,
    "INR": 0.02639974748,
    "IDR": 0.000142848425,
    "IRR": 0.0000526042028,
    "IQD": 0.001690763339,
    "ILS": 0.5944125358,
    "JMD": 0.01409805556,
    "JPY": 0.015223831189999999,
    "JOD": 3.125339074,
    "KZT": 0.00462990514,
    "KES": 0.01716976725,
    "KWD": 7.248337771,
    "KGS": 0.02587230891,
    "LAK": 0.0001001084743,
    "LBP": 0.00002471986543,
    "LSL": 0.1241535859,
    "LRD": 0.01133688812,
    "LYD": 0.46433960960000004,
    "MOP": 0.2758073216,
    "MKD": 0.039949597569999995,
    "MGA": 0.0004809771853,
    "MWK": 0.001276231626,
    "MYR": 0.5059739709000001,
    "MVR": 0.14374497220000002,
    "MRU": 0.055960079739999995,
    "MUR": 0.04806818063,
    "MXN": 0.11517037020000001,
    "MDL": null,
    "MNT": null,
    "MAD": 0.2284815311,
    "MZN": 0.034678866489999995,
    "MMK": 0.0006819626157,
    "NAD": 0.1241535859,
    "NPR": null,
    "ANG": 1.228746783,
    "TWD": 0.06943478935,
    "NZD": 1.361971889,
    "NIO": 0.060105834319999996,
    "NGN": 0.001405714502,
    "KPW": null,
    "NOK": 0.2107023295,
    "OMR": 5.753676738,
    "PKR": 0.007950820992,
    "PAB": 2.2142065140000002,
    "PGK": 0.5613594723,
    "PYG": 0.0002919289142,
    "PEN": 0.591744578,
    "PHP": 0.039276511609999995,
    "PLN": 0.5753534985000001,
    "QAR": null,
    "RON": 0.4952049056,
    "RUB": 0.02420698319,
    "RWF": 0.001681776759,
    "SHP": 2.8859039550000003,
    "WST": null,
    "STN": null,
    "SAR": 0.5902905404000001,
    "RSD": 0.021056970129999998,
    "SCR": null,
    "SLL": 0.00011460391160000001,
    "SGD": 1.6955068350000002,
    "SBD": 0.26025075000000003,
    "SOS": 0.003878984049,
    "ZAR": 0.12398263770000001,
    "KRW": 0.00165802076,
    "SSP": null,
    "LKR": 0.0073692912449999995,
    "SDG": 0.0036822940629999998,
    "SRD": 0.076831552,
    "SZL": 0.1241535859,
    "SEK": 0.2166504656,
    "CHF": 2.5971120030000003,
    "SYP": null,
    "TJS": 0.2078270349,
    "TZS": 0.0008183840654,
    "THB": 0.06467246640999999,
    "TOP": 0.9426614400000001,
    "TTD": 0.3264459158,
    "TND": 0.7257210660000001,
    "TRY": 0.06530699982,
    "TMT": 0.6321800803000001,
    "UGX": 0.0005950878145,
    "UAH": 0.053532826199999994,
    "AED": 0.6030220293,
    "GBP": 2.8933127950000004,
    "USD": 2.2149,
    "UYU": 0.054995967,
    "UZS": 0.0001752294302,
    "VUV": null,
    "VES": 0.060458309079999994,
    "VND": 0.00008880929487,
    "XOF": 0.003688426235,
    "YER": 0.008846368186999999,
    "ZMW": 0.08528414862,
    "ZWL": null,
    "AFN": 0.03164045107639549,
    "ALL": 0.024675039835958004,
    "DZD": 0.016545732263254183,
    "AOA": 0.0024689150278200877,
    "ARS": 0.002345630251528802,
    "AMD": 0.005703037326984397,
    "AWG": 1.230461986304269,
    "AUD": 1.4927074687167399,
    "AZN": 1.3028421031456965,
    "BSD": 2.2131296787737194,
    "BHD": 5.877332406288371,
    "BDT": 0.01855894211464358,
    "BBD": 1.0961208108685583,
    "BYN": 0.6762516190748638,
    "BZD": 1.0979236885046355,
    "BMD": 2.2148315753476844,
    "BTN": 0.026377744395194754,
    "BOB": 0.32027901754858473,
    "BAM": 1.2588347223777232,
    "BWP": 0.16620727250787487,
    "BRL": 0.40440987747961143,
    "BND": 1.6931629815012188,
    "BGN": 1.2596652251570932,
    "BIF": 0.0007695731677245533,
    "CVE": 0.022237264812727756,
    "KHR": 0.0005402028232555328,
    "XAF": 0.0037533048548299805,
    "CAD": 1.6285047319038584,
    "KYD": 2.655623997141108,
    "CLP": 0.002411462203623413,
    "CNY": null,
    "COP": 0.0005525696005161549,
    "KMF": 0.00500244285792814,
    "CDF": 0.0007703762001209336,
    "CRC": 0.004253812254951249,
    "HRK": null,
    "CUP": 0.09221080349408792,
    "CZK": 0.0982971585127347,
    "DKK": 0.3302573930346668,
    "DJF": 0.012428085994261413,
    "DOP": 0.036990924014157565,
    "EGP": 0.04539956864053851,
    "ERN": null,
    "ETB": 0.02007097032485441,
    "EUR": 2.4647717554978104,
    "FJD": 1
  }
}