{
  "meta": {
    "code": "FJD",
    "createdAt": "2024-07-23T15:32:58Z"
  },
  "data": {
    "GMD": 0.03317963837,
    "GEL": 0.8283392057000001,
    "GHS": 0.14581149100000002,
    "GIP": null,
    "GTQ": 0.2902108571,
    "GNF": 0.000261097865,
    "GYD": 0.0107744696,
    "HTG": 0.01704518319,
    "HNL": 0.09088352358,
    "HKD": 0.2879974125,
    "HUF": 0.006259996041,
    "ISK": 0.01630710656,
    "INR": 0.02687141563,
    "IDR": 0.0001386023808,
    "IRR": 0.00005342400574,
    "IQD": 0.001718136074,
    "ILS": 0.6198164861000001,
    "JMD": 0.014403985829999999,
    "JPY": 0.014418067509999999,
    "JOD": 3.173103185,
    "KZT": 0.004748060222,
    "KES": 0.01697169808,
    "KWD": 7.354444676000001,
    "KGS": 0.02665447197,
    "LAK": 0.0001015632196,
    "LBP": 0.00002512370962,
    "LSL": 0.1225867159,
    "LRD": 0.01153753007,
    "LYD": 0.4654721356,
    "MOP": 0.2799068597,
    "MKD": 0.039673639329999996,
    "MGA": 0.0004960223038000001,
    "MWK": 0.001297472756,
    "MYR": 0.4813251485,
    "MVR": 0.1465045783,
    "MRU": 0.05687799355,
    "MUR": 0.048309806299999994,
    "MXN": 0.1244829293,
    "MDL": 0.1271218375,
    "MNT": null,
    "MAD": 0.228555754,
    "MZN": 0.035195343659999996,
    "MMK": 0.0006923849528,
    "NAD": 0.1225867159,
    "NPR": 0.01679978834,
    "ANG": 1.2491671320000002,
    "TWD": 0.06859814122999999,
    "NZD": 1.339917687,
    "NIO": 0.06113134676,
    "NGN": 0.0013993465949999999,
    "KPW": null,
    "NOK": 0.2038424412,
    "OMR": 5.841616103000001,
    "PKR": 0.008081499282,
    "PAB": 2.251122431,
    "PGK": 0.574368529,
    "PYG": 0.0002973913407,
    "PEN": 0.5989730022,
    "PHP": 0.03844510223,
    "PLN": 0.5707961647,
    "QAR": 0.6173169779000001,
    "RON": 0.4908868335,
    "RUB": 0.0257014135,
    "RWF": 0.001717804608,
    "SHP": 2.903698437,
    "WST": null,
    "STN": null,
    "SAR": 0.599486167,
    "RSD": 0.02085129848,
    "SCR": 0.1634554759,
    "SLL": 0.00011460391160000001,
    "SGD": 1.6713179980000001,
    "SBD": 0.2659146875,
    "SOS": 0.003953342977,
    "ZAR": 0.12228180790000001,
    "KRW": 0.00162261592,
    "SSP": null,
    "LKR": 0.007406280612,
    "SDG": 0.0038374572439999997,
    "SRD": 0.07669417644,
    "SZL": 0.1226054929,
    "SEK": 0.20889835080000002,
    "CHF": 2.522456606,
    "SYP": null,
    "TJS": 0.2112759542,
    "TZS": 0.0008375232581,
    "THB": 0.062201819219999996,
    "TOP": 0.948073,
    "TTD": 0.3315694173,
    "TND": 0.7238082657,
    "TRY": 0.06851100217,
    "TMT": 0.6418415981000001,
    "UGX": 0.0006087062668,
    "UAH": 0.054525171399999996,
    "AED": 0.6122379287,
    "GBP": 2.904507987,
    "USD": 2.24875,
    "UYU": 0.056038849999999994,
    "UZS": 0.00017865666610000002,
    "VUV": null,
    "VES": 0.061630186969999994,
    "VND": 0.0000886556195,
    "XOF": 0.003725319727,
    "YER": 0.008982476711,
    "ZMW": 0.08678376,
    "ZWL": null,
    "AFN": 0.031825629463928425,
    "ALL": 0.02435777044369315,
    "DZD": 0.016686915535036827,
    "AOA": null,
    "ARS": 0.0024277230056924588,
    "AMD": 0.005796908245884712,
    "AWG": 1.2475332462744753,
    "AUD": 1.488195760846814,
    "AZN": 1.3227521625939656,
    "BSD": 2.2496516508903963,
    "BHD": 5.966006882405824,
    "BDT": 0.019147240040470945,
    "BBD": 1.1142597445744926,
    "BYN": 0.6874586675358362,
    "BZD": 1.1160919766219266,
    "BMD": 2.2486786764097415,
    "BTN": 0.026875088236289695,
    "BOB": 0.3255924706720319,
    "BAM": 1.24939781227512,
    "BWP": 0.16558728753355628,
    "BRL": 0.40347346757670266,
    "BND": 1.6721908729576067,
    "BGN": 1.2467654739409288,
    "BIF": 0.0007810431480445199,
    "CVE": 0.02216091057646251,
    "KHR": 0.0005476404932077226,
    "XAF": 0.0037252007264342575,
    "CAD": 1.6335256044589188,
    "KYD": 2.6997807168987347,
    "CLP": 0.002380813844795915,
    "CNY": 0.30912221995691963,
    "COP": 0.0005615197103306688,
    "KMF": 0.004966711598917155,
    "CDF": 0.0007943054318196483,
    "CRC": 0.0042467354141983256,
    "HRK": null,
    "CUP": 0.09373837699782389,
    "CZK": 0.09613435417404234,
    "DKK": 0.3271343038061642,
    "DJF": 0.012633501803046492,
    "DOP": 0.037984950419621175,
    "EGP": 0.04649921270369502,
    "ERN": null,
    "ETB": 0.03892184205781784,
    "EUR": 2.441058496901885,
    "FJD": 1
  }
}