{
  "meta": {
    "code": "FJD",
    "createdAt": "2024-07-24T15:05:06Z"
  },
  "data": {
    "GMD": null,
    "GEL": 0.8289101566,
    "GHS": 0.1451477479,
    "GIP": null,
    "GTQ": 0.29011385160000003,
    "GNF": 0.0002610845316,
    "GYD": 0.01077406735,
    "HTG": 0.017044904099999997,
    "HNL": 0.09087906308999999,
    "HKD": 0.2881628415,
    "HUF": 0.006205175246,
    "ISK": null,
    "INR": 0.026883051419999998,
    "IDR": 0.0001387019661,
    "IRR": 0.00005344495804,
    "IQD": 0.001718133303,
    "ILS": 0.6165686756000001,
    "JMD": 0.01437693491,
    "JPY": 0.014669930729999999,
    "JOD": 3.1752903150000003,
    "KZT": 0.004746897585,
    "KES": 0.01691954866,
    "KWD": null,
    "KGS": 0.02671699054,
    "LAK": 0.000101511033,
    "LBP": 0.00002512279926,
    "LSL": 0.12290060700000001,
    "LRD": 0.01153737878,
    "LYD": 0.4655395886,
    "MOP": 0.279824805,
    "MKD": 0.039597381439999996,
    "MGA": 0.000495149036,
    "MWK": 0.001297462221,
    "MYR": 0.4816053804,
    "MVR": 0.1465101245,
    "MRU": 0.05684137408,
    "MUR": 0.04817741529,
    "MXN": 0.12243319720000001,
    "MDL": 0.12691692000000002,
    "MNT": null,
    "MAD": 0.2277737907,
    "MZN": 0.035247191489999996,
    "MMK": 0.0006928621943000001,
    "NAD": 0.12290060700000001,
    "NPR": 0.01680025148,
    "ANG": 1.249140629,
    "TWD": 0.06881545667,
    "NZD": 1.3381859010000001,
    "NIO": 0.06113081718,
    "NGN": 0.001413727009,
    "KPW": null,
    "NOK": 0.20423666310000002,
    "OMR": 5.845878846000001,
    "PKR": 0.008078322716,
    "PAB": 2.250894079,
    "PGK": 0.5821175053000001,
    "PYG": 0.0002971212858,
    "PEN": 0.5988437601000001,
    "PHP": 0.0384561643,
    "PLN": 0.5687970795,
    "QAR": 0.6166665187,
    "RON": 0.4914826222,
    "RUB": 0.02610708048,
    "RWF": 0.001713094882,
    "SHP": 2.904799755,
    "WST": null,
    "STN": null,
    "SAR": 0.5998656439,
    "RSD": 0.020866831619999998,
    "SCR": 0.1661145806,
    "SLL": null,
    "SGD": 1.67714859,
    "SBD": 0.26553540000000003,
    "SOS": 0.00395280497,
    "ZAR": 0.1229867035,
    "KRW": 0.001630445413,
    "SSP": null,
    "LKR": 0.00741211465,
    "SDG": 0.003840102295,
    "SRD": 0.07719195763,
    "SZL": 0.1229263054,
    "SEK": 0.209143467,
    "CHF": 2.54576664,
    "SYP": null,
    "TJS": 0.2112694155,
    "TZS": 0.0008356611016,
    "THB": 0.06255973517999999,
    "TOP": 0.94715127,
    "TTD": 0.3311206185,
    "TND": 0.7243363077,
    "TRY": 0.0685103835,
    "TMT": 0.6422840014,
    "UGX": 0.0006049222705,
    "UAH": 0.054554337939999996,
    "AED": 0.6126599271000001,
    "GBP": 2.9073538450000003,
    "USD": 2.2502999999999997,
    "UYU": null,
    "UZS": 0.0001787735082,
    "VUV": null,
    "VES": 0.06162831351,
    "VND": 0.00008873405463,
    "XOF": 0.003718762518,
    "YER": 0.008988668079,
    "ZMW": 0.08636415118,
    "ZWL": null,
    "AFN": 0.03179445303257663,
    "ALL": 0.024264102126549877,
    "DZD": 0.016706673728931833,
    "AOA": 0.0025786565845148154,
    "ARS": 0.002426108581081517,
    "AMD": 0.005793734564017341,
    "AWG": 1.2501269816481608,
    "AUD": 1.4864218042993291,
    "AZN": 1.323663862921582,
    "BSD": 2.2496256673506108,
    "BHD": 5.970339099821573,
    "BDT": 0.019146546969163965,
    "BBD": 1.1141780687228788,
    "BYN": 0.6874281153412289,
    "BZD": 1.1160641195970524,
    "BMD": 2.2502285669666895,
    "BTN": 0.02687584260385848,
    "BOB": 0.32558334151947527,
    "BAM": 1.247198144735688,
    "BWP": 0.16580141124925246,
    "BRL": 0.4007530841349212,
    "BND": 1.6730249287567094,
    "BGN": 1.249117278641859,
    "BIF": 0.0007809413335480256,
    "CVE": 0.022121899609050266,
    "KHR": 0.0005477812895074588,
    "XAF": 0.0037186435621833604,
    "CAD": null,
    "KYD": 2.699502438913395,
    "CLP": 0.0023749615477991295,
    "CNY": 0.3097781617712147,
    "COP": 0.0005578461312741546,
    "KMF": 0.004959181416647133,
    "CDF": 0.000785420093490533,
    "CRC": 0.004243685316785616,
    "HRK": null,
    "CUP": 0.09373515249830544,
    "CZK": 0.09611432459049789,
    "DKK": 0.32733120773066754,
    "DJF": 0.012633472084596914,
    "DOP": 0.03800078370916283,
    "EGP": 0.04652805817621237,
    "ERN": null,
    "ETB": 0.038918792980229294,
    "EUR": 2.442794020009264,
    "FJD": 1
  }
}