{
  "meta": {
    "code": "FJD",
    "createdAt": "2024-07-31T17:33:37Z"
  },
  "data": {
    "GMD": 0.03248848873,
    "GEL": 0.8317955881,
    "GHS": 0.1452057862,
    "GIP": null,
    "GTQ": 0.2916027269,
    "GNF": 0.0002619431537,
    "GYD": 0.01081677721,
    "HTG": 0.01709891795,
    "HNL": 0.09094963892999999,
    "HKD": 0.2890139872,
    "HUF": 0.006188707676,
    "ISK": 0.01629935731,
    "INR": 0.02697782854,
    "IDR": 0.0001387288995,
    "IRR": 0.00005362664667,
    "IQD": 0.001723625934,
    "ILS": 0.6004507276000001,
    "JMD": 0.01443339669,
    "JPY": 0.014976320769999999,
    "JOD": 3.186084863,
    "KZT": 0.004756516183,
    "KES": 0.01750348818,
    "KWD": 7.389150406000001,
    "KGS": 0.02687075881,
    "LAK": 0.0001017323707,
    "LBP": 0.00002520033417,
    "LSL": 0.12325054390000001,
    "LRD": 0.01154991777,
    "LYD": 0.46748445510000003,
    "MOP": 0.2808399824,
    "MKD": 0.03972007261,
    "MGA": 0.0004957079947000001,
    "MWK": 0.001301037157,
    "MYR": 0.4884695489,
    "MVR": 0.1471039522,
    "MRU": 0.056661227609999996,
    "MUR": 0.04842417633,
    "MXN": 0.121475452,
    "MDL": 0.1276404458,
    "MNT": null,
    "MAD": 0.22779963050000002,
    "MZN": 0.0353393335,
    "MMK": 0.0006952176117,
    "NAD": 0.12325054390000001,
    "NPR": 0.01687532671,
    "ANG": 1.2541038150000001,
    "TWD": 0.06898823016,
    "NZD": 1.341470674,
    "NIO": 0.06127408398,
    "NGN": 0.001359334626,
    "KPW": null,
    "NOK": 0.2063438897,
    "OMR": 5.865558001,
    "PKR": 0.008093010547,
    "PAB": 2.259955059,
    "PGK": 0.5831482374,
    "PYG": 0.00029811442890000003,
    "PEN": 0.6058357803000001,
    "PHP": 0.03870462734,
    "PLN": 0.5693420925,
    "QAR": 0.6201459675000001,
    "RON": 0.4904434488,
    "RUB": 0.02656394179,
    "RWF": 0.001710568164,
    "SHP": 2.898191722,
    "WST": null,
    "STN": null,
    "SAR": 0.6018443795,
    "RSD": 0.0208502377,
    "SCR": 0.1672327184,
    "SLL": 0.00011460391160000001,
    "SGD": 1.6873795820000002,
    "SBD": 0.26869605,
    "SOS": 0.003954378091,
    "ZAR": null,
    "KRW": 0.001645485126,
    "SSP": null,
    "LKR": 0.007467535141,
    "SDG": 0.003753865131,
    "SRD": 0.07791004541999999,
    "SZL": 0.12325054390000001,
    "SEK": 0.2106475424,
    "CHF": 2.56346644,
    "SYP": null,
    "TJS": 0.2131128851,
    "TZS": 0.0008361929457,
    "THB": 0.06345875899,
    "TOP": 0.946758435,
    "TTD": 0.3331420073,
    "TND": 0.7277849277,
    "TRY": 0.06817979374,
    "TMT": 0.6444674759,
    "UGX": 0.000607097726,
    "UAH": 0.05508074841,
    "AED": 0.6147426931000001,
    "GBP": 2.8983159090000004,
    "USD": 2.2579499999999997,
    "UYU": 0.05606801447,
    "UZS": 0.00017948727920000002,
    "VUV": null,
    "VES": 0.061750123059999995,
    "VND": 0.00008931772815,
    "XOF": 0.00373214862,
    "YER": 0.009020121882,
    "ZMW": 0.0866256421,
    "ZWL": null,
    "AFN": 0.03202664016923376,
    "ALL": 0.024330583318221768,
    "DZD": 0.016766380273044224,
    "AOA": 0.0025730804925600745,
    "ARS": 0.0024233107731630407,
    "AMD": 0.00581777411195694,
    "AWG": 1.2543767399616557,
    "AUD": 1.4733328235945542,
    "AZN": 1.3281636070182237,
    "BSD": 2.2586806415116865,
    "BHD": 5.991329702341489,
    "BDT": 0.019222478845497198,
    "BBD": 1.1186524969758964,
    "BYN": 0.6902780593402807,
    "BZD": 1.1205478434962681,
    "BMD": 2.25787813193098,
    "BTN": 0.02699591503023974,
    "BOB": 0.3268539695974335,
    "BAM": 1.2510628136718873,
    "BWP": 0.16691652261840315,
    "BRL": 0.3987211507125583,
    "BND": 1.6872350062443893,
    "BGN": 1.247653275230433,
    "BIF": 0.0007846665971363133,
    "CVE": 0.022054975651325626,
    "KHR": 0.0005496964413540696,
    "XAF": 0.0037301661210980414,
    "CAD": 1.633911745204098,
    "KYD": 2.7102666217363,
    "CLP": 0.0023953725143636214,
    "CNY": 0.3127558256646084,
    "COP": 0.0005559482366203669,
    "KMF": 0.004954475028349432,
    "CDF": 0.0007880900987157717,
    "CRC": 0.004306280686093245,
    "HRK": null,
    "CUP": 0.09410880171719202,
    "CZK": 0.09595456715519421,
    "DKK": 0.32698229335981127,
    "DJF": 0.012683782264008535,
    "DOP": 0.03799542502558608,
    "EGP": 0.046498294466970555,
    "ERN": null,
    "ETB": 0.039006024015847504,
    "EUR": 2.4407358818683833,
    "FJD": 1
  }
}