{
  "meta": {
    "code": "FJD",
    "createdAt": "2024-08-23T14:34:59Z"
  },
  "data": {
    "GMD": 0.031543570789999996,
    "GEL": 0.8178972696,
    "GHS": 0.14106452,
    "GIP": null,
    "GTQ": 0.28518621780000003,
    "GNF": 0.0002560640256,
    "GYD": 0.01057145669,
    "HTG": 0.0167474432,
    "HNL": 0.08911310015,
    "HKD": 0.28317291780000003,
    "HUF": 0.006286570067,
    "ISK": 0.016191610989999997,
    "INR": 0.026344222459999997,
    "IDR": 0.0001426744755,
    "IRR": 0.00005244151429,
    "IQD": 0.001685613004,
    "ILS": 0.6003270628,
    "JMD": 0.01409598805,
    "JPY": 0.015196541999999999,
    "JOD": 3.1156733680000004,
    "KZT": 0.004566830325,
    "KES": 0.01711136075,
    "KWD": 7.226963106,
    "KGS": 0.025873653889999997,
    "LAK": 0.00009995555303,
    "LBP": 0.00002465243664,
    "LSL": 0.1229965989,
    "LRD": 0.01131952526,
    "LYD": 0.46189160160000003,
    "MOP": 0.2748755075,
    "MKD": 0.03995685071,
    "MGA": 0.0004833028417,
    "MWK": 0.001272955177,
    "MYR": 0.5046973005000001,
    "MVR": 0.1436658017,
    "MRU": 0.05548752368,
    "MUR": 0.04784678746,
    "MXN": 0.11587437910000001,
    "MDL": 0.1274817667,
    "MNT": null,
    "MAD": 0.2290907076,
    "MZN": 0.03455569545,
    "MMK": 0.0006798535164,
    "NAD": 0.1229999331,
    "NPR": 0.016447629749999998,
    "ANG": 1.225519859,
    "TWD": 0.06926348138999999,
    "NZD": 1.3709230430000001,
    "NIO": 0.059975606109999996,
    "NGN": 0.001401713991,
    "KPW": null,
    "NOK": 0.2099753118,
    "OMR": 5.736100994,
    "PKR": 0.00792453247,
    "PAB": 2.208361335,
    "PGK": 0.5590226171,
    "PYG": 0.0002906721181,
    "PEN": 0.5895034225,
    "PHP": 0.03927560105,
    "PLN": 0.578862388,
    "QAR": 0.6053160193,
    "RON": 0.49608016460000004,
    "RUB": 0.02413429562,
    "RWF": 0.001667558442,
    "SHP": 2.889233425,
    "WST": null,
    "STN": null,
    "SAR": 0.5885221651,
    "RSD": 0.021091518599999998,
    "SCR": 0.1640474059,
    "SLL": 0.00011460391160000001,
    "SGD": 1.6948991800000002,
    "SBD": 0.26231634000000004,
    "SOS": 0.00387760739,
    "ZAR": 0.12426459999999999,
    "KRW": 0.001662869802,
    "SSP": null,
    "LKR": 0.007362270202,
    "SDG": 0.003670905867,
    "SRD": 0.07675101646999999,
    "SZL": 0.1230344228,
    "SEK": 0.21679834750000002,
    "CHF": 2.599786774,
    "SYP": null,
    "TJS": 0.2077015701,
    "TZS": 0.0008132780731,
    "THB": 0.06495032067999999,
    "TOP": 0.9386420550000001,
    "TTD": 0.3252651958,
    "TND": 0.723388468,
    "TRY": 0.06493175098,
    "TMT": 0.630224943,
    "UGX": 0.0005942209213000001,
    "UAH": 0.053487803199999996,
    "AED": 0.6011751748,
    "GBP": 2.9170438140000003,
    "USD": 2.20805,
    "UYU": 0.054704438749999994,
    "UZS": 0.0001741239525,
    "VUV": null,
    "VES": null,
    "VND": 0.00008840148979999999,
    "XOF": 0.003741695288,
    "YER": 0.008819887913,
    "ZMW": 0.08407139334,
    "ZWL": null,
    "AFN": 0.031161969015107,
    "ALL": 0.024474638509014067,
    "DZD": 0.01646564101722244,
    "AOA": 0.002442495479547217,
    "ARS": 0.002335663144084133,
    "AMD": 0.005690091704476757,
    "AWG": 1.224955996671329,
    "AUD": 1.4975093437323872,
    "AZN": 1.2988136376471004,
    "BSD": 2.2071599135764814,
    "BHD": 5.859863752694637,
    "BDT": 0.018469119063154085,
    "BBD": 1.0931589335934508,
    "BYN": 0.6745589397047299,
    "BZD": 1.095022264707188,
    "BMD": 2.2079831840000703,
    "BTN": 0.026312443631822276,
    "BOB": 0.3194592971986571,
    "BAM": 1.2549031018701648,
    "BWP": 0.16520711535712634,
    "BRL": 0.40137121378948115,
    "BND": 1.6870931682904073,
    "BGN": 1.261776778101646,
    "BIF": 0.0007641629703193165,
    "CVE": 0.022258348248535637,
    "KHR": 0.0005403603516855808,
    "XAF": 0.0037415821118622987,
    "CAD": 1.6341147620720826,
    "KYD": 2.6484481921288223,
    "CLP": 0.002428997683311883,
    "CNY": 0.3093453239375527,
    "COP": 0.0005482743837113704,
    "KMF": 0.00498247361841379,
    "CDF": 0.0007679941509565463,
    "CRC": 0.004195526684305327,
    "HRK": null,
    "CUP": 0.09196925605723891,
    "CZK": 0.09854604135846289,
    "DKK": 0.33091487637449746,
    "DJF": null,
    "DOP": 0.03694035165911524,
    "EGP": 0.04527355616165469,
    "ERN": null,
    "ETB": 0.020203252714716825,
    "EUR": 2.4692688698442913,
    "FJD": 1
  }
}