{
  "meta": {
    "code": "FJD",
    "createdAt": "2024-08-15T08:34:52Z"
  },
  "data": {
    "GMD": 0.03199642793,
    "GEL": 0.8327244916000001,
    "GHS": 0.1429624137,
    "GIP": null,
    "GTQ": 0.2889743368,
    "GNF": 0.000259533271,
    "GYD": 0.01072032148,
    "HTG": null,
    "HNL": 0.09034298154999999,
    "HKD": 0.28752342670000003,
    "HUF": 0.006247043507,
    "ISK": 0.016208930309999998,
    "INR": 0.02667976761,
    "IDR": 0.0001425533682,
    "IRR": 0.00005319439398,
    "IQD": 0.001708533486,
    "ILS": 0.6031861766000001,
    "JMD": 0.01425940869,
    "JPY": null,
    "JOD": 3.1604037170000003,
    "KZT": 0.0046612086769999995,
    "KES": 0.01717903928,
    "KWD": 7.318230822,
    "KGS": 0.026134831959999997,
    "LAK": 0.0001011218008,
    "LBP": 0.00002497970777,
    "LSL": null,
    "LRD": 0.011461293709999999,
    "LYD": 0.46545431810000004,
    "MOP": 0.27899513060000003,
    "MKD": 0.04009922974,
    "MGA": 0.0004918513397,
    "MWK": 0.001290240911,
    "MYR": 0.5056441682,
    "MVR": 0.1454521198,
    "MRU": 0.056510623819999994,
    "MUR": 0.048514955979999996,
    "MXN": 0.1189723664,
    "MDL": 0.127620955,
    "MNT": null,
    "MAD": 0.22870826360000002,
    "MZN": 0.03505448403,
    "MMK": 0.0006896138735,
    "NAD": 0.12396483180000001,
    "NPR": 0.01665950239,
    "ANG": null,
    "TWD": 0.06931679087999999,
    "NZD": 1.3438388010000002,
    "NIO": 0.060789704269999995,
    "NGN": null,
    "KPW": null,
    "NOK": 0.2093595113,
    "OMR": null,
    "PKR": 0.008029828513,
    "PAB": 2.23845296,
    "PGK": 0.5679793223,
    "PYG": 0.0002956720852,
    "PEN": 0.5973796247000001,
    "PHP": 0.039327322299999995,
    "PLN": 0.57561575,
    "QAR": 0.6131661442,
    "RON": 0.4954311321,
    "RUB": 0.0250959284,
    "RWF": 0.001696121015,
    "SHP": 2.8734872620000003,
    "WST": null,
    "STN": null,
    "SAR": 0.5968743371,
    "RSD": 0.02106651736,
    "SCR": 0.1676625111,
    "SLL": 0.00011460391160000001,
    "SGD": 1.6998470630000002,
    "SBD": 0.263170625,
    "SOS": 0.003930595508,
    "ZAR": 0.12435819999999999,
    "KRW": 0.001649203628,
    "SSP": null,
    "LKR": 0.007477916038,
    "SDG": 0.003723607444,
    "SRD": 0.07801832042,
    "SZL": 0.1239581126,
    "SEK": 0.2135795587,
    "CHF": 2.5868574960000004,
    "SYP": null,
    "TJS": 0.2104913242,
    "TZS": 0.0008264760146000001,
    "THB": 0.06398466285,
    "TOP": 0.9451745,
    "TTD": 0.3293968968,
    "TND": 0.7280294832,
    "TRY": 0.06655049805999999,
    "TMT": 0.6392728046,
    "UGX": 0.0006006454042,
    "UAH": 0.0542350983,
    "AED": 0.6097925432,
    "GBP": 2.87697,
    "USD": 2.23975,
    "UYU": 0.055422613749999995,
    "UZS": null,
    "VUV": null,
    "VES": 0.06124965933,
    "VND": 0.00008945583897,
    "XOF": 0.0037592367149999997,
    "YER": 0.008945619733,
    "ZMW": 0.08531066644999999,
    "ZWL": null,
    "AFN": 0.0315325542118062,
    "ALL": 0.024664483852775212,
    "DZD": 0.016673592938309747,
    "AOA": 0.002543021172881494,
    "ARS": 0.002381365787754111,
    "AMD": 0.005755840445112128,
    "AWG": 1.2439611904011973,
    "AUD": 1.4819009738378786,
    "AZN": 1.317135378071856,
    "BSD": 2.2366318251437454,
    "BHD": 5.941814845858619,
    "BDT": 0.01903243777830985,
    "BBD": 1.1077130952203034,
    "BYN": 0.6835477402947964,
    "BZD": 1.109607454186467,
    "BMD": 2.2391301427221553,
    "BTN": 0.02664870683110158,
    "BOB": 0.3236963223840523,
    "BAM": 1.2604925503336717,
    "BWP": 0.166624880867834,
    "BRL": 0.40942327177524923,
    "BND": 1.7008140058414047,
    "BGN": 1.2611205000355292,
    "BIF": 0.0007756462425232948,
    "CVE": 0.02236348522193255,
    "KHR": 0.0005468760514119336,
    "XAF": 0.0037592363473750697,
    "CAD": 1.6337807340306771,
    "KYD": 2.6846885412712163,
    "CLP": 0.0023976598887439056,
    "CNY": 0.31310286136044574,
    "COP": 0.0005576372485528397,
    "KMF": 0.005011186953710716,
    "CDF": 0.0007801288780083656,
    "CRC": 0.004253014248676723,
    "HRK": null,
    "CUP": 0.09321680529195682,
    "CZK": 0.09794382512224051,
    "DKK": 0.3304099618101262,
    "DJF": 0.01256380070593687,
    "DOP": 0.03750414237940598,
    "EGP": 0.04567190066633079,
    "ERN": null,
    "ETB": 0.020290751893702445,
    "EUR": null,
    "FJD": 1
  }
}