{
  "meta": {
    "code": "FJD",
    "createdAt": "2024-08-16T10:35:09Z"
  },
  "data": {
    "GMD": 0.03195999936,
    "GEL": 0.8317189221,
    "GHS": 0.1429643732,
    "GIP": null,
    "GTQ": 0.2881359233,
    "GNF": 0.0002586941476,
    "GYD": 0.01068160983,
    "HTG": 0.016912386329999998,
    "HNL": 0.09005754636999999,
    "HKD": 0.2869678812,
    "HUF": 0.0062095365239999995,
    "ISK": null,
    "INR": 0.02664773664,
    "IDR": 0.0001425163516,
    "IRR": 0.00005314961007,
    "IQD": 0.001703284389,
    "ILS": 0.6076429836,
    "JMD": 0.014197306989999998,
    "JPY": 0.0150681013,
    "JOD": 3.156805534,
    "KZT": 0.004655199318,
    "KES": 0.01734263546,
    "KWD": 7.3110129960000005,
    "KGS": 0.02610501652,
    "LAK": 0.00010101763390000001,
    "LBP": null,
    "LSL": 0.1239434751,
    "LRD": 0.01143728275,
    "LYD": 0.46517585040000003,
    "MOP": 0.2779989464,
    "MKD": 0.039936301939999995,
    "MGA": 0.00048620553040000004,
    "MWK": 0.001286190665,
    "MYR": 0.5048405115,
    "MVR": 0.1452865197,
    "MRU": 0.056334438769999995,
    "MUR": 0.04842822096,
    "MXN": 0.11990920390000001,
    "MDL": 0.127475656,
    "MNT": null,
    "MAD": 0.2285434032,
    "MZN": 0.03504200187,
    "MMK": 0.0006888013734,
    "NAD": 0.1239434751,
    "NPR": 0.016605905589999997,
    "ANG": null,
    "TWD": 0.0692856813,
    "NZD": 1.346827958,
    "NIO": 0.06059550162,
    "NGN": 0.001404870434,
    "KPW": null,
    "NOK": 0.20824864340000002,
    "OMR": 5.811520747,
    "PKR": 0.008004871626999999,
    "PAB": 2.231441894,
    "PGK": 0.5659898991,
    "PYG": 0.00029478913240000003,
    "PEN": 0.5967831674,
    "PHP": 0.03912077542,
    "PLN": 0.5750454136,
    "QAR": 0.6113284798,
    "RON": 0.4938958383,
    "RUB": 0.02519185189,
    "RWF": 0.00168972472,
    "SHP": 2.8702157400000003,
    "WST": null,
    "STN": null,
    "SAR": 0.5961752083,
    "RSD": 0.021004403209999998,
    "SCR": 0.1675177819,
    "SLL": 0.00011460391160000001,
    "SGD": null,
    "SBD": 0.262871,
    "SOS": 0.0039185452879999996,
    "ZAR": 0.1248427176,
    "KRW": 0.001648624671,
    "SSP": null,
    "LKR": 0.0074609971209999995,
    "SDG": 0.003719368043,
    "SRD": 0.07792542330999999,
    "SZL": 0.1239006327,
    "SEK": 0.2127890631,
    "CHF": 2.576851704,
    "SYP": null,
    "TJS": 0.20993345630000002,
    "TZS": 0.0008255350552,
    "THB": 0.06394376226,
    "TOP": 0.94342724,
    "TTD": 0.3284187228,
    "TND": 0.7268483376,
    "TRY": 0.06641571165,
    "TMT": 0.640376128,
    "UGX": 0.0005989870331,
    "UAH": 0.054227848749999995,
    "AED": 0.6090982822000001,
    "GBP": 2.8863795100000003,
    "USD": 2.2372,
    "UYU": 0.055549676,
    "UZS": 0.0001766873444,
    "VUV": null,
    "VES": 0.06107453088,
    "VND": 0.00008927367624,
    "XOF": 0.003743513471,
    "YER": 0.008938110657999999,
    "ZMW": 0.08488339496,
    "ZWL": null,
    "AFN": 0.03144429671686749,
    "ALL": 0.024587036618548826,
    "DZD": 0.016643578492085573,
    "AOA": 0.0025321221951478293,
    "ARS": 0.0023780498652120506,
    "AMD": 0.005747910716075039,
    "AWG": 1.2410986492035825,
    "AUD": 1.4836751884443786,
    "AZN": 1.3159587994881605,
    "BSD": 2.230251862432034,
    "BHD": 5.935713246994146,
    "BDT": 0.018980234039693344,
    "BBD": 1.1045422632718236,
    "BYN": 0.6814796235156279,
    "BZD": 1.1064334895779881,
    "BMD": 2.237129959129873,
    "BTN": 0.0265655543202316,
    "BOB": 0.3227489223890343,
    "BAM": 1.255482925572575,
    "BWP": 0.16614839295091954,
    "BRL": 0.4078855651594886,
    "BND": 1.6926206625033657,
    "BGN": 1.2564581168200517,
    "BIF": 0.0007734297072123064,
    "CVE": 0.02226915099881076,
    "KHR": 0.0005446950127262189,
    "XAF": 0.0037433968678496792,
    "CAD": 1.6296347260164865,
    "KYD": 2.676302342118597,
    "CLP": 0.0023923197411046125,
    "CNY": 0.3122302804576584,
    "COP": null,
    "KMF": 0.005005324889857451,
    "CDF": 0.0007794877906375864,
    "CRC": 0.004240135737090876,
    "HRK": null,
    "CUP": 0.09292714554628584,
    "CZK": 0.09735922288888615,
    "DKK": 0.32938205207323457,
    "DJF": 0.012524261669378518,
    "DOP": 0.03730572525026344,
    "EGP": 0.045746702716623795,
    "ERN": null,
    "ETB": 0.02022684905560047,
    "EUR": 2.457736376335749,
    "FJD": 1
  }
}