{
  "meta": {
    "code": "FJD",
    "createdAt": "2024-07-30T13:32:49Z"
  },
  "data": {
    "GMD": 0.03338251553,
    "GEL": 0.8334040925,
    "GHS": 0.1456225318,
    "GIP": null,
    "GTQ": 0.2919839962,
    "GNF": 0.0002624361987,
    "GYD": 0.010831472129999999,
    "HTG": 0.017134844649999998,
    "HNL": 0.091388891,
    "HKD": 0.2895986425,
    "HUF": 0.0061951594,
    "ISK": 0.01636291313,
    "INR": 0.02702017775,
    "IDR": 0.0001385376262,
    "IRR": 0.00005373470985,
    "IQD": 0.0017271716849999999,
    "ILS": 0.60375446,
    "JMD": 0.014474807559999999,
    "JPY": 0.014648669369999999,
    "JOD": 3.19250515,
    "KZT": 0.00476249915,
    "KES": 0.01740384594,
    "KWD": 7.398406675,
    "KGS": 0.02692490613,
    "LAK": 0.0001019996087,
    "LBP": 0.00002525606125,
    "LSL": 0.1234638105,
    "LRD": 0.01163425691,
    "LYD": 0.46805038870000004,
    "MOP": 0.2812086137,
    "MKD": 0.03977294,
    "MGA": 0.0004990690375000001,
    "MWK": 0.0013043307969999999,
    "MYR": 0.48945386500000004,
    "MVR": 0.14725587580000002,
    "MRU": 0.057133346849999996,
    "MUR": 0.048521756,
    "MXN": 0.12085596250000001,
    "MDL": 0.128170625,
    "MNT": null,
    "MAD": 0.22814823750000002,
    "MZN": 0.035438284119999997,
    "MMK": 0.0006966185462,
    "NAD": 0.1234638105,
    "NPR": 0.016886447029999998,
    "ANG": 1.255773022,
    "TWD": 0.06883804217,
    "NZD": 1.332623812,
    "NIO": 0.06144662661999999,
    "NGN": 0.001396604936,
    "KPW": null,
    "NOK": 0.2057438312,
    "OMR": 5.877244212000001,
    "PKR": 0.008117331887,
    "PAB": 2.262975125,
    "PGK": 0.5763062625,
    "PYG": 0.00029913100750000003,
    "PEN": 0.6053054037000001,
    "PHP": 0.0385871547,
    "PLN": 0.5704264775,
    "QAR": 0.6197295426,
    "RON": 0.4916025612,
    "RUB": 0.0261185715,
    "RWF": 0.001700592513,
    "SHP": 2.906520625,
    "WST": null,
    "STN": null,
    "SAR": 0.6030906425,
    "RSD": 0.02089451601,
    "SCR": 0.1697554021,
    "SLL": 0.00011460391160000001,
    "SGD": 1.682162415,
    "SBD": 0.268785,
    "SOS": 0.003974230575,
    "ZAR": 0.1231125121,
    "KRW": 0.001633815957,
    "SSP": null,
    "LKR": 0.007482553575,
    "SDG": 0.003773978283,
    "SRD": 0.078413363,
    "SZL": 0.1235092415,
    "SEK": 0.2094487655,
    "CHF": 2.5554123,
    "SYP": null,
    "TJS": 0.2137762718,
    "TZS": 0.000836414032,
    "THB": 0.06287781625,
    "TOP": 0.94866625,
    "TTD": 0.3338142275,
    "TND": 0.725935976,
    "TRY": 0.06836448282,
    "TMT": 0.6743682162,
    "UGX": 0.0006078916675,
    "UAH": 0.05514178575,
    "AED": 0.6159773900000001,
    "GBP": 2.903319187,
    "USD": 2.2624999999999997,
    "UYU": 0.05615525,
    "UZS": 0.00017986513,
    "VUV": null,
    "VES": 0.061877655499999996,
    "VND": 0.00008947983875,
    "XOF": 0.0037352494869999997,
    "YER": 0.009037581137,
    "ZMW": 0.08558989987,
    "ZWL": null,
    "AFN": 0.03188983554772801,
    "ALL": 0.024452054569360667,
    "DZD": 0.016792120413563073,
    "AOA": 0.00258710985877873,
    "ARS": 0.002428811610628846,
    "AMD": 0.005825293712954653,
    "AWG": 1.2560319619278102,
    "AUD": 1.4782026383816271,
    "AZN": 1.3308397477702012,
    "BSD": 2.2616337382180163,
    "BHD": 6.00254004204724,
    "BDT": 0.019247871790292484,
    "BBD": 1.1200641074695452,
    "BYN": 0.691082828478783,
    "BZD": 1.1219926887615106,
    "BMD": 2.262427571209342,
    "BTN": 0.027013812191348352,
    "BOB": 0.3272903930870831,
    "BAM": null,
    "BWP": 0.16645802559728362,
    "BRL": 0.4006282000813478,
    "BND": 1.6825276065209387,
    "BGN": 1.2526909889739521,
    "BIF": 0.000784960056059461,
    "CVE": 0.022219961296720356,
    "KHR": 0.0005505833989954507,
    "XAF": 0.0037351471700034257,
    "CAD": 1.6327554369896813,
    "KYD": 2.71388571695731,
    "CLP": 0.002363638575314466,
    "CNY": 0.31199442483184914,
    "COP": 0.0005569861401089468,
    "KMF": 0.004969637720049645,
    "CDF": 0.0007889895629138973,
    "CRC": 0.0042736516103830625,
    "HRK": null,
    "CUP": 0.09423185038540742,
    "CZK": 0.09627351366848264,
    "DKK": 0.32783056475116007,
    "DJF": 0.012700064393796898,
    "DOP": 0.038151424970506324,
    "EGP": 0.04669738447702047,
    "ERN": null,
    "ETB": 0.03911947620291965,
    "EUR": 2.446264336274044,
    "FJD": 1
  }
}