{
  "meta": {
    "code": "FJD",
    "createdAt": "2024-08-26T13:07:31Z"
  },
  "data": {
    "GMD": 0.03151571365,
    "GEL": 0.8186603253,
    "GHS": 0.14140372980000002,
    "GIP": null,
    "GTQ": null,
    "GNF": 0.0002559298816,
    "GYD": 0.01056303623,
    "HTG": 0.0167276297,
    "HNL": null,
    "HKD": null,
    "HUF": 0.006225980412,
    "ISK": 0.01609000062,
    "INR": 0.026298145959999998,
    "IDR": 0.0001429347632,
    "IRR": 0.00005241076112,
    "IQD": 0.001684594505,
    "ILS": 0.6010151031000001,
    "JMD": 0.014095805349999999,
    "JPY": 0.015317267769999999,
    "JOD": 3.112921817,
    "KZT": 0.004564800349,
    "KES": 0.0171015502,
    "KWD": 7.221911021,
    "KGS": 0.02589015203,
    "LAK": 0.00009989375227,
    "LBP": 0.00002463287138,
    "LSL": 0.1243609455,
    "LRD": 0.011312022179999999,
    "LYD": 0.4634202049,
    "MOP": 0.2748478509,
    "MKD": 0.04000389519,
    "MGA": 0.00048345622570000003,
    "MWK": 0.001272111605,
    "MYR": 0.5074411655000001,
    "MVR": 0.1437259589,
    "MRU": null,
    "MUR": 0.04786678856,
    "MXN": 0.11483412330000001,
    "MDL": 0.1266227275,
    "MNT": null,
    "MAD": 0.2293554216,
    "MZN": 0.03452782552,
    "MMK": 0.0006792531159,
    "NAD": 0.1243598424,
    "NPR": 0.01643630758,
    "ANG": null,
    "TWD": 0.06925770775,
    "NZD": 1.368576196,
    "NIO": 0.05994053118999999,
    "NGN": 0.0013874076859999999,
    "KPW": null,
    "NOK": 0.2092794704,
    "OMR": 5.731789745,
    "PKR": null,
    "PAB": 2.206898608,
    "PGK": 0.5664576496,
    "PYG": 0.0002902353984,
    "PEN": 0.5897264894,
    "PHP": 0.03930447324,
    "PLN": 0.5746127189,
    "QAR": 0.6049512708,
    "RON": 0.4944534136,
    "RUB": 0.02398052761,
    "RWF": 0.001665404524,
    "SHP": 2.9133756600000003,
    "WST": null,
    "STN": null,
    "SAR": 0.5879532262,
    "RSD": 0.02101948452,
    "SCR": 0.16268065980000002,
    "SLL": 0.00011460391160000001,
    "SGD": 1.692605737,
    "SBD": 0.26098163,
    "SOS": 0.0038747410929999998,
    "ZAR": 0.12434197300000001,
    "KRW": 0.00166245938,
    "SSP": null,
    "LKR": 0.007332180723,
    "SDG": 0.003667663972,
    "SRD": 0.07668323517999999,
    "SZL": 0.1244128991,
    "SEK": 0.2156588938,
    "CHF": 2.6018390420000004,
    "SYP": null,
    "TJS": 0.2071518413,
    "TZS": 0.0008142201078,
    "THB": 0.06486814232999999,
    "TOP": 0.94266653,
    "TTD": 0.3249016126,
    "TND": 0.7244159098,
    "TRY": 0.06484466943,
    "TMT": 0.6314740640000001,
    "UGX": 0.0005943233400000001,
    "UAH": 0.05338250184,
    "AED": 0.6006506554000001,
    "GBP": 2.9112578040000003,
    "USD": 2.2060999999999997,
    "UYU": 0.054664598919999995,
    "UZS": 0.0001738556814,
    "VUV": null,
    "VES": 0.0603749564,
    "VND": 0.00008869647111,
    "XOF": 0.003756939765,
    "YER": 0.008813859254,
    "ZMW": null,
    "ZWL": null,
    "AFN": 0.031142330724643685,
    "ALL": 0.024610380181657558,
    "DZD": 0.016442314080747488,
    "AOA": 0.0024389523447813704,
    "ARS": 0.0023264874464258914,
    "AMD": 0.005684039052140289,
    "AWG": 1.2255735531031828,
    "AUD": 1.4939035245502572,
    "AZN": 1.2976661150504287,
    "BSD": 2.2057765259466606,
    "BHD": 5.8543601905071325,
    "BDT": 0.018459286370667478,
    "BBD": 1.0924738254376423,
    "BYN": 0.6740286447830703,
    "BZD": 1.094341353922568,
    "BMD": 2.206032395585729,
    "BTN": 0.026293984066443055,
    "BOB": 0.31920175781292615,
    "BAM": 1.2600031389324196,
    "BWP": 0.16631151178719394,
    "BRL": 0.40154945502723877,
    "BND": 1.693160526949862,
    "BGN": 1.2598232480001768,
    "BIF": 0.0007661715552427907,
    "CVE": 0.022349019653414102,
    "KHR": 0.0005420817049061139,
    "XAF": 0.0037566886653634004,
    "CAD": 1.63481254450159,
    "KYD": 2.6469426292096436,
    "CLP": 0.0024291230571548287,
    "CNY": 0.3097098647680771,
    "COP": 0.0005479260325718136,
    "KMF": 0.005001773939148807,
    "CDF": 0.0007822809913424571,
    "CRC": 0.004192399812360258,
    "HRK": null,
    "CUP": 0.09191005102270676,
    "CZK": 0.09829051842745183,
    "DKK": 0.32976995603688647,
    "DJF": 0.01238717029037096,
    "DOP": 0.037073757137993976,
    "EGP": 0.045251946586356215,
    "ERN": null,
    "ETB": 0.019881097244969812,
    "EUR": 2.461436671665024,
    "FJD": 1
  }
}