{
  "meta": {
    "code": "FJD",
    "createdAt": "2024-08-22T16:04:59Z"
  },
  "data": {
    "GMD": null,
    "GEL": 0.8205136038,
    "GHS": 0.141989762,
    "GIP": null,
    "GTQ": 0.28652605540000003,
    "GNF": 0.0002571312494,
    "GYD": 0.010619310549999999,
    "HTG": 0.01681370087,
    "HNL": 0.0892224957,
    "HKD": 0.2846463083,
    "HUF": 0.006265734154,
    "ISK": 0.016194541689999998,
    "INR": 0.026435413879999998,
    "IDR": 0.0001411767747,
    "IRR": 0.00005272435617,
    "IQD": 0.001694122118,
    "ILS": 0.5983303373000001,
    "JMD": 0.01416179716,
    "JPY": 0.01519909798,
    "JOD": 3.1315477030000003,
    "KZT": 0.004625944428,
    "KES": 0.01720387578,
    "KWD": 7.2595833,
    "KGS": null,
    "LAK": 0.00010030734430000001,
    "LBP": 0.00002478280103,
    "LSL": 0.12419138210000001,
    "LRD": 0.01136691948,
    "LYD": 0.4647748607,
    "MOP": 0.2762853175,
    "MKD": 0.040067686059999996,
    "MGA": 0.0004814099567,
    "MWK": 0.001278766918,
    "MYR": 0.5066901584,
    "MVR": 0.144397778,
    "MRU": 0.05583144497,
    "MUR": 0.048216001359999996,
    "MXN": 0.11412124400000001,
    "MDL": 0.12806470650000001,
    "MNT": null,
    "MAD": 0.2292309865,
    "MZN": 0.034731756489999994,
    "MMK": 0.0006833173656,
    "NAD": 0.12419138210000001,
    "NPR": 0.01651330308,
    "ANG": 1.231249663,
    "TWD": 0.06929293757999999,
    "NZD": 1.363027481,
    "NIO": 0.060307065119999996,
    "NGN": 0.001408560637,
    "KPW": null,
    "NOK": 0.2095474223,
    "OMR": null,
    "PKR": 0.007965185988,
    "PAB": null,
    "PGK": 0.5626314987000001,
    "PYG": 0.000292437161,
    "PEN": null,
    "PHP": 0.039292173859999995,
    "PLN": 0.5759463,
    "QAR": 0.6096141906,
    "RON": 0.4955792329,
    "RUB": 0.02425342031,
    "RWF": 0.001668646596,
    "SHP": 2.903621155,
    "WST": null,
    "STN": null,
    "SAR": 0.5914760959,
    "RSD": null,
    "SCR": 0.1629195675,
    "SLL": 0.00011460391160000001,
    "SGD": 1.6936308310000001,
    "SBD": 0.2596581,
    "SOS": null,
    "ZAR": 0.12314016850000001,
    "KRW": 0.00165201474,
    "SSP": null,
    "LKR": 0.007364658278,
    "SDG": 0.003689609108,
    "SRD": null,
    "SZL": 0.12412192250000001,
    "SEK": 0.2167664212,
    "CHF": null,
    "SYP": null,
    "TJS": 0.2080556687,
    "TZS": 0.0008168200007000001,
    "THB": 0.06431924216,
    "TOP": 0.94519987,
    "TTD": 0.3268094574,
    "TND": 0.7263060943,
    "TRY": 0.0654236768,
    "TMT": 0.635252432,
    "UGX": 0.0005969448727,
    "UAH": 0.053679696029999995,
    "AED": 0.6042199601,
    "GBP": 2.9063397970000002,
    "USD": 2.2193,
    "UYU": 0.055005350499999994,
    "UZS": 0.00017523095010000002,
    "VUV": null,
    "VES": 0.06063132038,
    "VND": null,
    "XOF": 0.0037019182339999997,
    "YER": 0.008864831841,
    "ZMW": 0.08521215402,
    "ZWL": null,
    "AFN": 0.031256784285029066,
    "ALL": 0.024851418636473277,
    "DZD": 0.016529063122515352,
    "AOA": 0.0024644438470150624,
    "ARS": 0.002347772212892953,
    "AMD": 0.005719669289270783,
    "AWG": 1.231196496109328,
    "AUD": 1.4891483915376664,
    "AZN": 1.3054304024923902,
    "BSD": 2.217468796976522,
    "BHD": 5.889444677877164,
    "BDT": 0.018556969421715745,
    "BBD": 1.0982897292852773,
    "BYN": 0.6776124775642931,
    "BZD": 1.100147423396223,
    "BMD": 2.2192316842370636,
    "BTN": 0.026417119607598922,
    "BOB": 0.32090114854673524,
    "BAM": 1.2637295572484877,
    "BWP": 0.16609188093731087,
    "BRL": 0.3984186432564839,
    "BND": null,
    "BGN": 1.262284048814147,
    "BIF": 0.0007719066727781092,
    "CVE": null,
    "KHR": 0.0005419369192276102,
    "XAF": 0.0037679172755872184,
    "CAD": 1.631680024492692,
    "KYD": null,
    "CLP": 0.0024093014778456983,
    "CNY": 0.31059490905350573,
    "COP": 0.0005457578909870028,
    "KMF": 0.005022022369101076,
    "CDF": 0.0007719066727781092,
    "CRC": null,
    "HRK": null,
    "CUP": 0.09241061529868105,
    "CZK": 0.09830919132730039,
    "DKK": 0.33057018290232026,
    "DJF": 0.012453167647952679,
    "DOP": 0.03701804310653985,
    "EGP": 0.04549274600286335,
    "ERN": null,
    "ETB": 0.02016566728066391,
    "EUR": 2.46649812085253,
    "FJD": 1
  }
}