{
  "meta": {
    "code": "FJD",
    "createdAt": "2024-08-14T11:33:19Z"
  },
  "data": {
    "GMD": 0.03243043338,
    "GEL": 0.8303867503,
    "GHS": 0.1429898355,
    "GIP": null,
    "GTQ": 0.2890349819,
    "GNF": 0.00025959244420000003,
    "GYD": 0.01072237813,
    "HTG": null,
    "HNL": 0.09036235386,
    "HKD": 0.28729338,
    "HUF": 0.006255479161,
    "ISK": 0.016217567619999998,
    "INR": 0.02665749633,
    "IDR": 0.0001431971361,
    "IRR": 0.00005316148867,
    "IQD": 0.001708907546,
    "ILS": 0.599791094,
    "JMD": 0.0142627261,
    "JPY": null,
    "JOD": null,
    "KZT": 0.004662230048,
    "KES": 0.01734651143,
    "KWD": 7.310809809,
    "KGS": 0.026110911249999997,
    "LAK": null,
    "LBP": null,
    "LSL": 0.1239931051,
    "LRD": 0.011463750299999999,
    "LYD": 0.4655624358,
    "MOP": 0.27905237850000003,
    "MKD": 0.040089984259999996,
    "MGA": 0.0004919567786,
    "MWK": 0.001290517616,
    "MYR": 0.5062670938,
    "MVR": 0.1452246713,
    "MRU": null,
    "MUR": 0.048457773899999994,
    "MXN": 0.1181805451,
    "MDL": 0.1274616073,
    "MNT": null,
    "MAD": 0.2287562669,
    "MZN": 0.03501691697,
    "MMK": 0.0006889826832,
    "NAD": 0.1239931051,
    "NPR": 0.01666307556,
    "ANG": 1.242488743,
    "TWD": 0.06950135084999999,
    "NZD": 1.346681582,
    "NIO": 0.060803567589999996,
    "NGN": 0.001364479643,
    "KPW": null,
    "NOK": 0.20973962100000001,
    "OMR": 5.8126875600000005,
    "PKR": 0.008031550602,
    "PAB": 2.238881505,
    "PGK": 0.5681115276,
    "PYG": null,
    "PEN": 0.5974943187,
    "PHP": null,
    "PLN": 0.5742323084000001,
    "QAR": 0.6133059069,
    "RON": 0.49570313590000004,
    "RUB": 0.02535660943,
    "RWF": 0.001696484731,
    "SHP": 2.8748850750000003,
    "WST": null,
    "STN": null,
    "SAR": 0.5961276658,
    "RSD": 0.02107663001,
    "SCR": 0.1697336176,
    "SLL": 0.00011460391160000001,
    "SGD": 1.7014982980000002,
    "SBD": null,
    "SOS": 0.003931437507,
    "ZAR": 0.12396269480000001,
    "KRW": 0.001651049799,
    "SSP": null,
    "LKR": null,
    "SDG": 0.003720199298,
    "SRD": 0.07805567069,
    "SZL": 0.12398471380000001,
    "SEK": 0.21505075710000002,
    "CHF": 2.592635023,
    "SYP": null,
    "TJS": 0.2105345639,
    "TZS": 0.0008290342845,
    "THB": 0.06417173125,
    "TOP": null,
    "TTD": 0.3294720111,
    "TND": 0.7281823314,
    "TRY": 0.0667170255,
    "TMT": 0.640519248,
    "UGX": 0.0006007823951,
    "UAH": null,
    "AED": 0.6092337405,
    "GBP": 2.8741354450000003,
    "USD": null,
    "UYU": 0.055536267939999995,
    "UZS": 0.0001773175857,
    "VUV": null,
    "VES": 0.061122014679999996,
    "VND": 0.00008938291257,
    "XOF": 0.003760110244,
    "YER": 0.008937440931,
    "ZMW": 0.08532896098,
    "ZWL": null,
    "AFN": 0.03154706330610174,
    "ALL": 0.024675831309238224,
    "DZD": 0.016671807957705547,
    "AOA": 0.002538434538246361,
    "ARS": 0.00238108823053982,
    "AMD": 0.005758461929376056,
    "AWG": 1.2414036313254742,
    "AUD": 1.4827432274323393,
    "AZN": 1.3162529679200985,
    "BSD": 2.237741708876286,
    "BHD": 5.9363722771906176,
    "BDT": 0.019040759285859896,
    "BBD": 1.108262699513312,
    "BYN": 0.683862231106328,
    "BZD": 1.1101183555782028,
    "BMD": 2.2376300454641673,
    "BTN": 0.026656607976911512,
    "BOB": 0.3238378797081151,
    "BAM": 1.2610437317174132,
    "BWP": 0.16670156049839222,
    "BRL": 0.4099875492521117,
    "BND": 1.7016353349087308,
    "BGN": 1.2597665193001324,
    "BIF": 0.0007760209573833874,
    "CVE": 0.022367867769883844,
    "KHR": 0.0005469837333579625,
    "XAF": 0.0037599252829753327,
    "CAD": 1.6320319500988658,
    "KYD": 2.6851925735422766,
    "CLP": 0.002401199774258599,
    "CNY": 0.3127846413545226,
    "COP": 0.0005542845367699791,
    "KMF": 0.004984140874927602,
    "CDF": 0.0007796620367470967,
    "CRC": 0.004253793157659789,
    "HRK": null,
    "CUP": null,
    "CZK": null,
    "DKK": 0.3305604866328486,
    "DJF": 0.012566105360672247,
    "DOP": 0.03751101662922934,
    "EGP": 0.04558897627990702,
    "ERN": null,
    "ETB": 0.02029445470297335,
    "EUR": 2.4666729635071856,
    "FJD": 1
  }
}