{
  "meta": {
    "code": "FJD",
    "createdAt": "2024-08-20T18:35:46Z"
  },
  "data": {
    "GMD": null,
    "GEL": 0.8231322193,
    "GHS": 0.1416474715,
    "GIP": null,
    "GTQ": 0.2867554532,
    "GNF": 0.0002565411241,
    "GYD": null,
    "HTG": 0.016845901269999998,
    "HNL": 0.08960158960999999,
    "HKD": 0.2842497046,
    "HUF": 0.006267090255,
    "ISK": 0.01618621125,
    "INR": 0.02642541938,
    "IDR": 0.0001433149611,
    "IRR": 0.00005258164016,
    "IQD": 0.0016950886779999999,
    "ILS": 0.5990416023,
    "JMD": 0.014137824189999999,
    "JPY": 0.01522352734,
    "JOD": 3.1239985750000003,
    "KZT": 0.0046596629269999995,
    "KES": 0.01716240291,
    "KWD": 7.235128823,
    "KGS": 0.025841983779999998,
    "LAK": 0.0001003477265,
    "LBP": null,
    "LSL": 0.1247373746,
    "LRD": 0.011339320549999999,
    "LYD": 0.4636544419,
    "MOP": 0.2767417574,
    "MKD": 0.03998692583,
    "MGA": 0.000485676204,
    "MWK": 0.001279979916,
    "MYR": 0.5052951219,
    "MVR": 0.1437766361,
    "MRU": null,
    "MUR": 0.047987299829999996,
    "MXN": 0.1165476857,
    "MDL": null,
    "MNT": null,
    "MAD": null,
    "MZN": 0.03465068642,
    "MMK": null,
    "NAD": 0.1247452341,
    "NPR": 0.016558138689999998,
    "ANG": 1.232234091,
    "TWD": null,
    "NZD": 1.362409481,
    "NIO": 0.060063752819999996,
    "NGN": 0.001405682528,
    "KPW": null,
    "NOK": 0.21088316540000002,
    "OMR": 5.751193412,
    "PKR": 0.00794741078,
    "PAB": 2.220684835,
    "PGK": 0.5642002505,
    "PYG": 0.0002925843408,
    "PEN": 0.5909776437,
    "PHP": 0.0393241799,
    "PLN": 0.5759121567000001,
    "QAR": 0.6081027683,
    "RON": 0.49466063450000003,
    "RUB": 0.024288758379999997,
    "RWF": null,
    "SHP": null,
    "WST": null,
    "STN": null,
    "SAR": 0.5900540280000001,
    "RSD": null,
    "SCR": 0.16607531250000002,
    "SLL": 0.00011460391160000001,
    "SGD": 1.6960960250000001,
    "SBD": 0.261467495,
    "SOS": 0.0038995120509999997,
    "ZAR": 0.12402215800000001,
    "KRW": 0.0016646805169999999,
    "SSP": null,
    "LKR": 0.00741007958,
    "SDG": 0.0036807146779999998,
    "SRD": 0.07662317339,
    "SZL": null,
    "SEK": 0.2170438133,
    "CHF": 2.5866817660000003,
    "SYP": null,
    "TJS": 0.2084308394,
    "TZS": 0.0008192786179,
    "THB": 0.06478584471,
    "TOP": null,
    "TTD": 0.3275680717,
    "TND": 0.7258860153000001,
    "TRY": 0.06536532398,
    "TMT": 0.6337210480000001,
    "UGX": 0.0005962196131000001,
    "UAH": 0.053643012219999994,
    "AED": 0.6027633851,
    "GBP": 2.8840573160000003,
    "USD": 2.21395,
    "UYU": 0.055005587749999994,
    "UZS": 0.000174946661,
    "VUV": null,
    "VES": 0.060421573629999996,
    "VND": 0.00008882455958,
    "XOF": 0.003749802538,
    "YER": 0.008843461656,
    "ZMW": 0.08611249296,
    "ZWL": null,
    "AFN": 0.03118144058704525,
    "ALL": 0.024674192310948494,
    "DZD": 0.016508056732078384,
    "AOA": 0.0024889064437101887,
    "ARS": 0.002345761708931205,
    "AMD": 0.00571982202480915,
    "AWG": 1.2290810724109438,
    "AUD": 1.4932189696754405,
    "AZN": 1.3022836951060075,
    "BSD": 2.219466014356964,
    "BHD": null,
    "BDT": 0.018602489553504582,
    "BBD": 1.099179286321428,
    "BYN": 0.6781651328165049,
    "BZD": 1.101088853675453,
    "BMD": 2.2138822816802124,
    "BTN": 0.02648615105985639,
    "BOB": null,
    "BAM": 1.257542550486083,
    "BWP": 0.16668101790230802,
    "BRL": 0.4035659852388283,
    "BND": 1.6965590220936617,
    "BGN": 1.2580306181653145,
    "BIF": 0.0007696444578631443,
    "CVE": null,
    "KHR": 0.000539971288214686,
    "XAF": 0.0037496881993648924,
    "CAD": 1.6247723302395203,
    "KYD": 2.6632391765638275,
    "CLP": 0.0023969882115419837,
    "CNY": null,
    "COP": 0.0005515882755761876,
    "KMF": null,
    "CDF": 0.0007700460110192045,
    "CRC": 0.004282208858531298,
    "HRK": null,
    "CUP": 0.09247288669763164,
    "CZK": 0.09796806282690301,
    "DKK": 0.32994856488903046,
    "DJF": 0.012457136404403147,
    "DOP": 0.03697506942263403,
    "EGP": 0.04527385146312325,
    "ERN": null,
    "ETB": 0.020347060655977314,
    "EUR": 2.461961869892351,
    "FJD": 1
  }
}