{
  "meta": {
    "code": "FJD",
    "createdAt": "2024-08-09T11:33:24Z"
  },
  "data": {
    "GMD": 0.03229064701,
    "GEL": 0.8327988314,
    "GHS": 0.1440996331,
    "GIP": null,
    "GTQ": 0.2895861819,
    "GNF": 0.0002602158876,
    "GYD": 0.01074114964,
    "HTG": 0.017013518079999998,
    "HNL": 0.09060515392,
    "HKD": 0.2877986766,
    "HUF": 0.00619853426,
    "ISK": 0.01621297491,
    "INR": 0.02673145167,
    "IDR": 0.0001406635385,
    "IRR": 0.00005330008214,
    "IQD": 0.001712963523,
    "ILS": 0.6020416595,
    "JMD": 0.01427664437,
    "JPY": 0.015265833869999999,
    "JOD": 3.1653431110000003,
    "KZT": 0.004688461453,
    "KES": 0.017256273189999997,
    "KWD": 7.329626770000001,
    "KGS": 0.026278686559999997,
    "LAK": 0.000101260997,
    "LBP": 0.0000250475162,
    "LSL": 0.12251608450000001,
    "LRD": 0.01147381384,
    "LYD": 0.4668221013,
    "MOP": 0.279477183,
    "MKD": 0.039822902599999994,
    "MGA": 0.0004915024664,
    "MWK": 0.001293529523,
    "MYR": 0.5074506493000001,
    "MVR": 0.1457411083,
    "MRU": 0.056648655199999995,
    "MUR": null,
    "MXN": 0.119357777,
    "MDL": 0.1274794021,
    "MNT": null,
    "MAD": 0.22886508690000001,
    "MZN": 0.03512413129,
    "MMK": 0.0006909840183,
    "NAD": 0.1225132792,
    "NPR": 0.01670823955,
    "ANG": 1.24536448,
    "TWD": 0.06934613906999999,
    "NZD": 1.349673101,
    "NIO": 0.0609448866,
    "NGN": 0.001367283787,
    "KPW": null,
    "NOK": 0.2069780776,
    "OMR": 5.828977358,
    "PKR": 0.008054059018,
    "PAB": 2.24476105,
    "PGK": 0.5699065108,
    "PYG": 0.0002964671235,
    "PEN": 0.6021603777,
    "PHP": 0.03915487158,
    "PLN": 0.5663238700000001,
    "QAR": 0.6153803764,
    "RON": 0.49227918400000004,
    "RUB": 0.025329342829999997,
    "RWF": 0.00170351028,
    "SHP": 2.8614672100000003,
    "WST": null,
    "STN": null,
    "SAR": 0.5979156753,
    "RSD": 0.020940366279999997,
    "SCR": 0.1655142832,
    "SLL": 0.00011460391160000001,
    "SGD": 1.6948487900000002,
    "SBD": 0.2648156,
    "SOS": 0.00394103962,
    "ZAR": 0.1225194059,
    "KRW": 0.001642616606,
    "SSP": null,
    "LKR": 0.007480607569,
    "SDG": 0.003731005615,
    "SRD": 0.07769295845999999,
    "SZL": 0.1225568841,
    "SEK": 0.2129771608,
    "CHF": 2.596337422,
    "SYP": null,
    "TJS": 0.21282540800000002,
    "TZS": 0.0008310153657000001,
    "THB": 0.06373756908,
    "TOP": 0.9459303,
    "TTD": 0.33021764730000003,
    "TND": 0.7262045155,
    "TRY": 0.06689935512999999,
    "TMT": 0.6405429303,
    "UGX": 0.0006023576428000001,
    "UAH": 0.05454061306,
    "AED": 0.6109933244,
    "GBP": 2.8597279550000003,
    "USD": 2.2441999999999998,
    "UYU": 0.05551722157,
    "UZS": 0.0001773355619,
    "VUV": null,
    "VES": null,
    "VND": 0.00008939254534,
    "XOF": 0.003734272497,
    "YER": 0.00896428634,
    "ZMW": 0.08588288583999999,
    "ZWL": null,
    "AFN": 0.031678881257115175,
    "ALL": 0.024482431147405205,
    "DZD": 0.016684245179045185,
    "AOA": 0.0025486989367897216,
    "ARS": 0.002396933953496178,
    "AMD": 0.0057735044204597,
    "AWG": 1.2467385630874273,
    "AUD": 1.4751586912657029,
    "AZN": 1.320076125621982,
    "BSD": 2.2435124478985204,
    "BHD": 5.952176367576089,
    "BDT": 0.01908961576232597,
    "BBD": 1.1108693653244184,
    "BYN": 0.6853766387904591,
    "BZD": 1.112736635610556,
    "BMD": 2.2441294135573693,
    "BTN": 0.02672868794267946,
    "BOB": 0.3246047201977296,
    "BAM": 1.2523833332302516,
    "BWP": 0.1656837021814756,
    "BRL": 0.4043695000354717,
    "BND": 1.6940469564005816,
    "BGN": 1.252411989409759,
    "BIF": 0.0007781052335957931,
    "CVE": 0.022215385881524902,
    "KHR": 0.0005470736329478151,
    "XAF": 0.0037341203614348452,
    "CAD": 1.6330383121592214,
    "KYD": 2.6923140951483635,
    "CLP": 0.0023979584481975914,
    "CNY": 0.31295820690289905,
    "COP": 0.0005473539777063328,
    "KMF": 0.0049731399764972786,
    "CDF": 0.0007832912441313344,
    "CRC": 0.004236147077323594,
    "HRK": null,
    "CUP": 0.09345508227820958,
    "CZK": 0.09706022298081796,
    "DKK": 0.32825226197099144,
    "DJF": 0.012595601860361376,
    "DOP": 0.03754519784310032,
    "EGP": 0.04556867017984679,
    "ERN": null,
    "ETB": 0.027936720926777785,
    "EUR": 2.450029928867352,
    "FJD": 1
  }
}