{
  "meta": {
    "code": "FJD",
    "createdAt": "2024-07-25T18:04:32Z"
  },
  "data": {
    "GMD": 0.033357194209999996,
    "GEL": 0.8340320615,
    "GHS": 0.1458032257,
    "GIP": null,
    "GTQ": 0.2914704973,
    "GNF": 0.0002621751723,
    "GYD": 0.01082012533,
    "HTG": 0.01711840936,
    "HNL": 0.0912837196,
    "HKD": 0.2894862612,
    "HUF": 0.0062512454349999995,
    "ISK": 0.01640378876,
    "INR": 0.02697620956,
    "IDR": 0.0001385066856,
    "IRR": 0.00005367414697,
    "IQD": 0.001725152652,
    "ILS": 0.6161494684000001,
    "JMD": 0.014436709749999999,
    "JPY": 0.014673403359999998,
    "JOD": 3.1889069670000003,
    "KZT": 0.004758815134,
    "KES": 0.016992105049999998,
    "KWD": 7.391311111,
    "KGS": 0.02684026001,
    "LAK": 0.0001018867496,
    "LBP": 0.0000252226556,
    "LSL": 0.12315803630000001,
    "LRD": 0.01156747497,
    "LYD": 0.4669318176,
    "MOP": 0.2812051265,
    "MKD": 0.039808318659999994,
    "MGA": 0.0004974027912,
    "MWK": 0.001302189563,
    "MYR": 0.483670431,
    "MVR": 0.1472342509,
    "MRU": 0.056854086449999994,
    "MUR": 0.04831158393,
    "MXN": 0.122847492,
    "MDL": 0.1271139838,
    "MNT": null,
    "MAD": 0.2283123527,
    "MZN": 0.035370635639999995,
    "MMK": 0.0006958334071000001,
    "NAD": 0.12315803630000001,
    "NPR": 0.016873290659999998,
    "ANG": 1.254550901,
    "TWD": 0.06900086119,
    "NZD": 1.3320371290000002,
    "NIO": 0.061400310349999994,
    "NGN": 0.0014265109489999999,
    "KPW": null,
    "NOK": 0.2052057199,
    "OMR": 5.871933167000001,
    "PKR": 0.008114721558,
    "PAB": 2.2606392840000002,
    "PGK": 0.5844257819,
    "PYG": 0.00029800197880000003,
    "PEN": 0.6011704294,
    "PHP": 0.038609550779999995,
    "PLN": 0.5717962773,
    "QAR": 0.6207802416,
    "RON": 0.4936119511,
    "RUB": 0.026587651839999997,
    "RWF": 0.001714681332,
    "SHP": 2.917030462,
    "WST": null,
    "STN": null,
    "SAR": 0.6023916386,
    "RSD": 0.02095262358,
    "SCR": 0.1641924411,
    "SLL": 0.00011460391160000001,
    "SGD": 1.6824993270000002,
    "SBD": 0.2666741,
    "SOS": 0.003957880718,
    "ZAR": 0.1231763148,
    "KRW": 0.0016337974049999999,
    "SSP": null,
    "LKR": 0.007447954497999999,
    "SDG": 0.003856569871,
    "SRD": 0.07809627404,
    "SZL": 0.12302395120000001,
    "SEK": 0.2091399991,
    "CHF": 2.565567558,
    "SYP": null,
    "TJS": 0.21278798770000001,
    "TZS": 0.0008402121208,
    "THB": 0.062291905829999994,
    "TOP": 0.9507609650000001,
    "TTD": 0.3325595523,
    "TND": 0.7280770177,
    "TRY": 0.0683631259,
    "TMT": 0.62148625,
    "UGX": 0.0006047463483,
    "UAH": 0.054825008429999995,
    "AED": 0.6152872071000001,
    "GBP": 2.9083725940000003,
    "USD": 2.25995,
    "UYU": 0.056137158,
    "UZS": 0.0001789751582,
    "VUV": null,
    "VES": 0.061901070069999994,
    "VND": 0.00008911502638,
    "XOF": 0.003737964079,
    "YER": null,
    "ZMW": 0.08654049134,
    "ZWL": null,
    "AFN": 0.03182926497079452,
    "ALL": 0.02443314010576688,
    "DZD": 0.01681505499817071,
    "AOA": 0.0025897141685520654,
    "ARS": 0.002431283023210132,
    "AMD": 0.0058260790764204885,
    "AWG": 1.2554876738480059,
    "AUD": 1.48034462001744,
    "AZN": 1.3293398899567122,
    "BSD": 2.2593671959748405,
    "BHD": 5.996795026091254,
    "BDT": 0.01922881323890808,
    "BBD": 1.1190621817022062,
    "BYN": 0.6905239753929295,
    "BZD": 1.12095556860028,
    "BMD": 2.2598778129264105,
    "BTN": 0.026992759376118048,
    "BOB": 0.3270026178070307,
    "BAM": 1.2536385571006228,
    "BWP": 0.16584591590431372,
    "BRL": 0.4011213924536361,
    "BND": 1.683510990426583,
    "BGN": 1.255107655268909,
    "BIF": 0.0007837273499073172,
    "CVE": 0.0222210207760709,
    "KHR": 0.0005489803993185597,
    "XAF": 0.003737845454036377,
    "CAD": 1.6362764828933203,
    "KYD": 2.7113410411220764,
    "CLP": 0.002386052256327272,
    "CNY": 0.3124960677252627,
    "COP": 0.0005614784611424387,
    "KMF": 0.004975238731867749,
    "CDF": 0.0007887880673390614,
    "CRC": 0.00427299285286781,
    "HRK": null,
    "CUP": 0.09414321768582772,
    "CZK": 0.09664205496016463,
    "DKK": 0.32862346049102,
    "DJF": 0.01271594538092972,
    "DOP": 0.03801308348067974,
    "EGP": 0.046747420242211506,
    "ERN": null,
    "ETB": 0.03908433615906765,
    "EUR": 2.4527764142405335,
    "FJD": 1
  }
}