{
  "meta": {
    "code": "FJD",
    "createdAt": "2024-08-06T18:36:11Z"
  },
  "data": {
    "GMD": 0.03238561104,
    "GEL": 0.8321596988000001,
    "GHS": 0.1447459791,
    "GIP": null,
    "GTQ": 0.29053393920000004,
    "GNF": 0.00026111368740000003,
    "GYD": 0.010777595669999999,
    "HTG": 0.01705297012,
    "HNL": 0.09093078945,
    "HKD": 0.2887879936,
    "HUF": 0.00618342702,
    "ISK": 0.016298334499999997,
    "INR": 0.02681220484,
    "IDR": 0.000139428732,
    "IRR": 0.00005347270801,
    "IQD": 0.001718167919,
    "ILS": 0.5873687454000001,
    "JMD": 0.01435137764,
    "JPY": 0.01550418564,
    "JOD": 3.175547932,
    "KZT": 0.004705029554,
    "KES": null,
    "KWD": 7.363620495,
    "KGS": null,
    "LAK": 0.0001015245825,
    "LBP": 0.0000251345598,
    "LSL": 0.1218624782,
    "LRD": 0.01151477318,
    "LYD": 0.46842870820000004,
    "MOP": 0.28047331340000003,
    "MKD": 0.0399725424,
    "MGA": 0.0004925164097,
    "MWK": 0.001298413594,
    "MYR": 0.503084861,
    "MVR": 0.1460748492,
    "MRU": 0.0565527635,
    "MUR": 0.04868869788,
    "MXN": 0.115997904,
    "MDL": null,
    "MNT": null,
    "MAD": 0.22882704180000002,
    "MZN": 0.03523001677,
    "MMK": 0.0006930161431,
    "NAD": 0.1218624782,
    "NPR": 0.01675383205,
    "ANG": 1.249286507,
    "TWD": 0.06869988544,
    "NZD": null,
    "NIO": 0.0610469201,
    "NGN": 0.00141208946,
    "KPW": null,
    "NOK": 0.2067157228,
    "OMR": 5.847200265000001,
    "PKR": 0.008060160941,
    "PAB": 2.251394211,
    "PGK": 0.6546829484000001,
    "PYG": 0.0002972692331,
    "PEN": 0.6049724323,
    "PHP": 0.03900224503,
    "PLN": 0.5710556448,
    "QAR": 0.6182245350000001,
    "RON": 0.4943342008,
    "RUB": 0.026271495149999997,
    "RWF": 0.001707091372,
    "SHP": 2.8593037800000003,
    "WST": null,
    "STN": null,
    "SAR": 0.599478117,
    "RSD": 0.0210262781,
    "SCR": null,
    "SLL": 0.00011460391160000001,
    "SGD": 1.69817233,
    "SBD": 0.26514424000000003,
    "SOS": 0.0039418562,
    "ZAR": 0.12196522500000001,
    "KRW": 0.00163571443,
    "SSP": null,
    "LKR": 0.007447613599,
    "SDG": 0.003741978183,
    "SRD": 0.078384119,
    "SZL": 0.1215991346,
    "SEK": 0.2140345321,
    "CHF": 2.637161074,
    "SYP": null,
    "TJS": 0.2132048467,
    "TZS": 0.0008333361019,
    "THB": 0.06352808723,
    "TOP": 0.9448858400000001,
    "TTD": 0.3318746079,
    "TND": 0.7257862156,
    "TRY": 0.06700800409999999,
    "TMT": 0.644268992,
    "UGX": 0.0006041921475,
    "UAH": 0.05486849436,
    "AED": 0.6127960556000001,
    "GBP": 2.8597651940000004,
    "USD": 2.2508,
    "UYU": 0.055606013999999995,
    "UZS": 0.0001788478342,
    "VUV": null,
    "VES": 0.061486206489999994,
    "VND": 0.00008953074684,
    "XOF": 0.003760734999,
    "YER": 0.008990656291,
    "ZMW": 0.08662568428999999,
    "ZWL": null,
    "AFN": 0.0317025082279501,
    "ALL": 0.02454983037417452,
    "DZD": 0.016710422283560403,
    "AOA": 0.0025532937586639592,
    "ARS": 0.002405854583807603,
    "AMD": 0.005797708581957075,
    "AWG": 1.2504046934790445,
    "AUD": 1.4716703272165343,
    "AZN": 1.3239579107425177,
    "BSD": 2.250141161705723,
    "BHD": 5.9709857549703225,
    "BDT": 0.019149806383048393,
    "BBD": 1.1143941283477374,
    "BYN": 0.6875348273345041,
    "BZD": 1.116269419135462,
    "BMD": 2.2507284482622802,
    "BTN": 0.02680210466292843,
    "BOB": 0.3256046943486348,
    "BAM": 1.2549608988663963,
    "BWP": 0.16538176851811812,
    "BRL": 0.39892386537430946,
    "BND": 1.6952673276432264,
    "BGN": null,
    "BIF": 0.0007801485089297331,
    "CVE": 0.022240399686386164,
    "KHR": 0.0005469570955679903,
    "XAF": 0.0037417213344407767,
    "CAD": 1.6358999794786162,
    "KYD": 2.699846576601547,
    "CLP": 0.002383665471830115,
    "CNY": 0.31448810198956323,
    "COP": 0.0005439419521684482,
    "KMF": 0.004993296614141338,
    "CDF": 0.0007842259401610732,
    "CRC": 0.00425529328761756,
    "HRK": null,
    "CUP": 0.0937529683947662,
    "CZK": 0.09722978109497485,
    "DKK": 0.32972875017690567,
    "DJF": 0.012664463472424536,
    "DOP": null,
    "EGP": 0.04574521148481073,
    "ERN": null,
    "ETB": 0.028018870994286384,
    "EUR": null,
    "FJD": 1
  }
}