{
  "meta": {
    "code": "FJD",
    "createdAt": "2024-08-07T09:04:50Z"
  },
  "data": {
    "GMD": 0.03231294917,
    "GEL": 0.8302926264,
    "GHS": 0.14488705400000002,
    "GIP": null,
    "GTQ": 0.2905373935,
    "GNF": 0.0002610857297,
    "GYD": 0.01077767314,
    "HTG": 0.01705324859,
    "HNL": 0.09092017688,
    "HKD": 0.2880556152,
    "HUF": 0.006152739664,
    "ISK": 0.01624647324,
    "INR": 0.026748589269999998,
    "IDR": null,
    "IRR": null,
    "IQD": 0.0017184261159999999,
    "ILS": 0.5919608357,
    "JMD": 0.01435147884,
    "JPY": 0.01525909646,
    "JOD": 3.1684231240000003,
    "KZT": 0.004705192095,
    "KES": null,
    "KWD": 7.342443693000001,
    "KGS": 0.02655024687,
    "LAK": 0.00010159885280000001,
    "LBP": 0.00002512747217,
    "LSL": 0.1214618154,
    "LRD": 0.01122274576,
    "LYD": 0.4687985159,
    "MOP": null,
    "MKD": null,
    "MGA": 0.0004954185135,
    "MWK": 0.00129767879,
    "MYR": 0.49983320880000004,
    "MVR": 0.1457471089,
    "MRU": 0.056807214159999994,
    "MUR": 0.048370108829999994,
    "MXN": 0.11676552550000001,
    "MDL": 0.1271319075,
    "MNT": null,
    "MAD": 0.22890435680000001,
    "MZN": 0.03515097306,
    "MMK": 0.0006914612597,
    "NAD": 0.1214618154,
    "NPR": 0.01675456609,
    "ANG": 1.249306907,
    "TWD": 0.06876569592,
    "NZD": 1.350542734,
    "NIO": 0.06114283441,
    "NGN": 0.00140892123,
    "KPW": null,
    "NOK": 0.2077038031,
    "OMR": 5.8337510880000005,
    "PKR": 0.008074612091,
    "PAB": 2.2514115350000004,
    "PGK": 0.5723522941,
    "PYG": 0.0002972344446,
    "PEN": 0.6044011678,
    "PHP": 0.038988715019999995,
    "PLN": 0.5679838612,
    "QAR": 0.6151414896,
    "RON": 0.49267330870000003,
    "RUB": 0.026196179679999997,
    "RWF": 0.0016956634179999999,
    "SHP": 2.8528885120000003,
    "WST": null,
    "STN": null,
    "SAR": 0.5981831352,
    "RSD": 0.02095072391,
    "SCR": 0.1656371552,
    "SLL": 0.00011460391160000001,
    "SGD": 1.6917647960000002,
    "SBD": 0.263875625,
    "SOS": 0.003953633892,
    "ZAR": 0.1224076355,
    "KRW": 0.001634021399,
    "SSP": null,
    "LKR": 0.007447735681,
    "SDG": 0.0037335825059999998,
    "SRD": 0.07820825273,
    "SZL": 0.1214990499,
    "SEK": 0.21534820130000001,
    "CHF": 2.614145075,
    "SYP": null,
    "TJS": 0.2132063622,
    "TZS": 0.000831143586,
    "THB": 0.06294850723999999,
    "TOP": 0.943888725,
    "TTD": 0.331880079,
    "TND": 0.7284142675,
    "TRY": 0.06682422259,
    "TMT": 0.64282348,
    "UGX": 0.0006041909656,
    "UAH": 0.05486939916,
    "AED": 0.6114177891,
    "GBP": 2.8522260160000004,
    "USD": 2.2457499999999997,
    "UYU": 0.055256678749999996,
    "UZS": 0.0001786568234,
    "VUV": null,
    "VES": 0.061328445649999994,
    "VND": 0.0000892586812,
    "XOF": 0.003741936022,
    "YER": 0.008970484435,
    "ZMW": 0.08662630287999999,
    "ZWL": null,
    "AFN": 0.03170316654873353,
    "ALL": 0.024502937988147573,
    "DZD": 0.01667077619915676,
    "AOA": 0.0025475650423639495,
    "ARS": 0.002400511325427834,
    "AMD": 0.005802503664281065,
    "AWG": 1.2475992136432061,
    "AUD": 1.4729962872417122,
    "AZN": 1.3209874026810415,
    "BSD": 2.250146024857639,
    "BHD": 5.958164265804713,
    "BDT": 0.019150116144956517,
    "BBD": 1.11440215364546,
    "BYN": 0.6875460079146088,
    "BZD": 1.1162772565178183,
    "BMD": 2.245678584557771,
    "BTN": 0.026802663524336693,
    "BOB": 0.3256099731972164,
    "BAM": 1.2549700713074559,
    "BWP": 0.16538293062106807,
    "BRL": 0.3969734108821103,
    "BND": 1.6952867789209192,
    "BGN": 1.2537852508620666,
    "BIF": 0.0007807194444133741,
    "CVE": 0.02225963228457769,
    "KHR": 0.0005476233706752836,
    "XAF": 0.003741816038874694,
    "CAD": 1.632698325486458,
    "KYD": 2.6998906359889894,
    "CLP": 0.002376178297036565,
    "CNY": 0.3127119859894648,
    "COP": 0.0005424671984175703,
    "KMF": 0.004982093367491702,
    "CDF": 0.0007824664057692581,
    "CRC": 0.004255323724767257,
    "HRK": null,
    "CUP": 0.09375452031560044,
    "CZK": 0.09698460744202365,
    "DKK": 0.32849712043448315,
    "DJF": 0.012635629273060642,
    "DOP": 0.037830926225772304,
    "EGP": null,
    "ERN": null,
    "ETB": 0.02795600624799966,
    "EUR": 2.451600793773029,
    "FJD": 1
  }
}