{
  "meta": {
    "code": "FJD",
    "createdAt": "2024-08-19T16:04:23Z"
  },
  "data": {
    "GMD": 0.03174642793,
    "GEL": 0.8277254575,
    "GHS": 0.1421785016,
    "GIP": null,
    "GTQ": 0.2870764773,
    "GNF": 0.00025747304050000003,
    "GYD": 0.010637681849999999,
    "HTG": 0.016860535189999998,
    "HNL": 0.08948727412999999,
    "HKD": 0.2852106762,
    "HUF": 0.006234580153,
    "ISK": 0.0161289736,
    "INR": 0.02649999791,
    "IDR": 0.0001427773402,
    "IRR": 0.00005277876639,
    "IQD": 0.001696374026,
    "ILS": null,
    "JMD": null,
    "JPY": 0.015178576389999998,
    "JOD": null,
    "KZT": 0.00464212247,
    "KES": 0.017226743989999998,
    "KWD": 7.269061973,
    "KGS": 0.02593057079,
    "LAK": 0.0001005542969,
    "LBP": 0.00002480189668,
    "LSL": 0.1244260908,
    "LRD": 0.01136583762,
    "LYD": 0.4634515041,
    "MOP": 0.2769861289,
    "MKD": 0.03985943157,
    "MGA": 0.0004825732765,
    "MWK": 0.001280466716,
    "MYR": 0.5071896731000001,
    "MVR": 0.1442219805,
    "MRU": 0.05580738202,
    "MUR": null,
    "MXN": 0.1185481485,
    "MDL": 0.1274904825,
    "MNT": null,
    "MAD": 0.2273983091,
    "MZN": 0.0347805903,
    "MMK": 0.0006842256638,
    "NAD": 0.1244260908,
    "NPR": 0.01656106256,
    "ANG": 1.2337925330000001,
    "TWD": 0.06947244617,
    "NZD": 1.3543613730000001,
    "NIO": 0.060305291579999996,
    "NGN": 0.00139107981,
    "KPW": null,
    "NOK": 0.2101637381,
    "OMR": 5.77264549,
    "PKR": null,
    "PAB": 2.2231989000000003,
    "PGK": 0.5715295884,
    "PYG": 0.0002930918858,
    "PEN": 0.5931535921000001,
    "PHP": 0.03920349225,
    "PLN": 0.5763034259,
    "QAR": 0.6103825185,
    "RON": 0.49413039870000003,
    "RUB": 0.02473944257,
    "RWF": 0.00168352271,
    "SHP": 2.8761470620000003,
    "WST": null,
    "STN": null,
    "SAR": 0.5922378473000001,
    "RSD": 0.021019550959999998,
    "SCR": 0.1662317889,
    "SLL": 0.00011460391160000001,
    "SGD": 1.697741221,
    "SBD": 0.2622255,
    "SOS": 0.003891856203,
    "ZAR": 0.1255402136,
    "KRW": 0.001665305704,
    "SSP": null,
    "LKR": 0.007437648525,
    "SDG": null,
    "SRD": 0.07738986513,
    "SZL": 0.1244260908,
    "SEK": 0.2150953553,
    "CHF": 2.574683294,
    "SYP": null,
    "TJS": null,
    "TZS": 0.0008198826928000001,
    "THB": 0.06450105068999999,
    "TOP": null,
    "TTD": 0.3274483152,
    "TND": 0.7239779385,
    "TRY": null,
    "TMT": 0.6342779283000001,
    "UGX": 0.0005969530173,
    "UAH": 0.053703760169999996,
    "AED": 0.6050231182,
    "GBP": null,
    "USD": 2.22225,
    "UYU": 0.055084910769999995,
    "UZS": 0.0001753946324,
    "VUV": null,
    "VES": null,
    "VND": 0.00008898800122,
    "XOF": 0.003700666035,
    "YER": 0.008874844267,
    "ZMW": 0.08654741515999999,
    "ZWL": null,
    "AFN": 0.03129832725808284,
    "ALL": 0.024608873037916743,
    "DZD": 0.016562430016849417,
    "AOA": null,
    "ARS": 0.0023547354144913962,
    "AMD": 0.005724910438170064,
    "AWG": 1.2345451307354898,
    "AUD": 1.492448527892665,
    "AZN": 1.3071654325434598,
    "BSD": 2.2220812420309235,
    "BHD": 5.8966150180172034,
    "BDT": 0.018626193362094735,
    "BBD": 1.1090305933772546,
    "BYN": 0.6789895050588431,
    "BZD": 1.10235555231245,
    "BMD": 2.2221812353238817,
    "BTN": 0.02649440628965124,
    "BOB": 0.32154325213766755,
    "BAM": 1.2539676972165483,
    "BWP": 0.16642311126959383,
    "BRL": 0.4111571845491921,
    "BND": 1.6954104324749435,
    "BGN": 1.2574019031454788,
    "BIF": 0.0007729326038896278,
    "CVE": 0.022221812353238817,
    "KHR": 0.0005419954232497272,
    "XAF": 0.0037386755056273454,
    "CAD": 1.6274231653720925,
    "KYD": 2.6662429288544622,
    "CLP": 0.00239859812781093,
    "CNY": null,
    "COP": null,
    "KMF": 0.00496660051545486,
    "CDF": 0.0007742791760710389,
    "CRC": 0.004285357702936406,
    "HRK": null,
    "CUP": 0.09258598546806851,
    "CZK": 0.09778188042734538,
    "DKK": 0.329671132546334,
    "DJF": 0.01247791827567286,
    "DOP": 0.037129176871118136,
    "EGP": 0.04555722553917927,
    "ERN": null,
    "ETB": 0.02036829729902733,
    "EUR": 2.4596479467621677,
    "FJD": 1
  }
}