{
  "meta": {
    "code": "FJD",
    "createdAt": "2024-08-02T16:36:46Z"
  },
  "data": {
    "GMD": 0.032197142209999995,
    "GEL": 0.8317624108,
    "GHS": 0.1448457579,
    "GIP": null,
    "GTQ": 0.29120859190000004,
    "GNF": 0.0002614617152,
    "GYD": 0.010803111209999999,
    "HTG": 0.0171337611,
    "HNL": 0.09080463186,
    "HKD": 0.28869149580000003,
    "HUF": 0.00618002617,
    "ISK": 0.01634534502,
    "INR": 0.026896173059999997,
    "IDR": 0.0001393458822,
    "IRR": 0.00005355704607,
    "IQD": 0.0017208778429999999,
    "ILS": 0.5931130506,
    "JMD": 0.01441852502,
    "JPY": 0.015334314129999999,
    "JOD": 3.1810050760000004,
    "KZT": 0.004752629687,
    "KES": 0.01733692286,
    "KWD": null,
    "KGS": 0.026821371689999998,
    "LAK": 0.00010157017200000001,
    "LBP": 0.0000251601556,
    "LSL": 0.1233233037,
    "LRD": 0.011534424599999999,
    "LYD": 0.4667391135,
    "MOP": 0.2804500253,
    "MKD": 0.03963280306,
    "MGA": 0.0004931728648,
    "MWK": 0.001300894644,
    "MYR": 0.4934012434,
    "MVR": 0.1468335824,
    "MRU": 0.05667043643,
    "MUR": 0.04824347323,
    "MXN": 0.1183634519,
    "MDL": 0.12755381100000002,
    "MNT": null,
    "MAD": 0.2268756423,
    "MZN": 0.03527438156,
    "MMK": 0.0006941091799,
    "NAD": 0.1232932162,
    "NPR": 0.01683865541,
    "ANG": 1.251995816,
    "TWD": 0.06898678459,
    "NZD": 1.3440085540000002,
    "NIO": 0.06114487053,
    "NGN": 0.001393789834,
    "KPW": null,
    "NOK": 0.20587851370000002,
    "OMR": 5.854610615,
    "PKR": 0.008081555742,
    "PAB": 2.2562002970000004,
    "PGK": 0.5737208257,
    "PYG": 0.0002978241187,
    "PEN": 0.6021373109,
    "PHP": 0.03887615303,
    "PLN": 0.5735291835,
    "QAR": 0.61900617,
    "RON": 0.4942549593,
    "RUB": 0.02635986331,
    "RWF": 0.001709366685,
    "SHP": 2.8714783120000003,
    "WST": null,
    "STN": null,
    "SAR": 0.6003814429000001,
    "RSD": 0.0210203642,
    "SCR": 0.1662573431,
    "SLL": 0.00011460391160000001,
    "SGD": 1.699030328,
    "SBD": 0.2660133,
    "SOS": 0.003948073363,
    "ZAR": 0.1233076518,
    "KRW": 0.001657438434,
    "SSP": null,
    "LKR": 0.007469760324,
    "SDG": 0.003747880094,
    "SRD": 0.07815934473,
    "SZL": 0.1233233037,
    "SEK": 0.2131937442,
    "CHF": 2.618334119,
    "SYP": null,
    "TJS": 0.2132685295,
    "TZS": 0.0008349444436000001,
    "THB": 0.06387899107,
    "TOP": 0.94637062,
    "TTD": 0.3332199822,
    "TND": 0.7259794063,
    "TRY": 0.06789358263999999,
    "TMT": 0.6432829767,
    "UGX": 0.0006055152539,
    "UAH": 0.054671075949999995,
    "AED": 0.6137625679000001,
    "GBP": 2.883941,
    "USD": 2.25435,
    "UYU": 0.055851521249999994,
    "UZS": 0.00017887301500000001,
    "VUV": null,
    "VES": null,
    "VND": 0.00008939647468,
    "XOF": 0.003719141877,
    "YER": 0.009004829744,
    "ZMW": 0.08717289655999999,
    "ZWL": null,
    "AFN": 0.03197557526498039,
    "ALL": 0.024286555227118267,
    "DZD": 0.016765791713675607,
    "AOA": 0.002566053564235763,
    "ARS": 0.002416697789605672,
    "AMD": 0.0058122419926163165,
    "AWG": 1.2523766978783988,
    "AUD": 1.4698777793804279,
    "AZN": 1.3260459154006574,
    "BSD": 2.2552257023252524,
    "BHD": 5.980937268456798,
    "BDT": 0.01919522866320272,
    "BBD": 1.1170348891156372,
    "BYN": 0.6893296001420471,
    "BZD": 1.1189499926162616,
    "BMD": 2.2542780561811178,
    "BTN": 0.026937038513427183,
    "BOB": 0.3264061507285673,
    "BAM": 1.248146175758682,
    "BWP": 0.1666797087982811,
    "BRL": 0.39365721760670985,
    "BND": 1.6940097437241635,
    "BGN": 1.258164955685019,
    "BIF": 0.0007834154846443565,
    "CVE": 0.021982233604886568,
    "KHR": 0.000548152718978471,
    "XAF": 0.0037213665221074556,
    "CAD": 1.6271735184042004,
    "KYD": 2.7066957563487954,
    "CLP": 0.0023688349127765945,
    "CNY": 0.31483011275980505,
    "COP": 0.0005490819860114677,
    "KMF": 0.004937636746769594,
    "CDF": 0.0007840967151934322,
    "CRC": 0.004309252331818529,
    "HRK": null,
    "CUP": 0.09397786486909089,
    "CZK": 0.09719313165646419,
    "DKK": 0.3295942581927451,
    "DJF": 0.01266567887459313,
    "DOP": 0.0378870261543045,
    "EGP": 0.046310758567312385,
    "ERN": null,
    "ETB": 0.03894383083027943,
    "EUR": 2.4597365720520794,
    "FJD": 1
  }
}