{
  "meta": {
    "code": "FJD",
    "createdAt": "2024-08-21T16:36:34Z"
  },
  "data": {
    "GMD": 0.031841006729999996,
    "GEL": 0.8197123084,
    "GHS": 0.141583492,
    "GIP": null,
    "GTQ": 0.28569516440000003,
    "GNF": 0.0002563955293,
    "GYD": null,
    "HTG": 0.016777274619999998,
    "HNL": 0.08916517721999999,
    "HKD": 0.28393542650000003,
    "HUF": 0.006285676457,
    "ISK": 0.016197847959999997,
    "INR": 0.02637973602,
    "IDR": 0.0001428470289,
    "IRR": 0.00005257349795,
    "IQD": 0.00168927479,
    "ILS": 0.5938892144,
    "JMD": 0.014085643609999999,
    "JPY": 0.01524877456,
    "JOD": 3.122587523,
    "KZT": 0.004625828967,
    "KES": 0.017154650969999997,
    "KWD": 7.243500967,
    "KGS": 0.025849530909999998,
    "LAK": 0.00010002033870000001,
    "LBP": 0.00002471189093,
    "LSL": 0.12383603800000001,
    "LRD": 0.01133439574,
    "LYD": 0.4634450178,
    "MOP": 0.2755645006,
    "MKD": 0.039914425909999995,
    "MGA": 0.0004805537326,
    "MWK": 0.00127510803,
    "MYR": 0.5052403848,
    "MVR": null,
    "MRU": 0.05591081244,
    "MUR": 0.04802586136,
    "MXN": 0.11482554960000001,
    "MDL": 0.1275433732,
    "MNT": null,
    "MAD": 0.22857509650000002,
    "MZN": 0.03463226916,
    "MMK": 0.0006813622152,
    "NAD": 0.12383603800000001,
    "NPR": 0.016474082759999998,
    "ANG": 1.227664993,
    "TWD": 0.06936604635,
    "NZD": 1.363077617,
    "NIO": 0.06005291709,
    "NGN": 0.001403933365,
    "KPW": null,
    "NOK": 0.2106949695,
    "OMR": 5.748655455000001,
    "PKR": 0.0079423955,
    "PAB": 2.2122571250000003,
    "PGK": 0.5608652509000001,
    "PYG": null,
    "PEN": 0.5917769536,
    "PHP": 0.039319319389999996,
    "PLN": 0.5766454212000001,
    "QAR": 0.6078699244,
    "RON": 0.4956886287,
    "RUB": null,
    "RWF": 0.001679021241,
    "SHP": 2.895313132,
    "WST": null,
    "STN": null,
    "SAR": 0.5897733487,
    "RSD": 0.021076720009999998,
    "SCR": 0.1588270064,
    "SLL": 0.00011460391160000001,
    "SGD": 1.6954483230000001,
    "SBD": 0.26002162500000003,
    "SOS": 0.0038755689879999998,
    "ZAR": 0.1238312602,
    "KRW": 0.001659518424,
    "SSP": null,
    "LKR": 0.007362803314,
    "SDG": 0.003679052168,
    "SRD": null,
    "SZL": 0.1237667771,
    "SEK": 0.2170431706,
    "CHF": 2.600116667,
    "SYP": null,
    "TJS": 0.2076440638,
    "TZS": 0.0008176635593,
    "THB": 0.06468351054,
    "TOP": 0.94183152,
    "TTD": 0.3261585125,
    "TND": 0.7250821405,
    "TRY": 0.06528461414999999,
    "TMT": 0.6326067221,
    "UGX": null,
    "UAH": 0.053485695849999994,
    "AED": 0.6024911281,
    "GBP": 2.896696226,
    "USD": 2.2129499999999998,
    "UYU": 0.0549475485,
    "UZS": 0.0001750751581,
    "VUV": null,
    "VES": 0.060399704059999997,
    "VND": 0.00008873110708,
    "XOF": 0.003685178941,
    "YER": 0.008839467229,
    "ZMW": 0.08520906437999999,
    "ZWL": null,
    "AFN": 0.031612605475853324,
    "ALL": 0.02465332423959639,
    "DZD": 0.016531146271938996,
    "AOA": 0.002466742226253602,
    "ARS": 0.002343492484412924,
    "AMD": 0.005698018292087155,
    "AWG": 1.2293791018387406,
    "AUD": 1.492743909858353,
    "AZN": 1.3016955195939606,
    "BSD": 2.2111819846654286,
    "BHD": 5.871644246760953,
    "BDT": 0.018542609069353788,
    "BBD": 1.0951561551434945,
    "BYN": 0.6756564747056286,
    "BZD": 1.0969574461708773,
    "BMD": 2.212882383309733,
    "BTN": 0.026354530307271973,
    "BOB": 0.3199971517693515,
    "BAM": 1.2577268681250575,
    "BWP": 0.1660609996064555,
    "BRL": 0.40386224221116673,
    "BND": 1.69167289075415,
    "BGN": 1.2611890935443986,
    "BIF": 0.0007688958943677289,
    "CVE": 0.022267998829477297,
    "KHR": 0.0005403864185366639,
    "XAF": null,
    "CAD": 1.6290958762528123,
    "KYD": 2.6532868796078715,
    "CLP": 0.0024103634620255094,
    "CNY": 0.31015773386365736,
    "COP": 0.0005517419276128274,
    "KMF": 0.00500765418439789,
    "CDF": 0.0007694305927231782,
    "CRC": 0.004250068630427,
    "HRK": null,
    "CUP": 0.0921296521800681,
    "CZK": 0.09842950924482777,
    "DKK": 0.3305357612837678,
    "DJF": 0.012417148490490216,
    "DOP": 0.036912133172946525,
    "EGP": null,
    "ERN": null,
    "ETB": 0.020053306602008256,
    "EUR": null,
    "FJD": 1
  }
}