{
  "meta": {
    "code": "FJD",
    "createdAt": "2024-08-27T08:05:15Z"
  },
  "data": {
    "GMD": 0.03128581524,
    "GEL": 0.8170082709,
    "GHS": 0.1412508626,
    "GIP": null,
    "GTQ": 0.2846777313,
    "GNF": 0.0002556613028,
    "GYD": 0.01055161785,
    "HTG": 0.01671021834,
    "HNL": 0.08896220184999999,
    "HKD": 0.28278197520000004,
    "HUF": 0.006241352067,
    "ISK": 0.01610668898,
    "INR": 0.02627533498,
    "IDR": 0.0001420961339,
    "IRR": 0.00005232858747,
    "IQD": 0.001682796035,
    "ILS": 0.598264035,
    "JMD": 0.01408094459,
    "JPY": 0.0152055592,
    "JOD": 3.112286843,
    "KZT": 0.0045599255189999995,
    "KES": 0.01713126193,
    "KWD": 7.222932486,
    "KGS": 0.025884870959999997,
    "LAK": 0.00009978514995,
    "LBP": 0.00002463005242,
    "LSL": 0.1242270604,
    "LRD": 0.011300148409999999,
    "LYD": 0.4629275566,
    "MOP": null,
    "MKD": 0.03996046685,
    "MGA": 0.00048292949370000004,
    "MWK": null,
    "MYR": 0.506754925,
    "MVR": 0.1436031001,
    "MRU": null,
    "MUR": 0.04781551437,
    "MXN": 0.1136935377,
    "MDL": 0.12683590320000002,
    "MNT": null,
    "MAD": 0.22910637960000002,
    "MZN": 0.034534038499999996,
    "MMK": 0.000679114562,
    "NAD": 0.1242270604,
    "NPR": 0.01641920047,
    "ANG": 1.2234420730000002,
    "TWD": 0.06897012408,
    "NZD": 1.371021011,
    "NIO": 0.059877067279999995,
    "NGN": 0.001386538509,
    "KPW": null,
    "NOK": 0.20926545500000002,
    "OMR": 5.729694202,
    "PKR": null,
    "PAB": null,
    "PGK": 0.5658577429,
    "PYG": 0.0002899201202,
    "PEN": 0.589168155,
    "PHP": 0.03916526386,
    "PLN": 0.5749712682,
    "QAR": null,
    "RON": 0.4948404448,
    "RUB": 0.0240472094,
    "RWF": 0.001663656287,
    "SHP": 2.9078186770000003,
    "WST": null,
    "STN": null,
    "SAR": null,
    "RSD": 0.02103804795,
    "SCR": 0.1575096792,
    "SLL": 0.00011460391160000001,
    "SGD": 1.689635535,
    "SBD": 0.261369525,
    "SOS": null,
    "ZAR": 0.1239888502,
    "KRW": 0.001653647268,
    "SSP": null,
    "LKR": 0.007324057127,
    "SDG": 0.003666915843,
    "SRD": 0.07660235683,
    "SZL": null,
    "SEK": 0.2159900187,
    "CHF": 2.6020582400000003,
    "SYP": null,
    "TJS": 0.2069288114,
    "TZS": 0.0008133543911,
    "THB": 0.06470649234999999,
    "TOP": 0.9415919850000001,
    "TTD": 0.3245488252,
    "TND": 0.7236294093000001,
    "TRY": null,
    "TMT": 0.6295399314,
    "UGX": 0.0005936833411,
    "UAH": 0.053325029559999994,
    "AED": 0.6005175476,
    "GBP": 2.9125939090000004,
    "USD": 2.20565,
    "UYU": 0.054788345999999995,
    "UZS": 0.0001736669257,
    "VUV": null,
    "VES": null,
    "VND": 0.00008883012753,
    "XOF": 0.003752944354,
    "YER": 0.008810301295,
    "ZMW": 0.08378618094,
    "ZWL": null,
    "AFN": 0.031109649400037655,
    "ALL": 0.024584665831850414,
    "DZD": 0.01644260663676187,
    "AOA": 0.002433075898282948,
    "ARS": 0.002322868168104679,
    "AMD": 0.005678524743939036,
    "AWG": 1.223624577971424,
    "AUD": 1.4940729117597205,
    "AZN": 1.297401942231466,
    "BSD": 2.203421745541267,
    "BHD": 5.852974229679307,
    "BDT": 0.01844180996365644,
    "BBD": 1.0912975594266996,
    "BYN": 0.6733213629453443,
    "BZD": 1.0931392315640103,
    "BMD": 2.205583301793492,
    "BTN": 0.02626615599144658,
    "BOB": 0.31886534516816645,
    "BAM": 1.2588112328534462,
    "BWP": 0.16613775030328412,
    "BRL": 0.40121940302136516,
    "BND": null,
    "BGN": 1.2592036298255131,
    "BIF": 0.0007653914221989371,
    "CVE": 0.022324768341822884,
    "KHR": 0.0005415153366408665,
    "XAF": 0.003752864613630581,
    "CAD": 1.6365900419622357,
    "KYD": null,
    "CLP": 0.0024321100301520526,
    "CNY": 0.30926039740739164,
    "COP": 0.0005476036703212668,
    "KMF": 0.0049987722865301116,
    "CDF": 0.0007779835279694857,
    "CRC": 0.004187963239748943,
    "HRK": null,
    "CUP": 0.09181116557468808,
    "CZK": 0.09831825755255684,
    "DKK": 0.3300081847243941,
    "DJF": null,
    "DOP": 0.037034524038833644,
    "EGP": 0.04525665953815596,
    "ERN": null,
    "ETB": 0.019860493758916895,
    "EUR": 2.4621655770806763,
    "FJD": 1
  }
}