{
  "meta": {
    "code": "FJD",
    "createdAt": "2024-08-13T10:04:25Z"
  },
  "data": {
    "GMD": 0.03246014353,
    "GEL": 0.8357391951,
    "GHS": 0.1438500939,
    "GIP": null,
    "GTQ": 0.2892538576,
    "GNF": null,
    "GYD": 0.01073123354,
    "HTG": 0.01700019748,
    "HNL": 0.09048780378,
    "HKD": 0.2875581428,
    "HUF": 0.006209713594,
    "ISK": null,
    "INR": 0.026675131329999997,
    "IDR": 0.0001413542061,
    "IRR": null,
    "IQD": 0.001710990267,
    "ILS": 0.5963504596,
    "JMD": 0.01425587884,
    "JPY": 0.0151469813,
    "JOD": 3.159958006,
    "KZT": 0.004669569664,
    "KES": 0.0173961163,
    "KWD": null,
    "KGS": 0.02622657883,
    "LAK": 0.0001011441983,
    "LBP": 0.00002501912737,
    "LSL": 0.1229128213,
    "LRD": 0.01146621064,
    "LYD": 0.4663056471,
    "MOP": 0.2791967081,
    "MKD": 0.03975417385,
    "MGA": 0.0004905370544,
    "MWK": 0.001292049733,
    "MYR": 0.5032581625,
    "MVR": 0.1454521198,
    "MRU": 0.056492264589999994,
    "MUR": null,
    "MXN": 0.1180202666,
    "MDL": 0.1273297875,
    "MNT": null,
    "MAD": null,
    "MZN": 0.03505448403,
    "MMK": 0.0006896138735,
    "NAD": 0.1229128213,
    "NPR": 0.01667970493,
    "ANG": 1.243964541,
    "TWD": 0.06899711137,
    "NZD": 1.3532681480000002,
    "NIO": 0.06087665137,
    "NGN": 0.001408647781,
    "KPW": null,
    "NOK": 0.20789135520000002,
    "OMR": 5.81877419,
    "PKR": 0.008042028432,
    "PAB": 2.2415283610000003,
    "PGK": 0.5773157202,
    "PYG": 0.000296157439,
    "PEN": 0.6009764392,
    "PHP": 0.039323873079999995,
    "PLN": 0.5705875112000001,
    "QAR": 0.6124835132,
    "RON": null,
    "RUB": 0.02409717908,
    "RWF": 0.0016923333739999999,
    "SHP": 2.8587049120000003,
    "WST": null,
    "STN": null,
    "SAR": 0.5965848046000001,
    "RSD": 0.02089708878,
    "SCR": 0.16518512370000002,
    "SLL": 0.00011460391160000001,
    "SGD": 1.693079883,
    "SBD": 0.26384255,
    "SOS": 0.003936777218,
    "ZAR": 0.123147771,
    "KRW": 0.001632947971,
    "SSP": null,
    "LKR": 0.007489267091,
    "SDG": 0.003723607444,
    "SRD": 0.07771243104,
    "SZL": 0.1229483885,
    "SEK": 0.21255415630000002,
    "CHF": 2.581240203,
    "SYP": null,
    "TJS": null,
    "TZS": 0.0008269676622,
    "THB": 0.06369168116,
    "TOP": 0.944950525,
    "TTD": null,
    "TND": 0.7264200884,
    "TRY": 0.06672952127,
    "TMT": 0.6392728046,
    "UGX": 0.0006006707133,
    "UAH": null,
    "AED": 0.6097909753,
    "GBP": 2.8646178520000003,
    "USD": 2.23975,
    "UYU": 0.055680185,
    "UZS": null,
    "VUV": null,
    "VES": 0.06122074415999999,
    "VND": 0.00008914428974999999,
    "XOF": 0.003731987917,
    "YER": null,
    "ZMW": 0.08559592100999999,
    "ZWL": null,
    "AFN": 0.03164372799533919,
    "ALL": 0.024499075734271864,
    "DZD": 0.016661680686490703,
    "AOA": 0.0025436454055012383,
    "ARS": 0.002385777899639496,
    "AMD": 0.005770765758519894,
    "AWG": 1.2442665441910221,
    "AUD": 1.4791370772628416,
    "AZN": 1.3174586938493176,
    "BSD": 2.2402741246016564,
    "BHD": 5.942986353840132,
    "BDT": 0.019066589196191218,
    "BBD": 1.1095763089144612,
    "BYN": 0.684590561056208,
    "BZD": 1.1114456961542045,
    "BMD": 2.23967977954384,
    "BTN": 0.026683133703681992,
    "BOB": 0.32423297152686165,
    "BAM": 1.251640794692374,
    "BWP": 0.1657827195334879,
    "BRL": 0.4077111718609817,
    "BND": 1.6913110666276867,
    "BGN": null,
    "BIF": 0.0007771193689186436,
    "CVE": 0.022200677017726704,
    "KHR": null,
    "XAF": 0.003731889052861128,
    "CAD": 1.6308149995921941,
    "KYD": 2.6882920022600807,
    "CLP": 0.0023978927429836885,
    "CNY": 0.31249020255327126,
    "COP": null,
    "KMF": null,
    "CDF": 0.000781738142947239,
    "CRC": 0.004231562637696635,
    "HRK": null,
    "CUP": 0.09334803420493767,
    "CZK": 0.0970322843691546,
    "DKK": 0.32771885016885394,
    "DJF": 0.012581318563054564,
    "DOP": 0.03752236216465691,
    "EGP": 0.045359408857205394,
    "ERN": null,
    "ETB": 0.02172609162480138,
    "EUR": 2.4454390189487127,
    "FJD": 1
  }
}