{
  "meta": {
    "code": "FJD",
    "createdAt": "2024-07-31T12:06:14Z"
  },
  "data": {
    "GMD": 0.0332499992,
    "GEL": null,
    "GHS": null,
    "GIP": null,
    "GTQ": 0.2919966189,
    "GNF": 0.0002624720287,
    "GYD": 0.010831388329999999,
    "HTG": 0.017122014879999998,
    "HNL": 0.09139963623,
    "HKD": 0.289423827,
    "HUF": null,
    "ISK": 0.016353247289999998,
    "INR": 0.02701354621,
    "IDR": null,
    "IRR": 0.00005371503146,
    "IQD": 0.001727367597,
    "ILS": null,
    "JMD": 0.014452893069999998,
    "JPY": 0.015057355599999999,
    "JOD": 3.1903885720000003,
    "KZT": 0.004762941204,
    "KES": 0.01740017892,
    "KWD": 7.399502348,
    "KGS": 0.02690705537,
    "LAK": 0.0001020011713,
    "LBP": null,
    "LSL": 0.1241328793,
    "LRD": 0.011280903839999998,
    "LYD": 0.46814479810000004,
    "MOP": 0.2812193363,
    "MKD": 0.03977372581,
    "MGA": 0.0004963467033,
    "MWK": 0.001304350777,
    "MYR": 0.49211026760000004,
    "MVR": null,
    "MRU": 0.057041364909999996,
    "MUR": 0.04848958688,
    "MXN": 0.12042417230000001,
    "MDL": 0.1278128603,
    "MNT": null,
    "MAD": 0.22822081800000002,
    "MZN": 0.035387069269999995,
    "MMK": 0.0006961566997000001,
    "NAD": 0.1241328793,
    "NPR": 0.01689812161,
    "ANG": 1.255797837,
    "TWD": 0.06905399235,
    "NZD": 1.338613564,
    "NIO": 0.06144927712,
    "NGN": 0.001361170792,
    "KPW": null,
    "NOK": 0.2071222965,
    "OMR": 5.874297317000001,
    "PKR": 0.008114227058,
    "PAB": 2.263007768,
    "PGK": 0.5760413008,
    "PYG": 0.0002985171168,
    "PEN": 0.6064856658000001,
    "PHP": 0.038716414379999994,
    "PLN": 0.5704720056,
    "QAR": 0.6193288467,
    "RON": 0.49199292170000003,
    "RUB": null,
    "RWF": null,
    "SHP": 2.90210655,
    "WST": null,
    "STN": null,
    "SAR": 0.6026337809,
    "RSD": 0.02091543159,
    "SCR": null,
    "SLL": 0.00011460391160000001,
    "SGD": null,
    "SBD": 0.269059,
    "SOS": null,
    "ZAR": 0.1239355845,
    "KRW": 0.001647646931,
    "SSP": null,
    "LKR": 0.0074776221589999995,
    "SDG": 0.003758935788,
    "SRD": 0.07797492612,
    "SZL": 0.12419358720000001,
    "SEK": 0.21076770220000002,
    "CHF": 2.568568352,
    "SYP": null,
    "TJS": null,
    "TZS": 0.0008373224608,
    "THB": 0.06338218341,
    "TOP": 0.9480373000000001,
    "TTD": null,
    "TND": null,
    "TRY": 0.06818579095999999,
    "TMT": 0.6453380115,
    "UGX": 0.0006079177832,
    "UAH": 0.055155150539999996,
    "AED": null,
    "GBP": null,
    "USD": null,
    "UYU": 0.05614375017999999,
    "UZS": 0.0001803495694,
    "VUV": null,
    "VES": 0.06182193514,
    "VND": null,
    "XOF": 0.003735289572,
    "YER": 0.009032306108,
    "ZMW": 0.08674265452999999,
    "ZWL": null,
    "AFN": 0.03187372029801954,
    "ALL": 0.024435353740786984,
    "DZD": 0.01679850278075956,
    "AOA": null,
    "ARS": 0.0024252368413117706,
    "AMD": 0.005823944027555563,
    "AWG": 1.2560707153744763,
    "AUD": 1.471863961694585,
    "AZN": null,
    "BSD": null,
    "BHD": 5.998825372403359,
    "BDT": 0.01924843787902069,
    "BBD": 1.1201631834010708,
    "BYN": null,
    "BZD": 1.122061089473534,
    "BMD": null,
    "BTN": 0.027032371714135372,
    "BOB": 0.32729537023293237,
    "BAM": 1.252752313745455,
    "BWP": 0.16714193534481642,
    "BRL": 0.4026943251228831,
    "BND": 1.6895135358333573,
    "BGN": 1.2524095050108477,
    "BIF": 0.0007849468969020471,
    "CVE": null,
    "KHR": 0.0005505917258280138,
    "XAF": 0.003735203530018939,
    "CAD": 1.6347755547841307,
    "KYD": 2.7139267062521046,
    "CLP": 0.002376246531910662,
    "CNY": null,
    "COP": 0.0005546736100324598,
    "KMF": 0.004963616438362365,
    "CDF": 0.000787779542743574,
    "CRC": null,
    "HRK": null,
    "CUP": null,
    "CZK": 0.09616874898101997,
    "DKK": 0.3280452586355139,
    "DJF": null,
    "DOP": 0.03819976651019197,
    "EGP": null,
    "ERN": null,
    "ETB": 0.03905869977159988,
    "EUR": 2.448176031714346,
    "FJD": 1
  }
}