{
  "meta": {
    "code": "FJD",
    "createdAt": "2024-07-23T18:04:46Z"
  },
  "data": {
    "GMD": 0.03320664071,
    "GEL": 0.8287075611,
    "GHS": 0.1451451612,
    "GIP": null,
    "GTQ": 0.2903399114,
    "GNF": 0.0002676680333,
    "GYD": 0.010779260919999999,
    "HTG": 0.017052763029999998,
    "HNL": 0.09092393871,
    "HKD": 0.2880915112,
    "HUF": 0.00625681797,
    "ISK": 0.01630844494,
    "INR": 0.026880161479999998,
    "IDR": 0.0001387501816,
    "IRR": 0.00005343189546,
    "IQD": 0.001718900114,
    "ILS": 0.6200921132,
    "JMD": 0.01441039116,
    "JPY": 0.01444861217,
    "JOD": 3.174066536,
    "KZT": 0.004750171644,
    "KES": 0.01697924525,
    "KWD": 7.357856869000001,
    "KGS": 0.026666324989999997,
    "LAK": 0.0001016083839,
    "LBP": 0.00002513488192,
    "LSL": 0.1226412291,
    "LRD": 0.011537482909999999,
    "LYD": 0.46567912710000003,
    "MOP": 0.2800313319,
    "MKD": 0.03969128186,
    "MGA": 0.0004962428807,
    "MWK": 0.001298049731,
    "MYR": 0.48153918970000004,
    "MVR": 0.1465697276,
    "MRU": 0.056903286709999994,
    "MUR": 0.04833128926,
    "MXN": 0.12414982370000001,
    "MDL": 0.1271783675,
    "MNT": null,
    "MAD": 0.2286573908,
    "MZN": 0.03521099473,
    "MMK": 0.0006926928505,
    "NAD": 0.1226412291,
    "NPR": 0.01680725906,
    "ANG": 1.249722626,
    "TWD": 0.0686569256,
    "NZD": 1.3393099210000001,
    "NIO": 0.061158531349999996,
    "NGN": 0.001399968873,
    "KPW": null,
    "NOK": 0.20414231500000002,
    "OMR": 5.8440405900000005,
    "PKR": 0.008085093056,
    "PAB": 2.2521234860000003,
    "PGK": 0.5746239458,
    "PYG": 0.0002975235881,
    "PEN": 0.5992393604,
    "PHP": 0.03848357107,
    "PLN": 0.5708740625000001,
    "QAR": 0.6178936125000001,
    "RON": 0.49100861240000004,
    "RUB": 0.025609331699999998,
    "RWF": 0.001718568501,
    "SHP": 2.904989687,
    "WST": null,
    "STN": null,
    "SAR": 0.5997527534,
    "RSD": 0.020855105999999998,
    "SCR": 0.1649436608,
    "SLL": 0.00011460391160000001,
    "SGD": 1.6720142,
    "SBD": 0.2660329375,
    "SOS": 0.0039551009949999995,
    "ZAR": 0.1223301562,
    "KRW": 0.001623653349,
    "SSP": null,
    "LKR": 0.007409574122,
    "SDG": 0.0038391637279999997,
    "SRD": 0.07672828168,
    "SZL": 0.12266001450000001,
    "SEK": 0.2090714497,
    "CHF": null,
    "SYP": null,
    "TJS": 0.2113699068,
    "TZS": 0.0008378956976000001,
    "THB": 0.062193393849999994,
    "TOP": 0.9484946000000001,
    "TTD": 0.3317168634,
    "TND": 0.7242075735,
    "TRY": 0.06851141177,
    "TMT": 0.6421270196000001,
    "UGX": 0.0006089769533,
    "UAH": 0.05454941828,
    "AED": 0.6125101857,
    "GBP": 2.903516101,
    "USD": 2.2497499999999997,
    "UYU": 0.05606377,
    "UZS": 0.0001787361132,
    "VUV": null,
    "VES": 0.06166013560999999,
    "VND": 0.0000886950439,
    "XOF": 0.003726976345,
    "YER": 0.008986471142,
    "ZMW": 0.08682235199999999,
    "ZWL": null,
    "AFN": 0.03213826860155755,
    "ALL": 0.02436318868242529,
    "DZD": 0.016706796941459885,
    "AOA": 0.002578026579525189,
    "ARS": 0.002429481050918772,
    "AMD": 0.005799486487252739,
    "AWG": 1.2498215567272384,
    "AUD": 1.4876663463227613,
    "AZN": 1.3233404718288404,
    "BSD": 2.250652209357929,
    "BHD": 5.968109304088501,
    "BDT": 0.019155755997572188,
    "BBD": 1.1147553244233854,
    "BYN": 0.6877644231113278,
    "BZD": 1.1165883713523548,
    "BMD": 2.249678802109029,
    "BTN": 0.02688704124547142,
    "BOB": 0.3257372816216343,
    "BAM": 1.2499534964176309,
    "BWP": 0.16566093438506813,
    "BRL": 0.40222395497173613,
    "BND": 1.672934599147141,
    "BGN": 1.2483651308816306,
    "BIF": 0.0007797846804111478,
    "CVE": 0.022044868224958335,
    "KHR": 0.0005467020176728994,
    "XAF": 0.003726857553003567,
    "CAD": 1.6336053752786412,
    "KYD": 2.700981475247786,
    "CLP": 0.0023749578279332233,
    "CNY": 0.3092384503708596,
    "COP": 0.0005606201101112725,
    "KMF": 0.0049689206016311225,
    "CDF": 0.0007852282034877085,
    "CRC": 0.004248624197660225,
    "HRK": null,
    "CUP": 0.09378006820506198,
    "CZK": 0.09616477740751955,
    "DKK": 0.3272022111032323,
    "DJF": 0.01265855729426542,
    "DOP": 0.037889327197004226,
    "EGP": 0.046520567147697534,
    "ERN": null,
    "ETB": 0.038939152992647025,
    "EUR": 2.441534590314837,
    "FJD": 1
  }
}