{
  "meta": {
    "code": "FJD",
    "createdAt": "2024-08-15T17:04:07Z"
  },
  "data": {
    "GMD": 0.03200357078,
    "GEL": 0.8329103883000001,
    "GHS": 0.1431469635,
    "GIP": null,
    "GTQ": 0.2894647187,
    "GNF": 0.0002595886327,
    "GYD": 0.01073081542,
    "HTG": 0.016990526449999998,
    "HNL": 0.09028364317,
    "HKD": 0.28736022780000003,
    "HUF": 0.006217728745,
    "ISK": 0.016128509609999998,
    "INR": 0.026681444699999998,
    "IDR": 0.0001423831884,
    "IRR": 0.00005320626905,
    "IQD": 0.001710114484,
    "ILS": 0.6076498232,
    "JMD": 0.0142627734,
    "JPY": 0.015038686229999999,
    "JOD": 3.1611092430000003,
    "KZT": 0.004676580121,
    "KES": 0.01736627888,
    "KWD": 7.3186077570000005,
    "KGS": 0.026140605789999997,
    "LAK": 0.00010119706360000001,
    "LBP": 0.00002500278953,
    "LSL": 0.12383913590000001,
    "LRD": 0.01146664121,
    "LYD": 0.4662330787,
    "MOP": 0.27927561360000003,
    "MKD": 0.03999401832,
    "MGA": 0.0004864820712,
    "MWK": 0.001291582578,
    "MYR": 0.5069018155,
    "MVR": 0.1454845905,
    "MRU": 0.05628768812,
    "MUR": 0.04851299459,
    "MXN": 0.1200908415,
    "MDL": 0.12769534770000002,
    "MNT": null,
    "MAD": 0.2294397738,
    "MZN": 0.03506230956,
    "MMK": 0.0006897678224,
    "NAD": 0.12383913590000001,
    "NPR": 0.01668247863,
    "ANG": 1.24400276,
    "TWD": 0.06913286046,
    "NZD": 1.34459805,
    "NIO": 0.060826770659999994,
    "NGN": 0.001409059742,
    "KPW": null,
    "NOK": 0.208594158,
    "OMR": 5.819840183,
    "PKR": 0.008039655294,
    "PAB": 2.241721844,
    "PGK": 0.5766112267,
    "PYG": 0.0002961482805,
    "PEN": 0.5989973057,
    "PHP": 0.0391560528,
    "PLN": 0.5737786546,
    "QAR": 0.6152844384,
    "RON": 0.4942643412,
    "RUB": 0.02520503034,
    "RWF": 0.0016971590729999999,
    "SHP": 2.8741287370000004,
    "WST": null,
    "STN": null,
    "SAR": 0.5969802518,
    "RSD": 0.0210164506,
    "SCR": 0.1497614517,
    "SLL": 0.00011460391160000001,
    "SGD": 1.695185973,
    "SBD": 0.263229375,
    "SOS": 0.0039233798439999995,
    "ZAR": 0.12448189999999999,
    "KRW": 0.001639617468,
    "SSP": null,
    "LKR": 0.0074954015669999995,
    "SDG": 0.003724438699,
    "SRD": 0.07803165991,
    "SZL": 0.12383913590000001,
    "SEK": 0.212732415,
    "CHF": 2.568654968,
    "SYP": null,
    "TJS": 0.2108976726,
    "TZS": 0.0008263555736,
    "THB": 0.06386117136,
    "TOP": 0.9453855,
    "TTD": 0.32992721810000003,
    "TND": 0.7321121318,
    "TRY": 0.06664555569,
    "TMT": 0.6394155153000001,
    "UGX": 0.0006017515362000001,
    "UAH": 0.05447790664,
    "AED": 0.6099237442000001,
    "GBP": 2.879277,
    "USD": 2.24025,
    "UYU": 0.055625407499999995,
    "UZS": 0.0001772349682,
    "VUV": null,
    "VES": 0.061252929369999994,
    "VND": 0.00008944892602,
    "XOF": 0.003730641055,
    "YER": 0.008947616746,
    "ZMW": 0.08527325683999999,
    "ZWL": null,
    "AFN": 0.03177559576032715,
    "ALL": 0.02472604305853272,
    "DZD": 0.016659957365859627,
    "AOA": 0.0025442129484418677,
    "ARS": 0.0023800482742811426,
    "AMD": 0.0057697921533636605,
    "AWG": 1.2427904518826063,
    "AUD": 1.4838613213509513,
    "AZN": 1.3177526477076849,
    "BSD": 2.2404949632644837,
    "BHD": 5.943485963128637,
    "BDT": 0.019067840332484987,
    "BBD": 1.1096248784393046,
    "BYN": 0.6846093812546554,
    "BZD": 1.1115149683422,
    "BMD": 2.2401795011030643,
    "BTN": 0.026687564310524894,
    "BOB": 0.3242356577547271,
    "BAM": 1.261289182703973,
    "BWP": 0.16691151278118146,
    "BRL": 0.4094793268485812,
    "BND": 1.7004098884287207,
    "BGN": 1.2585412435339571,
    "BIF": 0.000778245441201248,
    "CVE": 0.022125229640524092,
    "KHR": 0.0005463852441714791,
    "XAF": 0.0037605890308675207,
    "CAD": 1.6339450419768209,
    "KYD": 2.688593955676429,
    "CLP": 0.0024018736341774104,
    "CNY": null,
    "COP": 0.000559193503214724,
    "KMF": 0.005012147895238284,
    "CDF": 0.0007805503488163987,
    "CRC": 0.00425968759088283,
    "HRK": null,
    "CUP": 0.09335563278257132,
    "CZK": 0.09749660540219175,
    "DKK": 0.3296577722450361,
    "DJF": null,
    "DOP": 0.037367464572194566,
    "EGP": 0.0457965508488932,
    "ERN": null,
    "ETB": 0.02055210551470701,
    "EUR": 2.459532947173002,
    "FJD": 1
  }
}