{
  "meta": {
    "code": "FJD",
    "createdAt": "2024-08-07T11:03:48Z"
  },
  "data": {
    "GMD": 0.03228345276,
    "GEL": 0.829534706,
    "GHS": 0.14475479600000002,
    "GIP": null,
    "GTQ": 0.2902721807,
    "GNF": 0.0002608474014,
    "GYD": 0.010767834899999999,
    "HTG": 0.01703768179,
    "HNL": 0.09083718172,
    "HKD": 0.2877516081,
    "HUF": 0.006152824467,
    "ISK": 0.016237516219999998,
    "INR": 0.026720425229999997,
    "IDR": 0.00013982065290000001,
    "IRR": 0.00005330403188,
    "IQD": 0.001716857476,
    "ILS": 0.5929120846,
    "JMD": 0.014338378309999998,
    "JPY": 0.01523360115,
    "JOD": 3.1659773720000004,
    "KZT": 0.004700897029,
    "KES": 0.01739302306,
    "KWD": 7.332981499000001,
    "KGS": 0.026478334489999998,
    "LAK": 0.0001015061098,
    "LBP": 0.00002510453493,
    "LSL": 0.1213509408,
    "LRD": 0.011212501239999999,
    "LYD": 0.46837058000000004,
    "MOP": 0.280224219,
    "MKD": 0.039822645999999996,
    "MGA": 0.0004949662779,
    "MWK": 0.001296494223,
    "MYR": 0.4989883346,
    "MVR": 0.14561406570000002,
    "MRU": 0.056755358529999994,
    "MUR": 0.048325954879999994,
    "MXN": 0.11642222740000001,
    "MDL": 0.127015857,
    "MNT": null,
    "MAD": 0.2286954048,
    "MZN": 0.035118886009999996,
    "MMK": 0.0006908300694,
    "NAD": 0.1213509408,
    "NPR": 0.01673927193,
    "ANG": 1.248166495,
    "TWD": 0.06879603771,
    "NZD": 1.351638535,
    "NIO": 0.06108702107,
    "NGN": 0.001407635117,
    "KPW": null,
    "NOK": 0.2082759399,
    "OMR": 5.829590314000001,
    "PKR": 0.008067241299,
    "PAB": 2.2493563670000003,
    "PGK": 0.5718298307,
    "PYG": 0.0002969631185,
    "PEN": 0.603849449,
    "PHP": 0.0389092806,
    "PLN": 0.5673415332,
    "QAR": 0.6145799667,
    "RON": 0.4923709902,
    "RUB": 0.02612846986,
    "RWF": 0.0016941155569999999,
    "SHP": 2.8502842950000002,
    "WST": null,
    "STN": null,
    "SAR": 0.5976925119000001,
    "RSD": 0.020939218059999997,
    "SCR": 0.1654896578,
    "SLL": 0.00011460391160000001,
    "SGD": 1.690515765,
    "SBD": 0.26363475000000003,
    "SOS": 0.003950024875,
    "ZAR": 0.12244999999999999,
    "KRW": 0.001632895118,
    "SSP": null,
    "LKR": 0.007440937125,
    "SDG": 0.00373017436,
    "SRD": 0.07813686147,
    "SZL": 0.1213881413,
    "SEK": 0.2151254175,
    "CHF": 2.6001655930000003,
    "SYP": null,
    "TJS": 0.2130117399,
    "TZS": 0.0008325417351,
    "THB": 0.06296870007,
    "TOP": 0.9430271100000001,
    "TTD": 0.33157712710000004,
    "TND": 0.7277493452,
    "TRY": 0.06692378225,
    "TMT": 0.642236688,
    "UGX": 0.0006036394387,
    "UAH": 0.054819312429999996,
    "AED": 0.6108614603,
    "GBP": 2.854614636,
    "USD": 2.2437,
    "UYU": 0.0552062385,
    "UZS": 0.0001784937392,
    "VUV": null,
    "VES": 0.06127273212,
    "VND": 0.00008915947749,
    "XOF": 0.003738520251,
    "YER": 0.008962295859,
    "ZMW": 0.08654722731999999,
    "ZWL": null,
    "AFN": 0.03167523427906017,
    "ALL": 0.0244813495250309,
    "DZD": 0.01665108213629445,
    "AOA": 0.002545320494716056,
    "ARS": 0.00239841838832112,
    "AMD": 0.005797391332285203,
    "AWG": 1.2464607992067325,
    "AUD": 1.4742883043491053,
    "AZN": 1.3197820226894814,
    "BSD": 2.2480928020891757,
    "BHD": 5.952732273427168,
    "BDT": 0.01913264196844081,
    "BBD": 1.1133852793471135,
    "BYN": 0.686918633541283,
    "BZD": 1.1152586712432058,
    "BMD": 2.2436294385721185,
    "BTN": 0.026778206515817114,
    "BOB": 0.3253128592974804,
    "BAM": 1.2538249310295762,
    "BWP": 0.16523202132826828,
    "BRL": 0.3965901471042326,
    "BND": 1.693739856765752,
    "BGN": 1.2522699404128574,
    "BIF": 0.0007800070502341248,
    "CVE": 0.02223932072627977,
    "KHR": 0.0005471236730524069,
    "XAF": 0.003738401691464369,
    "CAD": 1.6331320251182813,
    "KYD": 2.6974270289902402,
    "CLP": 0.0023740100717780876,
    "CNY": 0.3124266412483016,
    "COP": 0.0005419722058236638,
    "KMF": 0.004977547284685787,
    "CDF": 0.0007817524176209472,
    "CRC": 0.004251440809145065,
    "HRK": null,
    "CUP": 0.09366897074943505,
    "CZK": 0.09689820296207088,
    "DKK": 0.3283376170606469,
    "DJF": 0.012624099462910376,
    "DOP": 0.037796406101890355,
    "EGP": 0.04559759046391071,
    "ERN": null,
    "ETB": 0.02793049683889745,
    "EUR": 2.4501795773854993,
    "FJD": 1
  }
}