{
  "meta": {
    "code": "FJD",
    "createdAt": "2024-08-13T14:33:52Z"
  },
  "data": {
    "GMD": 0.03242318701,
    "GEL": 0.8347876894,
    "GHS": 0.1431742897,
    "GIP": null,
    "GTQ": 0.2891014988,
    "GNF": 0.0002596002136,
    "GYD": 0.01071858404,
    "HTG": 0.016999496189999998,
    "HNL": 0.0903746471,
    "HKD": 0.2872392535,
    "HUF": 0.0062277735079999995,
    "ISK": 0.016151902319999998,
    "INR": 0.02665037653,
    "IDR": 0.0001412819697,
    "IRR": 0.0000531338311,
    "IQD": 0.001709053233,
    "ILS": 0.6012850849,
    "JMD": 0.014253986449999999,
    "JPY": 0.01521056172,
    "JOD": 3.156360331,
    "KZT": 0.004660698355,
    "KES": 0.01734263546,
    "KWD": 7.307733260000001,
    "KGS": 0.02611333443,
    "LAK": 0.000101048731,
    "LBP": 0.00002498862912,
    "LSL": 0.1230216145,
    "LRD": 0.0114465461,
    "LYD": 0.4653552738,
    "MOP": 0.27907615820000004,
    "MKD": 0.03984066164,
    "MGA": 0.0004898127917,
    "MWK": 0.00129054448,
    "MYR": 0.5020648175,
    "MVR": null,
    "MRU": 0.05648339602,
    "MUR": 0.048290006739999995,
    "MXN": null,
    "MDL": 0.12792309600000001,
    "MNT": null,
    "MAD": 0.22804831080000001,
    "MZN": 0.0350145738,
    "MMK": 0.0006888287344000001,
    "NAD": 0.1230216145,
    "NPR": 0.01665772362,
    "ANG": 1.2425010570000001,
    "TWD": 0.06897699244,
    "NZD": 1.35417716,
    "NIO": 0.06080076472,
    "NGN": 0.001407044008,
    "KPW": null,
    "NOK": 0.20734145880000002,
    "OMR": 5.8125543330000005,
    "PKR": 0.008029751528,
    "PAB": 2.2390277920000003,
    "PGK": 0.5684047328,
    "PYG": 0.0002960093012,
    "PEN": 0.5976963924,
    "PHP": 0.03922297072,
    "PLN": 0.5710043592,
    "QAR": 0.6134390542,
    "RON": 0.4924397119,
    "RUB": 0.024516803639999998,
    "RWF": 0.001697808619,
    "SHP": 2.8554502200000003,
    "WST": null,
    "STN": null,
    "SAR": 0.5959124044,
    "RSD": 0.020940898949999998,
    "SCR": 0.16728931460000002,
    "SLL": 0.00011460391160000001,
    "SGD": 1.694117015,
    "SBD": 0.26354216,
    "SOS": 0.003931579215,
    "ZAR": 0.1230944622,
    "KRW": 0.001634418675,
    "SSP": null,
    "LKR": 0.0074800043719999995,
    "SDG": 0.003719368043,
    "SRD": 0.07803822964,
    "SZL": 0.1230449485,
    "SEK": 0.2126739279,
    "CHF": 2.583762414,
    "SYP": null,
    "TJS": 0.2109412702,
    "TZS": 0.0008259939273,
    "THB": 0.06381975426,
    "TOP": 0.9438746800000001,
    "TTD": 0.32983688380000004,
    "TND": 0.7256090407,
    "TRY": 0.06669538402,
    "TMT": 0.6385449798,
    "UGX": 0.0006000754309,
    "UAH": 0.05412046315,
    "AED": 0.6090933604000001,
    "GBP": 2.8680747390000003,
    "USD": 2.2372,
    "UYU": 0.055516117999999996,
    "UZS": 0.0001771723693,
    "VUV": null,
    "VES": 0.061155428039999994,
    "VND": 0.0000890427972,
    "XOF": 0.003726512988,
    "YER": 0.008934549036,
    "ZMW": 0.08565780174,
    "ZWL": null,
    "AFN": 0.0315397816593138,
    "ALL": 0.024467798432806488,
    "DZD": 0.016662296829362495,
    "AOA": 0.0025477779811153723,
    "ARS": 0.00238118118184877,
    "AMD": 0.005756600172937941,
    "AWG": 1.2428499772943737,
    "AUD": 1.4773779875163702,
    "AZN": 1.3159587994881605,
    "BSD": 2.237785406571727,
    "BHD": 5.937471360977982,
    "BDT": 0.019044363546074517,
    "BBD": 1.1082894737166862,
    "BYN": 0.6837869262171588,
    "BZD": 1.110152245849367,
    "BMD": 2.237129959129873,
    "BTN": 0.02664793946124524,
    "BOB": 0.3238384774737608,
    "BAM": 1.2497981608777384,
    "BWP": 0.16570621109681105,
    "BRL": 0.40724700260209373,
    "BND": 1.6914624738961437,
    "BGN": 1.2538223157278046,
    "BIF": 0.0007762709996277727,
    "CVE": 0.02216799689289986,
    "KHR": 0.0005469529399393274,
    "XAF": 0.0037263613164774255,
    "CAD": 1.6283951445009264,
    "KYD": 2.6851950279167376,
    "CLP": 0.002397986922399429,
    "CNY": 0.31270162414409264,
    "COP": 0.0005514083782204291,
    "KMF": 0.004962027191272877,
    "CDF": 0.0007808481535788141,
    "CRC": 0.004226024907150356,
    "HRK": null,
    "CUP": 0.09324175968116509,
    "CZK": 0.09727793960779085,
    "DKK": 0.3283436355258747,
    "DJF": 0.012566557369938735,
    "DOP": 0.03750702834358535,
    "EGP": 0.04530281379051846,
    "ERN": null,
    "ETB": 0.02158666740692242,
    "EUR": 2.4503066365058848,
    "FJD": 1
  }
}