{
  "meta": {
    "code": "FJD",
    "createdAt": "2024-08-19T17:04:08Z"
  },
  "data": {
    "GMD": 0.03223642792,
    "GEL": 0.8389706224,
    "GHS": 0.1443729993,
    "GIP": null,
    "GTQ": null,
    "GNF": null,
    "GYD": 0.010801872419999999,
    "HTG": 0.0171207743,
    "HNL": 0.09092249218,
    "HKD": 0.2896424087,
    "HUF": null,
    "ISK": 0.01644476021,
    "INR": 0.026915180639999998,
    "IDR": null,
    "IRR": 0.00005360931191,
    "IQD": 0.001722557232,
    "ILS": 0.607138046,
    "JMD": null,
    "JPY": 0.01539928751,
    "JOD": 3.1850074970000004,
    "KZT": 0.004713772734,
    "KES": 0.01749263546,
    "KWD": 7.381606051,
    "KGS": 0.026330804149999998,
    "LAK": 0.00010199096010000001,
    "LBP": 0.00002519876973,
    "LSL": 0.1274887002,
    "LRD": 0.01155750752,
    "LYD": null,
    "MOP": 0.2812613564,
    "MKD": 0.040474654199999995,
    "MGA": 0.0004900217019,
    "MWK": 0.001300605173,
    "MYR": 0.5150178222,
    "MVR": 0.1465431325,
    "MRU": 0.05891775327,
    "MUR": 0.04879198158,
    "MXN": 0.120631126,
    "MDL": 0.1294582735,
    "MNT": null,
    "MAD": 0.23209564500000002,
    "MZN": 0.035317422,
    "MMK": null,
    "NAD": 0.1274887002,
    "NPR": 0.01681667937,
    "ANG": 1.2528358830000002,
    "TWD": 0.07056459761,
    "NZD": 1.375040025,
    "NIO": 0.06121947714,
    "NGN": 0.0014125508579999999,
    "KPW": null,
    "NOK": 0.21346963000000002,
    "OMR": 5.861835421,
    "PKR": 0.0081025133,
    "PAB": null,
    "PGK": 0.5750563813,
    "PYG": 0.0002976157025,
    "PEN": 0.6023088033,
    "PHP": 0.039791461119999996,
    "PLN": 0.5854808525,
    "QAR": 0.6197612318,
    "RON": 0.5019356992,
    "RUB": 0.02512195677,
    "RWF": 0.0017121016649999999,
    "SHP": 2.920539837,
    "WST": null,
    "STN": null,
    "SAR": 0.6013744337,
    "RSD": 0.021351254049999997,
    "SCR": 0.16879445310000002,
    "SLL": 0.00011460391160000001,
    "SGD": 1.724334333,
    "SBD": 0.266498555,
    "SOS": 0.0039519262519999996,
    "ZAR": 0.12753014170000002,
    "KRW": 0.001691783373,
    "SSP": null,
    "LKR": 0.007552447195,
    "SDG": 0.003751537617,
    "SRD": 0.07858436277,
    "SZL": 0.1274887002,
    "SEK": 0.2185825435,
    "CHF": null,
    "SYP": null,
    "TJS": 0.21198766330000002,
    "TZS": 0.000832537424,
    "THB": 0.06554022430999999,
    "TOP": 0.9545206500000001,
    "TTD": 0.33250241680000003,
    "TND": 0.7351523983,
    "TRY": 0.06686430691999999,
    "TMT": 0.645914872,
    "UGX": 0.000606166872,
    "UAH": 0.054532667349999994,
    "AED": 0.6143615333,
    "GBP": null,
    "USD": null,
    "UYU": 0.055935135739999996,
    "UZS": null,
    "VUV": null,
    "VES": null,
    "VND": null,
    "XOF": 0.0037640533459999998,
    "YER": 0.009013624246,
    "ZMW": null,
    "ZWL": null,
    "AFN": 0.03178239456885762,
    "ALL": 0.025086715002488106,
    "DZD": 0.016801507707219453,
    "AOA": 0.002536874664951951,
    "ARS": 0.0023922813608384776,
    "AMD": 0.005813453254239225,
    "AWG": 1.2536388968827172,
    "AUD": 1.5163906431855967,
    "AZN": 1.32738236140523,
    "BSD": 2.2564484744450732,
    "BHD": null,
    "BDT": 0.018914270461418112,
    "BBD": 1.1261831221524803,
    "BYN": 0.689490917132404,
    "BZD": 1.1194048432866666,
    "BMD": 2.2565500143888912,
    "BTN": 0.026904175030667988,
    "BOB": 0.32651631589459645,
    "BAM": 1.2733618573087253,
    "BWP": 0.16899705036604218,
    "BRL": null,
    "BND": 1.7216320501699942,
    "BGN": 1.2772683617006773,
    "BIF": null,
    "CVE": 0.02256550014388891,
    "KHR": 0.0005503780522899735,
    "XAF": 0.0037964987425880376,
    "CAD": 1.6532591999475568,
    "KYD": null,
    "CLP": 0.0024417573062646696,
    "CNY": null,
    "COP": 0.0005600769459695944,
    "KMF": 0.005072038693049405,
    "CDF": 0.0007862543609706242,
    "CRC": 0.004351636055952433,
    "HRK": null,
    "CUP": 0.09401794220357569,
    "CZK": 0.09932435471824798,
    "DKK": 0.33485683975697766,
    "DJF": 0.012697220428608278,
    "DOP": 0.03770342547655388,
    "EGP": 0.046258030967775594,
    "ERN": null,
    "ETB": 0.02067384346903779,
    "EUR": null,
    "FJD": 1
  }
}