{
  "meta": {
    "code": "FJD",
    "createdAt": "2024-08-08T15:33:20Z"
  },
  "data": {
    "GMD": 0.03231294917,
    "GEL": 0.8302926264,
    "GHS": 0.14407337380000002,
    "GIP": null,
    "GTQ": 0.28997011710000004,
    "GNF": 0.000260623779,
    "GYD": 0.010752954169999999,
    "HTG": 0.01706129512,
    "HNL": 0.09073806900999999,
    "HKD": 0.2881483647,
    "HUF": 0.006180685777,
    "ISK": 0.01621363071,
    "INR": 0.0267432848,
    "IDR": 0.0001407553007,
    "IRR": 0.00005335273414,
    "IQD": 0.0017152641,
    "ILS": 0.5927385389000001,
    "JMD": 0.014333735169999999,
    "JPY": 0.015258636079999999,
    "JOD": 3.1684231240000003,
    "KZT": 0.004705713109,
    "KES": 0.01737524176,
    "KWD": 7.333736920000001,
    "KGS": 0.02637289775,
    "LAK": 0.0001013302611,
    "LBP": 0.00002508120972,
    "LSL": 0.1219236539,
    "LRD": 0.01149194403,
    "LYD": 0.4667847518,
    "MOP": 0.2799686695,
    "MKD": 0.03978411251,
    "MGA": 0.0004939724751,
    "MWK": 0.001295256524,
    "MYR": 0.5018438288,
    "MVR": 0.1457471089,
    "MRU": 0.056631987269999996,
    "MUR": 0.04853970787,
    "MXN": 0.1176248392,
    "MDL": 0.12782809,
    "MNT": null,
    "MAD": 0.22840243170000002,
    "MZN": 0.03515097306,
    "MMK": 0.0006914612597,
    "NAD": 0.1219236539,
    "NPR": 0.016721766909999998,
    "ANG": 1.247024326,
    "TWD": 0.06918623506999999,
    "NZD": 1.34753983,
    "NIO": 0.06101907113,
    "NGN": 0.001403602508,
    "KPW": null,
    "NOK": 0.2069716886,
    "OMR": 5.833075118,
    "PKR": 0.008061222929,
    "PAB": 2.247265881,
    "PGK": 0.5708505611,
    "PYG": 0.00029685715860000003,
    "PEN": 0.600902963,
    "PHP": 0.039115373079999995,
    "PLN": 0.5664116116,
    "QAR": 0.6174032518,
    "RON": 0.4922522306,
    "RUB": 0.02591750456,
    "RWF": 0.001706263807,
    "SHP": 2.8528885120000003,
    "WST": null,
    "STN": null,
    "SAR": 0.5984249351,
    "RSD": 0.02093646565,
    "SCR": 0.1667711017,
    "SLL": 0.00011460391160000001,
    "SGD": 1.693499638,
    "SBD": 0.263875625,
    "SOS": 0.003946130841,
    "ZAR": 0.1223005514,
    "KRW": 0.001630545202,
    "SSP": null,
    "LKR": 0.007462402675,
    "SDG": 0.0037335825059999998,
    "SRD": 0.0777466186,
    "SZL": 0.12195248930000001,
    "SEK": 0.2132627081,
    "CHF": 2.591263129,
    "SYP": null,
    "TJS": 0.2133229166,
    "TZS": 0.0008333964101,
    "THB": 0.0637092326,
    "TOP": 0.9450116000000001,
    "TTD": 0.331239142,
    "TND": 0.7308870853,
    "TRY": 0.06707374786999999,
    "TMT": 0.64282348,
    "UGX": 0.0006022349173000001,
    "UAH": 0.054702764509999995,
    "AED": 0.6114211577,
    "GBP": 2.857817933,
    "USD": 2.2457499999999997,
    "UYU": 0.055559855,
    "UZS": 0.0001776844137,
    "VUV": null,
    "VES": 0.0613003064,
    "VND": 0.00008931549867,
    "XOF": 0.00374080641,
    "YER": 0.008970484435,
    "ZMW": 0.08613661708999999,
    "ZWL": null,
    "AFN": 0.031726524345057204,
    "ALL": 0.024500991797575363,
    "DZD": 0.016685801253864815,
    "AOA": 0.0025575136691791127,
    "ARS": 0.00239728632845215,
    "AMD": 0.005780531249828247,
    "AWG": 1.2475992136432061,
    "AUD": 1.4766914909133546,
    "AZN": 1.3209874026810415,
    "BSD": 2.245976625806369,
    "BHD": 5.958500996141898,
    "BDT": null,
    "BBD": 1.1209365026681846,
    "BYN": 0.6863771873898908,
    "BZD": 1.114217477509479,
    "BMD": 2.245678584557771,
    "BTN": 0.026750443334161114,
    "BOB": 0.32504630107408566,
    "BAM": 1.2545914701183585,
    "BWP": 0.16541704058878534,
    "BRL": 0.4007993190518967,
    "BND": 1.6951805632120929,
    "BGN": 1.2496493329327685,
    "BIF": 0.0007791491849223763,
    "CVE": 0.02225301498995824,
    "KHR": 0.0005471069189648911,
    "XAF": 0.0037407551897401725,
    "CAD": 1.6340288903402764,
    "KYD": 2.6949993943703037,
    "CLP": 0.002395135009242049,
    "CNY": 0.312969114589409,
    "COP": 0.0005471059859674,
    "KMF": 0.004982093367491702,
    "CDF": 0.0007824664057692581,
    "CRC": 0.004248881973416142,
    "HRK": null,
    "CUP": 0.09357879210209517,
    "CZK": 0.09694274054248314,
    "DKK": 0.3283259027840765,
    "DJF": 0.012612565197321339,
    "DOP": 0.03770327948410952,
    "EGP": 0.04560299782615754,
    "ERN": null,
    "ETB": 0.02795600624799966,
    "EUR": 2.450089556408493,
    "FJD": 1
  }
}