{
  "meta": {
    "code": "FJD",
    "createdAt": "2024-08-06T10:35:32Z"
  },
  "data": {
    "GMD": 0.03251007147,
    "GEL": 0.8384579448,
    "GHS": 0.1454903236,
    "GIP": null,
    "GTQ": 0.2920854279,
    "GNF": 0.0002624979302,
    "GYD": 0.0108342661,
    "HTG": 0.017147521869999998,
    "HNL": 0.09142324416,
    "HKD": 0.2899640303,
    "HUF": 0.006197646496,
    "ISK": 0.01637757316,
    "INR": 0.02692498446,
    "IDR": 0.0001397397522,
    "IRR": 0.00005366227189,
    "IQD": 0.0017278285279999999,
    "ILS": 0.5880342894,
    "JMD": 0.014424358169999998,
    "JPY": 0.01558364965,
    "JOD": 3.1877518100000004,
    "KZT": null,
    "KES": 0.01744749029,
    "KWD": null,
    "KGS": 0.02673826125,
    "LAK": 0.0001019436726,
    "LBP": 0.00002562397056,
    "LSL": 0.1214996868,
    "LRD": 0.01128407582,
    "LYD": 0.4684237513,
    "MOP": 0.2824111408,
    "MKD": 0.040066939819999994,
    "MGA": 0.0004989362679,
    "MWK": 0.0013047029079999999,
    "MYR": 0.5050180294000001,
    "MVR": null,
    "MRU": 0.057074285409999995,
    "MUR": 0.04887581234,
    "MXN": 0.1163051887,
    "MDL": 0.127839681,
    "MNT": null,
    "MAD": 0.2302827372,
    "MZN": 0.0353763894,
    "MMK": 0.0006956794582,
    "NAD": 0.1214991446,
    "NPR": 0.01682855305,
    "ANG": 1.256111176,
    "TWD": 0.06890563324,
    "NZD": 1.3375605080000001,
    "NIO": 0.06147324025,
    "NGN": 0.00141751623,
    "KPW": null,
    "NOK": 0.2050439577,
    "OMR": 5.870324493,
    "PKR": 0.00811939232,
    "PAB": 2.263663874,
    "PGK": 0.5757024373,
    "PYG": 0.0002986123011,
    "PEN": 0.6067529289,
    "PHP": 0.039090491389999996,
    "PLN": 0.570527393,
    "QAR": 0.6204827254,
    "RON": 0.4951898738,
    "RUB": 0.02648949807,
    "RWF": 0.00172197723,
    "SHP": 2.887012237,
    "WST": null,
    "STN": null,
    "SAR": 0.6017784334,
    "RSD": 0.021059867319999998,
    "SCR": 0.17118501490000002,
    "SLL": 0.00011460391160000001,
    "SGD": 1.7019442690000002,
    "SBD": 0.26616321,
    "SOS": 0.0039749577469999995,
    "ZAR": 0.12186901650000001,
    "KRW": 0.001638695937,
    "SSP": null,
    "LKR": 0.007528713345,
    "SDG": 0.003756358897,
    "SRD": 0.07876902045999999,
    "SZL": 0.12155678310000001,
    "SEK": 0.213750127,
    "CHF": 2.6429035180000002,
    "SYP": null,
    "TJS": 0.2144738401,
    "TZS": 0.0008368333324,
    "THB": 0.06356501647,
    "TOP": 0.94851711,
    "TTD": 0.33423004500000003,
    "TND": 0.7359004699,
    "TRY": 0.06729771825,
    "TMT": 0.6448956081,
    "UGX": 0.0006065789512,
    "UAH": 0.054936651399999994,
    "AED": 0.6151501748,
    "GBP": 2.869214549,
    "USD": 2.2594499999999997,
    "UYU": 0.055842306749999994,
    "UZS": 0.0001798174244,
    "VUV": null,
    "VES": 0.06172232202,
    "VND": 0.00008987459454,
    "XOF": 0.003776078699,
    "YER": 0.009024302045,
    "ZMW": 0.08740555794999999,
    "ZWL": null,
    "AFN": 0.031881686154689524,
    "ALL": 0.02472437798702844,
    "DZD": 0.01676569020642955,
    "AOA": 0.00257185878638175,
    "ARS": 0.0024170821614183996,
    "AMD": 0.00583071595603782,
    "AWG": 1.2534690394937198,
    "AUD": 1.4642010835467538,
    "AZN": 1.329045849144604,
    "BSD": 2.2624116115941155,
    "BHD": 5.994081588895899,
    "BDT": 0.019254410080579546,
    "BBD": 1.120464745829452,
    "BYN": 0.6914079148427386,
    "BZD": 1.1223432353898435,
    "BMD": 2.259377943545827,
    "BTN": 0.026921236252922087,
    "BOB": 0.32741419158661583,
    "BAM": 1.2664319631114833,
    "BWP": 0.16627879264430584,
    "BRL": 0.39472011604809304,
    "BND": 1.7119923559349566,
    "BGN": 1.2622053915536742,
    "BIF": 0.0007850497684498848,
    "CVE": 0.022463044519097756,
    "KHR": null,
    "XAF": 0.0037759918582365632,
    "CAD": 1.6320563025686516,
    "KYD": 2.7146956580338077,
    "CLP": 0.0023691650520694303,
    "CNY": 0.3160985973164256,
    "COP": 0.0005424911386866325,
    "KMF": 0.005016937814194887,
    "CDF": 0.0007886135931716284,
    "CRC": 0.004322666756866313,
    "HRK": null,
    "CUP": 0.09426427320615056,
    "CZK": 0.09740797343720412,
    "DKK": 0.33026723110961376,
    "DJF": 0.01270448290195652,
    "DOP": 0.03806497735180287,
    "EGP": 0.045885011055548326,
    "ERN": null,
    "ETB": 0.028126546841417407,
    "EUR": 2.46456533056827,
    "FJD": 1
  }
}