{
  "meta": {
    "code": "FJD",
    "createdAt": "2024-08-15T18:05:42Z"
  },
  "data": {
    "GMD": 0.03200357078,
    "GEL": 0.8328528139,
    "GHS": 0.1431469635,
    "GIP": null,
    "GTQ": 0.2894647187,
    "GNF": 0.0002597391103,
    "GYD": 0.01073081542,
    "HTG": 0.016990526449999998,
    "HNL": 0.09028364317,
    "HKD": 0.28739383160000004,
    "HUF": null,
    "ISK": 0.01612154557,
    "INR": 0.02668234752,
    "IDR": 0.00014229395920000001,
    "IRR": 0.00005322206954,
    "IQD": 0.001710114484,
    "ILS": 0.6076498232,
    "JMD": 0.0142627734,
    "JPY": 0.015031517429999999,
    "JOD": 3.1611092430000003,
    "KZT": 0.004676580121,
    "KES": 0.01736627888,
    "KWD": 7.319880219000001,
    "KGS": 0.026140605789999997,
    "LAK": 0.000101254237,
    "LBP": 0.00002501674853,
    "LSL": null,
    "LRD": 0.01145937832,
    "LYD": 0.4662330787,
    "MOP": 0.27927561360000003,
    "MKD": 0.03999401832,
    "MGA": 0.0004864820712,
    "MWK": 0.001291582578,
    "MYR": 0.5069018155,
    "MVR": 0.1454845905,
    "MRU": 0.05628768812,
    "MUR": 0.04851299459,
    "MXN": 0.1200617182,
    "MDL": 0.12769534770000002,
    "MNT": null,
    "MAD": 0.2294397738,
    "MZN": 0.03506230956,
    "MMK": 0.0006897678224,
    "NAD": 0.12383913590000001,
    "NPR": 0.01668247863,
    "ANG": 1.24400276,
    "TWD": 0.0690848967,
    "NZD": 1.3414617,
    "NIO": 0.060826770659999994,
    "NGN": 0.001409059742,
    "KPW": null,
    "NOK": 0.2084810253,
    "OMR": 5.819840183,
    "PKR": 0.008039655294,
    "PAB": null,
    "PGK": 0.5766112267,
    "PYG": 0.0002961482805,
    "PEN": 0.5991575283,
    "PHP": 0.03914034865,
    "PLN": 0.5735075844,
    "QAR": 0.6152844384,
    "RON": null,
    "RUB": 0.025195957329999998,
    "RWF": 0.0016971590729999999,
    "SHP": 2.8741287370000004,
    "WST": null,
    "STN": null,
    "SAR": 0.5970096215,
    "RSD": 0.0210164506,
    "SCR": 0.1497614517,
    "SLL": null,
    "SGD": 1.694581106,
    "SBD": 0.263229375,
    "SOS": 0.0039233798439999995,
    "ZAR": 0.1243988422,
    "KRW": 0.001640524097,
    "SSP": null,
    "LKR": 0.0074954015669999995,
    "SDG": 0.003724438699,
    "SRD": 0.07803165991,
    "SZL": 0.12383913590000001,
    "SEK": 0.21254320340000002,
    "CHF": 2.566732833,
    "SYP": null,
    "TJS": 0.2108976726,
    "TZS": 0.0008263555736,
    "THB": 0.06374620173,
    "TOP": 0.9453855,
    "TTD": 0.32992721810000003,
    "TND": 0.7316324943,
    "TRY": 0.06662850738,
    "TMT": null,
    "UGX": 0.0006017515362000001,
    "UAH": null,
    "AED": 0.6099237442000001,
    "GBP": 2.880099003,
    "USD": 2.24025,
    "UYU": 0.055625407499999995,
    "UZS": 0.0001772349682,
    "VUV": null,
    "VES": 0.061262839799999996,
    "VND": 0.00008944892602,
    "XOF": 0.003730641055,
    "YER": 0.008947616746,
    "ZMW": 0.08527325683999999,
    "ZWL": null,
    "AFN": 0.03177559576032715,
    "ALL": 0.02472604305853272,
    "DZD": 0.01669595305461572,
    "AOA": 0.00253557385523833,
    "ARS": 0.002379181010447616,
    "AMD": 0.0057697921533636605,
    "AWG": 1.2427904518826063,
    "AUD": 1.482047165930527,
    "AZN": 1.3177526477076849,
    "BSD": 2.2404949632644837,
    "BHD": 5.943485963128637,
    "BDT": 0.019067840332484987,
    "BBD": 1.1096248784393046,
    "BYN": 0.6846093812546554,
    "BZD": 1.1115149683422,
    "BMD": 2.2401795011030643,
    "BTN": 0.026687564310524894,
    "BOB": 0.3242356577547271,
    "BAM": 1.261289182703973,
    "BWP": 0.16691151278118146,
    "BRL": 0.4087695020112524,
    "BND": 1.7004098884287207,
    "BGN": 1.2571308407104522,
    "BIF": 0.000778245441201248,
    "CVE": 0.022125229640524092,
    "KHR": 0.0005463852441714791,
    "XAF": 0.0037605890308675207,
    "CAD": 1.6321831259901225,
    "KYD": 2.688593955676429,
    "CLP": 0.0024018736341774104,
    "CNY": null,
    "COP": 0.0005588656687872387,
    "KMF": 0.005012147895238284,
    "CDF": 0.0007805503488163987,
    "CRC": 0.00425968759088283,
    "HRK": null,
    "CUP": 0.09335563278257132,
    "CZK": 0.09744486553673141,
    "DKK": 0.3295409011777138,
    "DJF": 0.012605106354222882,
    "DOP": 0.037367464572194566,
    "EGP": 0.045778208081133136,
    "ERN": null,
    "ETB": 0.02055210551470701,
    "EUR": 2.458493746085944,
    "FJD": 1
  }
}