{
  "meta": {
    "code": "FJD",
    "createdAt": "2024-08-09T15:33:24Z"
  },
  "data": {
    "GMD": 0.03228345276,
    "GEL": 0.8326132867,
    "GHS": 0.14406752820000002,
    "GIP": null,
    "GTQ": 0.2895216631,
    "GNF": 0.0002601579124,
    "GYD": 0.010738756549999999,
    "HTG": 0.017009727529999998,
    "HNL": 0.09058496741,
    "HKD": 0.28775273,
    "HUF": 0.006215574025,
    "ISK": 0.01622108134,
    "INR": 0.02672787431,
    "IDR": 0.0001407327169,
    "IRR": 0.00005328820706,
    "IQD": null,
    "ILS": null,
    "JMD": 0.01427346358,
    "JPY": 0.015316057119999999,
    "JOD": 3.165530876,
    "KZT": 0.00468741688,
    "KES": 0.01735938102,
    "KWD": 7.329595756000001,
    "KGS": 0.026272831759999997,
    "LAK": 0.00010123843640000001,
    "LBP": 0.0000250419357,
    "LSL": 0.1224887883,
    "LRD": 0.01147125751,
    "LYD": 0.4667180949,
    "MOP": 0.2794149164,
    "MKD": 0.03986359353,
    "MGA": 0.0004913929613,
    "MWK": 0.001293247364,
    "MYR": 0.507337591,
    "MVR": 0.1457086377,
    "MRU": 0.056636034079999995,
    "MUR": 0.048325954879999994,
    "MXN": 0.1191011379,
    "MDL": 0.12745100010000002,
    "MNT": null,
    "MAD": 0.2288140965,
    "MZN": 0.03511630575,
    "MMK": 0.0006908300694,
    "NAD": 0.12248598370000001,
    "NPR": 0.01670451702,
    "ANG": null,
    "TWD": 0.06923611703,
    "NZD": 1.3489236580000001,
    "NIO": 0.06093130829,
    "NGN": 0.001405853484,
    "KPW": null,
    "NOK": null,
    "OMR": 5.827521623,
    "PKR": 0.008052264602,
    "PAB": 2.2442609250000003,
    "PGK": 0.5697795376,
    "PYG": 0.00029640107160000003,
    "PEN": null,
    "PHP": 0.039191403439999994,
    "PLN": 0.5672806616,
    "QAR": 0.6152432717,
    "RON": 0.4924181079,
    "RUB": 0.02532082761,
    "RWF": 0.001703130743,
    "SHP": 2.860829685,
    "WST": null,
    "STN": null,
    "SAR": 0.5977518802,
    "RSD": 0.02094899296,
    "SCR": null,
    "SLL": 0.00011460391160000001,
    "SGD": null,
    "SBD": 0.2647566,
    "SOS": 0.00394016157,
    "ZAR": 0.1224918398,
    "KRW": 0.0016453155309999999,
    "SSP": null,
    "LKR": null,
    "SDG": 0.00373017436,
    "SRD": 0.07793466147,
    "SZL": 0.12252957880000001,
    "SEK": 0.2133926977,
    "CHF": 2.597248783,
    "SYP": null,
    "TJS": 0.21277799120000002,
    "TZS": 0.0008308302183,
    "THB": 0.06366913834,
    "TOP": 0.9457195500000001,
    "TTD": 0.3301440759,
    "TND": 0.7260427197,
    "TRY": 0.06692055132,
    "TMT": 0.6404002195,
    "UGX": 0.0006022234396,
    "UAH": 0.054528461599999994,
    "AED": null,
    "GBP": 2.8647225040000004,
    "USD": null,
    "UYU": 0.055666196999999994,
    "UZS": 0.0001772960521,
    "VUV": null,
    "VES": 0.06124053501999999,
    "VND": 0.00008937262899,
    "XOF": 0.003733440514,
    "YER": 0.008962289128,
    "ZMW": 0.08586375143,
    "ZWL": null,
    "AFN": 0.031671823447094995,
    "ALL": 0.024476976648333752,
    "DZD": 0.016684485020947395,
    "AOA": 0.0025551799784800855,
    "ARS": null,
    "AMD": null,
    "AWG": 1.2464607992067325,
    "AUD": 1.4753634365143389,
    "AZN": 1.3197820226894814,
    "BSD": 2.243012610406206,
    "BHD": 5.952073750974479,
    "BDT": 0.019085362740835873,
    "BBD": 1.1106218721808185,
    "BYN": 0.6852239421238863,
    "BZD": 1.1124887262965106,
    "BMD": 2.2436294385721185,
    "BTN": 0.026722732998551397,
    "BOB": 0.32453240071141903,
    "BAM": 1.2521043117048503,
    "BWP": null,
    "BRL": 0.4072366208150267,
    "BND": null,
    "BGN": 1.2529832732960342,
    "BIF": 0.0007779318780441889,
    "CVE": 0.02221043646141138,
    "KHR": null,
    "XAF": 0.0037332884271499356,
    "CAD": null,
    "KYD": 2.6917142680767894,
    "CLP": 0.0024021728464369576,
    "CNY": 0.3130805909321265,
    "COP": 0.000546731966801932,
    "KMF": 0.004972031996835719,
    "CDF": 0.0007831167324859052,
    "CRC": 0.004235203295755245,
    "HRK": null,
    "CUP": 0.09343426122163136,
    "CZK": 0.09707113628358091,
    "DKK": 0.3284847148807581,
    "DJF": 0.01259279565636639,
    "DOP": 0.037536833059668734,
    "EGP": 0.04555583518891399,
    "ERN": null,
    "ETB": 0.02793049683889745,
    "EUR": 2.450982563799502,
    "FJD": 1
  }
}