{
  "meta": {
    "code": "FJD",
    "createdAt": "2024-08-23T11:04:18Z"
  },
  "data": {
    "GMD": 0.03164857079,
    "GEL": 0.8206198279,
    "GHS": 0.1419121214,
    "GIP": null,
    "GTQ": 0.2855719277,
    "GNF": 0.00025643764540000003,
    "GYD": 0.010583944999999999,
    "HTG": 0.01675732769,
    "HNL": 0.08923126088,
    "HKD": 0.2840322247,
    "HUF": 0.006254075529,
    "ISK": 0.016174344729999998,
    "INR": 0.026404156279999997,
    "IDR": 0.0001422446308,
    "IRR": 0.00005261607787,
    "IQD": 0.001687859204,
    "ILS": 0.5991292313000001,
    "JMD": 0.01411437986,
    "JPY": 0.015174388939999998,
    "JOD": 3.1260446,
    "KZT": 0.0046104977399999995,
    "KES": 0.01717364322,
    "KWD": 7.249371450000001,
    "KGS": 0.02595978027,
    "LAK": 0.0001001314276,
    "LBP": 0.00002468132832,
    "LSL": 0.123110221,
    "LRD": 0.011334224549999999,
    "LYD": 0.4624476914,
    "MOP": 0.27535893370000003,
    "MKD": 0.0399785767,
    "MGA": 0.0004851555414,
    "MWK": 0.001274651436,
    "MYR": 0.5063773011,
    "MVR": 0.1441440262,
    "MRU": 0.05581391473,
    "MUR": 0.048006056449999994,
    "MXN": 0.1139191911,
    "MDL": 0.127141806,
    "MNT": null,
    "MAD": 0.22896912230000002,
    "MZN": 0.03467072199,
    "MMK": 0.0006821165645,
    "NAD": null,
    "NPR": 0.01645816007,
    "ANG": 1.2271160410000002,
    "TWD": null,
    "NZD": 1.3642433200000001,
    "NIO": null,
    "NGN": 0.001404952912,
    "KPW": null,
    "NOK": 0.208923297,
    "OMR": 5.755006611000001,
    "PKR": 0.007932031451999999,
    "PAB": 2.211453707,
    "PGK": 0.5600493538,
    "PYG": 0.0002914553655,
    "PEN": 0.589509743,
    "PHP": 0.03924539007,
    "PLN": 0.5763939104,
    "QAR": 0.6061333956,
    "RON": 0.49502891460000004,
    "RUB": 0.02420616932,
    "RWF": 0.0016697102039999999,
    "SHP": 2.8988509000000002,
    "WST": null,
    "STN": null,
    "SAR": 0.5904422048,
    "RSD": 0.021048931,
    "SCR": 0.16238999410000002,
    "SLL": 0.00011460391160000001,
    "SGD": 1.693465495,
    "SBD": 0.26318952,
    "SOS": 0.003882504007,
    "ZAR": 0.12348356020000001,
    "KRW": 0.001656646433,
    "SSP": null,
    "LKR": 0.007339932570999999,
    "SDG": 0.003683125318,
    "SRD": 0.07690224751,
    "SZL": 0.123132087,
    "SEK": 0.2154807259,
    "CHF": 2.6009061840000003,
    "SYP": null,
    "TJS": 0.2073581169,
    "TZS": 0.0008174907748,
    "THB": 0.06468604674,
    "TOP": 0.94176654,
    "TTD": 0.3257136465,
    "TND": 0.7285503516,
    "TRY": null,
    "TMT": 0.6323227911,
    "UGX": 0.00059495143,
    "UAH": 0.05349947306,
    "AED": 0.603186958,
    "GBP": 2.907302651,
    "USD": 2.2154,
    "UYU": 0.054908689,
    "UZS": 0.00017479506,
    "VUV": null,
    "VES": 0.06044585976,
    "VND": 0.0000886957544,
    "XOF": 0.003755399863,
    "YER": 0.008849246929,
    "ZMW": 0.08492722607,
    "ZWL": null,
    "AFN": 0.03115768798833078,
    "ALL": 0.024662643345581346,
    "DZD": 0.01648476527151177,
    "AOA": 0.002460112778192376,
    "ARS": 0.002343685608519609,
    "AMD": 0.005696972484688233,
    "AWG": 1.2290327637314131,
    "AUD": 1.4910065424135508,
    "AZN": 1.3031362096998447,
    "BSD": 2.210034105135809,
    "BHD": 5.878163138631947,
    "BDT": 0.018495003813120484,
    "BBD": 1.094607656260792,
    "BYN": 0.6753404873083124,
    "BZD": 1.0964686405757258,
    "BMD": null,
    "BTN": null,
    "BOB": 0.3198323949294148,
    "BAM": 1.2595097553828658,
    "BWP": 0.16553350274218503,
    "BRL": 0.39638060383608825,
    "BND": 1.690647544616999,
    "BGN": 1.259355100156346,
    "BIF": 0.0007653158788597996,
    "CVE": 0.022340463868388553,
    "KHR": 0.0005410314098576715,
    "XAF": 0.0037553173556922324,
    "CAD": 1.630622824260373,
    "KYD": null,
    "CLP": 0.002409068875604619,
    "CNY": 0.31044009425409536,
    "COP": 0.0005443743842414626,
    "KMF": 0.004999055753354028,
    "CDF": 0.0007705501069019995,
    "CRC": 0.00420291233749534,
    "HRK": null,
    "CUP": 0.09208960819107744,
    "CZK": 0.09827987419232617,
    "DKK": 0.33011388447047957,
    "DJF": 0.012411474646660797,
    "DOP": 0.0369924412653004,
    "EGP": 0.04541940660675303,
    "ERN": null,
    "ETB": 0.020229786544456476,
    "EUR": 2.463176362559782,
    "FJD": 1
  }
}