{
  "meta": {
    "code": "FJD",
    "createdAt": "2024-08-23T09:04:10Z"
  },
  "data": {
    "GMD": 0.03165571365,
    "GEL": 0.8208050359,
    "GHS": 0.14194415000000002,
    "GIP": null,
    "GTQ": 0.2856363792,
    "GNF": 0.0002564955215,
    "GYD": 0.010586333719999999,
    "HTG": 0.0167611097,
    "HNL": 0.08925139974,
    "HKD": 0.28412706330000004,
    "HUF": 0.006262414819,
    "ISK": 0.01618272102,
    "INR": 0.02640617121,
    "IDR": null,
    "IRR": 0.00005262795295,
    "IQD": 0.001688240142,
    "ILS": 0.5986322542,
    "JMD": 0.01411756537,
    "JPY": 0.015175812739999999,
    "JOD": 3.126750126,
    "KZT": 0.004611538296,
    "KES": 0.01717751919,
    "KWD": 7.251382068000001,
    "KGS": 0.02591789764,
    "LAK": 0.0001001540266,
    "LBP": 0.00002468689872,
    "LSL": 0.1231380061,
    "LRD": 0.0113367826,
    "LYD": 0.4625520625,
    "MOP": 0.2754210802,
    "MKD": 0.04000144895,
    "MGA": 0.00048526503750000004,
    "MWK": 0.001274939116,
    "MYR": 0.5063759168,
    "MVR": 0.1441765585,
    "MRU": null,
    "MUR": 0.048154919479999996,
    "MXN": 0.1138595897,
    "MDL": null,
    "MNT": null,
    "MAD": null,
    "MZN": 0.03467854693,
    "MMK": 0.0006822705134,
    "NAD": 0.1231391141,
    "NPR": 0.01646187456,
    "ANG": 1.2273929920000002,
    "TWD": 0.06937697048,
    "NZD": null,
    "NIO": 0.06006154847,
    "NGN": 0.00140527,
    "KPW": null,
    "NOK": 0.2090897757,
    "OMR": 5.756482747000001,
    "PKR": 0.007933821655,
    "PAB": 2.2119528170000002,
    "PGK": 0.5601757529,
    "PYG": 0.00029152114490000003,
    "PEN": 0.5896427911000001,
    "PHP": 0.039245538989999995,
    "PLN": 0.5761211477,
    "QAR": 0.6062701956000001,
    "RON": 0.495264951,
    "RUB": 0.024151271369999998,
    "RWF": 0.001670087046,
    "SHP": 2.89950515,
    "WST": null,
    "STN": null,
    "SAR": 0.590532342,
    "RSD": 0.02105748297,
    "SCR": 0.1534737658,
    "SLL": 0.00011460391160000001,
    "SGD": 1.694139089,
    "SBD": 0.26324892,
    "SOS": 0.003883380261,
    "ZAR": 0.1234966274,
    "KRW": 0.001656264705,
    "SSP": null,
    "LKR": 0.007341589141,
    "SDG": 0.003683956573,
    "SRD": 0.0769196038,
    "SZL": 0.12315987710000001,
    "SEK": 0.2158684065,
    "CHF": 2.599868936,
    "SYP": null,
    "TJS": 0.2074049161,
    "TZS": 0.0008176752766,
    "THB": 0.0646987624,
    "TOP": 0.94197909,
    "TTD": 0.3257871577,
    "TND": 0.7287147802,
    "TRY": null,
    "TMT": 0.6324655018,
    "UGX": 0.0005950857063,
    "UAH": 0.05351154751,
    "AED": 0.6033197691000001,
    "GBP": 2.909498859,
    "USD": 2.2159,
    "UYU": 0.054921081499999996,
    "UZS": 0.00017483451,
    "VUV": null,
    "VES": 0.060459900819999995,
    "VND": 0.00008870713039,
    "XOF": 0.00375624743,
    "YER": 0.008851244141,
    "ZMW": 0.08494639354,
    "ZWL": null,
    "AFN": 0.03116472317910795,
    "ALL": 0.024668211999735838,
    "DZD": 0.01653230732379239,
    "AOA": 0.002460668254765718,
    "ARS": 0.0023441540372910455,
    "AMD": 0.00569825882407859,
    "AWG": 1.229310270966174,
    "AUD": 1.4900956016355649,
    "AZN": 1.3034304490685464,
    "BSD": 2.2105331156685626,
    "BHD": 5.8808104979839575,
    "BDT": 0.018499179859580005,
    "BBD": 1.0948548112498322,
    "BYN": 0.6754929749081866,
    "BZD": 1.0967162157942265,
    "BMD": 2.2158317634165288,
    "BTN": 0.02633532071777717,
    "BOB": 0.31990461089430827,
    "BAM": 1.259794144224758,
    "BWP": 0.16557087910012735,
    "BRL": 0.39619363541588537,
    "BND": 1.6910292812733725,
    "BGN": 1.2601910697213632,
    "BIF": 0.0007654886819310116,
    "CVE": 0.02234550819580494,
    "KHR": 0.0005411535710063943,
    "XAF": 0.0037561652809527516,
    "CAD": 1.6306609340107525,
    "KYD": 2.6527595689671357,
    "CLP": 0.002409612827100059,
    "CNY": 0.31050148725710125,
    "COP": 0.0005444973002917264,
    "KMF": null,
    "CDF": null,
    "CRC": 0.004203861326417603,
    "HRK": null,
    "CUP": 0.0921104013790784,
    "CZK": 0.09827699562463837,
    "DKK": 0.3302922718329839,
    "DJF": 0.012414277073611911,
    "DOP": 0.037000793909754574,
    "EGP": 0.0454260297805556,
    "ERN": null,
    "ETB": 0.02023435429140303,
    "EUR": 2.4645409093550907,
    "FJD": 1
  }
}