{
  "meta": {
    "code": "FJD",
    "createdAt": "2024-08-19T08:35:22Z"
  },
  "data": {
    "GMD": 0.032257244979999995,
    "GEL": 0.8290291088,
    "GHS": 0.1431459729,
    "GIP": null,
    "GTQ": 0.2884845767,
    "GNF": 0.0002589980633,
    "GYD": 0.010694058789999999,
    "HTG": 0.01693465226,
    "HNL": 0.09016143774999999,
    "HKD": 0.2856414036,
    "HUF": 0.006246240189,
    "ISK": 0.01611927857,
    "INR": 0.026521280239999997,
    "IDR": 0.0001429928636,
    "IRR": 0.00005286189191,
    "IQD": 0.001705381446,
    "ILS": 0.6006923098,
    "JMD": null,
    "JPY": 0.01522682093,
    "JOD": 3.1406489890000002,
    "KZT": 0.004658641649,
    "KES": 0.01725387578,
    "KWD": 7.281443192,
    "KGS": 0.025971410929999997,
    "LAK": 0.0001008556323,
    "LBP": 0.0000249364127,
    "LSL": 0.12468092830000001,
    "LRD": 0.01145205287,
    "LYD": 0.4660495699,
    "MOP": 0.2782285433,
    "MKD": null,
    "MGA": 0.0004972298791,
    "MWK": 0.001287820953,
    "MYR": 0.5083942411,
    "MVR": 0.1444491273,
    "MRU": 0.05640294664,
    "MUR": 0.04826171626,
    "MXN": 0.119157752,
    "MDL": 0.1269790375,
    "MNT": null,
    "MAD": 0.2286967028,
    "MZN": 0.034835369049999995,
    "MMK": 0.0006853033057,
    "NAD": 0.12467868030000001,
    "NPR": 0.01662821767,
    "ANG": 1.2398584890000002,
    "TWD": 0.0695818639,
    "NZD": 1.3504626830000002,
    "NIO": 0.060673455329999994,
    "NGN": 0.001402153212,
    "KPW": null,
    "NOK": 0.2085327432,
    "OMR": 5.781888644,
    "PKR": 0.008018600463,
    "PAB": 2.234274622,
    "PGK": 0.5665321665,
    "PYG": 0.0002951524785,
    "PEN": 0.5966225259,
    "PHP": 0.03926835081,
    "PLN": 0.5757120498,
    "QAR": 0.6122116566,
    "RON": 0.4939201888,
    "RUB": 0.024869617939999998,
    "RWF": 0.0016567764079999999,
    "SHP": 2.880676937,
    "WST": null,
    "STN": null,
    "SAR": 0.593165491,
    "RSD": 0.021006360959999998,
    "SCR": 0.1667239436,
    "SLL": 0.00011460391160000001,
    "SGD": 1.698258378,
    "SBD": 0.2626385,
    "SOS": 0.003923416329,
    "ZAR": 0.1251216491,
    "KRW": 0.001664386024,
    "SSP": null,
    "LKR": 0.00747647231,
    "SDG": 0.0037003323,
    "SRD": 0.07751175265,
    "SZL": 0.12471275650000001,
    "SEK": 0.21342115790000002,
    "CHF": 2.576661745,
    "SYP": null,
    "TJS": 0.209706626,
    "TZS": 0.000821309963,
    "THB": 0.06460439692,
    "TOP": 0.94149225,
    "TTD": 0.3288779328,
    "TND": 0.7284705473,
    "TRY": 0.0659946894,
    "TMT": 0.6352769036,
    "UGX": 0.0005998992751000001,
    "UAH": 0.054170080919999995,
    "AED": 0.6059809144,
    "GBP": 2.88653066,
    "USD": 2.22575,
    "UYU": 0.055176342499999996,
    "UZS": 0.00017653580640000001,
    "VUV": null,
    "VES": 0.06074792892999999,
    "VND": 0.000089110127,
    "XOF": 0.003742727718,
    "YER": 0.008888821972,
    "ZMW": 0.08515109643999999,
    "ZWL": null,
    "AFN": 0.031482490498800024,
    "ALL": 0.024579652909246488,
    "DZD": 0.016591262965730644,
    "AOA": 0.002504987536019939,
    "ARS": 0.0023639952415820615,
    "AMD": 0.0057507982785167085,
    "AWG": 1.2364896809742867,
    "AUD": 1.488789951574321,
    "AZN": 1.3092243680904212,
    "BSD": 2.233030104801243,
    "BHD": 5.906047046537214,
    "BDT": 0.019004612019670183,
    "BBD": 1.1059522891353002,
    "BYN": 0.6823283624565817,
    "BZD": 1.107799119161004,
    "BMD": 2.225681425753716,
    "BTN": 0.026600900996670375,
    "BOB": 0.3231559147071469,
    "BAM": 1.255248675157263,
    "BWP": null,
    "BRL": 0.4067251610035073,
    "BND": 1.6931140838907526,
    "BGN": 1.2569890779897224,
    "BIF": 0.0007741597550651435,
    "CVE": 0.02226468705126699,
    "KHR": 0.0005454328839346537,
    "XAF": 0.003742646985208966,
    "CAD": null,
    "KYD": 2.6794900414917158,
    "CLP": 0.002372010770649081,
    "CNY": null,
    "COP": 0.0005517320137723544,
    "KMF": 0.004974423481840862,
    "CDF": 0.0007752286404698583,
    "CRC": 0.004245209534691371,
    "HRK": null,
    "CUP": 0.09304151462698487,
    "CZK": null,
    "DKK": 0.3294435996703412,
    "DJF": 0.012539551868913706,
    "DOP": 0.03734414936014211,
    "EGP": 0.04561757380938382,
    "ERN": null,
    "ETB": 0.02117859101268683,
    "EUR": 2.458202831872179,
    "FJD": 1
  }
}