{
  "meta": {
    "code": "FJD",
    "createdAt": "2024-07-29T18:05:11Z"
  },
  "data": {
    "GMD": 0.03338745251,
    "GEL": 0.8378812182,
    "GHS": 0.1458963534,
    "GIP": null,
    "GTQ": 0.2919468396,
    "GNF": 0.0002624057982,
    "GYD": 0.01083038135,
    "HTG": null,
    "HNL": 0.0913751865,
    "HKD": 0.2896255752,
    "HUF": 0.00622597404,
    "ISK": 0.016377063219999998,
    "INR": 0.027008257379999998,
    "IDR": 0.0001388126064,
    "IRR": 0.00005372283477,
    "IQD": 0.001726998546,
    "ILS": 0.6086134033,
    "JMD": 0.01445388141,
    "JPY": 0.014687166,
    "JOD": 3.191799624,
    "KZT": 0.004764934668,
    "KES": 0.01733333322,
    "KWD": 7.395857820000001,
    "KGS": 0.026918955879999998,
    "LAK": 0.00010197005520000001,
    "LBP": 0.0000252525156,
    "LSL": null,
    "LRD": null,
    "LYD": 0.46800214500000004,
    "MOP": 0.2812161378,
    "MKD": 0.03978290238,
    "MGA": 0.0004954886118,
    "MWK": 0.001304092764,
    "MYR": 0.48760531560000003,
    "MVR": 0.14736780700000002,
    "MRU": 0.05713438317,
    "MUR": 0.0486153564,
    "MXN": 0.1213063776,
    "MDL": 0.12793872,
    "MNT": null,
    "MAD": null,
    "MZN": 0.03540272034,
    "MMK": 0.0006964369331,
    "NAD": null,
    "NPR": 0.0168809961,
    "ANG": 1.25556178,
    "TWD": 0.06879710136,
    "NZD": 1.3290267900000001,
    "NIO": 0.0614380689,
    "NGN": 0.001396296294,
    "KPW": null,
    "NOK": 0.20563842000000002,
    "OMR": 5.875925016,
    "PKR": 0.008120005452,
    "PAB": 2.262536094,
    "PGK": 0.5763571476,
    "PYG": 0.00029868330180000003,
    "PEN": 0.6055523292,
    "PHP": 0.03859146174,
    "PLN": 0.5700414174,
    "QAR": null,
    "RON": 0.4922426418,
    "RUB": 0.026180320139999998,
    "RWF": 0.00171152918,
    "SHP": 2.9196765,
    "WST": null,
    "STN": null,
    "SAR": 0.6029567068,
    "RSD": 0.02091453343,
    "SCR": 0.16494336610000002,
    "SLL": 0.00011460391160000001,
    "SGD": 1.6837246760000002,
    "SBD": 0.266916,
    "SOS": 0.003973359078,
    "ZAR": 0.12264319700000001,
    "KRW": 0.00163637941,
    "SSP": null,
    "LKR": 0.007471290996,
    "SDG": 0.003860068165,
    "SRD": 0.07839603408,
    "SZL": 0.12316565110000001,
    "SEK": 0.2088306222,
    "CHF": 2.552739384,
    "SYP": null,
    "TJS": 0.21306689580000002,
    "TZS": 0.0008377777769,
    "THB": 0.06284575674,
    "TOP": 0.9486828,
    "TTD": 0.333115692,
    "TND": 0.7287374562000001,
    "TRY": 0.0684575073,
    "TMT": 0.62205,
    "UGX": 0.0006072060774,
    "UAH": 0.055121456519999994,
    "AED": 0.6158369646,
    "GBP": 2.9094748800000003,
    "USD": 2.262,
    "UYU": 0.05616545999999999,
    "UZS": 0.0001794768066,
    "VUV": null,
    "VES": 0.06187015613999999,
    "VND": 0.0000894600642,
    "XOF": null,
    "YER": 0.009035393874,
    "ZMW": 0.08639378748,
    "ZWL": null,
    "AFN": 0.031963226660601,
    "ALL": 0.024441903851388443,
    "DZD": 0.01679719886928473,
    "AOA": 0.002592063124434471,
    "ARS": 0.002427611863586335,
    "AMD": 0.005834973808503469,
    "AWG": 1.256626442556891,
    "AUD": 1.480148619490819,
    "AZN": 1.3305456450602375,
    "BSD": 2.261260524931682,
    "BHD": 6.001259712423716,
    "BDT": 0.01924522275946102,
    "BBD": 1.1199330181142684,
    "BYN": 0.690984772461081,
    "BZD": 1.1218560103944966,
    "BMD": 2.2619275966024035,
    "BTN": 0.02700505324875573,
    "BOB": 0.32723037310778014,
    "BAM": 1.2528379997355574,
    "BWP": 0.16631380321629327,
    "BRL": 0.40165632545220764,
    "BND": null,
    "BGN": 1.2521604038398413,
    "BIF": 0.0007851949556393823,
    "CVE": 0.022221925712598338,
    "KHR": 0.0005513728202055184,
    "XAF": 0.003735459559305184,
    "CAD": 1.6325536689582691,
    "KYD": 2.7135115447127447,
    "CLP": 0.0023719132122771557,
    "CNY": 0.3115516923383869,
    "COP": 0.0005562946925695737,
    "KMF": 0.004979751439272411,
    "CDF": 0.0007895035241195126,
    "CRC": 0.004273283523712673,
    "HRK": null,
    "CUP": 0.09422060148884888,
    "CZK": null,
    "DKK": 0.3281244587228167,
    "DJF": 0.01272747916258798,
    "DOP": 0.03820238346878559,
    "EGP": 0.04681102799793846,
    "ERN": null,
    "ETB": 0.03911375962094248,
    "EUR": 2.4484108060194694,
    "FJD": 1
  }
}