{
  "meta": {
    "code": "FJD",
    "createdAt": "2024-08-12T08:05:22Z"
  },
  "data": {
    "GMD": 0.03226258946,
    "GEL": 0.8336539753000001,
    "GHS": null,
    "GIP": null,
    "GTQ": 0.2894181945,
    "GNF": 0.0002600610879,
    "GYD": 0.010735011789999999,
    "HTG": 0.017004342789999998,
    "HNL": 0.09055629327999999,
    "HKD": 0.2875483822,
    "HUF": 0.006217723374,
    "ISK": null,
    "INR": 0.0267075967,
    "IDR": 0.0001405231528,
    "IRR": 0.00005326958394,
    "IQD": 0.001711985006,
    "ILS": 0.5969934568,
    "JMD": 0.014268943539999999,
    "JPY": 0.01522498961,
    "JOD": 3.163485139,
    "KZT": 0.004685782298,
    "KES": 0.01734816245,
    "KWD": 7.3229979080000005,
    "KGS": 0.02625585284,
    "LAK": 0.0001012017115,
    "LBP": null,
    "LSL": 0.1224438462,
    "LRD": 0.01146715081,
    "LYD": 0.4665510115,
    "MOP": 0.2793110284,
    "MKD": 0.03979836792,
    "MGA": 0.0004912238336000001,
    "MWK": 0.0012928021979999999,
    "MYR": 0.5038766262000001,
    "MVR": 0.1455199621,
    "MRU": 0.056618113,
    "MUR": 0.048419931279999995,
    "MXN": 0.11919352550000001,
    "MDL": 0.1272588987,
    "MNT": null,
    "MAD": 0.228736407,
    "MZN": 0.035088118189999996,
    "MMK": 0.0006903836178,
    "NAD": 0.1224438462,
    "NPR": 0.01669915014,
    "ANG": 1.2446642300000001,
    "TWD": 0.06911991241,
    "NZD": 1.3518525250000002,
    "NIO": 0.060910609129999994,
    "NGN": 0.001410220108,
    "KPW": null,
    "NOK": null,
    "OMR": 5.824735427,
    "PKR": 0.008049309771,
    "PAB": 2.2434563300000003,
    "PGK": 0.569591368,
    "PYG": 0.0002962992113,
    "PEN": 0.6018107067,
    "PHP": 0.039125625649999995,
    "PLN": 0.5678946575,
    "QAR": 0.6150343985,
    "RON": 0.4921862073,
    "RUB": 0.02487796555,
    "RWF": 0.00168588544,
    "SHP": 2.863241137,
    "WST": null,
    "STN": null,
    "SAR": 0.5973493467000001,
    "RSD": 0.020929787529999997,
    "SCR": 0.16537678990000002,
    "SLL": 0.00011460391160000001,
    "SGD": 1.6928453840000002,
    "SBD": 0.264361275,
    "SOS": 0.0039388955489999995,
    "ZAR": 0.1229485767,
    "KRW": 0.001637074124,
    "SSP": null,
    "LKR": 0.0074761951549999995,
    "SDG": 0.00372776372,
    "SRD": 0.07788429589,
    "SZL": 0.1224846103,
    "SEK": 0.21340047080000002,
    "CHF": 2.5814867290000003,
    "SYP": null,
    "TJS": 0.212701853,
    "TZS": null,
    "THB": null,
    "TOP": 0.945108375,
    "TTD": 0.33002287550000003,
    "TND": 0.7258062572,
    "TRY": null,
    "TMT": 0.64182164,
    "UGX": 0.0006020270839,
    "UAH": 0.0545101962,
    "AED": 0.6104666886,
    "GBP": 2.863117813,
    "USD": 2.24225,
    "UYU": 0.0556302225,
    "UZS": 0.0001772343909,
    "VUV": null,
    "VES": 0.061230735169999995,
    "VND": 0.00008930590257,
    "XOF": 0.003732104043,
    "YER": 0.008954707898,
    "ZMW": 0.08583225372,
    "ZWL": null,
    "AFN": 0.03166179794492673,
    "ALL": 0.02446799591871577,
    "DZD": 0.016658342723248266,
    "AOA": 0.0025207190712016746,
    "ARS": 0.0023935511388451574,
    "AMD": 0.005770205720943859,
    "AWG": 1.2456553410188274,
    "AUD": 1.4799171879660902,
    "AZN": 1.31892918460817,
    "BSD": 2.2421899280324387,
    "BHD": null,
    "BDT": 0.019077492609578247,
    "BBD": 1.1102146988451114,
    "BYN": 0.6849723588822942,
    "BZD": 1.1120802884646857,
    "BMD": null,
    "BTN": 0.0267136610042942,
    "BOB": 0.3244163056410623,
    "BAM": 1.2516731072180216,
    "BWP": 0.165585959991224,
    "BRL": 0.4070944254331076,
    "BND": 1.693125956430768,
    "BGN": 1.2517891076901697,
    "BIF": 0.0007776678129567996,
    "CVE": 0.02220166661677064,
    "KHR": 0.0005467534576033922,
    "XAF": 0.003732089427131092,
    "CAD": 1.6342238342171984,
    "KYD": 2.6907263951464184,
    "CLP": 0.0024049205902748495,
    "CNY": 0.3123334838928563,
    "COP": 0.0005507687581859108,
    "KMF": 0.004971022312755277,
    "CDF": 0.000782337618592594,
    "CRC": 0.004233765207006692,
    "HRK": null,
    "CUP": 0.09340212332466666,
    "CZK": 0.09722272343236783,
    "DKK": 0.3281254465582249,
    "DJF": 0.012588176785871385,
    "DOP": 0.0375249509872168,
    "EGP": 0.04548637849694337,
    "ERN": null,
    "ETB": 0.021002214458790983,
    "EUR": null,
    "FJD": 1
  }
}