{
  "meta": {
    "code": "FJD",
    "createdAt": "2024-08-22T18:36:01Z"
  },
  "data": {
    "GMD": 0.03170428508,
    "GEL": 0.8205136038,
    "GHS": 0.141989762,
    "GIP": null,
    "GTQ": 0.28652605540000003,
    "GNF": null,
    "GYD": 0.010619310549999999,
    "HTG": 0.01681370087,
    "HNL": 0.0892224957,
    "HKD": 0.2846223399,
    "HUF": 0.006261990195,
    "ISK": 0.01618509324,
    "INR": 0.026438676249999998,
    "IDR": 0.0001410720238,
    "IRR": 0.00005270870345,
    "IQD": 0.001694122118,
    "ILS": 0.5983303373000001,
    "JMD": 0.01416179716,
    "JPY": 0.015170291459999999,
    "JOD": 3.1315477030000003,
    "KZT": 0.004625944428,
    "KES": 0.01720387578,
    "KWD": 7.260166976000001,
    "KGS": 0.025957665159999997,
    "LAK": 0.0001002620262,
    "LBP": 0.00002476897258,
    "LSL": 0.12419138210000001,
    "LRD": 0.011373963539999999,
    "LYD": 0.4647748607,
    "MOP": 0.2762853175,
    "MKD": 0.04006928395,
    "MGA": 0.0004837711144,
    "MWK": 0.001278766918,
    "MYR": 0.5066901584,
    "MVR": 0.144397778,
    "MRU": 0.05583144497,
    "MUR": 0.048216001359999996,
    "MXN": 0.1140542212,
    "MDL": 0.12806470650000001,
    "MNT": null,
    "MAD": 0.2292309865,
    "MZN": 0.034731756489999994,
    "MMK": 0.0006833173656,
    "NAD": 0.12419138210000001,
    "NPR": 0.01651330308,
    "ANG": 1.231249663,
    "TWD": 0.06933299593999999,
    "NZD": 1.362328401,
    "NIO": 0.060307065119999996,
    "NGN": 0.001408560637,
    "KPW": null,
    "NOK": 0.2093040472,
    "OMR": 5.766180821000001,
    "PKR": 0.007965185988,
    "PAB": 2.2188532540000003,
    "PGK": 0.5626314987000001,
    "PYG": 0.000292437161,
    "PEN": 0.5904827594000001,
    "PHP": 0.039204711249999996,
    "PLN": 0.575425519,
    "QAR": 0.6096141906,
    "RON": 0.49538016170000004,
    "RUB": 0.024253886359999997,
    "RWF": 0.001668646596,
    "SHP": 2.903621155,
    "WST": null,
    "STN": null,
    "SAR": 0.5914554564,
    "RSD": 0.021062171879999998,
    "SCR": 0.1634142273,
    "SLL": 0.00011460391160000001,
    "SGD": 1.692952613,
    "SBD": 0.2596581,
    "SOS": 0.0038866898279999998,
    "ZAR": 0.12299320650000001,
    "KRW": 0.001652556249,
    "SSP": null,
    "LKR": 0.007364658278,
    "SDG": 0.003689609108,
    "SRD": 0.07703762656999999,
    "SZL": 0.12412192250000001,
    "SEK": 0.2164136191,
    "CHF": 2.605116427,
    "SYP": null,
    "TJS": 0.2080556687,
    "TZS": 0.0008168200007000001,
    "THB": 0.06430637021999999,
    "TOP": 0.94519987,
    "TTD": 0.3268094574,
    "TND": 0.7263060943,
    "TRY": 0.06543606049999999,
    "TMT": null,
    "UGX": 0.0005969448727,
    "UAH": 0.053679696029999995,
    "AED": 0.6042199601,
    "GBP": 2.904952735,
    "USD": 2.2193,
    "UYU": 0.055005350499999994,
    "UZS": 0.00017523095010000002,
    "VUV": null,
    "VES": 0.06063573679,
    "VND": 0.00008886987113,
    "XOF": 0.003695753462,
    "YER": 0.008864831841,
    "ZMW": 0.08521215402,
    "ZWL": null,
    "AFN": 0.031256784285029066,
    "ALL": 0.024851418636473277,
    "DZD": 0.016529235476063314,
    "AOA": 0.0024644438470150624,
    "ARS": 0.002347719310130428,
    "AMD": 0.005719669289270783,
    "AWG": 1.231196496109328,
    "AUD": 1.4877697076627665,
    "AZN": 1.3054304024923902,
    "BSD": 2.217468796976522,
    "BHD": 5.889765099688262,
    "BDT": 0.018556969421715745,
    "BBD": 1.0982897292852773,
    "BYN": 0.6776124775642931,
    "BZD": 1.100147423396223,
    "BMD": 2.2192316842370636,
    "BTN": 0.026417119607598922,
    "BOB": 0.32090114854673524,
    "BAM": 1.2637295572484877,
    "BWP": 0.16609188093731087,
    "BRL": 0.39707843852690583,
    "BND": 1.6960068019153305,
    "BGN": 1.2603141224815333,
    "BIF": 0.0007719066727781092,
    "CVE": null,
    "KHR": 0.0005425994337987931,
    "XAF": 0.0037679172755872184,
    "CAD": 1.6310923902163053,
    "KYD": 2.6610829546225765,
    "CLP": 0.0024120510452434706,
    "CNY": null,
    "COP": 0.0005456679825930255,
    "KMF": 0.005007856673595576,
    "CDF": 0.0007719066727781092,
    "CRC": 0.00421701364529046,
    "HRK": null,
    "CUP": 0.09241061529868105,
    "CZK": 0.09829090380729048,
    "DKK": 0.3303903059138951,
    "DJF": 0.012487236576968042,
    "DOP": 0.03704894297557702,
    "EGP": null,
    "ERN": null,
    "ETB": 0.020124522187595226,
    "EUR": null,
    "FJD": 1
  }
}