{
  "meta": {
    "code": "FJD",
    "createdAt": "2024-07-26T13:32:52Z"
  },
  "data": {
    "GMD": null,
    "GEL": 0.8361773041,
    "GHS": 0.14565607120000001,
    "GIP": null,
    "GTQ": 0.2914628465,
    "GNF": 0.0002619897806,
    "GYD": 0.01081382412,
    "HTG": 0.017104694519999998,
    "HNL": null,
    "HKD": 0.2891526008,
    "HUF": 0.006281163579,
    "ISK": 0.01635797098,
    "INR": 0.026961053729999997,
    "IDR": 0.0001386183558,
    "IRR": 0.00005361358409,
    "IQD": 0.0017241418469999999,
    "ILS": 0.616912656,
    "JMD": 0.014435235499999999,
    "JPY": 0.014665251019999999,
    "JOD": 3.185308784,
    "KZT": 0.004766202123,
    "KES": 0.01719923805,
    "KWD": 7.383395564000001,
    "KGS": 0.026860825169999998,
    "LAK": 0.0001018058053,
    "LBP": 0.00002521086894,
    "LSL": 0.12368585800000001,
    "LRD": 0.011553782459999998,
    "LYD": 0.4672188185,
    "MOP": 0.2809176282,
    "MKD": 0.039786065499999995,
    "MGA": 0.000496107895,
    "MWK": 0.0013020069179999999,
    "MYR": 0.4846807105,
    "MVR": 0.1470681201,
    "MRU": 0.056996702059999994,
    "MUR": 0.04823643923,
    "MXN": 0.12268178910000001,
    "MDL": 0.1275431,
    "MNT": null,
    "MAD": 0.2294425874,
    "MZN": 0.03533072541,
    "MMK": 0.0006950482679,
    "NAD": 0.1236875736,
    "NPR": 0.016856315059999998,
    "ANG": 1.253493361,
    "TWD": 0.06883575601,
    "NZD": 1.3325770810000002,
    "NIO": 0.06134439352,
    "NGN": 0.001414411013,
    "KPW": null,
    "NOK": 0.2056367446,
    "OMR": 5.864176651,
    "PKR": null,
    "PAB": 2.258950833,
    "PGK": 0.5756837281,
    "PYG": 0.0002982102151,
    "PEN": 0.6008627677,
    "PHP": 0.0386273195,
    "PLN": null,
    "QAR": 0.6189110193,
    "RON": 0.4932703432,
    "RUB": 0.02618033194,
    "RWF": 0.001717126073,
    "SHP": 2.91373905,
    "WST": null,
    "STN": null,
    "SAR": 0.6017313475,
    "RSD": 0.020945866049999998,
    "SCR": 0.1646075086,
    "SLL": 0.00011460391160000001,
    "SGD": 1.681270661,
    "SBD": 0.26637320000000003,
    "SOS": 0.003967159274,
    "ZAR": 0.1235516556,
    "KRW": 0.001629950703,
    "SSP": null,
    "LKR": 0.00745177221,
    "SDG": 0.003852218336,
    "SRD": 0.07800815461999999,
    "SZL": 0.1236996959,
    "SEK": 0.2091502319,
    "CHF": 2.558171461,
    "SYP": null,
    "TJS": 0.21300846710000002,
    "TZS": 0.0008364023669,
    "THB": 0.06278669152,
    "TOP": 0.94675356,
    "TTD": 0.3327452748,
    "TND": 0.7276801814,
    "TRY": 0.06848409824,
    "TMT": 0.620785,
    "UGX": 0.0006054023991,
    "UAH": 0.054992408529999995,
    "AED": 0.6145929518000001,
    "GBP": 2.9043482660000004,
    "USD": 2.2574,
    "UYU": 0.05604231899999999,
    "UZS": 0.0001786955582,
    "VUV": null,
    "VES": 0.06178901102,
    "VND": 0.00008917249202,
    "XOF": 0.00373644848,
    "YER": 0.009017019509,
    "ZMW": 0.08641692897999999,
    "ZWL": null,
    "AFN": 0.031908682649650716,
    "ALL": 0.02437003614958556,
    "DZD": 0.016785484193654058,
    "AOA": 0.0025867930043056613,
    "ARS": 0.0024305019649282548,
    "AMD": 0.005811865859397415,
    "AWG": 1.2540714998833087,
    "AUD": null,
    "AZN": 1.3278404116411502,
    "BSD": 2.257651092803267,
    "BHD": 5.987984130208533,
    "BDT": 0.019213662782113523,
    "BBD": 1.1181088433861235,
    "BYN": 0.6898614305146539,
    "BZD": 1.1200200353305594,
    "BMD": 2.2573286997899555,
    "BTN": 0.026965574625126346,
    "BOB": 0.32669583200800867,
    "BAM": 1.2531420861733256,
    "BWP": 0.16661416537685725,
    "BRL": 0.39995193121721395,
    "BND": 1.6799912924841716,
    "BGN": 1.253420417614755,
    "BIF": 0.0007836414969170341,
    "CVE": 0.022227099919784776,
    "KHR": 0.0005503867506603962,
    "XAF": 0.003736433729791782,
    "CAD": 1.6333073094668664,
    "KYD": null,
    "CLP": 0.0023855017065075295,
    "CNY": 0.3113814522388397,
    "COP": 0.0005601172923698199,
    "KMF": 0.0049696267273061446,
    "CDF": 0.0007878983248444079,
    "CRC": 0.0042698708305704625,
    "HRK": null,
    "CUP": 0.09406661134057395,
    "CZK": 0.09673574888947359,
    "DKK": 0.3285752941893557,
    "DJF": 0.012677562241009067,
    "DOP": 0.038140461160122305,
    "EGP": 0.04669391702807809,
    "ERN": null,
    "ETB": 0.03905052198457852,
    "EUR": 2.4522853884483826,
    "FJD": 1
  }
}