{
  "meta": {
    "code": "FJD",
    "createdAt": "2024-07-31T11:03:59Z"
  },
  "data": {
    "GMD": 0.033272058019999995,
    "GEL": 0.8334717412,
    "GHS": 0.1455089091,
    "GIP": null,
    "GTQ": 0.2917373837,
    "GNF": 0.00026220248250000003,
    "GYD": 0.01082202167,
    "HTG": 0.01711941892,
    "HNL": 0.09130997499999999,
    "HKD": 0.2896113125,
    "HUF": 0.006195012337,
    "ISK": 0.016373570639999998,
    "INR": 0.02702436337,
    "IDR": null,
    "IRR": 0.00005375066726,
    "IQD": 0.001725680245,
    "ILS": 0.6009935312,
    "JMD": 0.01446197466,
    "JPY": 0.015040647499999999,
    "JOD": 3.19250515,
    "KZT": 0.0047582547,
    "KES": 0.01753875949,
    "KWD": 7.40330725,
    "KGS": 0.02692490613,
    "LAK": 0.00010190956120000001,
    "LBP": 0.00002523388875,
    "LSL": null,
    "LRD": 0.011624101449999999,
    "LYD": 0.4676331837,
    "MOP": 0.2809839475,
    "MKD": 0.03973769025,
    "MGA": 0.0004986217412,
    "MWK": 0.001303162442,
    "MYR": 0.492436745,
    "MVR": 0.1474003817,
    "MRU": 0.057083225679999995,
    "MUR": 0.048521756,
    "MXN": 0.1204881252,
    "MDL": 0.12783125,
    "MNT": null,
    "MAD": 0.22772216350000002,
    "MZN": 0.03541054587,
    "MMK": 0.0006966185462,
    "NAD": 0.1233572015,
    "NPR": 0.01687140141,
    "ANG": 1.25465399,
    "TWD": 0.06909874099999999,
    "NZD": 1.338755187,
    "NIO": 0.061392733869999994,
    "NGN": 0.001362073824,
    "KPW": null,
    "NOK": 0.207358125,
    "OMR": null,
    "PKR": 0.008110286462,
    "PAB": 2.2609680610000003,
    "PGK": 0.575787245,
    "PYG": 0.000298864485,
    "PEN": 0.6047827662,
    "PHP": 0.0387427785,
    "PLN": 0.5715640625,
    "QAR": 0.6191917237,
    "RON": 0.4926939912,
    "RUB": 0.02626343937,
    "RWF": 0.001699234108,
    "SHP": 2.9040318750000003,
    "WST": null,
    "STN": null,
    "SAR": 0.6030502795,
    "RSD": 0.02094189932,
    "SCR": 0.16688776930000002,
    "SLL": null,
    "SGD": 1.69046398,
    "SBD": 0.2692375,
    "SOS": 0.0039706875,
    "ZAR": 0.1242366352,
    "KRW": 0.001648614065,
    "SSP": null,
    "LKR": 0.007476162012,
    "SDG": null,
    "SRD": 0.0780266565,
    "SZL": 0.12339860520000001,
    "SEK": null,
    "CHF": 2.569161512,
    "SYP": null,
    "TJS": 0.21360846220000002,
    "TZS": 0.0008373426977,
    "THB": 0.06348203949999999,
    "TOP": null,
    "TTD": 0.3335198762,
    "TND": 0.7253225217,
    "TRY": 0.06827093749999999,
    "TMT": 0.6457661437000001,
    "UGX": 0.0006073783062,
    "UAH": 0.055092644249999996,
    "AED": 0.615978114,
    "GBP": 2.905581687,
    "USD": null,
    "UYU": 0.05615525,
    "UZS": 0.0001797096962,
    "VUV": null,
    "VES": 0.06187251962,
    "VND": 0.00008961287375,
    "XOF": 0.00373192135,
    "YER": null,
    "ZMW": null,
    "ZWL": null,
    "AFN": 0.03186097680445569,
    "ALL": 0.02443015259453444,
    "DZD": 0.01681144843526349,
    "AOA": 0.002578265038747578,
    "ARS": 0.002426823768145214,
    "AMD": null,
    "AWG": 1.2569042062274123,
    "AUD": 1.470598509803618,
    "AZN": 1.3308397477702012,
    "BSD": 2.2596707732851464,
    "BHD": 6.002469970774202,
    "BDT": 0.01923098724729408,
    "BBD": 1.1190917834799468,
    "BYN": 0.6904638088654549,
    "BZD": 1.1209881319366644,
    "BMD": 2.262427571209342,
    "BTN": 0.026990238245394368,
    "BOB": 0.3270048091527976,
    "BAM": 1.2516057419544147,
    "BWP": null,
    "BRL": 0.40310290882686933,
    "BND": null,
    "BGN": 1.2536051355125801,
    "BIF": 0.0007842498770935357,
    "CVE": 0.02220068661391092,
    "KHR": null,
    "XAF": 0.0037318189804969914,
    "CAD": null,
    "KYD": 2.711467461178982,
    "CLP": null,
    "CNY": 0.3132861930721416,
    "COP": 0.0005550416745381751,
    "KMF": 0.004966910146588816,
    "CDF": 0.00078830228961998,
    "CRC": 0.004269863184168532,
    "HRK": null,
    "CUP": 0.09415134242862354,
    "CZK": null,
    "DKK": 0.3284826550405259,
    "DJF": 0.012688689354954366,
    "DOP": 0.038117608368464465,
    "EGP": 0.046590257678103236,
    "ERN": null,
    "ETB": 0.03908461795476574,
    "EUR": 2.450875379355314,
    "FJD": 1
  }
}