{
  "meta": {
    "code": "FJD",
    "createdAt": "2024-07-30T17:32:55Z"
  },
  "data": {
    "GMD": 0.033241910959999996,
    "GEL": 0.8327165513,
    "GHS": 0.14546010210000002,
    "GIP": null,
    "GTQ": 0.2917194361,
    "GNF": null,
    "GYD": 0.01082165798,
    "HTG": 0.01711931915,
    "HNL": 0.09116051261,
    "HKD": 0.2893247154,
    "HUF": 0.006185316804,
    "ISK": 0.016350451949999997,
    "INR": 0.026994361709999998,
    "IDR": null,
    "IRR": 0.000053701965,
    "IQD": 0.001725534331,
    "ILS": 0.6031887856,
    "JMD": 0.014461692259999999,
    "JPY": 0.01476414725,
    "JOD": 3.1896124930000003,
    "KZT": 0.004758183957,
    "KES": 0.0174552123,
    "KWD": null,
    "KGS": 0.02690051008,
    "LAK": 0.0001018450087,
    "LBP": 0.00002522823596,
    "LSL": 0.1224512438,
    "LRD": 0.011562705829999999,
    "LYD": 0.46751809110000003,
    "MOP": 0.2809538169,
    "MKD": 0.039736902639999995,
    "MGA": null,
    "MWK": 0.001302477664,
    "MYR": 0.4867727624,
    "MVR": 0.1471224506,
    "MRU": 0.0568452134,
    "MUR": 0.048477791529999995,
    "MXN": 0.12036444160000001,
    "MDL": 0.1280544925,
    "MNT": null,
    "MAD": 0.22818996360000002,
    "MZN": 0.035406174289999995,
    "MMK": 0.0006959873559,
    "NAD": 0.1224512438,
    "NPR": 0.01687114661,
    "ANG": 1.254635195,
    "TWD": 0.06880332844999999,
    "NZD": 1.3338978510000001,
    "NIO": 0.061300338819999994,
    "NGN": 0.0013762252519999999,
    "KPW": null,
    "NOK": 0.2062423277,
    "OMR": 5.872022955,
    "PKR": 0.00811651689,
    "PAB": 2.2609246940000003,
    "PGK": 0.5850025838,
    "PYG": 0.0002988599716,
    "PEN": 0.6048026565,
    "PHP": 0.03858674047,
    "PLN": 0.5698481427000001,
    "QAR": 0.6208323664000001,
    "RON": 0.49125320040000003,
    "RUB": 0.02634737571,
    "RWF": 0.0017157115679999999,
    "SHP": 2.903887092,
    "WST": null,
    "STN": null,
    "SAR": 0.6025088648,
    "RSD": 0.02088194803,
    "SCR": 0.1702743638,
    "SLL": 0.00011460391160000001,
    "SGD": 1.683592337,
    "SBD": 0.270123775,
    "SOS": 0.003958756375,
    "ZAR": 0.1232686677,
    "KRW": 0.0016328896299999999,
    "SSP": null,
    "LKR": 0.007475773802,
    "SDG": 0.0037705587669999998,
    "SRD": 0.07795595830999999,
    "SZL": 0.1224512438,
    "SEK": 0.2097166846,
    "CHF": 2.557088853,
    "SYP": null,
    "TJS": 0.213582574,
    "TZS": 0.0008356561761,
    "THB": 0.0630354286,
    "TOP": null,
    "TTD": 0.33351176590000003,
    "TND": 0.7269512261000001,
    "TRY": 0.06832312070999999,
    "TMT": 0.647031208,
    "UGX": 0.0006073408706,
    "UAH": 0.05509182302,
    "AED": 0.6154149719,
    "GBP": 2.9008919960000004,
    "USD": 2.26045,
    "UYU": 0.056104368999999994,
    "UZS": null,
    "VUV": null,
    "VES": 0.061821182669999995,
    "VND": 0.00008938135763,
    "XOF": 0.003745567458,
    "YER": 0.009029392389,
    "ZMW": 0.0855123488,
    "ZWL": null,
    "AFN": 0.03183630850056593,
    "ALL": 0.024375907515646205,
    "DZD": 0.016787311388311674,
    "AOA": 0.0025847660421181346,
    "ARS": 0.0024272623876226153,
    "AMD": 0.005820016233119437,
    "AWG": 1.2557655019667673,
    "AUD": 1.4779140465763076,
    "AZN": 1.3296340609059891,
    "BSD": 2.2595847896309285,
    "BHD": 5.996656505398181,
    "BDT": 0.01923043399622859,
    "BBD": 1.1190493748254307,
    "BYN": 0.6904567355425109,
    "BZD": 1.120976208803487,
    "BMD": 2.260377903540181,
    "BTN": 0.026989338771528915,
    "BOB": 0.32699388126662315,
    "BAM": 1.251563724524668,
    "BWP": 0.1663072213532996,
    "BRL": 0.40114607513896416,
    "BND": 1.681003304791813,
    "BGN": 1.2497251637225226,
    "BIF": 0.000785535327188213,
    "CVE": 0.02210638536713961,
    "KHR": 0.0005501710852444251,
    "XAF": 0.003731763278222115,
    "CAD": 1.6325781420136454,
    "KYD": 2.711427046795467,
    "CLP": 0.0023657730952266432,
    "CNY": null,
    "COP": 0.0005532074312697232,
    "KMF": 0.004962410327334858,
    "CDF": 0.0007875881197004117,
    "CRC": 0.004269779855842249,
    "HRK": null,
    "CUP": 0.09414648016046845,
    "CZK": 0.09613720249310416,
    "DKK": 0.32755871943387116,
    "DJF": 0.012718759305481515,
    "DOP": 0.038638938522054384,
    "EGP": 0.046667215230448256,
    "ERN": null,
    "ETB": 0.03927676635941065,
    "EUR": null,
    "FJD": 1
  }
}