{
  "meta": {
    "code": "FJD",
    "createdAt": "2024-08-06T08:34:09Z"
  },
  "data": {
    "GMD": 0.032473380819999995,
    "GEL": 0.8375116668,
    "GHS": 0.14532612420000002,
    "GIP": null,
    "GTQ": null,
    "GNF": 0.0002622016768,
    "GYD": 0.01082203862,
    "HTG": 0.01712816929,
    "HNL": 0.09132006449999999,
    "HKD": 0.2896254944,
    "HUF": 0.006215701207,
    "ISK": 0.01639712282,
    "INR": 0.02688450876,
    "IDR": null,
    "IRR": 0.00005360170902,
    "IQD": 0.001725878512,
    "ILS": 0.5906932235,
    "JMD": 0.014408078929999998,
    "JPY": null,
    "JOD": 3.184154135,
    "KZT": null,
    "KES": 0.01739421944,
    "KWD": 7.3892937210000005,
    "KGS": 0.02670808463,
    "LAK": 0.0001018286197,
    "LBP": null,
    "LSL": 0.1213625631,
    "LRD": 0.01127134069,
    "LYD": 0.4678950914,
    "MOP": 0.2820924135,
    "MKD": 0.04009793605,
    "MGA": 0.0004983731718,
    "MWK": 0.001303230429,
    "MYR": 0.5051820134,
    "MVR": 0.1470355454,
    "MRU": 0.05700987176,
    "MUR": 0.04882065143,
    "MXN": null,
    "MDL": 0.127650264,
    "MNT": null,
    "MAD": 0.2300228417,
    "MZN": 0.03533646385,
    "MMK": 0.0006948943191,
    "NAD": 0.1213620215,
    "NPR": 0.016809560459999998,
    "ANG": 1.2546935380000002,
    "TWD": 0.06900252829999999,
    "NZD": null,
    "NIO": 0.061403861969999994,
    "NGN": 0.001415916431,
    "KPW": null,
    "NOK": 0.2054467354,
    "OMR": 5.862742359,
    "PKR": 0.008110228829,
    "PAB": 2.2611091180000003,
    "PGK": 0.5750527034,
    "PYG": 0.0002982752893,
    "PEN": 0.6060681516,
    "PHP": null,
    "PLN": 0.5730833325,
    "QAR": 0.6197824527,
    "RON": 0.49584815200000004,
    "RUB": 0.026551886839999997,
    "RWF": 0.001720033818,
    "SHP": 2.8837539750000003,
    "WST": null,
    "STN": null,
    "SAR": 0.6011988673,
    "RSD": 0.021087596339999997,
    "SCR": 0.17098558760000002,
    "SLL": null,
    "SGD": 1.702215819,
    "SBD": 0.26586282,
    "SOS": 0.003970471637,
    "ZAR": 0.1219599194,
    "KRW": 0.001638272876,
    "SSP": null,
    "LKR": 0.0075202164899999995,
    "SDG": null,
    "SRD": 0.07868012227,
    "SZL": 0.121419595,
    "SEK": 0.21449559540000002,
    "CHF": 2.6400290870000003,
    "SYP": null,
    "TJS": 0.2142317864,
    "TZS": 0.000835888888,
    "THB": 0.06363740305,
    "TOP": null,
    "TTD": 0.33385283520000003,
    "TND": 0.7350699376000001,
    "TRY": 0.06753495651,
    "TMT": 0.6441677833,
    "UGX": 0.0006058943703,
    "UAH": 0.05487465027,
    "AED": 0.6144559205,
    "GBP": 2.876570262,
    "USD": 2.2569,
    "UYU": 0.0557792835,
    "UZS": 0.0001796144837,
    "VUV": null,
    "VES": null,
    "VND": 0.00008980001979,
    "XOF": 0.003771817042,
    "YER": 0.009014117279,
    "ZMW": 0.08730691263,
    "ZWL": null,
    "AFN": 0.03184571040683579,
    "ALL": 0.024696478647455184,
    "DZD": 0.016764187350408053,
    "AOA": 0.002568956664368677,
    "ARS": 0.0024143766462117818,
    "AMD": 0.005824136493270073,
    "AWG": 1.2520546072118066,
    "AUD": 1.4679991086432724,
    "AZN": 1.3275461349164692,
    "BSD": 2.2598586739164306,
    "BHD": 5.9874146770806025,
    "BDT": 0.019232683130546446,
    "BBD": 1.1192003974831257,
    "BYN": 0.6906277205617228,
    "BZD": 1.1210767673291773,
    "BMD": 2.2568284293579977,
    "BTN": 0.026890857943636774,
    "BOB": 0.3270447327586213,
    "BAM": 1.2650029032822308,
    "BWP": 0.1660911612910666,
    "BRL": 0.394267820276225,
    "BND": 1.710060519424836,
    "BGN": 1.2618843538126505,
    "BIF": 0.0007841639071317979,
    "CVE": 0.02243769690035437,
    "KHR": 0.0005499307674284135,
    "XAF": null,
    "CAD": 1.6317764575908478,
    "KYD": null,
    "CLP": 0.0023664916525477416,
    "CNY": 0.31574190716589595,
    "COP": 0.0005418789839742173,
    "KMF": 0.005011276630248493,
    "CDF": 0.0007877237103828539,
    "CRC": 0.004317788997318367,
    "HRK": null,
    "CUP": 0.0941579040159053,
    "CZK": 0.09752510397358576,
    "DKK": 0.3307226817934503,
    "DJF": 0.012690146982858405,
    "DOP": 0.03802202429026908,
    "EGP": 0.04587515864444143,
    "ERN": null,
    "ETB": 0.028094808446148783,
    "EUR": 2.467530892350474,
    "FJD": 1
  }
}