{
  "meta": {
    "code": "FJD",
    "createdAt": "2024-08-08T14:04:10Z"
  },
  "data": {
    "GMD": null,
    "GEL": 0.8319748401,
    "GHS": 0.1443652736,
    "GIP": null,
    "GTQ": 0.29055761080000003,
    "GNF": 0.0002611518156,
    "GYD": 0.01077474019,
    "HTG": 0.017095862139999998,
    "HNL": null,
    "HKD": null,
    "HUF": 0.006184024676,
    "ISK": 0.01622422486,
    "INR": 0.02679540224,
    "IDR": 0.0001410064983,
    "IRR": 0.00005346082941,
    "IQD": 0.001718739309,
    "ILS": 0.5937452554,
    "JMD": 0.01436277603,
    "JPY": 0.01528651293,
    "JOD": null,
    "KZT": null,
    "KES": null,
    "KWD": 7.347879836000001,
    "KGS": 0.026426330539999997,
    "LAK": 0.0001015355612,
    "LBP": 0.00002513202549,
    "LSL": 0.12217067720000001,
    "LRD": 0.01151522728,
    "LYD": 0.4677304807,
    "MOP": 0.2805358998,
    "MKD": 0.03981142998,
    "MGA": 0.0004949732876,
    "MWK": 0.0012978807769999999,
    "MYR": 0.5028605891,
    "MVR": 0.1460423997,
    "MRU": 0.056746726469999995,
    "MUR": 0.0486380517,
    "MXN": null,
    "MDL": 0.128087076,
    "MNT": null,
    "MAD": 0.22886518620000001,
    "MZN": 0.03522219066,
    "MMK": 0.0006928621943000001,
    "NAD": 0.12217067720000001,
    "NPR": 0.016755646029999998,
    "ANG": 1.2495508590000002,
    "TWD": 0.06923360741,
    "NZD": 1.3475584,
    "NIO": 0.06114269877,
    "NGN": 0.001407361068,
    "KPW": null,
    "NOK": 0.20717161920000002,
    "OMR": 5.845730326,
    "PKR": null,
    "PAB": 2.2518189520000003,
    "PGK": 0.5720071324,
    "PYG": 0.0002974586058,
    "PEN": 0.602120422,
    "PHP": 0.03914318089,
    "PLN": 0.5670868515,
    "QAR": null,
    "RON": 0.49250448350000003,
    "RUB": 0.025971072339999998,
    "RWF": 0.001709720782,
    "SHP": null,
    "WST": null,
    "STN": null,
    "SAR": 0.599600626,
    "RSD": 0.02095036816,
    "SCR": null,
    "SLL": 0.00011460391160000001,
    "SGD": 1.696809236,
    "SBD": 0.26441025,
    "SOS": 0.003954125896,
    "ZAR": null,
    "KRW": 0.0016324031739999999,
    "SSP": null,
    "LKR": 0.00747752187,
    "SDG": 0.003741146928,
    "SRD": null,
    "SZL": 0.1221995711,
    "SEK": 0.21313266390000002,
    "CHF": null,
    "SYP": null,
    "TJS": 0.21375511930000002,
    "TZS": 0.0008350849123,
    "THB": 0.06365416858999999,
    "TOP": 0.94692624,
    "TTD": 0.33191024880000003,
    "TND": null,
    "TRY": 0.06720543453,
    "TMT": 0.644125872,
    "UGX": 0.0006034550749,
    "UAH": 0.054813595,
    "AED": 0.6126599271000001,
    "GBP": 2.8600187850000003,
    "USD": null,
    "UYU": 0.055672422,
    "UZS": 0.00017804441100000002,
    "VUV": null,
    "VES": null,
    "VND": null,
    "XOF": null,
    "YER": 0.008988659078,
    "ZMW": 0.08631113410999999,
    "ZWL": null,
    "AFN": 0.031790805634101874,
    "ALL": 0.02455063340001993,
    "DZD": 0.016699346321639254,
    "AOA": 0.0025626954622766864,
    "ARS": 0.0024021765643335853,
    "AMD": 0.005792243217868209,
    "AWG": 1.2501269816481608,
    "AUD": 1.475643900451311,
    "AZN": 1.323663862921582,
    "BSD": null,
    "BHD": 5.96951550145459,
    "BDT": 0.019153228710328225,
    "BBD": 1.1232076385466097,
    "BYN": 0.6877678600911091,
    "BZD": 1.116475000017124,
    "BMD": 2.2502285669666895,
    "BTN": 0.026804642563555917,
    "BOB": 0.32570487927920294,
    "BAM": 1.257133405194984,
    "BWP": 0.16575219303245803,
    "BRL": null,
    "BND": 1.6986151783946692,
    "BGN": null,
    "BIF": 0.0007807278236139353,
    "CVE": 0.02229810195458956,
    "KHR": 0.0005482154156009416,
    "XAF": null,
    "CAD": 1.6369465443076037,
    "KYD": null,
    "CLP": 0.002390020888995282,
    "CNY": null,
    "COP": 0.0005478007589740074,
    "KMF": 0.004992187615771951,
    "CDF": 0.0007840517654936202,
    "CRC": 0.004257490657588148,
    "HRK": null,
    "CUP": 0.09376839258229715,
    "CZK": null,
    "DKK": null,
    "DJF": null,
    "DOP": 0.03777967030922405,
    "EGP": 0.04569316738717877,
    "ERN": null,
    "ETB": 0.028012648074770184,
    "EUR": null,
    "FJD": 1
  }
}