{
  "meta": {
    "code": "FJD",
    "createdAt": "2024-07-24T18:36:51Z"
  },
  "data": {
    "GMD": 0.03325414962,
    "GEL": 0.8301994005000001,
    "GHS": 0.1453127002,
    "GIP": null,
    "GTQ": 0.2905650797,
    "GNF": 0.0002616893941,
    "GYD": 0.010790824769999999,
    "HTG": 0.01707141486,
    "HNL": 0.09088827138,
    "HKD": 0.2886229802,
    "HUF": 0.006215317782,
    "ISK": 0.01634254202,
    "INR": 0.02691212996,
    "IDR": 0.000138840616,
    "IRR": 0.00005354397961,
    "IQD": 0.001720457995,
    "ILS": 0.6175276546,
    "JMD": 0.01439929605,
    "JPY": 0.01463944521,
    "JOD": 3.1802289970000004,
    "KZT": 0.004754280663,
    "KES": 0.01694586445,
    "KWD": 7.372414195,
    "KGS": 0.02675854476,
    "LAK": 0.0001016094852,
    "LBP": 0.00002515401721,
    "LSL": 0.1228228864,
    "LRD": 0.011535996409999999,
    "LYD": 0.4656611564,
    "MOP": 0.28026003,
    "MKD": 0.039658969159999995,
    "MGA": 0.000496705223,
    "MWK": 0.001298645915,
    "MYR": 0.48235444450000003,
    "MVR": 0.1468335824,
    "MRU": 0.05669936948,
    "MUR": 0.048252347949999996,
    "MXN": 0.1228095845,
    "MDL": 0.126956554,
    "MNT": null,
    "MAD": 0.22769104650000002,
    "MZN": 0.03527438156,
    "MMK": 0.0006939398362000001,
    "NAD": 0.1228228864,
    "NPR": 0.01682638172,
    "ANG": 1.251083478,
    "TWD": 0.0688877576,
    "NZD": 1.3362780200000002,
    "NIO": 0.061202987009999994,
    "NGN": 0.0014566583009999999,
    "KPW": null,
    "NOK": 0.2043588074,
    "OMR": 5.854572301,
    "PKR": 0.008092638973,
    "PAB": 2.254395003,
    "PGK": 0.5832815693,
    "PYG": 0.0002975834129,
    "PEN": 0.5998136881,
    "PHP": 0.03852354979,
    "PLN": 0.5683236171,
    "QAR": 0.6189635731,
    "RON": 0.49157014250000003,
    "RUB": 0.026130962879999997,
    "RWF": 0.001713916341,
    "SHP": 2.9090923500000003,
    "WST": null,
    "STN": null,
    "SAR": 0.600790778,
    "RSD": 0.02086871153,
    "SCR": 0.164350995,
    "SLL": 0.00011460391160000001,
    "SGD": 1.678014501,
    "SBD": 0.26594840000000003,
    "SOS": 0.00394711014,
    "ZAR": 0.1226431008,
    "KRW": 0.0016301417609999999,
    "SSP": null,
    "LKR": 0.007423643069,
    "SDG": 0.003846074991,
    "SRD": 0.077312018,
    "SZL": 0.1226891662,
    "SEK": 0.2090275541,
    "CHF": 2.544402718,
    "SYP": null,
    "TJS": 0.211598013,
    "TZS": 0.0008347407399,
    "THB": 0.062449439829999995,
    "TOP": 0.94862442,
    "TTD": 0.3316356263,
    "TND": 0.7253945452,
    "TRY": 0.06869016696,
    "TMT": 0.6441265740000001,
    "UGX": 0.0006058631353,
    "UAH": 0.05463918893,
    "AED": 0.6136128266,
    "GBP": 2.9085852450000003,
    "USD": 2.2538,
    "UYU": 0.056277386,
    "UZS": 0.0001789440232,
    "VUV": null,
    "VES": 0.06172290487,
    "VND": 0.00008887251774,
    "XOF": 0.003734548403,
    "YER": 0.009002639572,
    "ZMW": 0.08649847750999999,
    "ZWL": null,
    "AFN": 0.031967777912021135,
    "ALL": 0.024364630732945838,
    "DZD": 0.016754637951565995,
    "AOA": 0.002574218552595648,
    "ARS": 0.002428586576290399,
    "AMD": 0.00580274554944344,
    "AWG": 1.2503347255464576,
    "AUD": 1.4837644117367763,
    "AZN": 1.3257225545867588,
    "BSD": 2.253124505763058,
    "BHD": 5.979686628996977,
    "BDT": 0.019176325555248598,
    "BBD": 1.1159109475000966,
    "BYN": 0.6884972709985474,
    "BZD": 1.1177999317591636,
    "BMD": 2.2537283427974897,
    "BTN": 0.026917642545070553,
    "BOB": 0.3260897206283449,
    "BAM": 1.2491379095016066,
    "BWP": 0.16605928184411128,
    "BRL": 0.3985020499224399,
    "BND": 1.675626980850604,
    "BGN": 1.2502653627281954,
    "BIF": 0.0007811883337252998,
    "CVE": 0.022067250984978862,
    "KHR": 0.0005472871159634658,
    "XAF": 0.003724427161314691,
    "CAD": 1.6324681149804938,
    "KYD": 2.703700969751324,
    "CLP": 0.0023784042961971126,
    "CNY": 0.3103325864959303,
    "COP": 0.0005573720580323324,
    "KMF": 0.004961700354626568,
    "CDF": 0.0007866416554266981,
    "CRC": 0.004250285510485253,
    "HRK": null,
    "CUP": 0.09388093862019732,
    "CZK": 0.09611191705278596,
    "DKK": 0.3274292605339479,
    "DJF": 0.012681343365472716,
    "DOP": 0.03794155459255034,
    "EGP": 0.046617609746979906,
    "ERN": null,
    "ETB": 0.03919527552691287,
    "EUR": 2.4431189216954166,
    "FJD": 1
  }
}