{
  "meta": {
    "code": "FJD",
    "createdAt": "2024-08-12T13:07:01Z"
  },
  "data": {
    "GMD": 0.03226258946,
    "GEL": 0.8336539753000001,
    "GHS": 0.143931597,
    "GIP": null,
    "GTQ": 0.2894125889,
    "GNF": 0.00026006041520000003,
    "GYD": 0.010737314579999999,
    "HTG": 0.01700920623,
    "HNL": 0.09053741354,
    "HKD": 0.2877537723,
    "HUF": 0.006230302396,
    "ISK": 0.01620474075,
    "INR": 0.026705421719999997,
    "IDR": 0.0001404500555,
    "IRR": 0.00005326958394,
    "IQD": 0.001711928277,
    "ILS": null,
    "JMD": 0.01426369443,
    "JPY": 0.015172857299999998,
    "JOD": 3.163485139,
    "KZT": 0.00467213148,
    "KES": 0.017381782749999998,
    "KWD": 7.320017958,
    "KGS": 0.02625585284,
    "LAK": 0.0001012017115,
    "LBP": 0.0000250333759,
    "LSL": 0.1229802148,
    "LRD": 0.011472707109999999,
    "LYD": 0.4665954081,
    "MOP": 0.2793549765,
    "MKD": 0.03980484802,
    "MGA": 0.0004908170895,
    "MWK": 0.0012927817939999999,
    "MYR": 0.5031981213,
    "MVR": 0.1455199621,
    "MRU": 0.05652712025,
    "MUR": 0.04834681151,
    "MXN": 0.11883925000000001,
    "MDL": 0.12726042340000002,
    "MNT": null,
    "MAD": 0.2285168907,
    "MZN": 0.035088118189999996,
    "MMK": 0.0006903836178,
    "NAD": 0.1229802148,
    "NPR": 0.01668915644,
    "ANG": 1.244646516,
    "TWD": null,
    "NZD": 1.3507201880000002,
    "NIO": 0.060908905019999994,
    "NGN": 0.001366844208,
    "KPW": null,
    "NOK": 0.2080034423,
    "OMR": 5.824905838,
    "PKR": 0.008046473324,
    "PAB": 2.242797109,
    "PGK": 0.5776562928,
    "PYG": 0.0002963211853,
    "PEN": 0.6013059763,
    "PHP": 0.039160133879999996,
    "PLN": 0.5684215862,
    "QAR": 0.6128614789,
    "RON": 0.4919696284,
    "RUB": 0.024722510359999998,
    "RWF": 0.0016932924889999999,
    "SHP": 2.863241137,
    "WST": null,
    "STN": null,
    "SAR": 0.5973291441,
    "RSD": 0.020928475369999998,
    "SCR": 0.1653737629,
    "SLL": 0.00011460391160000001,
    "SGD": 1.692394243,
    "SBD": 0.264361275,
    "SOS": 0.0039390076619999995,
    "ZAR": 0.123032235,
    "KRW": 0.001635765547,
    "SSP": null,
    "LKR": 0.007493373032,
    "SDG": 0.00372776372,
    "SRD": 0.07788429589,
    "SZL": 0.12301635990000001,
    "SEK": 0.2131224991,
    "CHF": 2.5777197490000003,
    "SYP": null,
    "TJS": 0.21150810150000002,
    "TZS": 0.0008274362161000001,
    "THB": 0.06358200336,
    "TOP": 0.945108375,
    "TTD": 0.3298394595,
    "TND": 0.7268183865000001,
    "TRY": 0.06686956789,
    "TMT": 0.64182164,
    "UGX": 0.0006010001334,
    "UAH": 0.05428043284,
    "AED": 0.6104682582000001,
    "GBP": 2.8629160110000003,
    "USD": 2.24225,
    "UYU": 0.05561863005999999,
    "UZS": 0.00017732452940000002,
    "VUV": null,
    "VES": 0.06123351555999999,
    "VND": 0.00008922607847,
    "XOF": 0.0037343081749999997,
    "YER": 0.008954707898,
    "ZMW": null,
    "ZWL": null,
    "AFN": 0.031661078138103434,
    "ALL": 0.024513067187589346,
    "DZD": 0.016658961566539402,
    "AOA": 0.0025207190712016746,
    "ARS": 0.0023936168080155237,
    "AMD": 0.005774943633330608,
    "AWG": 1.2456553410188274,
    "AUD": 1.478473913773591,
    "AZN": 1.31892918460817,
    "BSD": 2.24151164382038,
    "BHD": 5.950546519316774,
    "BDT": 0.01907835294417837,
    "BBD": 1.1101899619521458,
    "BYN": 0.6849658719624352,
    "BZD": 1.1120753244061286,
    "BMD": 2.242179613833889,
    "BTN": 0.0266977633100866,
    "BOB": 0.3244166811590086,
    "BAM": 1.252326764111821,
    "BWP": 0.16587739033323334,
    "BRL": 0.4091419318050198,
    "BND": 1.6922378497204356,
    "BGN": 1.2519848198928898,
    "BIF": 0.0007775453777581833,
    "CVE": 0.022214380471867717,
    "KHR": 0.0005468510691563727,
    "XAF": 0.003734003713856524,
    "CAD": 1.632462887693597,
    "KYD": 2.6898151556442818,
    "CLP": 0.0024127618791204963,
    "CNY": 0.31232478257612545,
    "COP": 0.0005525876417151346,
    "KMF": 0.004971022312755277,
    "CDF": 0.000782337618592594,
    "CRC": null,
    "HRK": null,
    "CUP": 0.09339920525233943,
    "CZK": 0.09724507153201108,
    "DKK": 0.32811920429206926,
    "DJF": null,
    "DOP": 0.037542933390001934,
    "EGP": 0.04546069393074378,
    "ERN": null,
    "ETB": 0.02173840587481184,
    "EUR": 2.448623021153631,
    "FJD": 1
  }
}