{
  "meta": {
    "code": "FJD",
    "createdAt": "2024-08-06T09:32:56Z"
  },
  "data": {
    "GMD": 0.032480575059999996,
    "GEL": 0.8376972115,
    "GHS": 0.1453583202,
    "GIP": null,
    "GTQ": 0.29182041870000003,
    "GNF": 0.0002622597657,
    "GYD": null,
    "HTG": 0.01713196392,
    "HNL": 0.09134029581,
    "HKD": 0.2896571523,
    "HUF": 0.006195156639,
    "ISK": 0.016368646,
    "INR": 0.026889742459999998,
    "IDR": 0.0001396499876,
    "IRR": 0.00005361358409,
    "IQD": 0.0017262608679999999,
    "ILS": 0.5893224875,
    "JMD": 0.014411270939999998,
    "JPY": 0.015588814309999999,
    "JOD": 3.184859562,
    "KZT": 0.004714983974,
    "KES": 0.01736461517,
    "KWD": 7.386296323000001,
    "KGS": 0.026714001619999997,
    "LAK": 0.0001018511791,
    "LBP": 0.00002560072192,
    "LSL": 0.1213894501,
    "LRD": 0.01127383777,
    "LYD": 0.46799875020000004,
    "MOP": 0.2821549091,
    "MKD": 0.040072687579999995,
    "MGA": 0.0004984835828,
    "MWK": 0.00130351915,
    "MYR": 0.5045598263000001,
    "MVR": 0.1470681201,
    "MRU": 0.057022501889999994,
    "MUR": 0.0488314673,
    "MXN": 0.1160461618,
    "MDL": 0.127723692,
    "MNT": null,
    "MAD": 0.23007380160000002,
    "MZN": 0.03534429239,
    "MMK": 0.0006950482679,
    "NAD": 0.1213889083,
    "NPR": 0.016813284499999998,
    "ANG": 1.2549715060000002,
    "TWD": 0.06895183151999999,
    "NZD": 1.3367984190000002,
    "NIO": 0.061417465549999994,
    "NGN": 0.001416230117,
    "KPW": null,
    "NOK": 0.2047789123,
    "OMR": 5.863962198,
    "PKR": 0.008112025592,
    "PAB": 2.2616100510000003,
    "PGK": 0.5751801022,
    "PYG": 0.0002983413701,
    "PEN": 0.6062024217,
    "PHP": 0.03903240993,
    "PLN": 0.5703770322,
    "QAR": 0.6199197611,
    "RON": 0.4950227628,
    "RUB": 0.02661194682,
    "RWF": 0.00172041488,
    "SHP": 2.8843928500000002,
    "WST": null,
    "STN": null,
    "SAR": 0.6013171598,
    "RSD": 0.021052336999999997,
    "SCR": 0.1702119307,
    "SLL": null,
    "SGD": null,
    "SBD": 0.26592172000000003,
    "SOS": 0.0039713512659999995,
    "ZAR": 0.1218076335,
    "KRW": 0.001637303958,
    "SSP": null,
    "LKR": 0.00752188254,
    "SDG": 0.0037529507509999997,
    "SRD": 0.07869755329,
    "SZL": 0.12144649460000001,
    "SEK": 0.213256578,
    "CHF": 2.6404740070000003,
    "SYP": null,
    "TJS": 0.2142792479,
    "TZS": 0.0008360740732,
    "THB": 0.06359861057999999,
    "TOP": 0.94765652,
    "TTD": 0.3339267979,
    "TND": 0.7352327871000001,
    "TRY": 0.067315668,
    "TMT": null,
    "UGX": 0.0006060286019,
    "UAH": 0.05488680735,
    "AED": 0.6145947577,
    "GBP": 2.869787472,
    "USD": 2.2574,
    "UYU": 0.055791640999999996,
    "UZS": 0.000179654276,
    "VUV": null,
    "VES": 0.061666321329999996,
    "VND": 0.00008981995271,
    "XOF": 0.003772652661,
    "YER": 0.009016114292,
    "ZMW": 0.08732625484999999,
    "ZWL": null,
    "AFN": 0.03185276962877047,
    "ALL": 0.024701953107127847,
    "DZD": 0.016749303080132436,
    "AOA": 0.0025695261241661573,
    "ARS": 0.0024148209047677536,
    "AMD": 0.005825427528155419,
    "AWG": 1.2523321497538429,
    "AUD": 1.4649417223410333,
    "AZN": 1.3278404116411502,
    "BSD": 2.2603596164519817,
    "BHD": 5.989428354691009,
    "BDT": 0.019236946432534072,
    "BBD": 1.1194484903215947,
    "BYN": 0.6907808116564012,
    "BZD": 1.1213252760078025,
    "BMD": 2.2573286997899555,
    "BTN": 0.026896818836445797,
    "BOB": 0.32711722855337316,
    "BAM": 1.2652833160528951,
    "BWP": 0.16612797867094045,
    "BRL": 0.3943758867209058,
    "BND": 1.7104395877701295,
    "BGN": null,
    "BIF": null,
    "CVE": 0.022442670656200286,
    "KHR": 0.0005500526703484546,
    "XAF": 0.0037725670528334213,
    "CAD": 1.6301403506453183,
    "KYD": 2.7122334433753794,
    "CLP": 0.0023670162324841535,
    "CNY": 0.3158118975589414,
    "COP": 0.0005419991020191398,
    "KMF": 0.005012387476568937,
    "CDF": 0.0007878983248444079,
    "CRC": 0.00431874611978206,
    "HRK": null,
    "CUP": 0.09417877595392835,
    "CZK": 0.0973741998295821,
    "DKK": 0.3301563809965084,
    "DJF": null,
    "DOP": 0.03803045261796005,
    "EGP": 0.04584357980320291,
    "ERN": null,
    "ETB": 0.028101036213486422,
    "EUR": 2.463593025957785,
    "FJD": 1
  }
}