{
  "meta": {
    "code": "FJD",
    "createdAt": "2024-08-22T08:35:03Z"
  },
  "data": {
    "GMD": 0.03182661824,
    "GEL": 0.8177961817,
    "GHS": 0.1418160775,
    "GIP": null,
    "GTQ": 0.2863650192,
    "GNF": 0.0002571440537,
    "GYD": 0.01061419248,
    "HTG": 0.016819024119999998,
    "HNL": null,
    "HKD": 0.2837887611,
    "HUF": 0.006268027046,
    "ISK": 0.01619052839,
    "INR": null,
    "IDR": 0.000141261984,
    "IRR": 0.00005254974075,
    "IQD": 0.001692705797,
    "ILS": null,
    "JMD": 0.014118668919999999,
    "JPY": 0.01520318911,
    "JOD": 3.121176471,
    "KZT": 0.004636632079,
    "KES": 0.01714689903,
    "KWD": 7.242315815,
    "KGS": 0.02583784988,
    "LAK": 0.00010024645870000001,
    "LBP": 0.00002474995094,
    "LSL": 0.12451659350000001,
    "LRD": 0.01136583765,
    "LYD": 0.46375456140000004,
    "MOP": 0.2762353942,
    "MKD": 0.04008221508,
    "MGA": 0.00048580460620000003,
    "MWK": 0.001278168892,
    "MYR": 0.5047811464,
    "MVR": 0.143732511,
    "MRU": 0.05599852029,
    "MUR": 0.04810860744,
    "MXN": 0.1145026977,
    "MDL": null,
    "MNT": null,
    "MAD": 0.22896204120000002,
    "MZN": 0.034616619339999995,
    "MMK": 0.0006810543175,
    "NAD": 0.12450095500000001,
    "NPR": 0.01651285706,
    "ANG": 1.230543176,
    "TWD": 0.0692071598,
    "NZD": null,
    "NIO": 0.0602242539,
    "NGN": 0.001405867641,
    "KPW": null,
    "NOK": 0.21041395570000002,
    "OMR": 5.746115232,
    "PKR": 0.007931464321,
    "PAB": 2.217652407,
    "PGK": 0.5619085155,
    "PYG": 0.0002923532103,
    "PEN": 0.5912467143,
    "PHP": 0.03923357834,
    "PLN": 0.5756920607,
    "QAR": 0.6079153723,
    "RON": 0.49551528790000005,
    "RUB": 0.024160886529999998,
    "RWF": 0.001640685599,
    "SHP": 2.894004782,
    "WST": null,
    "STN": null,
    "SAR": 0.5895112405,
    "RSD": 0.021067193539999998,
    "SCR": 0.1615960643,
    "SLL": 0.00011460391160000001,
    "SGD": 1.6924390360000001,
    "SBD": 0.25879815,
    "SOS": 0.003893525264,
    "ZAR": 0.1234630417,
    "KRW": 0.001654747186,
    "SSP": null,
    "LKR": null,
    "SDG": 0.003677389658,
    "SRD": 0.07672922093,
    "SZL": 0.124455234,
    "SEK": 0.2168317959,
    "CHF": 2.604493706,
    "SYP": null,
    "TJS": null,
    "TZS": null,
    "THB": 0.06437573013,
    "TOP": 0.9420695050000001,
    "TTD": 0.32692621,
    "TND": 0.7270891776,
    "TRY": 0.06514971356,
    "TMT": 0.6323208563,
    "UGX": 0.0005959847112,
    "UAH": 0.053611098499999996,
    "AED": 0.6022434237000001,
    "GBP": 2.900142943,
    "USD": 2.21195,
    "UYU": 0.054922718499999995,
    "UZS": 0.0001755726464,
    "VUV": null,
    "VES": 0.06043171268999999,
    "VND": 0.00008868196833,
    "XOF": 0.003758943591,
    "YER": 0.008835472802,
    "ZMW": 0.08540960506999999,
    "ZWL": null,
    "AFN": 0.03133667874189231,
    "ALL": 0.02472552221892159,
    "DZD": 0.01652367239751898,
    "AOA": 0.0024562819769933146,
    "ARS": 0.0023431267777024615,
    "AMD": 0.005712764630310811,
    "AWG": 1.228823288894905,
    "AUD": 1.493330236795612,
    "AZN": 1.301107011771076,
    "BSD": 2.2162956732433763,
    "BHD": 5.869648425527385,
    "BDT": 0.018587492942582183,
    "BBD": 1.0976792770434098,
    "BYN": 0.6772343483744998,
    "BZD": 1.0995394414778177,
    "BMD": 2.2118819200108293,
    "BTN": 0.026416075399767498,
    "BOB": 0.3207775646113202,
    "BAM": 1.2607712319681315,
    "BWP": null,
    "BRL": 0.40336310458391034,
    "BND": 1.6958825272809928,
    "BGN": 1.2601592490235602,
    "BIF": 0.0007678561855735787,
    "CVE": 0.022360938978000417,
    "KHR": 0.0005423318279763705,
    "XAF": 0.0037588272929751807,
    "CAD": 1.6294749747354955,
    "KYD": 2.6594833383422043,
    "CLP": 0.002414507379839673,
    "CNY": 0.30990891672498144,
    "COP": 0.0005492629553275997,
    "KMF": 0.005005390179549603,
    "CDF": 0.000769082726130408,
    "CRC": 0.004259936071275697,
    "HRK": null,
    "CUP": 0.09234482032408287,
    "CZK": 0.09833164793380433,
    "DKK": 0.3304374077586248,
    "DJF": 0.012445754657160787,
    "DOP": 0.03709419427199479,
    "EGP": 0.04534440463767987,
    "ERN": null,
    "ETB": 0.020317658751970783,
    "EUR": 2.465605003139791,
    "FJD": 1
  }
}