{
  "meta": {
    "code": "FJD",
    "createdAt": "2024-08-06T15:04:55Z"
  },
  "data": {
    "GMD": 0.0324287765,
    "GEL": 0.8363612897,
    "GHS": 0.1449389052,
    "GIP": null,
    "GTQ": 0.2909211801,
    "GNF": 0.0002614617152,
    "GYD": 0.01079196069,
    "HTG": 0.01707569933,
    "HNL": 0.09105198741,
    "HKD": 0.2891958962,
    "HUF": 0.006190125482,
    "ISK": 0.01632360379,
    "INR": 0.02685549197,
    "IDR": 0.0001395248697,
    "IRR": 0.00005352808356,
    "IQD": 0.001720457995,
    "ILS": 0.5881516254,
    "JMD": 0.014370506009999999,
    "JPY": 0.01556927293,
    "JOD": 3.1797804910000003,
    "KZT": null,
    "KES": 0.01737032734,
    "KWD": 7.374496706,
    "KGS": 0.02664541752,
    "LAK": 0.00010154539170000001,
    "LBP": 0.00002515401721,
    "LSL": 0.12182702690000001,
    "LRD": 0.011531610519999999,
    "LYD": 0.4671087947,
    "MOP": 0.2808471449,
    "MKD": 0.03996895681,
    "MGA": 0.0004931728648,
    "MWK": 0.001300144196,
    "MYR": 0.5093340082,
    "MVR": 0.1468335824,
    "MRU": 0.056677980909999995,
    "MUR": 0.04875359307,
    "MXN": 0.11637608990000001,
    "MDL": 0.128060916,
    "MNT": null,
    "MAD": 0.22934186480000002,
    "MZN": 0.035287926899999995,
    "MMK": 0.0006939398362000001,
    "NAD": 0.1217612091,
    "NPR": 0.016776162549999998,
    "ANG": 1.2509516310000002,
    "TWD": 0.06874275486999999,
    "NZD": 1.339985521,
    "NIO": 0.061128287059999994,
    "NGN": 0.001413971577,
    "KPW": null,
    "NOK": 0.2064075116,
    "OMR": 5.8547120360000005,
    "PKR": 0.008072349364,
    "PAB": 2.254395003,
    "PGK": 0.6555555487,
    "PYG": 0.0002976654512,
    "PEN": 0.6028217899,
    "PHP": 0.039069465229999996,
    "PLN": 0.571834136,
    "QAR": 0.6190059446,
    "RON": null,
    "RUB": 0.026313340379999998,
    "RWF": 0.00171066413,
    "SHP": 2.87979295,
    "WST": null,
    "STN": null,
    "SAR": 0.6003097495,
    "RSD": 0.021050763349999998,
    "SCR": 0.1686318853,
    "SLL": 0.00011460391160000001,
    "SGD": 1.6999419470000001,
    "SBD": 0.26549764000000003,
    "SOS": null,
    "ZAR": 0.121963508,
    "KRW": 0.00163580804,
    "SSP": null,
    "LKR": 0.007457540221,
    "SDG": 0.003746965714,
    "SRD": 0.07848859401,
    "SZL": 0.1217612091,
    "SEK": 0.21399718310000002,
    "CHF": 2.642537677,
    "SYP": null,
    "TJS": 0.2134890188,
    "TZS": 0.0008344468218,
    "THB": 0.06345276398,
    "TOP": 0.94614524,
    "TTD": 0.3323169501,
    "TND": 0.7267535866,
    "TRY": 0.06705548582,
    "TMT": 0.6432829767,
    "UGX": 0.0006049974507,
    "UAH": 0.054941626349999995,
    "AED": 0.6136128266,
    "GBP": 2.86503056,
    "USD": 2.2538,
    "UYU": 0.055454749,
    "UZS": 0.0001790862132,
    "VUV": null,
    "VES": 0.061572598939999994,
    "VND": 0.00008981100006,
    "XOF": 0.003765747531,
    "YER": 0.009001735798,
    "ZMW": 0.08674114414999999,
    "ZWL": null,
    "AFN": 0.031744763074133764,
    "ALL": 0.024582551735710122,
    "DZD": 0.016729105345040147,
    "AOA": 0.0025666812172423768,
    "ARS": 0.00240847014093218,
    "AMD": 0.0058054360866957935,
    "AWG": 1.2520713015541611,
    "AUD": 1.4670532909959906,
    "AZN": 1.3257225545867588,
    "BSD": 2.25314027319228,
    "BHD": 5.978864907463113,
    "BDT": 0.01917533029389941,
    "BBD": 1.1158794540899042,
    "BYN": 0.6884512113094249,
    "BZD": 1.1177572442686996,
    "BMD": 2.2537283427974897,
    "BTN": 0.02683782797768512,
    "BOB": 0.32603867816727455,
    "BAM": 1.256633579700967,
    "BWP": 0.16560219842270668,
    "BRL": null,
    "BND": 1.6975268728612747,
    "BGN": 1.257538800808268,
    "BIF": 0.0007798367968157406,
    "CVE": 0.02234733111351006,
    "KHR": 0.000548219008281342,
    "XAF": 0.003746708505805863,
    "CAD": 1.63310689509821,
    "KYD": 2.703445080412357,
    "CLP": 0.002370075341706448,
    "CNY": 0.31607984895497315,
    "COP": 0.0005422191184539543,
    "KMF": 0.005013856157502759,
    "CDF": 0.0007866416554266981,
    "CRC": 0.004260964976485782,
    "HRK": null,
    "CUP": 0.0938779274517385,
    "CZK": 0.09746273754424897,
    "DKK": 0.33009134166132836,
    "DJF": 0.012652261389166935,
    "DOP": 0.0378142339395552,
    "EGP": 0.0458068349324772,
    "ERN": null,
    "ETB": 0.028056216083050797,
    "EUR": 2.463333380548044,
    "FJD": 1
  }
}