{
  "meta": {
    "code": "FJD",
    "createdAt": "2024-08-09T18:05:02Z"
  },
  "data": {
    "GMD": 0.032305035499999996,
    "GEL": 0.8347507662,
    "GHS": 0.1436468317,
    "GIP": null,
    "GTQ": 0.2897152195,
    "GNF": 0.0002601622132,
    "GYD": 0.01074593582,
    "HTG": 0.01702109919,
    "HNL": 0.08992564848,
    "HKD": 0.2879255706,
    "HUF": 0.006218103852,
    "ISK": 0.01622488795,
    "INR": 0.02674639404,
    "IDR": 0.0001408467844,
    "IRR": 0.00005333966768,
    "IQD": 0.00171389311,
    "ILS": 0.6026654300000001,
    "JMD": 0.01428300594,
    "JPY": 0.01530783377,
    "JOD": null,
    "KZT": 0.004690550599,
    "KES": 0.017404650969999998,
    "KWD": 7.331801400000001,
    "KGS": 0.02629039616,
    "LAK": 0.000101249153,
    "LBP": null,
    "LSL": 0.12255458320000001,
    "LRD": 0.01149632881,
    "LYD": 0.466777529,
    "MOP": 0.2796017161,
    "MKD": 0.03985247961,
    "MGA": 0.0004880869467,
    "MWK": 0.001295183135,
    "MYR": 0.508251537,
    "MVR": 0.14571141440000002,
    "MRU": 0.05646171033,
    "MUR": 0.04835826265,
    "MXN": 0.1192178748,
    "MDL": 0.127536206,
    "MNT": null,
    "MAD": 0.227881244,
    "MZN": 0.03513428162,
    "MMK": 0.000691291916,
    "NAD": null,
    "NPR": 0.016715684629999998,
    "ANG": 1.245919406,
    "TWD": 0.06929888381999999,
    "NZD": 1.3475465880000002,
    "NIO": 0.06101086946,
    "NGN": 0.0013859259239999999,
    "KPW": null,
    "NOK": 0.207550958,
    "OMR": 5.829661839000001,
    "PKR": 0.008054529044,
    "PAB": 2.2457613000000003,
    "PGK": 0.5782871832,
    "PYG": 0.0002965992272,
    "PEN": 0.6017286428,
    "PHP": 0.03921443868,
    "PLN": 0.5677906486000001,
    "QAR": 0.6166015212,
    "RON": 0.4926606436,
    "RUB": 0.025341327669999997,
    "RWF": 0.001701553603,
    "SHP": 2.8670081400000003,
    "WST": null,
    "STN": null,
    "SAR": 0.5981261745,
    "RSD": 0.020953681489999997,
    "SCR": 0.160888569,
    "SLL": 0.00011460391160000001,
    "SGD": 1.696289238,
    "SBD": 0.26470908,
    "SOS": null,
    "ZAR": 0.1225145468,
    "KRW": 0.001645137295,
    "SSP": null,
    "LKR": 0.007483940876,
    "SDG": null,
    "SRD": 0.0779867638,
    "SZL": 0.12255458320000001,
    "SEK": 0.2134424526,
    "CHF": 2.596250491,
    "SYP": null,
    "TJS": 0.2129202415,
    "TZS": 0.0008313856604,
    "THB": 0.06372977523,
    "TOP": 0.9463518000000001,
    "TTD": 0.33036479,
    "TND": 0.726132256,
    "TRY": 0.067041672,
    "TMT": 0.642666048,
    "UGX": 0.0006026260492000001,
    "UAH": 0.054564915979999996,
    "AED": 0.6112714164,
    "GBP": null,
    "USD": 2.2452,
    "UYU": 0.055703411999999994,
    "UZS": 0.00017696157410000002,
    "VUV": null,
    "VES": 0.0612821727,
    "VND": 0.0000892725198,
    "XOF": 0.0037388841859999997,
    "YER": 0.008966489095,
    "ZMW": 0.08592115466,
    "ZWL": null,
    "AFN": 0.03162154265151935,
    "ALL": 0.024076456067108565,
    "DZD": 0.016679639595514748,
    "AOA": 0.0025498347850742465,
    "ARS": 0.0023967439562266354,
    "AMD": 0.005783137214600978,
    "AWG": 1.2472941823654853,
    "AUD": 1.475813197393165,
    "AZN": 1.3206644283869846,
    "BSD": 2.244512287706304,
    "BHD": 5.957202236713551,
    "BDT": 0.019098123205030543,
    "BBD": 1.111364433420821,
    "BYN": 0.6856820826356838,
    "BZD": 1.1132325358900421,
    "BMD": 2.2451295282578734,
    "BTN": 0.026740599804350045,
    "BOB": 0.3247493829285966,
    "BAM": 1.252941468037438,
    "BWP": 0.16575754048356747,
    "BRL": 0.4076790921379294,
    "BND": 1.6948019222582376,
    "BGN": 1.2531421792959823,
    "BIF": 0.0007790178794613717,
    "CVE": 0.022152240042011582,
    "KHR": 0.0005461273483321697,
    "XAF": 0.003735784502684584,
    "CAD": 1.6351165841983408,
    "KYD": null,
    "CLP": null,
    "CNY": 0.313246205517619,
    "COP": 0.000551527244074209,
    "KMF": 0.0049775624178985305,
    "CDF": 0.0007833668978761793,
    "CRC": 0.004238034950978461,
    "HRK": null,
    "CUP": 0.09349673135006464,
    "CZK": 0.09713288605802128,
    "DKK": 0.32857661780542335,
    "DJF": 0.012632959308544897,
    "DOP": 0.037638382703401065,
    "EGP": 0.04558907080367741,
    "ERN": null,
    "ETB": 0.02794917115549291,
    "EUR": 2.451938261069438,
    "FJD": 1
  }
}