{
  "meta": {
    "code": "FJD",
    "createdAt": "2024-08-21T09:33:14Z"
  },
  "data": {
    "GMD": 0.03164857079,
    "GEL": 0.8206198279,
    "GHS": 0.1424599234,
    "GIP": null,
    "GTQ": 0.2874160267,
    "GNF": null,
    "GYD": 0.010654213059999999,
    "HTG": 0.016885005619999997,
    "HNL": null,
    "HKD": 0.2842426877,
    "HUF": 0.0062718040459999996,
    "ISK": 0.01617788805,
    "INR": 0.0263953833,
    "IDR": 0.0001428206348,
    "IRR": 0.00005261607787,
    "IQD": null,
    "ILS": 0.5945293963,
    "JMD": null,
    "JPY": 0.015171834589999999,
    "JOD": 3.1260446,
    "KZT": 0.004670162893,
    "KES": 0.01717364322,
    "KWD": 7.248277042000001,
    "KGS": 0.025858908679999997,
    "LAK": 0.0001005751722,
    "LBP": 0.0000248412802,
    "LSL": 0.1250235512,
    "LRD": null,
    "LYD": null,
    "MOP": 0.2773780493,
    "MKD": 0.039970468339999995,
    "MGA": 0.0004867661372,
    "MWK": null,
    "MYR": 0.5065162066,
    "MVR": 0.1437774218,
    "MRU": 0.05614483567,
    "MUR": 0.04813127085,
    "MXN": 0.11697312,
    "MDL": 0.126887035,
    "MNT": null,
    "MAD": 0.2291443605,
    "MZN": 0.03468669503,
    "MMK": 0.0006821165645,
    "NAD": 0.1250241272,
    "NPR": 0.016595155979999998,
    "ANG": 1.235066669,
    "TWD": 0.06937542823,
    "NZD": 1.3605989870000001,
    "NIO": 0.06044703392,
    "NGN": 0.001409511673,
    "KPW": null,
    "NOK": 0.21051731270000001,
    "OMR": 5.755143966,
    "PKR": 0.007993515448,
    "PAB": 2.2256993940000003,
    "PGK": 0.5640643232,
    "PYG": 0.00029323588250000003,
    "PEN": 0.5947165976000001,
    "PHP": 0.03921306738,
    "PLN": 0.5750227993,
    "QAR": 0.6100477416,
    "RON": 0.4950178376,
    "RUB": 0.02413353522,
    "RWF": 0.001647951874,
    "SHP": 2.8789123,
    "WST": null,
    "STN": null,
    "SAR": 0.5904113665,
    "RSD": 0.02105769158,
    "SCR": 0.1690086567,
    "SLL": 0.00011460391160000001,
    "SGD": 1.6944757170000002,
    "SBD": null,
    "SOS": 0.003908300125,
    "ZAR": 0.12424359750000001,
    "KRW": 0.001653962476,
    "SSP": null,
    "LKR": 0.007427181669,
    "SDG": 0.003683125318,
    "SRD": null,
    "SZL": 0.1250499367,
    "SEK": 0.21637094010000002,
    "CHF": 2.5920645230000003,
    "SYP": null,
    "TJS": 0.2089033805,
    "TZS": 0.0008190018327000001,
    "THB": 0.06459082884999999,
    "TOP": 0.9428742400000001,
    "TTD": 0.3283061075,
    "TND": 0.7273880420000001,
    "TRY": 0.06531995243,
    "TMT": 0.6323227911,
    "UGX": 0.0005975658235000001,
    "UAH": 0.05376631799,
    "AED": 0.6031672409000001,
    "GBP": 2.8862785050000004,
    "USD": 2.2154,
    "UYU": 0.055030536,
    "UZS": 0.00017597741890000001,
    "VUV": null,
    "VES": 0.06046867616,
    "VND": 0.00008882025988,
    "XOF": null,
    "YER": 0.0088483652,
    "ZMW": 0.08630615749,
    "ZWL": null,
    "AFN": 0.03137568747425703,
    "ALL": 0.024730683053213298,
    "DZD": 0.016548268195775012,
    "AOA": 0.00248773897446973,
    "ARS": 0.0023473289030589376,
    "AMD": 0.005732994141652222,
    "AWG": 1.229885666374935,
    "AUD": 1.493200421230465,
    "AZN": 1.3031362096998447,
    "BSD": 2.2244672212759506,
    "BHD": 5.879136558939596,
    "BDT": 0.01864592402837029,
    "BBD": 1.1016956893635144,
    "BYN": 0.6797269955370756,
    "BZD": 1.1035748264558536,
    "BMD": 2.215331556489736,
    "BTN": 0.02654810157779087,
    "BOB": 0.3219101011247072,
    "BAM": 1.260444222489068,
    "BWP": 0.16706118552653837,
    "BRL": 0.4042870933274713,
    "BND": 1.700481787420973,
    "BGN": 1.2591403641655616,
    "BIF": null,
    "CVE": 0.022356938086210122,
    "KHR": 0.0005438314214479268,
    "XAF": null,
    "CAD": 1.6282617740002103,
    "KYD": 2.6693845208038454,
    "CLP": 0.002397856384683043,
    "CNY": null,
    "COP": 0.0005525895626981758,
    "KMF": 0.005003572122690185,
    "CDF": 0.0007705501069019995,
    "CRC": 0.004291761122696041,
    "HRK": null,
    "CUP": 0.09268626768544125,
    "CZK": 0.09817121140358205,
    "DKK": 0.3301935936629441,
    "DJF": 0.01249191703169463,
    "DOP": 0.03723848388416429,
    "EGP": 0.04528441216504726,
    "ERN": null,
    "ETB": 0.020392354213391636,
    "EUR": 2.4637790346251576,
    "FJD": 1
  }
}