{
  "meta": {
    "code": "FJD",
    "createdAt": "2024-08-23T10:34:56Z"
  },
  "data": {
    "GMD": 0.03165571365,
    "GEL": null,
    "GHS": 0.14194415000000002,
    "GIP": null,
    "GTQ": 0.2856363792,
    "GNF": 0.0002564955215,
    "GYD": 0.010586333719999999,
    "HTG": 0.0167611097,
    "HNL": 0.08925139974,
    "HKD": 0.28409344810000003,
    "HUF": 0.006252294804,
    "ISK": 0.016175633239999997,
    "INR": 0.026409716649999998,
    "IDR": 0.0001421100035,
    "IRR": 0.00005262795295,
    "IQD": 0.001688240142,
    "ILS": null,
    "JMD": 0.01411756537,
    "JPY": 0.015164622439999999,
    "JOD": 3.126750126,
    "KZT": 0.004611538296,
    "KES": 0.01717751919,
    "KWD": 7.250305141,
    "KGS": 0.02596563921,
    "LAK": 0.0001001540266,
    "LBP": null,
    "LSL": 0.1231380061,
    "LRD": 0.0113367826,
    "LYD": 0.4625520625,
    "MOP": null,
    "MKD": 0.039984718909999994,
    "MGA": 0.00048526503750000004,
    "MWK": 0.001274939116,
    "MYR": 0.5064915868000001,
    "MVR": 0.1441765585,
    "MRU": 0.05582651153,
    "MUR": 0.04801689107,
    "MXN": 0.11395573760000001,
    "MDL": 0.127170501,
    "MNT": null,
    "MAD": 0.229020799,
    "MZN": 0.03467854693,
    "MMK": 0.0006822705134,
    "NAD": 0.1231391141,
    "NPR": 0.01646187456,
    "ANG": 1.2273929920000002,
    "TWD": 0.06934765412999999,
    "NZD": 1.363895136,
    "NIO": 0.06006154847,
    "NGN": 0.00140527,
    "KPW": null,
    "NOK": 0.2089261315,
    "OMR": 5.7564561560000005,
    "PKR": 0.007933821655,
    "PAB": 2.2119528170000002,
    "PGK": 0.5601757529,
    "PYG": 0.00029152114490000003,
    "PEN": 0.5896427911000001,
    "PHP": 0.0392372072,
    "PLN": 0.5762897999000001,
    "QAR": 0.6062701956000001,
    "RON": 0.4950012589,
    "RUB": 0.024210746119999998,
    "RWF": 0.001670087046,
    "SHP": 2.89950515,
    "WST": null,
    "STN": null,
    "SAR": 0.5905649157,
    "RSD": 0.021044883809999998,
    "SCR": null,
    "SLL": 0.00011460391160000001,
    "SGD": 1.693582233,
    "SBD": 0.26324892,
    "SOS": 0.003883380261,
    "ZAR": 0.1235882105,
    "KRW": null,
    "SSP": null,
    "LKR": 0.007341589141,
    "SDG": null,
    "SRD": null,
    "SZL": 0.12315987710000001,
    "SEK": 0.21549357160000002,
    "CHF": 2.599957572,
    "SYP": null,
    "TJS": null,
    "TZS": 0.0008161694175,
    "THB": 0.06467609375,
    "TOP": null,
    "TTD": 0.3257871577,
    "TND": 0.7287147802,
    "TRY": 0.06516970762999999,
    "TMT": 0.6324655018,
    "UGX": 0.0005950857063,
    "UAH": 0.05351154751,
    "AED": 0.6033246884,
    "GBP": 2.9064076780000003,
    "USD": null,
    "UYU": 0.054921081499999996,
    "UZS": 0.00017483451,
    "VUV": null,
    "VES": 0.06045919172999999,
    "VND": 0.0000887157724,
    "XOF": 0.00375624743,
    "YER": 0.008851244141,
    "ZMW": 0.08494639354,
    "ZWL": null,
    "AFN": 0.03116472317910795,
    "ALL": 0.024668211999735838,
    "DZD": 0.016522543977028015,
    "AOA": 0.002460668254765718,
    "ARS": 0.0023441857810233206,
    "AMD": 0.00569825882407859,
    "AWG": 1.229310270966174,
    "AUD": 1.4902709820574438,
    "AZN": 1.3034304490685464,
    "BSD": 2.2105331156685626,
    "BHD": 5.88057483176459,
    "BDT": 0.018499179859580005,
    "BBD": 1.0948548112498322,
    "BYN": 0.6754929749081866,
    "BZD": 1.0967162157942265,
    "BMD": 2.2158317634165288,
    "BTN": 0.02633532071777717,
    "BOB": 0.31990461089430827,
    "BAM": 1.259794144224758,
    "BWP": 0.16557087910012735,
    "BRL": 0.3964381840096359,
    "BND": 1.6910292812733725,
    "BGN": 1.2602484081081495,
    "BIF": 0.0007654886819310116,
    "CVE": 0.02234550819580494,
    "KHR": 0.0005411535710063943,
    "XAF": 0.0037561652809527516,
    "CAD": 1.6306309340396312,
    "KYD": 2.6527595689671357,
    "CLP": 0.002409612827100059,
    "CNY": 0.310488434793426,
    "COP": 0.0005444973002917264,
    "KMF": null,
    "CDF": 0.0007707240916231406,
    "CRC": 0.004203861326417603,
    "HRK": null,
    "CUP": 0.0921104013790784,
    "CZK": 0.09819772944558636,
    "DKK": 0.3301298813848981,
    "DJF": 0.012414277073611911,
    "DOP": 0.037000793909754574,
    "EGP": null,
    "ERN": null,
    "ETB": 0.02023435429140303,
    "EUR": 2.4633764647889254,
    "FJD": 1
  }
}