{
  "meta": {
    "code": "FJD",
    "createdAt": "2024-08-08T08:05:03Z"
  },
  "data": {
    "GMD": 0.03234172614,
    "GEL": 0.831032061,
    "GHS": 0.14431467580000001,
    "GIP": null,
    "GTQ": null,
    "GNF": 0.0002610770616,
    "GYD": 0.0107744143,
    "HTG": 0.01709078061,
    "HNL": 0.09090024626,
    "HKD": 0.2885250111,
    "HUF": 0.006189759544,
    "ISK": 0.01629630955,
    "INR": 0.026772275919999998,
    "IDR": 0.0001414520313,
    "IRR": 0.00005340024854,
    "IQD": 0.001718140314,
    "ILS": 0.5930661402,
    "JMD": 0.014377290059999999,
    "JPY": 0.015410574,
    "JOD": 3.17124483,
    "KZT": 0.0047129877939999995,
    "KES": 0.01742441841,
    "KWD": 7.3467866090000005,
    "KGS": 0.026526129309999997,
    "LAK": 0.0001014931053,
    "LBP": 0.0000251235513,
    "LSL": 0.12277664540000001,
    "LRD": 0.0115110966,
    "LYD": 0.4686997061,
    "MOP": null,
    "MKD": 0.039952953799999996,
    "MGA": 0.0004952827215,
    "MWK": 0.001297466484,
    "MYR": 0.5022907564,
    "MVR": 0.145876907,
    "MRU": 0.056786888509999994,
    "MUR": 0.0485177287,
    "MXN": 0.1166076506,
    "MDL": 0.1270990237,
    "MNT": null,
    "MAD": 0.2292442238,
    "MZN": 0.0351822775,
    "MMK": 0.0006920770551,
    "NAD": null,
    "NPR": 0.01674896751,
    "ANG": 1.249143456,
    "TWD": null,
    "NZD": 1.3476834670000002,
    "NIO": 0.061131876929999995,
    "NGN": null,
    "KPW": null,
    "NOK": 0.2079314853,
    "OMR": 5.838836319,
    "PKR": 0.008071231938,
    "PAB": 2.251040706,
    "PGK": 0.5721395877000001,
    "PYG": 0.0002974917354,
    "PEN": 0.6041729472,
    "PHP": 0.039207233519999996,
    "PLN": 0.5691037765,
    "QAR": 0.6166781695,
    "RON": 0.4941853699,
    "RUB": 0.026106379979999997,
    "RWF": 0.001705290377,
    "SHP": 2.855429212,
    "WST": null,
    "STN": null,
    "SAR": 0.5988771358,
    "RSD": 0.021013293619999998,
    "SCR": 0.1669182521,
    "SLL": 0.00011460391160000001,
    "SGD": 1.6980811690000002,
    "SBD": 0.264110625,
    "SOS": 0.003952740303,
    "ZAR": 0.1221032645,
    "KRW": 0.001635149563,
    "SSP": null,
    "LKR": 0.0074513991419999995,
    "SDG": 0.003736907526,
    "SRD": 0.07792511613,
    "SZL": 0.1227439631,
    "SEK": 0.21485689300000002,
    "CHF": 2.618412966,
    "SYP": null,
    "TJS": 0.212469805,
    "TZS": 0.0008349476415,
    "THB": 0.06360357025999999,
    "TOP": 0.9458532000000001,
    "TTD": 0.3316305624,
    "TND": 0.7320158863,
    "TRY": 0.06706162125,
    "TMT": 0.64339596,
    "UGX": 0.0006040508944,
    "UAH": 0.054908126909999994,
    "AED": 0.6119631992,
    "GBP": 2.8554269640000003,
    "USD": 2.24775,
    "UYU": 0.055485708749999994,
    "UZS": 0.0001783353611,
    "VUV": null,
    "VES": 0.06135586521,
    "VND": 0.00008940043507,
    "XOF": 0.003744720031,
    "YER": null,
    "ZMW": 0.08681637671999999,
    "ZWL": null,
    "AFN": 0.03172426286905803,
    "ALL": 0.024525957630976536,
    "DZD": 0.016692751090593726,
    "AOA": 0.0025597917874370566,
    "ARS": 0.0024008238893896607,
    "AMD": 0.005794466925186268,
    "AWG": 1.2487105190824694,
    "AUD": 1.4726903595773975,
    "AZN": 1.322164079028497,
    "BSD": 2.2497480278271773,
    "BHD": 5.9631930733075835,
    "BDT": 0.019146536517681334,
    "BBD": 1.1142198501080816,
    "BYN": 0.6874415830188092,
    "BZD": 1.116092668088943,
    "BMD": 2.247678934348445,
    "BTN": 0.026793609608895756,
    "BOB": 0.32559612446944386,
    "BAM": 1.2559096724454484,
    "BWP": 0.166031814608209,
    "BRL": 0.39870843553621027,
    "BND": null,
    "BGN": 1.257231756575099,
    "BIF": 0.000780563056335049,
    "CVE": 0.02227610392475843,
    "KHR": 0.0005476994033891778,
    "XAF": 0.0037446012637228666,
    "CAD": 1.6366038057106356,
    "KYD": 2.6995245429734442,
    "CLP": null,
    "CNY": 0.3139654888632296,
    "COP": 0.0005433586038552815,
    "KMF": 0.0049865311922548,
    "CDF": 0.0007831633917590402,
    "CRC": null,
    "HRK": null,
    "CUP": 0.09374105399827615,
    "CZK": 0.09743287248497269,
    "DKK": null,
    "DJF": 0.012633975152844198,
    "DOP": 0.037807678023631636,
    "EGP": 0.04565919590629293,
    "ERN": null,
    "ETB": 0.027980908204380057,
    "EUR": 2.4589790000311473,
    "FJD": 1
  }
}