{
  "meta": {
    "code": "FJD",
    "createdAt": "2024-08-27T15:04:26Z"
  },
  "data": {
    "GMD": 0.03125106347,
    "GEL": 0.8161007515,
    "GHS": null,
    "GIP": null,
    "GTQ": 0.28464220360000003,
    "GNF": 0.00025564699,
    "GYD": 0.01055090448,
    "HTG": 0.01671115082,
    "HNL": 0.08894695147,
    "HKD": 0.2823599088,
    "HUF": 0.006257788617,
    "ISK": 0.01609232327,
    "INR": 0.0262537498,
    "IDR": 0.0001420585905,
    "IRR": 0.00005227046173,
    "IQD": null,
    "ILS": null,
    "JMD": 0.014054276689999999,
    "JPY": 0.01526850648,
    "JOD": 3.109268203,
    "KZT": 0.004586690059,
    "KES": 0.017079069579999998,
    "KWD": 7.217070710000001,
    "KGS": 0.025878441289999998,
    "LAK": 0.00009977433552,
    "LBP": null,
    "LSL": 0.1240997565,
    "LRD": 0.011299116259999999,
    "LYD": 0.4628898964,
    "MOP": 0.27434665,
    "MKD": 0.03994306862,
    "MGA": 0.0004826437876,
    "MWK": 0.0012706801769999999,
    "MYR": 0.5068441771000001,
    "MVR": 0.14344358810000002,
    "MRU": 0.055634170889999994,
    "MUR": 0.04776240168,
    "MXN": 0.1120624632,
    "MDL": 0.1267307078,
    "MNT": null,
    "MAD": 0.22880650600000002,
    "MZN": 0.03449567865,
    "MMK": null,
    "NAD": 0.1240997565,
    "NPR": null,
    "ANG": 1.223310055,
    "TWD": 0.0690020208,
    "NZD": 1.373221512,
    "NIO": 0.059869426319999995,
    "NGN": 0.001385703939,
    "KPW": null,
    "NOK": 0.210278916,
    "OMR": 5.723179934,
    "PKR": null,
    "PAB": 2.204473449,
    "PGK": 0.5578995916,
    "PYG": null,
    "PEN": 0.5884075224,
    "PHP": 0.039114114619999994,
    "PLN": 0.5739239059,
    "QAR": 0.6042986972000001,
    "RON": 0.49425698700000004,
    "RUB": null,
    "RWF": 0.001646381518,
    "SHP": 2.90458872,
    "WST": null,
    "STN": null,
    "SAR": null,
    "RSD": 0.02102290069,
    "SCR": null,
    "SLL": 0.00011460391160000001,
    "SGD": 1.6908412130000001,
    "SBD": 0.2610792,
    "SOS": 0.003870828518,
    "ZAR": 0.1242058186,
    "KRW": 0.001655800639,
    "SSP": null,
    "LKR": 0.0073365877,
    "SDG": 0.0036628426919999998,
    "SRD": 0.07642039348,
    "SZL": 0.1240619055,
    "SEK": 0.21642203240000002,
    "CHF": 2.6125171050000002,
    "SYP": null,
    "TJS": 0.2067151959,
    "TZS": 0.0008114917011,
    "THB": 0.06474484353,
    "TOP": 0.9405460800000001,
    "TTD": null,
    "TND": 0.7293823148,
    "TRY": 0.06473755094,
    "TMT": null,
    "UGX": 0.0005937115060000001,
    "UAH": 0.05328232099,
    "AED": 0.5998366224,
    "GBP": 2.916441936,
    "USD": null,
    "UYU": 0.05473850399999999,
    "UZS": 0.0001739351491,
    "VUV": null,
    "VES": 0.06031674200999999,
    "VND": 0.00008873145648,
    "XOF": 0.003751227806,
    "YER": 0.008800514956,
    "ZMW": 0.08385722898999999,
    "ZWL": null,
    "AFN": 0.031030053261317712,
    "ALL": 0.024577377130920654,
    "DZD": 0.016429648993270735,
    "AOA": 0.002435639973451427,
    "ARS": 0.002322104482925411,
    "AMD": 0.005680815282296132,
    "AWG": 1.2239632119741986,
    "AUD": 1.494385563252273,
    "AZN": 1.2959610479726806,
    "BSD": 2.2036269533928277,
    "BHD": 5.846802849365699,
    "BDT": 0.01843952180413414,
    "BBD": 1.0913556219191665,
    "BYN": 0.6733538850545567,
    "BZD": 1.0930362890947805,
    "BMD": 2.2031337815535577,
    "BTN": null,
    "BOB": 0.31884481015232785,
    "BAM": 1.2580888726565567,
    "BWP": 0.16579251095240083,
    "BRL": 0.4006353371328734,
    "BND": 1.689835967626002,
    "BGN": 1.2576436064860395,
    "BIF": 0.0007631221967640927,
    "CVE": 0.022203414277408417,
    "KHR": null,
    "XAF": null,
    "CAD": 1.6375793702562798,
    "KYD": 2.643950056477206,
    "CLP": null,
    "CNY": 0.309250822123132,
    "COP": 0.0005458733150464245,
    "KMF": null,
    "CDF": 0.0007771194999681152,
    "CRC": null,
    "HRK": null,
    "CUP": 0.0918157571543444,
    "CZK": 0.09835418667649809,
    "DKK": 0.3298430357013018,
    "DJF": 0.01237279779303377,
    "DOP": 0.03687253191564407,
    "EGP": 0.04525598545605499,
    "ERN": null,
    "ETB": 0.019386769238929808,
    "EUR": 2.4605847661388145,
    "FJD": 1
  }
}