{
  "meta": {
    "code": "FJD",
    "createdAt": "2024-07-25T17:04:20Z"
  },
  "data": {
    "GMD": 0.033315381629999995,
    "GEL": 0.8332939637000001,
    "GHS": 0.1455802695,
    "GIP": null,
    "GTQ": 0.2912125531,
    "GNF": 0.0002621712518,
    "GYD": 0.01081054978,
    "HTG": 0.017103259989999998,
    "HNL": 0.09120293575999999,
    "HKD": 0.28922555710000003,
    "HUF": 0.006251626582,
    "ISK": 0.01640952021,
    "INR": 0.026954458759999998,
    "IDR": 0.0001384459784,
    "IRR": 0.00005364257199,
    "IQD": 0.001723625934,
    "ILS": 0.6156041913,
    "JMD": 0.01442393362,
    "JPY": 0.01467554602,
    "JOD": 3.186084863,
    "KZT": 0.0047546037,
    "KES": 0.01697706746,
    "KWD": 7.383099100000001,
    "KGS": 0.02681650704,
    "LAK": 0.0001017965823,
    "LBP": 0.00002520033417,
    "LSL": 0.12304904450000001,
    "LRD": 0.011557238039999999,
    "LYD": 0.46651859440000004,
    "MOP": 0.28095626690000003,
    "MKD": 0.03977308928,
    "MGA": 0.000496962602,
    "MWK": 0.001301037157,
    "MYR": 0.4832423946,
    "MVR": 0.1471039522,
    "MRU": 0.056803771989999995,
    "MUR": 0.048268829369999995,
    "MXN": 0.1227568386,
    "MDL": 0.1270014911,
    "MNT": null,
    "MAD": 0.2281103019,
    "MZN": 0.0353393335,
    "MMK": 0.0006952176117,
    "NAD": 0.12304904450000001,
    "NPR": 0.016858358219999998,
    "ANG": 1.2534406550000001,
    "TWD": 0.06899983602,
    "NZD": 1.3336920360000002,
    "NIO": 0.06134597259,
    "NGN": 0.001425248522,
    "KPW": null,
    "NOK": 0.2055400595,
    "OMR": 5.865585096,
    "PKR": null,
    "PAB": 2.258638674,
    "PGK": 0.5839085795,
    "PYG": 0.0002977382544,
    "PEN": 0.6006384084,
    "PHP": 0.038584955989999996,
    "PLN": 0.5724070338,
    "QAR": 0.6202308664,
    "RON": 0.4937136378,
    "RUB": 0.02656485626,
    "RWF": 0.001713163881,
    "SHP": 2.9144489620000003,
    "WST": null,
    "STN": null,
    "SAR": 0.6018418506000001,
    "RSD": 0.02096003305,
    "SCR": 0.1640471348,
    "SLL": 0.00011460391160000001,
    "SGD": 1.682074845,
    "SBD": 0.2664381,
    "SOS": 0.003954378091,
    "ZAR": 0.12314294810000001,
    "KRW": 0.001633165999,
    "SSP": null,
    "LKR": 0.007441363242,
    "SDG": 0.003853156902,
    "SRD": 0.07802716076999999,
    "SZL": 0.12291507800000001,
    "SEK": 0.2092623352,
    "CHF": 2.565830514,
    "SYP": null,
    "TJS": 0.2125996756,
    "TZS": 0.0008394685538,
    "THB": 0.062357082599999995,
    "TOP": 0.9499195650000001,
    "TTD": 0.3322652453,
    "TND": 0.7274326875,
    "TRY": 0.06828058863,
    "TMT": 0.62093625,
    "UGX": 0.0006042111627000001,
    "UAH": 0.054776489649999996,
    "AED": 0.6147426931000001,
    "GBP": 2.90985855,
    "USD": 2.2579499999999997,
    "UYU": 0.056087477999999996,
    "UZS": 0.0001788167696,
    "VUV": null,
    "VES": 0.061839063709999996,
    "VND": 0.00008903616178,
    "XOF": 0.003734656073,
    "YER": 0.009019216444,
    "ZMW": 0.08646390513999999,
    "ZWL": null,
    "AFN": 0.03180110044973212,
    "ALL": null,
    "DZD": 0.01679668907534904,
    "AOA": 0.0025874226280779874,
    "ARS": 0.0024317816465207072,
    "AMD": 0.005820923800957162,
    "AWG": 1.2543767399616557,
    "AUD": 1.4806602947786436,
    "AZN": 1.3281636070182237,
    "BSD": 2.257367967158783,
    "BHD": null,
    "BDT": 0.019211798385281465,
    "BBD": 1.1180719655397215,
    "BYN": 0.6899129567247662,
    "BZD": 1.1199636770871528,
    "BMD": null,
    "BTN": 0.026968874494864622,
    "BOB": 0.3267132654965729,
    "BAM": 1.252529259419491,
    "BWP": 0.1656991650935721,
    "BRL": 0.4013292094049432,
    "BND": 1.6820213147386018,
    "BGN": 1.2537498650762977,
    "BIF": 0.0007830338594106383,
    "CVE": 0.02210788340331829,
    "KHR": 0.0005482948355205853,
    "XAF": 0.0037345379759783446,
    "CAD": null,
    "KYD": 2.7089418768653433,
    "CLP": 0.0023904526356320756,
    "CNY": 0.31222818672733393,
    "COP": 0.0005618065700159214,
    "KMF": 0.004970836331899218,
    "CDF": 0.0007880900987157717,
    "CRC": 0.004269211841893529,
    "HRK": null,
    "CUP": 0.0940599138361902,
    "CZK": 0.0966598798639678,
    "DKK": 0.3287189071586091,
    "DJF": 0.01270469351815059,
    "DOP": 0.03801141636247442,
    "EGP": 0.04670953361558761,
    "ERN": null,
    "ETB": 0.03904975190341494,
    "EUR": 2.453362017989709,
    "FJD": 1
  }
}