{
  "meta": {
    "code": "FJD",
    "createdAt": "2024-08-27T14:04:09Z"
  },
  "data": {
    "GMD": 0.031271630839999995,
    "GEL": 0.8166378548000001,
    "GHS": 0.14133444550000002,
    "GIP": null,
    "GTQ": 0.2848295362,
    "GNF": 0.0002558152399,
    "GYD": 0.01055784838,
    "HTG": 0.016722148989999998,
    "HNL": 0.08900549044999999,
    "HKD": 0.2825611719,
    "HUF": 0.0062652801929999995,
    "ISK": 0.01610056225,
    "INR": 0.026270741669999997,
    "IDR": 0.00014196887760000002,
    "IRR": 0.00005230486268,
    "IQD": 0.001683705535,
    "ILS": 0.5981843775,
    "JMD": 0.014063526279999999,
    "JPY": 0.015262110709999999,
    "JOD": 3.1108757910000002,
    "KZT": 0.004589708714,
    "KES": 0.01709030989,
    "KWD": 7.2212230470000005,
    "KGS": 0.02589547276,
    "LAK": 0.00009984000036,
    "LBP": 0.00002462064934,
    "LSL": null,
    "LRD": 0.01130655259,
    "LYD": 0.4631945398,
    "MOP": 0.27452720680000003,
    "MKD": 0.0399693565,
    "MGA": 0.00048296143170000003,
    "MWK": 0.001271516454,
    "MYR": 0.5071777483000001,
    "MVR": 0.1435379932,
    "MRU": 0.055670785609999995,
    "MUR": 0.04779383572,
    "MXN": 0.1124247819,
    "MDL": 0.1268141135,
    "MNT": null,
    "MAD": 0.2289570913,
    "MZN": 0.03451838142,
    "MMK": 0.0006788066643,
    "NAD": 0.1241814307,
    "NPR": 0.016421906519999998,
    "ANG": 1.2241151570000002,
    "TWD": 0.06900852127,
    "NZD": 1.3722954150000002,
    "NIO": 0.059908828399999996,
    "NGN": 0.001386671056,
    "KPW": null,
    "NOK": 0.20968095450000002,
    "OMR": 5.726825295,
    "PKR": 0.007923741383,
    "PAB": 2.205924287,
    "PGK": 0.5582667641,
    "PYG": null,
    "PEN": 0.5887947731000001,
    "PHP": 0.0391322068,
    "PLN": 0.5743322691,
    "QAR": 0.6046964065,
    "RON": 0.4946828944,
    "RUB": 0.02409420096,
    "RWF": 0.001647465057,
    "SHP": 2.9065003270000003,
    "WST": null,
    "STN": null,
    "SAR": 0.5875284442,
    "RSD": 0.021031920069999998,
    "SCR": 0.16481804660000002,
    "SLL": 0.00011460391160000001,
    "SGD": null,
    "SBD": 0.261251025,
    "SOS": 0.00387337604,
    "ZAR": 0.12410285700000001,
    "KRW": 0.001655130184,
    "SSP": null,
    "LKR": 0.007341416155,
    "SDG": 0.003665253332,
    "SRD": 0.07647068830999999,
    "SZL": 0.1241435548,
    "SEK": 0.21615753270000002,
    "CHF": 2.6128541750000003,
    "SYP": null,
    "TJS": 0.2068512421,
    "TZS": 0.0008120257711,
    "THB": 0.06463736172,
    "TOP": 0.9411650850000001,
    "TTD": 0.324744504,
    "TND": 0.7298623458,
    "TRY": null,
    "TMT": 0.6292545099,
    "UGX": 0.0005941022475,
    "UAH": 0.053317387869999996,
    "AED": 0.6002419773000001,
    "GBP": 2.915715764,
    "USD": 2.20465,
    "UYU": 0.054774529249999995,
    "UZS": 0.0001740496216,
    "VUV": null,
    "VES": 0.06037727243,
    "VND": 0.00008878985363,
    "XOF": 0.003753696615,
    "YER": 0.008806306871,
    "ZMW": 0.08391241825,
    "ZWL": null,
    "AFN": 0.031162202558786538,
    "ALL": 0.024593545298953516,
    "DZD": 0.016463293042186702,
    "AOA": 0.0024319725406408465,
    "ARS": 0.002323660728721457,
    "AMD": 0.005684552390150517,
    "AWG": 1.2230696854134095,
    "AUD": 1.4929544335372862,
    "AZN": 1.2968135928369722,
    "BSD": 2.205076604006206,
    "BHD": 5.850448867323204,
    "BDT": 0.018451652201411813,
    "BBD": 1.0920735676437812,
    "BYN": 0.673796849159775,
    "BZD": 1.0937553403629887,
    "BMD": 2.204583107822853,
    "BTN": 0.026266857256356232,
    "BOB": 0.3190545613922838,
    "BAM": 1.2589165035280308,
    "BWP": 0.16590157714672754,
    "BRL": 0.40124182949908394,
    "BND": 1.6909476221882191,
    "BGN": 1.2584386176125328,
    "BIF": 0.0007632820996558177,
    "CVE": 0.022329738070066746,
    "KHR": 0.0005410580207150319,
    "XAF": 0.00375301082103058,
    "CAD": 1.6373483368198405,
    "KYD": 2.6456893730792053,
    "CLP": 0.0024278747485249825,
    "CNY": 0.30939780339353834,
    "COP": 0.0005464951036298472,
    "KMF": null,
    "CDF": 0.000777630726165795,
    "CRC": 0.004175396615486051,
    "HRK": null,
    "CUP": 0.09187615788133845,
    "CZK": 0.09845624942817226,
    "DKK": 0.32996245623820125,
    "DJF": 0.012380937208408617,
    "DOP": 0.0369364448702839,
    "EGP": 0.045277479351144415,
    "ERN": null,
    "ETB": 0.01939952277693876,
    "EUR": 2.4615848774858757,
    "FJD": 1
  }
}