{
  "meta": {
    "code": "FJD",
    "createdAt": "2024-07-30T08:05:16Z"
  },
  "data": {
    "GMD": 0.03336038348,
    "GEL": 0.8328515594,
    "GHS": 0.14560100650000002,
    "GIP": null,
    "GTQ": 0.2913667043,
    "GNF": 0.0002618864297,
    "GYD": 0.010808455,
    "HTG": 0.017098866759999998,
    "HNL": 0.09118269327999999,
    "HKD": 0.2894593247,
    "HUF": 0.006202974365,
    "ISK": null,
    "INR": 0.0270028969,
    "IDR": null,
    "IRR": 0.00005369908462,
    "IQD": 0.001723565952,
    "ILS": 0.6054236288,
    "JMD": 0.014425152859999998,
    "JPY": 0.01459961615,
    "JOD": 3.1908385110000004,
    "KZT": 0.004755464077,
    "KES": 0.017392307479999997,
    "KWD": 7.391785555,
    "KGS": 0.02690705537,
    "LAK": 0.00010176738390000001,
    "LBP": 0.0000252022365,
    "LSL": 0.1228846943,
    "LRD": 0.01155012834,
    "LYD": 0.467631845,
    "MOP": 0.2806570256,
    "MKD": null,
    "MGA": null,
    "MWK": 0.001302794576,
    "MYR": 0.48923518,
    "MVR": null,
    "MRU": 0.057021341499999996,
    "MUR": 0.04848958688,
    "MXN": 0.12160449350000001,
    "MDL": 0.1273217485,
    "MNT": null,
    "MAD": 0.228800267,
    "MZN": 0.03541478913,
    "MMK": 0.0006961566997000001,
    "NAD": 0.1224810379,
    "NPR": 0.016847443559999998,
    "ANG": 1.253066322,
    "TWD": 0.06879598964,
    "NZD": 1.332350775,
    "NIO": 0.06131525408,
    "NGN": 0.001359526186,
    "KPW": null,
    "NOK": 0.2058109165,
    "OMR": 5.873166817,
    "PKR": 0.008118491756,
    "PAB": 2.25803922,
    "PGK": 0.5752167141,
    "PYG": 0.0002980895617,
    "PEN": 0.6049498137,
    "PHP": 0.038541865179999996,
    "PLN": 0.5705210693,
    "QAR": 0.6183647337,
    "RON": 0.4920168883,
    "RUB": 0.02619954099,
    "RWF": null,
    "SHP": 2.9045936500000002,
    "WST": null,
    "STN": null,
    "SAR": 0.6026856031,
    "RSD": 0.02090460231,
    "SCR": 0.17347215000000002,
    "SLL": 0.00011460391160000001,
    "SGD": 1.682323051,
    "SBD": 0.26860680000000003,
    "SOS": 0.003965368932,
    "ZAR": 0.1233163983,
    "KRW": 0.001632785898,
    "SSP": null,
    "LKR": 0.007456441111,
    "SDG": 0.003771476198,
    "SRD": 0.07836137623999999,
    "SZL": 0.1229208477,
    "SEK": 0.2089188192,
    "CHF": 2.550118592,
    "SYP": null,
    "TJS": 0.2126355415,
    "TZS": 0.000836115539,
    "THB": 0.06284049303,
    "TOP": 0.9480373000000001,
    "TTD": 0.3324535963,
    "TND": 0.7249173884,
    "TRY": 0.06833872499999999,
    "TMT": 0.6739211213,
    "UGX": 0.0006059990986,
    "UAH": 0.055011916189999996,
    "AED": 0.6155748858,
    "GBP": null,
    "USD": 2.2609999999999997,
    "UYU": 0.05614063,
    "UZS": 0.00017958697250000002,
    "VUV": null,
    "VES": 0.06183757221,
    "VND": 0.00008942944605,
    "XOF": 0.003746478808,
    "YER": 0.009031589371,
    "ZMW": 0.08622205928,
    "ZWL": null,
    "AFN": 0.031899983608799524,
    "ALL": 0.024381832069279723,
    "DZD": 0.01678456044009856,
    "AOA": 0.002585394268352267,
    "ARS": 0.002426415367142876,
    "AMD": 0.005816913607485295,
    "AWG": 1.2551990493679708,
    "AUD": 1.4813823936786128,
    "AZN": 1.329957228043563,
    "BSD": 2.256765811831347,
    "BHD": 5.998882669709917,
    "BDT": 0.01920695319240653,
    "BBD": 1.1177066984629305,
    "BYN": 0.6896111176776264,
    "BZD": 1.1196001634991977,
    "BMD": 2.260927287674057,
    "BTN": 0.026951373654364775,
    "BOB": 0.3265798919509121,
    "BAM": 1.2503475966318638,
    "BWP": 0.1659832299427888,
    "BRL": 0.40258676781306,
    "BND": 1.6795694991417807,
    "BGN": 1.2518214769229883,
    "BIF": 0.0007836230640911529,
    "CVE": null,
    "KHR": 0.0005502819008333993,
    "XAF": 0.003728034497167397,
    "CAD": 1.6325681375621202,
    "KYD": 2.7081176769520776,
    "CLP": 0.002364640416871275,
    "CNY": 0.3116972658682925,
    "COP": 0.0005585280885870231,
    "KMF": 0.0049663422024691,
    "CDF": 0.0007884663601304473,
    "CRC": 0.0042647892841331594,
    "HRK": null,
    "CUP": 0.09403330109053683,
    "CZK": null,
    "DKK": 0.3279434323867078,
    "DJF": 0.01267325267896213,
    "DOP": 0.03812644708310349,
    "EGP": 0.04676912948888205,
    "ERN": null,
    "ETB": 0.039286312557325065,
    "EUR": 2.4472220678670893,
    "FJD": 1
  }
}