{
  "meta": {
    "code": "FJD",
    "createdAt": "2024-08-23T14:04:12Z"
  },
  "data": {
    "GMD": 0.031578570789999996,
    "GEL": 0.818804789,
    "GHS": 0.1412210419,
    "GIP": null,
    "GTQ": 0.2855026537,
    "GNF": 0.0002563481482,
    "GYD": null,
    "HTG": 0.016766025769999998,
    "HNL": 0.08921197793999999,
    "HKD": 0.28344246770000003,
    "HUF": 0.006253705655,
    "ISK": 0.01617044611,
    "INR": 0.02636350614,
    "IDR": 0.0001419656046,
    "IRR": 0.00005249970215,
    "IQD": 0.001687483321,
    "ILS": 0.5979997124,
    "JMD": 0.01411162863,
    "JPY": 0.01514822492,
    "JOD": 3.1191304460000002,
    "KZT": 0.0045718975719999996,
    "KES": 0.01713034711,
    "KWD": 7.23310968,
    "KGS": null,
    "LAK": 0.0001000664613,
    "LBP": 0.0000246797904,
    "LSL": 0.12313307300000001,
    "LRD": 0.01133208514,
    "LYD": 0.4624041056,
    "MOP": 0.2751805029,
    "MKD": 0.03997211782,
    "MGA": 0.0004838391031,
    "MWK": 0.001274367618,
    "MYR": 0.5052573007,
    "MVR": 0.1438252098,
    "MRU": 0.055549091319999994,
    "MUR": 0.047899877119999996,
    "MXN": 0.11490179,
    "MDL": 0.1276232175,
    "MNT": null,
    "MAD": 0.2293449012,
    "MZN": 0.03459403763,
    "MMK": 0.0006806078658,
    "NAD": 0.1231364109,
    "NPR": 0.016465879649999998,
    "ANG": 1.2268796670000002,
    "TWD": 0.06926752726999999,
    "NZD": 1.3670284620000002,
    "NIO": 0.06004215362,
    "NGN": 0.0014032693,
    "KPW": null,
    "NOK": 0.20906798470000001,
    "OMR": 5.742467847,
    "PKR": 0.007933325344,
    "PAB": 2.21081168,
    "PGK": 0.5596428954,
    "PYG": null,
    "PEN": 0.5901575216,
    "PHP": null,
    "PLN": 0.5749603341,
    "QAR": 0.6059876636,
    "RON": 0.4947963305,
    "RUB": 0.024162909179999997,
    "RWF": 0.001669408725,
    "SHP": 2.8924392500000002,
    "WST": null,
    "STN": null,
    "SAR": 0.5891581545,
    "RSD": 0.021044163579999997,
    "SCR": 0.1634985206,
    "SLL": 0.00011460391160000001,
    "SGD": 1.690656936,
    "SBD": 0.2626074,
    "SOS": 0.003881909891,
    "ZAR": 0.1237371585,
    "KRW": 0.001655904781,
    "SSP": null,
    "LKR": 0.007370439203,
    "SDG": 0.003674979018,
    "SRD": null,
    "SZL": 0.1231709389,
    "SEK": 0.2159038012,
    "CHF": 2.596842348,
    "SYP": null,
    "TJS": 0.2079320309,
    "TZS": 0.0008141804672,
    "THB": 0.06476519634,
    "TOP": 0.93968355,
    "TTD": 0.3256261024,
    "TND": 0.7241911227000001,
    "TRY": 0.06500275878,
    "TMT": 0.6309242257000001,
    "UGX": 0.0005948802548,
    "UAH": null,
    "AED": 0.6018422246,
    "GBP": 2.90995,
    "USD": 2.2104999999999997,
    "UYU": 0.0547651375,
    "UZS": 0.0001743171563,
    "VUV": null,
    "VES": 0.060315725099999995,
    "VND": null,
    "XOF": 0.003745846985,
    "YER": 0.008829674252,
    "ZMW": 0.08416467696999999,
    "ZWL": null,
    "AFN": 0.031197490188120253,
    "ALL": 0.02450253687150263,
    "DZD": 0.01646135613082215,
    "AOA": 0.0024547474060120185,
    "ARS": 0.0023384403182309067,
    "AMD": 0.005696577775318831,
    "AWG": 1.226352310029897,
    "AUD": 1.4926623132078667,
    "AZN": 1.3002941404477166,
    "BSD": 2.209675829681971,
    "BHD": 5.8658023314642636,
    "BDT": 0.01849017180110771,
    "BBD": 1.09440501299413,
    "BYN": 0.675327861293492,
    "BZD": 1.0962704680471336,
    "BMD": 2.210500038761118,
    "BTN": 0.026342436886667823,
    "BOB": 0.319823445177042,
    "BAM": 1.2563335515064589,
    "BWP": 0.16539543304047044,
    "BRL": 0.39848933505997003,
    "BND": 1.6890162667337578,
    "BGN": 1.258898592682903,
    "BIF": 0.0007650340308749145,
    "CVE": null,
    "KHR": 0.0005409763025081837,
    "XAF": 0.003745847098720525,
    "CAD": 1.630793661975097,
    "KYD": 2.6514671278211424,
    "CLP": 0.0024163752068318708,
    "CNY": 0.3097066213563897,
    "COP": 0.0005473187546295265,
    "KMF": 0.004988001255737297,
    "CDF": 0.0007688695791428897,
    "CRC": 0.004200181269323131,
    "HRK": null,
    "CUP": 0.09207128828313002,
    "CZK": 0.09823141440495146,
    "DKK": null,
    "DJF": 0.012410729059634536,
    "DOP": 0.03698133388916969,
    "EGP": 0.04532482426234217,
    "ERN": null,
    "ETB": 0.020225666531339156,
    "EUR": 2.4623290149221293,
    "FJD": 1
  }
}