{
  "meta": {
    "code": "FJD",
    "createdAt": "2024-08-20T11:33:39Z"
  },
  "data": {
    "GMD": 0.031677142219999996,
    "GEL": 0.8244149069000001,
    "GHS": 0.1420279291,
    "GIP": null,
    "GTQ": 0.2865548237,
    "GNF": 0.000257251661,
    "GYD": 0.010621907,
    "HTG": 0.01683403071,
    "HNL": 0.08953847895,
    "HKD": 0.2846487467,
    "HUF": 0.006237876592,
    "ISK": 0.016148860089999998,
    "INR": 0.02647163163,
    "IDR": 0.000143454693,
    "IRR": 0.00005267921749,
    "IQD": 0.00169378782,
    "ILS": null,
    "JMD": 0.01412773614,
    "JPY": 0.0151426246,
    "JOD": 3.1293079670000004,
    "KZT": 0.0046560233449999995,
    "KES": 0.01719426508,
    "KWD": 7.253609880000001,
    "KGS": 0.02588225336,
    "LAK": null,
    "LBP": 0.00002476636234,
    "LSL": 0.12464726050000001,
    "LRD": 0.01137379585,
    "LYD": 0.46410514610000003,
    "MOP": 0.276548141,
    "MKD": 0.03987033765,
    "MGA": 0.0004853141336,
    "MWK": 0.001279037785,
    "MYR": 0.5065450734,
    "MVR": 0.1440006834,
    "MRU": 0.05597534268,
    "MUR": 0.04804939495,
    "MXN": 0.1180743326,
    "MDL": 0.12650267,
    "MNT": null,
    "MAD": 0.2284525132,
    "MZN": 0.034704682609999996,
    "MMK": 0.0006827323599,
    "NAD": 0.12464726050000001,
    "NPR": 0.01654513231,
    "ANG": 1.231371446,
    "TWD": 0.06945218322999999,
    "NZD": 1.361140523,
    "NIO": 0.060264541539999994,
    "NGN": 0.001408206878,
    "KPW": null,
    "NOK": 0.21033147700000002,
    "OMR": 5.760215371,
    "PKR": 0.007969490818,
    "PAB": 2.219029789,
    "PGK": 0.5623614662,
    "PYG": null,
    "PEN": 0.5929238904,
    "PHP": 0.039255740899999995,
    "PLN": 0.5756043333,
    "QAR": 0.6082060338,
    "RON": 0.49357882690000004,
    "RUB": 0.02420136882,
    "RWF": 0.001642984303,
    "SHP": 2.86986995,
    "WST": null,
    "STN": null,
    "SAR": 0.5909681436,
    "RSD": 0.02098538756,
    "SCR": 0.1628046988,
    "SLL": 0.00011460391160000001,
    "SGD": 1.694969473,
    "SBD": 0.26187494,
    "SOS": 0.003896519497,
    "ZAR": 0.1244794033,
    "KRW": 0.001661970791,
    "SSP": null,
    "LKR": 0.0074047922119999995,
    "SDG": 0.003686450339,
    "SRD": 0.07722096385999999,
    "SZL": 0.1246769071,
    "SEK": 0.2156981836,
    "CHF": 2.5794238110000003,
    "SYP": null,
    "TJS": 0.2082699158,
    "TZS": 0.0008186279363,
    "THB": 0.06482489073,
    "TOP": 0.9379602,
    "TTD": 0.3273239401,
    "TND": 0.7251922217,
    "TRY": null,
    "TMT": 0.634708576,
    "UGX": 0.0005957619406,
    "UAH": 0.053604735859999995,
    "AED": 0.603709324,
    "GBP": 2.8819658670000003,
    "USD": 2.2174,
    "UYU": 0.05498242866,
    "UZS": 0.0001754468967,
    "VUV": null,
    "VES": 0.06052040733,
    "VND": 0.00008896297496,
    "XOF": 0.0037469248239999997,
    "YER": 0.008857242429,
    "ZMW": 0.08604833569999999,
    "ZWL": null,
    "AFN": 0.0312809733249523,
    "ALL": 0.024656361260381628,
    "DZD": 0.016507056130561477,
    "AOA": 0.00249278445653328,
    "ARS": 0.0023507465117835516,
    "AMD": 0.005715817076399736,
    "AWG": 1.231850985449992,
    "AUD": 1.492574776836962,
    "AZN": 1.304312808123521,
    "BSD": 2.2178318953511247,
    "BHD": 5.883678135846956,
    "BDT": 0.01858970579675254,
    "BBD": 1.0984094883531617,
    "BYN": 0.6776810621485037,
    "BZD": 1.1002779182531326,
    "BMD": 2.2173317738099856,
    "BTN": 0.02646760136647991,
    "BOB": 0.32093400751529494,
    "BAM": 1.2566445831608966,
    "BWP": 0.1665591323432454,
    "BRL": 0.4101764353591946,
    "BND": 1.695347761013583,
    "BGN": 1.2557948064258448,
    "BIF": 0.0007688798240896459,
    "CVE": null,
    "KHR": 0.0005421896572752215,
    "XAF": 0.0037468093085213402,
    "CAD": 1.6282599054109366,
    "KYD": 2.6613382742731972,
    "CLP": 0.0024026480156571846,
    "CNY": null,
    "COP": 0.0005503006157440159,
    "KMF": 0.004983888007108412,
    "CDF": 0.0007725894682264759,
    "CRC": 0.004278902099359663,
    "HRK": null,
    "CUP": 0.09240688179774822,
    "CZK": 0.09759597590710603,
    "DKK": 0.3291709568189526,
    "DJF": 0.012454205342085668,
    "DOP": 0.03712607438367011,
    "EGP": 0.04540047122329495,
    "ERN": null,
    "ETB": 0.02033133908073926,
    "EUR": 2.456441820931827,
    "FJD": 1
  }
}