{
  "meta": {
    "code": "FJD",
    "createdAt": "2024-08-22T14:04:19Z"
  },
  "data": {
    "GMD": 0.0319050355,
    "GEL": 0.8198111410000001,
    "GHS": 0.14226312870000002,
    "GIP": null,
    "GTQ": 0.2862807531,
    "GNF": 0.00025708114290000003,
    "GYD": 0.010610219079999999,
    "HTG": 0.016799306219999997,
    "HNL": 0.08945439513999999,
    "HKD": 0.2843924152,
    "HUF": 0.006258307716,
    "ISK": 0.01618422008,
    "INR": 0.026412138789999998,
    "IDR": 0.0001417000643,
    "IRR": 0.00005267921749,
    "IQD": 0.001692079757,
    "ILS": 0.5967140922,
    "JMD": 0.014149672879999999,
    "JPY": 0.01515105072,
    "JOD": 3.128866704,
    "KZT": 0.004621984038,
    "KES": 0.017177851879999997,
    "KWD": 7.253935838,
    "KGS": 0.025935442139999997,
    "LAK": 0.0001003823632,
    "LBP": 0.00002474307964,
    "LSL": 0.1234191535,
    "LRD": 0.011362570709999999,
    "LYD": 0.4636082267,
    "MOP": 0.27604878250000003,
    "MKD": 0.04000799385,
    "MGA": 0.0004863707247,
    "MWK": 0.001277838615,
    "MYR": 0.5064871992000001,
    "MVR": 0.144086652,
    "MRU": 0.05595347689999999,
    "MUR": 0.048174722389999994,
    "MXN": 0.1140597299,
    "MDL": null,
    "MNT": null,
    "MAD": 0.22956631330000002,
    "MZN": 0.03470191086,
    "MMK": 0.0006827323599,
    "NAD": 0.1234191535,
    "NPR": 0.016499165609999998,
    "ANG": 1.230195559,
    "TWD": 0.06928856128,
    "NZD": 1.3614170780000001,
    "NIO": 0.060197864329999996,
    "NGN": 0.0014073547319999999,
    "KPW": null,
    "NOK": null,
    "OMR": 5.760290763,
    "PKR": 0.007952864752,
    "PAB": 2.216953637,
    "PGK": null,
    "PYG": 0.000292186798,
    "PEN": 0.5909759045,
    "PHP": 0.039268025289999994,
    "PLN": 0.5753328127,
    "QAR": 0.6076380246,
    "RON": 0.4952372203,
    "RUB": 0.02408874707,
    "RWF": 0.001673870468,
    "SHP": 2.90113529,
    "WST": null,
    "STN": null,
    "SAR": 0.590949717,
    "RSD": 0.021057129759999998,
    "SCR": 0.16428835890000001,
    "SLL": null,
    "SGD": 1.693221053,
    "SBD": 0.2594358,
    "SOS": 0.003892228828,
    "ZAR": 0.1231899187,
    "KRW": 0.001653992586,
    "SSP": null,
    "LKR": 0.007358353204,
    "SDG": 0.003686450339,
    "SRD": 0.07691827324,
    "SZL": 0.1234411058,
    "SEK": 0.2164717259,
    "CHF": 2.599979109,
    "SYP": null,
    "TJS": 0.20787754690000002,
    "TZS": 0.0008161207000000001,
    "THB": 0.06430043128,
    "TOP": 0.94439066,
    "TTD": 0.3265296674,
    "TND": 0.7303590297,
    "TRY": 0.06539669166999999,
    "TMT": 0.6338788249,
    "UGX": 0.0005964338128,
    "UAH": 0.053633739449999995,
    "AED": 0.6037026718,
    "GBP": 2.904738565,
    "USD": 2.2174,
    "UYU": 0.054958258999999995,
    "UZS": 0.000175234248,
    "VUV": null,
    "VES": 0.06058076496,
    "VND": 0.00008879378734,
    "XOF": 0.003764823677,
    "YER": 0.008857242429,
    "ZMW": 0.0851392017,
    "ZWL": null,
    "AFN": 0.031235462595981305,
    "ALL": 0.0247246466051372,
    "DZD": 0.016534419359675964,
    "AOA": 0.002462334007865604,
    "ARS": 0.0023457515869458696,
    "AMD": 0.0057147726129123345,
    "AWG": 1.231850985449992,
    "AUD": 1.4887606152826454,
    "AZN": 1.304312808123521,
    "BSD": 2.215570395529764,
    "BHD": 5.885246048510001,
    "BDT": 0.018541082579959536,
    "BBD": 1.0973494705056113,
    "BYN": 0.6770323657373849,
    "BZD": 1.099205574134253,
    "BMD": null,
    "BTN": 0.026394503599912956,
    "BOB": 0.32062642133131475,
    "BAM": 1.2626476635476085,
    "BWP": 0.1659496877341155,
    "BRL": 0.39954803477908063,
    "BND": 1.6945548304668028,
    "BGN": 1.2631705987227806,
    "BIF": 0.0007670846340033173,
    "CVE": 0.02239592653141539,
    "KHR": null,
    "XAF": 0.003764691516644438,
    "CAD": 1.6298756820130649,
    "KYD": 2.65880476956096,
    "CLP": 0.002409619402097355,
    "CNY": 0.3104941360791596,
    "COP": 0.0005465002289289459,
    "KMF": 0.0050177229562486615,
    "CDF": 0.0007709776682232218,
    "CRC": 0.004213403410366725,
    "HRK": null,
    "CUP": null,
    "CZK": 0.0982816264507244,
    "DKK": 0.33029972403382085,
    "DJF": 0.01244250634325039,
    "DOP": 0.03708494985826258,
    "EGP": 0.04542697992950306,
    "ERN": null,
    "ETB": 0.020280294234596537,
    "EUR": 2.464646752686494,
    "FJD": 1
  }
}