{
  "meta": {
    "code": "FJD",
    "createdAt": "2024-08-06T11:33:11Z"
  },
  "data": {
    "GMD": 0.032524459959999995,
    "GEL": 0.8388290342,
    "GHS": null,
    "GIP": null,
    "GTQ": null,
    "GNF": 0.0002622056446,
    "GYD": 0.01082380315,
    "HTG": 0.017126082419999997,
    "HNL": 0.09132064289,
    "HKD": 0.2900844526,
    "HUF": 0.006202148115,
    "ISK": 0.016357551119999997,
    "INR": null,
    "IDR": 0.0001397979823,
    "IRR": 0.00005368602204,
    "IQD": 0.001725765643,
    "ILS": 0.5877147395,
    "JMD": 0.014412907229999999,
    "JPY": 0.01554519376,
    "JOD": 3.1891626630000003,
    "KZT": 0.004725201731,
    "KES": 0.01738474345,
    "KWD": 7.395760654,
    "KGS": 0.02672403675,
    "LAK": 0.0001020328702,
    "LBP": 0.00002523430753,
    "LSL": 0.1219794653,
    "LRD": 0.01127067513,
    "LYD": null,
    "MOP": 0.28167580470000003,
    "MKD": 0.04007172049,
    "MGA": 0.0004975388337,
    "MWK": 0.0013032213069999999,
    "MYR": 0.5052415431,
    "MVR": 0.1472668256,
    "MRU": 0.05705087817999999,
    "MUR": 0.04889744407,
    "MXN": 0.11692589020000001,
    "MDL": 0.12784772,
    "MNT": null,
    "MAD": 0.2298841482,
    "MZN": 0.035392046479999995,
    "MMK": 0.0006959873559,
    "NAD": 0.1219794653,
    "NPR": 0.016825661829999998,
    "ANG": 1.254642654,
    "TWD": 0.06894770338999999,
    "NZD": 1.3382316090000002,
    "NIO": 0.06140507904,
    "NGN": 0.001403528323,
    "KPW": null,
    "NOK": 0.20511831900000002,
    "OMR": 5.872866103000001,
    "PKR": null,
    "PAB": 2.261046758,
    "PGK": 0.5747994324,
    "PYG": 0.0002985437347,
    "PEN": 0.6069825893,
    "PHP": 0.0391254057,
    "PLN": 0.5720068725,
    "QAR": 0.6177714911000001,
    "RON": 0.4953222364,
    "RUB": 0.02635338851,
    "RWF": 0.001702905938,
    "SHP": 2.8882899870000003,
    "WST": null,
    "STN": null,
    "SAR": 0.6020646638,
    "RSD": null,
    "SCR": null,
    "SLL": 0.00011460391160000001,
    "SGD": 1.702492276,
    "SBD": 0.26628101,
    "SOS": 0.003970521113,
    "ZAR": 0.1223783217,
    "KRW": 0.001638886377,
    "SSP": null,
    "LKR": 0.007479544233,
    "SDG": 0.003758021407,
    "SRD": 0.07880388248999999,
    "SZL": 0.12201405010000001,
    "SEK": 0.2133347382,
    "CHF": 2.642411799,
    "SYP": null,
    "TJS": 0.2141189336,
    "TZS": 0.0008369089175,
    "THB": 0.06356186479999999,
    "TOP": 0.94893691,
    "TTD": 0.33329747530000003,
    "TND": 0.7315353056,
    "TRY": 0.06738238697,
    "TMT": 0.6451810296,
    "UGX": 0.0006067825394,
    "UAH": 0.055103735589999994,
    "AED": 0.6154199449000001,
    "GBP": 2.869973561,
    "USD": 2.26045,
    "UYU": null,
    "UZS": 0.0001794214103,
    "VUV": null,
    "VES": 0.06174907431999999,
    "VND": 0.00008991437174,
    "XOF": 0.003757916748,
    "YER": 0.009028296071,
    "ZMW": 0.08699708016999999,
    "ZWL": null,
    "AFN": 0.031838425086832337,
    "ALL": 0.024607699677719183,
    "DZD": 0.016760959008861796,
    "AOA": 0.0025729970447706074,
    "ARS": 0.0024182184047710597,
    "AMD": 0.005827260172493661,
    "AWG": 1.2540238023200607,
    "AUD": 1.4651092676462634,
    "AZN": 1.3296340609059891,
    "BSD": 2.259788098937791,
    "BHD": 5.996599236225508,
    "BDT": 0.019231906557643282,
    "BBD": 1.1191718244355844,
    "BYN": 0.6904824670768965,
    "BZD": 1.1210551549590455,
    "BMD": 2.260377903540181,
    "BTN": 0.026917012222065616,
    "BOB": 0.3270006459096608,
    "BAM": 1.260341240882114,
    "BWP": 0.1660908029461423,
    "BRL": null,
    "BND": 1.7025353772405378,
    "BGN": 1.261905372733062,
    "BIF": 0.0007840538672856419,
    "CVE": 0.02235481347941476,
    "KHR": 0.0005499673492359285,
    "XAF": 0.003757763061248631,
    "CAD": 1.6333921571751073,
    "KYD": null,
    "CLP": 0.002370064488091934,
    "CNY": 0.3162384967977987,
    "COP": 0.0005440309575898378,
    "KMF": 0.005019158219779325,
    "CDF": 0.0007889626193479435,
    "CRC": 0.004273536830914994,
    "HRK": null,
    "CUP": 0.09415491157895776,
    "CZK": 0.09735874165166072,
    "DKK": 0.33034869399757366,
    "DJF": 0.012689591522822946,
    "DOP": 0.03799250100291939,
    "EGP": 0.04594460136973638,
    "ERN": null,
    "ETB": 0.028138995142914822,
    "EUR": 2.4653065070045947,
    "FJD": 1
  }
}