{
  "meta": {
    "code": "FJD",
    "createdAt": "2024-08-21T17:33:05Z"
  },
  "data": {
    "GMD": 0.031841006729999996,
    "GEL": 0.818165899,
    "GHS": null,
    "GIP": null,
    "GTQ": 0.28569516440000003,
    "GNF": 0.0002563955293,
    "GYD": 0.01058898566,
    "HTG": 0.016777274619999998,
    "HNL": 0.08896720672,
    "HKD": 0.2839389673,
    "HUF": 0.006285286978,
    "ISK": 0.016197847959999997,
    "INR": null,
    "IDR": 0.0001428737437,
    "IRR": 0.00005257349795,
    "IQD": 0.00168927479,
    "ILS": 0.5938892144,
    "JMD": 0.014085643609999999,
    "JPY": 0.015255634709999999,
    "JOD": 3.122587523,
    "KZT": 0.004625828967,
    "KES": 0.017154650969999997,
    "KWD": 7.24367579,
    "KGS": 0.025849530909999998,
    "LAK": 0.00010002033870000001,
    "LBP": 0.00002471189093,
    "LSL": 0.12383603800000001,
    "LRD": 0.01133439574,
    "LYD": 0.4634450178,
    "MOP": 0.2755645006,
    "MKD": 0.039914425909999995,
    "MGA": 0.0004800325165,
    "MWK": 0.00127510803,
    "MYR": 0.5052403848,
    "MVR": 0.143797491,
    "MRU": 0.05591081244,
    "MUR": 0.04802586136,
    "MXN": 0.11459429630000001,
    "MDL": 0.1275433732,
    "MNT": null,
    "MAD": 0.22857509650000002,
    "MZN": 0.03463226916,
    "MMK": 0.0006813622152,
    "NAD": 0.12383603800000001,
    "NPR": 0.016474082759999998,
    "ANG": 1.227664993,
    "TWD": 0.06938996834,
    "NZD": null,
    "NIO": 0.060134510769999996,
    "NGN": 0.001403933365,
    "KPW": null,
    "NOK": 0.21055223420000002,
    "OMR": 5.748693075,
    "PKR": 0.0079423955,
    "PAB": 2.2122571250000003,
    "PGK": 0.5610216622,
    "PYG": 0.0002916718997,
    "PEN": 0.5917769536,
    "PHP": 0.039316885149999994,
    "PLN": 0.5765108738,
    "QAR": 0.6078699244,
    "RON": 0.4958665499,
    "RUB": 0.02418579526,
    "RWF": 0.001679021241,
    "SHP": 2.895313132,
    "WST": null,
    "STN": null,
    "SAR": 0.5897618856,
    "RSD": 0.02108133578,
    "SCR": 0.15956867660000001,
    "SLL": 0.00011460391160000001,
    "SGD": 1.6958769710000001,
    "SBD": 0.25891515,
    "SOS": 0.0038755689879999998,
    "ZAR": 0.1238153491,
    "KRW": 0.001659772913,
    "SSP": null,
    "LKR": 0.007362803314,
    "SDG": 0.003679052168,
    "SRD": 0.07676390943,
    "SZL": 0.1237667771,
    "SEK": 0.21703418600000002,
    "CHF": 2.600481804,
    "SYP": null,
    "TJS": 0.2076440638,
    "TZS": 0.0008176635593,
    "THB": 0.06470251978,
    "TOP": 0.94183152,
    "TTD": 0.3261585125,
    "TND": 0.7272267104,
    "TRY": 0.06528144963,
    "TMT": 0.6326067221,
    "UGX": 0.0005945638986000001,
    "UAH": null,
    "AED": 0.6024911502,
    "GBP": 2.8976300910000004,
    "USD": 2.2129499999999998,
    "UYU": null,
    "UZS": 0.0001747295683,
    "VUV": null,
    "VES": 0.06039875249,
    "VND": 0.00008873110708,
    "XOF": 0.003691326074,
    "YER": 0.008839467229,
    "ZMW": 0.08520906437999999,
    "ZWL": null,
    "AFN": 0.031612605475853324,
    "ALL": 0.024780317842214256,
    "DZD": 0.016502938943787494,
    "AOA": 0.0024573929856542246,
    "ARS": 0.0023435029081937207,
    "AMD": 0.005698018292087155,
    "AWG": 1.2293791018387406,
    "AUD": 1.4925002653437867,
    "AZN": 1.3016955195939606,
    "BSD": 2.2111819846654286,
    "BHD": 5.871404326303178,
    "BDT": 0.018542609069353788,
    "BBD": 1.0951561551434945,
    "BYN": 0.6756564747056286,
    "BZD": 1.0969574461708773,
    "BMD": 2.212882383309733,
    "BTN": 0.026354530307271973,
    "BOB": 0.3199971517693515,
    "BAM": 1.2577268681250575,
    "BWP": 0.1660609996064555,
    "BRL": 0.4022106190643727,
    "BND": 1.69167289075415,
    "BGN": 1.2597015170687782,
    "BIF": 0.0007688958943677289,
    "CVE": 0.022267998829477297,
    "KHR": 0.0005403864185366639,
    "XAF": 0.0037500017095320293,
    "CAD": 1.628388584824258,
    "KYD": 2.6532868796078715,
    "CLP": 0.002416681100697321,
    "CNY": 0.31015773386365736,
    "COP": 0.0005496874795535154,
    "KMF": 0.00500765418439789,
    "CDF": 0.0007694305927231782,
    "CRC": 0.004250068630427,
    "HRK": null,
    "CUP": 0.0921296521800681,
    "CZK": 0.09844877697975318,
    "DKK": 0.33064466187822567,
    "DJF": 0.012451510147845237,
    "DOP": 0.036912133172946525,
    "EGP": 0.04536209680021603,
    "ERN": null,
    "ETB": 0.02010797259002468,
    "EUR": 2.4675591649844137,
    "FJD": 1
  }
}