{
  "meta": {
    "code": "FJD",
    "createdAt": "2024-08-14T09:33:18Z"
  },
  "data": {
    "GMD": 0.032408694249999995,
    "GEL": null,
    "GHS": 0.1439688592,
    "GIP": null,
    "GTQ": 0.29070331650000003,
    "GNF": 0.00026103609840000003,
    "GYD": 0.01077811726,
    "HTG": null,
    "HNL": null,
    "HKD": 0.2871213714,
    "HUF": null,
    "ISK": 0.016256179109999998,
    "INR": 0.026634483719999998,
    "IDR": 0.00014306201310000001,
    "IRR": 0.00005312585287,
    "IQD": 0.00171855369,
    "ILS": 0.6012457522,
    "JMD": 0.01433295967,
    "JPY": 0.015201282839999998,
    "JOD": null,
    "KZT": 0.00468656311,
    "KES": 0.017368543479999998,
    "KWD": 7.305848768000001,
    "KGS": 0.0261016621,
    "LAK": null,
    "LBP": 0.00002496762024,
    "LSL": 0.1237032073,
    "LRD": 0.011509966259999999,
    "LYD": 0.4679335711,
    "MOP": 0.2806274466,
    "MKD": 0.04005114703,
    "MGA": 0.0004925308767000001,
    "MWK": null,
    "MYR": null,
    "MVR": 0.1451273226,
    "MRU": 0.05679633143,
    "MUR": 0.04840431559,
    "MXN": 0.118183729,
    "MDL": 0.12735159000000001,
    "MNT": null,
    "MAD": 0.22931179980000002,
    "MZN": null,
    "MMK": 0.0006885208367000001,
    "NAD": 0.1237032073,
    "NPR": 0.01675016888,
    "ANG": 1.24939647,
    "TWD": 0.06946663615,
    "NZD": 1.3454768160000001,
    "NIO": null,
    "NGN": 0.001406415077,
    "KPW": null,
    "NOK": 0.20957554590000002,
    "OMR": 5.809003574,
    "PKR": 0.008074240631,
    "PAB": 2.2514531200000003,
    "PGK": 0.5715487926,
    "PYG": 0.000297649401,
    "PEN": 0.6010107276000001,
    "PHP": 0.0392687901,
    "PLN": 0.5744545109,
    "QAR": 0.6168378356,
    "RON": null,
    "RUB": 0.024379835069999998,
    "RWF": 0.001707230915,
    "SHP": 2.87295795,
    "WST": null,
    "STN": null,
    "SAR": 0.5957185367,
    "RSD": 0.02106900903,
    "SCR": null,
    "SLL": 0.00011460391160000001,
    "SGD": 1.6998666610000002,
    "SBD": 0.26275350000000003,
    "SOS": 0.003953400342,
    "ZAR": 0.12380319999999999,
    "KRW": 0.001649589729,
    "SSP": null,
    "LKR": 0.007521583926999999,
    "SDG": 0.003717705532,
    "SRD": 0.07800334753999999,
    "SZL": 0.12372668740000001,
    "SEK": 0.2148636669,
    "CHF": 2.592062159,
    "SYP": null,
    "TJS": 0.212114818,
    "TZS": 0.0008282222213,
    "THB": 0.06399657788999999,
    "TOP": 0.94345278,
    "TTD": 0.3316702769,
    "TND": 0.7296293038,
    "TRY": 0.06662809332,
    "TMT": 0.640089888,
    "UGX": 0.0006034056978,
    "UAH": 0.054420297369999995,
    "AED": 0.608826023,
    "GBP": 2.873407,
    "USD": 2.2361999999999997,
    "UYU": 0.055491303,
    "UZS": 0.0001781540288,
    "VUV": null,
    "VES": null,
    "VND": 0.00008929638564,
    "XOF": null,
    "YER": 0.008931449886,
    "ZMW": null,
    "ZWL": null,
    "AFN": 0.03171452511717779,
    "ALL": 0.024603584112648704,
    "DZD": 0.01666156236093734,
    "AOA": 0.002536732792646022,
    "ARS": 0.002379537546453106,
    "AMD": 0.005799665261068107,
    "AWG": 1.2405714045589284,
    "AUD": 1.4844434303835312,
    "AZN": 1.3153705627749814,
    "BSD": 2.2502043098880513,
    "BHD": 5.932442947406968,
    "BDT": 0.019149965289347416,
    "BBD": 1.114440261415955,
    "BYN": 0.6875817402759442,
    "BZD": 1.1163129253058404,
    "BMD": 2.2361299567174684,
    "BTN": 0.02679582667422094,
    "BOB": 0.3256357037658645,
    "BAM": 1.256722290475424,
    "BWP": 0.1666243143206184,
    "BRL": 0.4097502349905304,
    "BND": 1.7008114567378148,
    "BGN": 1.2587986697492994,
    "BIF": 0.0007805647726768784,
    "CVE": 0.022290838232168375,
    "KHR": 0.0005499733287134401,
    "XAF": 0.0037470417218017625,
    "CAD": 1.6320925164516895,
    "KYD": 2.700096764150765,
    "CLP": 0.002399590029851433,
    "CNY": 0.3125749531294483,
    "COP": 0.0005539129488622226,
    "KMF": 0.004980799548196853,
    "CDF": 0.0007791393577412783,
    "CRC": 0.004249478455984775,
    "HRK": null,
    "CUP": 0.09376007446140082,
    "CZK": 0.0979088291546426,
    "DKK": 0.3304142951812547,
    "DJF": null,
    "DOP": 0.037715179188604814,
    "EGP": 0.04523831594829903,
    "ERN": null,
    "ETB": 0.021706459108856366,
    "EUR": null,
    "FJD": 1
  }
}