{
  "meta": {
    "code": "FJD",
    "createdAt": "2024-08-26T16:37:04Z"
  },
  "data": {
    "GMD": 0.03150928508,
    "GEL": 0.8184933351,
    "GHS": 0.1413748863,
    "GIP": null,
    "GTQ": 0.28492895490000003,
    "GNF": 0.000255549741,
    "GYD": 0.010560881579999999,
    "HTG": 0.0167242176,
    "HNL": 0.08867372489,
    "HKD": 0.2828825528,
    "HUF": 0.006242973219,
    "ISK": 0.01614677887,
    "INR": 0.026301780719999997,
    "IDR": 0.0001427249647,
    "IRR": 0.00005240007038,
    "IQD": 0.001683702271,
    "ILS": 0.5992075238,
    "JMD": 0.014092930089999999,
    "JPY": 0.01525813528,
    "JOD": 3.112286843,
    "KZT": 0.004563869221,
    "KES": 0.01709806182,
    "KWD": 7.220217331000001,
    "KGS": 0.025884870959999997,
    "LAK": 0.00009987095194,
    "LBP": 0.00002463037223,
    "LSL": 0.1245426293,
    "LRD": 0.01131132312,
    "LYD": 0.4628856052,
    "MOP": 0.2747917875,
    "MKD": 0.0399957352,
    "MGA": 0.0004815829664,
    "MWK": 0.0012709017489999999,
    "MYR": 0.5042640844,
    "MVR": 0.14369664170000002,
    "MRU": 0.05544620316,
    "MUR": 0.0478570247,
    "MXN": 0.1136935377,
    "MDL": 0.12683590320000002,
    "MNT": null,
    "MAD": 0.2286476926,
    "MZN": 0.034520782539999996,
    "MMK": 0.000679114562,
    "NAD": 0.1245426293,
    "NPR": 0.016432954899999998,
    "ANG": 1.2244888740000002,
    "TWD": 0.06924900647,
    "NZD": 1.3693863160000002,
    "NIO": 0.059936141199999994,
    "NGN": null,
    "KPW": null,
    "NOK": 0.209272072,
    "OMR": 5.730766148000001,
    "PKR": 0.007916195411,
    "PAB": 2.206448445,
    "PGK": 0.5829654922,
    "PYG": 0.0002901761962,
    "PEN": 0.5884086835,
    "PHP": 0.039320629839999996,
    "PLN": 0.5749776646,
    "QAR": 0.6058232387,
    "RON": 0.4948183883,
    "RUB": 0.02397552578,
    "RWF": 0.001655272038,
    "SHP": 2.91278139,
    "WST": null,
    "STN": null,
    "SAR": 0.5878187603,
    "RSD": 0.02104264871,
    "SCR": 0.16498006140000002,
    "SLL": 0.00011460391160000001,
    "SGD": 1.6919100020000002,
    "SBD": null,
    "SOS": 0.0038627844,
    "ZAR": 0.1246429136,
    "KRW": null,
    "SSP": null,
    "LKR": 0.0073306851059999996,
    "SDG": 0.003666915843,
    "SRD": 0.07660235683,
    "SZL": 0.1245426293,
    "SEK": 0.2159907465,
    "CHF": 2.6014230130000002,
    "SYP": null,
    "TJS": 0.2071095865,
    "TZS": 0.0008140540233,
    "THB": 0.06482826628999999,
    "TOP": 0.942474245,
    "TTD": 0.3248353392,
    "TND": 0.72584236,
    "TRY": 0.06489955288999999,
    "TMT": 0.631345256,
    "UGX": 0.00059420211,
    "UAH": 0.053371612889999996,
    "AED": 0.600503652,
    "GBP": 2.909653778,
    "USD": 2.20565,
    "UYU": 0.054653448439999995,
    "UZS": 0.0001738785953,
    "VUV": null,
    "VES": 0.060361604469999997,
    "VND": 0.00008867837881,
    "XOF": 0.00367914926,
    "YER": 0.008812061404,
    "ZMW": 0.08385751166,
    "ZWL": null,
    "AFN": 0.03106455354638721,
    "ALL": 0.02460215618286104,
    "DZD": 0.01644068236599055,
    "AOA": 0.0024383480026182,
    "ARS": 0.002325951280562607,
    "AMD": 0.005682881920446384,
    "AWG": 1.223624577971424,
    "AUD": 1.4947239707854076,
    "AZN": 1.297401942231466,
    "BSD": 2.2053274842761543,
    "BHD": 5.8525533404125625,
    "BDT": null,
    "BBD": 1.0922514246966049,
    "BYN": 0.6738914292750059,
    "BZD": 1.09411857303969,
    "BMD": 2.205583301793492,
    "BTN": 0.026288631262925532,
    "BOB": 0.31913677627816994,
    "BAM": 1.2597466334054468,
    "BWP": null,
    "BRL": 0.4012778004567952,
    "BND": 1.692815841246051,
    "BGN": 1.2592144133826082,
    "BIF": 0.0007651633310645246,
    "CVE": 0.022228100799128164,
    "KHR": 0.000541779244104506,
    "XAF": 0.0037559238966917777,
    "CAD": 1.6366264744689913,
    "KYD": null,
    "CLP": 0.002430260924475674,
    "CNY": 0.30968594526864857,
    "COP": 0.0005479111109975353,
    "KMF": 0.005000755701699752,
    "CDF": 0.0007779835279694857,
    "CRC": 0.0041915463427157195,
    "HRK": null,
    "CUP": 0.0918913403352317,
    "CZK": 0.098378776495484,
    "DKK": 0.3300733754136772,
    "DJF": 0.01238464856740447,
    "DOP": 0.03691352806348941,
    "EGP": null,
    "ERN": null,
    "ETB": 0.019883554670214038,
    "EUR": 2.462495452432695,
    "FJD": 1
  }
}