{
  "meta": {
    "code": "FJD",
    "createdAt": "2024-07-23T16:36:56Z"
  },
  "data": {
    "GMD": 0.03318701572,
    "GEL": 0.8285233834,
    "GHS": 0.14584391160000001,
    "GIP": null,
    "GTQ": 0.2902753842,
    "GNF": 0.000261155919,
    "GYD": 0.010776865259999999,
    "HTG": 0.01704897311,
    "HNL": 0.09090373115,
    "HKD": 0.2880346814,
    "HUF": 0.006254885343,
    "ISK": 0.01630718463,
    "INR": 0.026871384879999998,
    "IDR": 0.000138619703,
    "IRR": 0.00005343588434,
    "IQD": 0.0017185180939999999,
    "ILS": 0.6199542996,
    "JMD": 0.0144071885,
    "JPY": 0.0144284889,
    "JOD": 3.1738087110000004,
    "KZT": 0.004749115933,
    "KES": 0.01697547167,
    "KWD": 7.356115893,
    "KGS": 0.02666039848,
    "LAK": 0.0001015858017,
    "LBP": 0.00002512929577,
    "LSL": 0.1226139725,
    "LRD": 0.011534918739999999,
    "LYD": 0.4655756313,
    "MOP": 0.2799690958,
    "MKD": 0.0396824606,
    "MGA": 0.0004961325923,
    "MWK": 0.001297761243,
    "MYR": 0.48143216910000003,
    "MVR": 0.1465371529,
    "MRU": 0.056890640129999996,
    "MUR": 0.04832054778,
    "MXN": 0.12434866160000001,
    "MDL": 0.1271501025,
    "MNT": null,
    "MAD": 0.2286065724,
    "MZN": 0.03520316919,
    "MMK": 0.0006925389017000001,
    "NAD": 0.1226139725,
    "NPR": 0.0168035237,
    "ANG": 1.2494448790000001,
    "TWD": 0.06861025377999999,
    "NZD": 1.3388990360000002,
    "NIO": 0.06114493905,
    "NGN": 0.001399657734,
    "KPW": null,
    "NOK": 0.20390913260000001,
    "OMR": 5.842869977,
    "PKR": 0.008083296169,
    "PAB": 2.251622958,
    "PGK": 0.5744962374,
    "PYG": 0.0002974574644,
    "PEN": 0.5991061813,
    "PHP": 0.038462849769999995,
    "PLN": 0.5705560012,
    "QAR": 0.6177562875,
    "RON": 0.4909316515,
    "RUB": 0.025750448649999997,
    "RWF": 0.001718186555,
    "SHP": 2.9043440620000003,
    "WST": null,
    "STN": null,
    "SAR": 0.5996076291,
    "RSD": 0.02085107382,
    "SCR": 0.1634937764,
    "SLL": 0.00011460391160000001,
    "SGD": 1.671485152,
    "SBD": 0.2659738125,
    "SOS": 0.003954221986,
    "ZAR": 0.122314215,
    "KRW": 0.001623157767,
    "SSP": null,
    "LKR": 0.007407927367,
    "SDG": 0.003838310486,
    "SRD": 0.07671122906,
    "SZL": 0.1226327537,
    "SEK": 0.2087761947,
    "CHF": 2.5216679130000004,
    "SYP": null,
    "TJS": 0.2113229305,
    "TZS": 0.0008377094778,
    "THB": 0.06220271634,
    "TOP": 0.9482838,
    "TTD": 0.33164314040000004,
    "TND": 0.7240466206,
    "TRY": 0.06849868198999999,
    "TMT": 0.6419843088,
    "UGX": 0.0006088416101,
    "UAH": 0.05453729484,
    "AED": 0.6123740572,
    "GBP": 2.903775002,
    "USD": 2.24925,
    "UYU": 0.05605131,
    "UZS": 0.00017869638960000002,
    "VUV": null,
    "VES": 0.06166336869,
    "VND": 0.0000886753317,
    "XOF": 0.0037261480359999997,
    "YER": 0.008984473926,
    "ZMW": 0.08680305599999999,
    "ZWL": null,
    "AFN": 0.03213112687171445,
    "ALL": 0.02436318868242529,
    "DZD": 0.016703270441790836,
    "AOA": 0.002577453693607412,
    "ARS": 0.002428274572698709,
    "AMD": 0.005798197732167273,
    "AWG": 1.2478107523774418,
    "AUD": 1.4882608658054175,
    "AZN": 1.3230464006000069,
    "BSD": 2.2501520718024532,
    "BHD": 5.967554055322013,
    "BDT": 0.01915149922717122,
    "BBD": 1.1145076047381002,
    "BYN": 0.6876115888747976,
    "BZD": 1.116340244298988,
    "BMD": 2.2491788810200117,
    "BTN": 0.026881066432549065,
    "BOB": 0.3256648966917396,
    "BAM": 1.2496757330473227,
    "BWP": 0.16562412139819593,
    "BRL": 0.4026096628511696,
    "BND": 1.672562841505156,
    "BGN": 1.2462302351667012,
    "BIF": 0.0007812168861692375,
    "CVE": 0.022165840132227305,
    "KHR": 0.0005477623122956044,
    "XAF": 0.0037260293748120838,
    "CAD": 1.633788090220901,
    "KYD": 2.7003812666690177,
    "CLP": 0.002380688091698034,
    "CNY": 0.30917398157080245,
    "COP": 0.0005615380477713108,
    "KMF": 0.004967816413692655,
    "CDF": 0.000794482120194583,
    "CRC": 0.004247680074095308,
    "HRK": null,
    "CUP": 0.0937592285157645,
    "CZK": 0.09615738298881872,
    "DKK": 0.32715186428798465,
    "DJF": 0.012636312047505408,
    "DOP": 0.0379933999347376,
    "EGP": 0.046509075294235445,
    "ERN": null,
    "ETB": 0.038930499980888045,
    "EUR": 2.441111253386127,
    "FJD": 1
  }
}