{
  "meta": {
    "code": "FJD",
    "createdAt": "2024-08-07T17:04:09Z"
  },
  "data": {
    "GMD": 0.03234892039,
    "GEL": 0.8312169197,
    "GHS": 0.1442397836,
    "GIP": null,
    "GTQ": 0.2902866207,
    "GNF": 0.00026091997920000003,
    "GYD": 0.01076882297,
    "HTG": 0.01708050382,
    "HNL": 0.09085059091999999,
    "HKD": 0.2882766852,
    "HUF": null,
    "ISK": 0.016271621689999998,
    "INR": 0.026786347449999998,
    "IDR": 0.0001402469591,
    "IRR": 0.00005341212714,
    "IQD": 0.001717201434,
    "ILS": 0.5931072128,
    "JMD": 0.01436943357,
    "JPY": 0.015265055429999999,
    "JOD": 3.171950257,
    "KZT": null,
    "KES": 0.01742829438,
    "KWD": 7.349257211,
    "KGS": 0.026532029909999998,
    "LAK": 0.00010144036550000001,
    "LBP": 0.00002511047942,
    "LSL": 0.1227095749,
    "LRD": null,
    "LYD": 0.46844784300000003,
    "MOP": 0.28012385630000003,
    "MKD": 0.039924513429999996,
    "MGA": 0.0004950302517,
    "MWK": 0.0012968049879999999,
    "MYR": 0.5000002332,
    "MVR": 0.1459093566,
    "MRU": 0.056753264959999994,
    "MUR": 0.0484239551,
    "MXN": 0.1168022081,
    "MDL": 0.12702612500000002,
    "MNT": null,
    "MAD": 0.2293498279,
    "MZN": 0.035190103609999995,
    "MMK": 0.0006922310040000001,
    "NAD": 0.1227095749,
    "NPR": 0.016739815249999998,
    "ANG": 1.248472335,
    "TWD": 0.06886439210999999,
    "NZD": null,
    "NIO": 0.06109511459,
    "NGN": 0.00142163835,
    "KPW": null,
    "NOK": 0.2080519308,
    "OMR": 5.841412143,
    "PKR": 0.008066896363,
    "PAB": 2.249850754,
    "PGK": 0.5718007948,
    "PYG": 0.0002973319618,
    "PEN": 0.6040739739000001,
    "PHP": 0.038979686359999995,
    "PLN": 0.5678517437,
    "QAR": 0.6163525215,
    "RON": null,
    "RUB": 0.026205736889999998,
    "RWF": 0.0017044055189999999,
    "SHP": 2.856064387,
    "WST": null,
    "STN": null,
    "SAR": 0.5989412417000001,
    "RSD": 0.02098855136,
    "SCR": 0.1675166578,
    "SLL": 0.00011460391160000001,
    "SGD": 1.6935013040000002,
    "SBD": 0.264169375,
    "SOS": 0.003950690099,
    "ZAR": 0.1222624,
    "KRW": 0.001634372082,
    "SSP": null,
    "LKR": null,
    "SDG": null,
    "SRD": 0.07794245015,
    "SZL": 0.1226780319,
    "SEK": 0.2146328284,
    "CHF": 2.6039861010000003,
    "SYP": null,
    "TJS": 0.2123614888,
    "TZS": 0.0008344914958,
    "THB": 0.06307483360999999,
    "TOP": 0.9449394750000001,
    "TTD": null,
    "TND": 0.7316226147,
    "TRY": 0.06716788514,
    "TMT": 0.64353908,
    "UGX": 0.0006037209987000001,
    "UAH": 0.0548791305,
    "AED": 0.6121018002,
    "GBP": 2.855828321,
    "USD": null,
    "UYU": 0.05549805125,
    "UZS": 0.00017823788760000002,
    "VUV": null,
    "VES": 0.06140245036,
    "VND": null,
    "XOF": null,
    "YER": 0.008980470502,
    "ZMW": 0.08677132116,
    "ZWL": null,
    "AFN": 0.03169871615923398,
    "ALL": 0.024508005490487296,
    "DZD": 0.016686282292560816,
    "AOA": 0.0025597917874370566,
    "ARS": 0.0024008349164632843,
    "AMD": 0.005797020956379162,
    "AWG": 1.2487105190824694,
    "AUD": 1.4698878032773002,
    "AZN": 1.322164079028497,
    "BSD": 2.248100903048734,
    "BHD": 5.964538129619806,
    "BDT": 0.01913128279285531,
    "BBD": 1.1133632755388942,
    "BYN": 0.6869129991405654,
    "BZD": 1.11526586096208,
    "BMD": 2.247678934348445,
    "BTN": 0.026773997145485475,
    "BOB": 0.32535481616653483,
    "BAM": 1.2549385000264426,
    "BWP": 0.16591024026547777,
    "BRL": 0.40038457643243186,
    "BND": 1.6936299226070317,
    "BGN": 1.2557951252994903,
    "BIF": 0.0007799203363631068,
    "CVE": 0.022265037508371287,
    "KHR": 0.0005472484143142005,
    "XAF": 0.003741722560883099,
    "CAD": null,
    "KYD": null,
    "CLP": 0.002380359992662807,
    "CNY": 0.31307005880179206,
    "COP": 0.000543252389221699,
    "KMF": 0.004987798144898411,
    "CDF": 0.0007833375241238093,
    "CRC": 0.004256280202516434,
    "HRK": null,
    "CUP": 0.09368984441520595,
    "CZK": 0.09718071647318974,
    "DKK": 0.3290076983678952,
    "DJF": 0.012650116442917695,
    "DOP": 0.03778597651766533,
    "EGP": 0.04562046293091036,
    "ERN": null,
    "ETB": 0.027987129615797326,
    "EUR": 2.456236618115875,
    "FJD": 1
  }
}