{
  "meta": {
    "code": "FJD",
    "createdAt": "2024-08-02T08:05:06Z"
  },
  "data": {
    "GMD": 0.03273115801,
    "GEL": 0.8334784882,
    "GHS": null,
    "GIP": null,
    "GTQ": 0.2917429574,
    "GNF": 0.0002621671996,
    "GYD": 0.010822090389999999,
    "HTG": 0.01715150944,
    "HNL": 0.0913111661,
    "HKD": 0.28912044530000003,
    "HUF": 0.006150672215,
    "ISK": 0.016282984769999998,
    "INR": 0.026968670889999997,
    "IDR": 0.0001393163276,
    "IRR": 0.00005365445059,
    "IQD": 0.001727061557,
    "ILS": 0.5928657095000001,
    "JMD": 0.01443898452,
    "JPY": 0.015143133089999998,
    "JOD": 3.1872398200000003,
    "KZT": 0.004761490135,
    "KES": 0.01737269209,
    "KWD": 7.39097411,
    "KGS": 0.026876709059999997,
    "LAK": 0.0001018046023,
    "LBP": 0.00002523456523,
    "LSL": 0.12398707560000001,
    "LRD": 0.01127036855,
    "LYD": 0.4674092636,
    "MOP": 0.2808599386,
    "MKD": 0.03955440296,
    "MGA": 0.0004958648303,
    "MWK": 0.001303149589,
    "MYR": 0.5009316628,
    "MVR": 0.1471365269,
    "MRU": 0.05705372273,
    "MUR": 0.04834365799,
    "MXN": 0.1193071381,
    "MDL": 0.12737658000000002,
    "MNT": null,
    "MAD": null,
    "MZN": 0.03534715904,
    "MMK": 0.0006953715605,
    "NAD": 0.1239893566,
    "NPR": 0.01686584713,
    "ANG": 1.2546267910000002,
    "TWD": 0.06887576897,
    "NZD": 1.3436987040000001,
    "NIO": 0.06139036228999999,
    "NGN": null,
    "KPW": null,
    "NOK": 0.2062597216,
    "OMR": 5.867593123000001,
    "PKR": 0.008110568224,
    "PAB": 2.2610359250000003,
    "PGK": 0.5752118575,
    "PYG": 0.0002982149976,
    "PEN": 0.6048447541,
    "PHP": null,
    "PLN": 0.5689261395,
    "QAR": 0.6188398719,
    "RON": 0.4905626672,
    "RUB": 0.02630120858,
    "RWF": 0.00172103127,
    "SHP": null,
    "WST": null,
    "STN": null,
    "SAR": 0.6017703035,
    "RSD": 0.02084674919,
    "SCR": 0.1665925316,
    "SLL": null,
    "SGD": 1.693924224,
    "SBD": 0.2664971,
    "SOS": 0.003970772913,
    "ZAR": 0.1239697081,
    "KRW": 0.001649214141,
    "SSP": null,
    "LKR": 0.007446961084999999,
    "SDG": 0.003754696387,
    "SRD": 0.07834767212999999,
    "SZL": 0.1240391103,
    "SEK": 0.21058212380000002,
    "CHF": 2.5906589610000004,
    "SYP": null,
    "TJS": 0.2132095142,
    "TZS": 0.00083714463,
    "THB": 0.06382598769,
    "TOP": 0.9483231550000001,
    "TTD": 0.3338443048,
    "TND": 0.7241313855,
    "TRY": 0.06806082986999999,
    "TMT": 0.6446101866,
    "UGX": 0.0006050884409,
    "UAH": 0.0548937276,
    "AED": 0.6148813059,
    "GBP": 2.873109752,
    "USD": 2.25845,
    "UYU": 0.056054729,
    "UZS": 0.0001801495553,
    "VUV": null,
    "VES": 0.061712146249999995,
    "VND": 0.00008956786855,
    "XOF": 0.0037151705759999997,
    "YER": 0.009021206882,
    "ZMW": 0.08733118999999999,
    "ZWL": null,
    "AFN": 0.03182448573093394,
    "ALL": 0.024351867758401678,
    "DZD": 0.016788079988978143,
    "AOA": 0.0025707203735150586,
    "ARS": 0.002423892108664625,
    "AMD": 0.005824363814030454,
    "AWG": 1.2537836768430166,
    "AUD": 1.4711313360946063,
    "AZN": 1.328457557554527,
    "BSD": 2.2595399295932914,
    "BHD": 5.992576203637979,
    "BDT": 0.019231137377609665,
    "BBD": 1.1191340639657295,
    "BYN": 0.6904903614591994,
    "BZD": 1.1210283978213094,
    "BMD": 2.258377847842696,
    "BTN": 0.026982084980792208,
    "BOB": 0.3270147388525175,
    "BAM": 1.2460221951618515,
    "BWP": null,
    "BRL": 0.3926316258242782,
    "BND": 1.6885257389039796,
    "BGN": 1.2462078401695573,
    "BIF": null,
    "CVE": 0.02210052832977142,
    "KHR": 0.0005499310991875759,
    "XAF": null,
    "CAD": 1.6281114744364518,
    "KYD": 2.7116492779463144,
    "CLP": 0.0023807985071105826,
    "CNY": 0.3129854549161522,
    "COP": 0.0005526232607020784,
    "KMF": null,
    "CDF": 0.0007868912361821241,
    "CRC": 0.004322868143057149,
    "HRK": null,
    "CUP": 0.09415290109511536,
    "CZK": 0.0963531382600135,
    "DKK": 0.32710392689703494,
    "DJF": 0.012689619055062511,
    "DOP": 0.038039354689386067,
    "EGP": 0.046385167614593645,
    "ERN": null,
    "ETB": 0.039014656874917904,
    "EUR": 2.4411332918441087,
    "FJD": 1
  }
}