{
  "meta": {
    "code": "FJD",
    "createdAt": "2024-08-07T12:06:53Z"
  },
  "data": {
    "GMD": 0.03229784125,
    "GEL": 0.8299044233,
    "GHS": 0.1440120282,
    "GIP": null,
    "GTQ": 0.2898282564,
    "GNF": 0.000260507985,
    "GYD": 0.01075181894,
    "HTG": 0.0170535336,
    "HNL": 0.09070713729999999,
    "HKD": 0.2878872644,
    "HUF": 0.006158062841,
    "ISK": 0.01625298671,
    "INR": 0.026737542019999998,
    "IDR": 0.0001397420027,
    "IRR": 0.00005332778908,
    "IQD": 0.0017144899629999999,
    "ILS": 0.5929139356,
    "JMD": 0.014346744149999998,
    "JPY": 0.015269571749999999,
    "JOD": 3.1673884240000003,
    "KZT": 0.004703104418,
    "KES": null,
    "KWD": 7.338018577000001,
    "KGS": 0.02649013568,
    "LAK": 0.0001012801905,
    "LBP": 0.00002507082983,
    "LSL": 0.1225158157,
    "LRD": 0.01148705898,
    "LYD": 0.4677081611,
    "MOP": 0.27968153900000003,
    "MKD": 0.03983676946,
    "MGA": 0.000494248596,
    "MWK": 0.001294757326,
    "MYR": 0.49921072990000004,
    "MVR": 0.1456789648,
    "MRU": 0.05666365122,
    "MUR": 0.048347493389999996,
    "MXN": 0.1162507683,
    "MDL": 0.1271227707,
    "MNT": null,
    "MAD": 0.22898768320000001,
    "MZN": 0.03513453823,
    "MMK": 0.0006911379671,
    "NAD": 0.1225158157,
    "NPR": 0.016713382989999997,
    "ANG": 1.246500989,
    "TWD": 0.06877671012,
    "NZD": 1.350939024,
    "NIO": 0.060998645039999994,
    "NGN": 0.001394408537,
    "KPW": null,
    "NOK": 0.2083294846,
    "OMR": 5.832177295,
    "PKR": 0.008054158686,
    "PAB": null,
    "PGK": 0.570897918,
    "PYG": 0.0002968624728,
    "PEN": 0.6031201376,
    "PHP": 0.03892083085,
    "PLN": 0.5680399660000001,
    "QAR": 0.6153792972000001,
    "RON": 0.4927455449,
    "RUB": 0.02608563625,
    "RWF": 0.0017017142529999999,
    "SHP": 2.851554645,
    "WST": null,
    "STN": null,
    "SAR": 0.5979579336,
    "RSD": 0.020955394819999997,
    "SCR": 0.1655550201,
    "SLL": 0.00011460391160000001,
    "SGD": 1.6912539510000002,
    "SBD": null,
    "SOS": 0.003944451936,
    "ZAR": 0.1223913471,
    "KRW": 0.001632391407,
    "SSP": null,
    "LKR": 0.00743556875,
    "SDG": 0.00373183687,
    "SRD": 0.07817168647,
    "SZL": null,
    "SEK": 0.2147454657,
    "CHF": 2.607409849,
    "SYP": null,
    "TJS": null,
    "TZS": 0.0008331738288000001,
    "THB": 0.0630640384,
    "TOP": 0.94344741,
    "TTD": 0.33093499860000003,
    "TND": null,
    "TRY": 0.06702983968,
    "TMT": 0.642522928,
    "UGX": 0.0006027677197,
    "UAH": 0.054792476029999995,
    "AED": 0.6111370836000001,
    "GBP": 2.8569980420000003,
    "USD": 2.2447,
    "UYU": 0.05524119156,
    "UZS": 0.00017795644890000002,
    "VUV": null,
    "VES": 0.06130102857999999,
    "VND": 0.00008919921519,
    "XOF": 0.003736796984,
    "YER": 0.008966290286,
    "ZMW": 0.08663430873,
    "ZWL": null,
    "AFN": 0.03165570485532605,
    "ALL": 0.024474751105052695,
    "DZD": 0.016659213492812512,
    "AOA": 0.002546374484257376,
    "ARS": 0.002399301776502802,
    "AMD": 0.0057891551039582325,
    "AWG": 1.2470161708817185,
    "AUD": 1.4731920767255144,
    "AZN": 1.3203700632865254,
    "BSD": 2.2450505039051665,
    "BHD": 5.955955025270912,
    "BDT": 0.019105323971176646,
    "BBD": 1.111852577057201,
    "BYN": 0.6859809416370797,
    "BZD": 1.1137525809059559,
    "BMD": 2.244629107587093,
    "BTN": 0.02673766808795135,
    "BOB": 0.3249133493381122,
    "BAM": 1.2532357012158202,
    "BWP": null,
    "BRL": null,
    "BND": 1.6913318729713196,
    "BGN": 1.2534351516856788,
    "BIF": 0.0007788620794487859,
    "CVE": 0.022229178690559088,
    "KHR": 0.0005465058647484443,
    "XAF": 0.0037366454998901916,
    "CAD": 1.633372221279859,
    "KYD": 2.6938634305579803,
    "CLP": 0.0023822012289606053,
    "CNY": 0.3125658457071176,
    "COP": 0.0005424233312122195,
    "KMF": 0.004979765075688378,
    "CDF": 0.0007821007343509036,
    "CRC": 0.004249560080016089,
    "HRK": null,
    "CUP": 0.09354192009121609,
    "CZK": null,
    "DKK": 0.3285973977082659,
    "DJF": 0.012607478158751887,
    "DOP": 0.03772631728187914,
    "EGP": 0.04559557474337916,
    "ERN": null,
    "ETB": 0.027942941519363353,
    "EUR": 2.4521281955014325,
    "FJD": 1
  }
}