{
  "meta": {
    "code": "FJD",
    "createdAt": "2024-08-19T11:33:18Z"
  },
  "data": {
    "GMD": 0.032271013099999996,
    "GEL": 0.829382957,
    "GHS": 0.1422684277,
    "GIP": null,
    "GTQ": 0.28765134070000004,
    "GNF": 0.0002582450952,
    "GYD": 0.01065898354,
    "HTG": 0.016894297989999998,
    "HNL": 0.08989684453999999,
    "HKD": 0.2857582004,
    "HUF": 0.006251665106,
    "ISK": 0.01617535936,
    "INR": 0.02654620525,
    "IDR": null,
    "IRR": 0.00005288445455,
    "IQD": 0.0017004813569999999,
    "ILS": 0.6005788439,
    "JMD": 0.01418376503,
    "JPY": 0.015231964019999999,
    "JOD": null,
    "KZT": 0.004651418204,
    "KES": 0.017295362289999998,
    "KWD": 7.283201695000001,
    "KGS": 0.02598249611,
    "LAK": 0.0001006163342,
    "LBP": 0.0000248633322,
    "LSL": 0.1248759412,
    "LRD": 0.01141807248,
    "LYD": 0.4646579585,
    "MOP": 0.2775407867,
    "MKD": 0.03993490701,
    "MGA": 0.0004915284381,
    "MWK": 0.0012840463719999999,
    "MYR": 0.5082050850000001,
    "MVR": 0.1445107814,
    "MRU": 0.05622020034,
    "MUR": 0.04814655354,
    "MXN": 0.1191496036,
    "MDL": 0.12704093930000002,
    "MNT": null,
    "MAD": 0.22893058970000002,
    "MZN": null,
    "MMK": 0.0006855958085,
    "NAD": 0.1248759412,
    "NPR": 0.01659204084,
    "ANG": 1.236263171,
    "TWD": 0.06964750194,
    "NZD": 1.351996572,
    "NIO": 0.06049396131,
    "NGN": 0.001400367399,
    "KPW": null,
    "NOK": 0.2089922903,
    "OMR": 5.7843186300000005,
    "PKR": 0.007998057009,
    "PAB": null,
    "PGK": 0.5648501063,
    "PYG": 0.0002936787949,
    "PEN": 0.5964151375,
    "PHP": 0.039271951619999995,
    "PLN": null,
    "QAR": 0.6108011337,
    "RON": 0.4936491471,
    "RUB": null,
    "RWF": 0.001670281738,
    "SHP": 2.881906475,
    "WST": null,
    "STN": null,
    "SAR": 0.5934169973,
    "RSD": 0.020993136319999998,
    "SCR": 0.1667889817,
    "SLL": null,
    "SGD": 1.69919477,
    "SBD": 0.2627506,
    "SOS": 0.003911412313,
    "ZAR": 0.12495799510000001,
    "KRW": 0.001664512136,
    "SSP": null,
    "LKR": null,
    "SDG": null,
    "SRD": 0.0775448364,
    "SZL": 0.12490477700000001,
    "SEK": 0.21375763320000002,
    "CHF": 2.574653048,
    "SYP": null,
    "TJS": null,
    "TZS": 0.0008215244874,
    "THB": 0.06451587138999999,
    "TOP": 0.9418941000000001,
    "TTD": 0.3281040223,
    "TND": 0.7236020148000001,
    "TRY": 0.06601484129,
    "TMT": 0.635548054,
    "UGX": 0.0005981484008,
    "UAH": 0.053811300609999994,
    "AED": 0.606241342,
    "GBP": 2.882774888,
    "USD": 2.2266999999999997,
    "UYU": 0.05519521693,
    "UZS": 0.0001759010612,
    "VUV": null,
    "VES": 0.06077436964,
    "VND": 0.00008916619747,
    "XOF": 0.003746278014,
    "YER": 0.008892615921,
    "ZMW": 0.08672072419,
    "ZWL": null,
    "AFN": 0.031388700950872955,
    "ALL": 0.024634797484645178,
    "DZD": 0.01657151007844824,
    "AOA": 0.0025060562200407478,
    "ARS": 0.002364907319265604,
    "AMD": 0.005738723296816651,
    "AWG": 1.2370171952812248,
    "AUD": 1.490511859536485,
    "AZN": 1.3097829126507086,
    "BSD": 2.226530757646899,
    "BHD": 5.907290711384533,
    "BDT": 0.018663490624320083,
    "BBD": 1.1112513264575083,
    "BYN": 0.6803491201985411,
    "BZD": 1.10456291922055,
    "BMD": 2.226630951506204,
    "BTN": 0.02654745893401585,
    "BOB": null,
    "BAM": 1.256478653663421,
    "BWP": 0.1667563584361642,
    "BRL": 0.40695073598816944,
    "BND": 1.6988053379270824,
    "BGN": 1.2560165388670654,
    "BIF": 0.0007732044763949442,
    "CVE": 0.022285593242979067,
    "KHR": 0.0005443776665615294,
    "XAF": 0.0037461618642427473,
    "CAD": 1.62733302024813,
    "KYD": 2.6715818386589003,
    "CLP": 0.0023737816782144145,
    "CNY": null,
    "COP": 0.0005525632444688046,
    "KMF": 0.0049765456820321345,
    "CDF": 0.0007755593700822727,
    "CRC": 0.004293938742626958,
    "HRK": null,
    "CUP": 0.09277138056642709,
    "CZK": 0.097635699878165,
    "DKK": 0.32928682902159256,
    "DJF": 0.012502904173018444,
    "DOP": null,
    "EGP": 0.045655656879885355,
    "ERN": null,
    "ETB": 0.02034372571811043,
    "EUR": 2.4569314184826867,
    "FJD": 1
  }
}