{
  "meta": {
    "code": "FJD",
    "createdAt": "2024-08-14T08:04:58Z"
  },
  "data": {
    "GMD": 0.03242318701,
    "GEL": 0.8302012056,
    "GHS": 0.1440332403,
    "GIP": null,
    "GTQ": 0.2908333153,
    "GNF": 0.0002611528304,
    "GYD": 0.01078293709,
    "HTG": 0.017101015849999998,
    "HNL": null,
    "HKD": 0.2871839947,
    "HUF": 0.006252199928,
    "ISK": null,
    "INR": null,
    "IDR": 0.0001427291093,
    "IRR": null,
    "IQD": 0.001719322205,
    "ILS": 0.6008244678,
    "JMD": 0.01433936919,
    "JPY": 0.015170676919999999,
    "JOD": 3.157250737,
    "KZT": 0.004688658881,
    "KES": 0.01734263546,
    "KWD": 7.308713154,
    "KGS": 0.02611333443,
    "LAK": 0.0001016547884,
    "LBP": 0.00002497878544,
    "LSL": 0.1237585258,
    "LRD": 0.01151511337,
    "LYD": 0.46814282500000004,
    "MOP": 0.28075293960000003,
    "MKD": 0.04001556594,
    "MGA": 0.0004927511302,
    "MWK": 0.001298286982,
    "MYR": null,
    "MVR": 0.1451922217,
    "MRU": null,
    "MUR": 0.04842596138,
    "MXN": 0.11817002260000001,
    "MDL": 0.12740854000000001,
    "MNT": null,
    "MAD": 0.2294143451,
    "MZN": 0.03500909266,
    "MMK": 0.0006888287344000001,
    "NAD": 0.1237585258,
    "NPR": 0.016757659339999998,
    "ANG": 1.249955184,
    "TWD": 0.06933400481999999,
    "NZD": 1.344814478,
    "NIO": 0.06116469004,
    "NGN": 0.001407044008,
    "KPW": null,
    "NOK": 0.2087397088,
    "OMR": 5.811666165,
    "PKR": 0.008077851328,
    "PAB": 2.252459941,
    "PGK": 0.5718043819,
    "PYG": null,
    "PEN": 0.6012794919000001,
    "PHP": 0.03927118238,
    "PLN": 0.5743451700000001,
    "QAR": 0.6171136776,
    "RON": 0.4949124891,
    "RUB": 0.02435046782,
    "RWF": 0.001707994366,
    "SHP": 2.8742427000000004,
    "WST": null,
    "STN": null,
    "SAR": 0.5959079747,
    "RSD": 0.021043018179999998,
    "SCR": 0.1652768637,
    "SLL": null,
    "SGD": 1.699012344,
    "SBD": 0.262871,
    "SOS": 0.003955168252,
    "ZAR": 0.123734,
    "KRW": 0.001648078795,
    "SSP": null,
    "LKR": 0.007524947483,
    "SDG": null,
    "SRD": null,
    "SZL": 0.1237820164,
    "SEK": 0.2140966842,
    "CHF": 2.589760348,
    "SYP": null,
    "TJS": 0.2122096731,
    "TZS": 0.0008285925917,
    "THB": 0.06419513404999999,
    "TOP": 0.9438746800000001,
    "TTD": 0.3318185956,
    "TND": 0.7299555847,
    "TRY": 0.06670444468,
    "TMT": 0.640376128,
    "UGX": 0.0006036755331,
    "UAH": null,
    "AED": 0.6090982822000001,
    "GBP": 2.872477,
    "USD": 2.2372,
    "UYU": 0.055516117999999996,
    "UZS": 0.000178233697,
    "VUV": null,
    "VES": 0.06109483422,
    "VND": 0.00008917412084,
    "XOF": 0.00374883577,
    "YER": 0.008935443916,
    "ZMW": 0.08617170895,
    "ZWL": null,
    "AFN": 0.03172870792186943,
    "ALL": 0.024614586890705222,
    "DZD": 0.016662247188884535,
    "AOA": 0.002537867225653715,
    "ARS": 0.0023806452539081742,
    "AMD": 0.005802258883788533,
    "AWG": 1.2411261909951183,
    "AUD": 1.4840226147374744,
    "AZN": 1.3159587994881605,
    "BSD": 2.2512106064570268,
    "BHD": 5.934810962190515,
    "BDT": 0.019158529196341697,
    "BBD": 1.1149386417032594,
    "BYN": 0.6878892284051015,
    "BZD": 1.116812143007299,
    "BMD": 2.237129959129873,
    "BTN": 0.026807809828305187,
    "BOB": 0.3257813286988428,
    "BAM": 1.2572842996005382,
    "BWP": 0.16669882909422187,
    "BRL": 0.40995601231841394,
    "BND": 1.7015720634228364,
    "BGN": 1.2589363866797256,
    "BIF": 0.0007809138428244884,
    "CVE": 0.02230080674165234,
    "KHR": 0.0005502192780360358,
    "XAF": 0.0037487174067975934,
    "CAD": 1.6317862238798473,
    "KYD": 2.701304253552448,
    "CLP": 0.0024006631319120264,
    "CNY": 0.3127147373011705,
    "COP": null,
    "KMF": 0.004983026972981494,
    "CDF": 0.0007794877906375864,
    "CRC": 0.004251378833541843,
    "HRK": null,
    "CUP": 0.09380200415354711,
    "CZK": 0.09776384044302255,
    "DKK": 0.32994557164398974,
    "DJF": 0.012642009263992582,
    "DOP": 0.037732045509792804,
    "EGP": 0.04523807372523699,
    "ERN": null,
    "ETB": 0.02171616628762749,
    "EUR": 2.4621454305390977,
    "FJD": 1
  }
}