{
  "meta": {
    "code": "FJD",
    "createdAt": "2024-08-26T15:33:39Z"
  },
  "data": {
    "GMD": null,
    "GEL": 0.8186603253,
    "GHS": 0.14140372980000002,
    "GIP": null,
    "GTQ": 0.2849870865,
    "GNF": 0.0002556018786,
    "GYD": 0.01056303623,
    "HTG": 0.0167276297,
    "HNL": 0.08869181623,
    "HKD": 0.28295240050000003,
    "HUF": 0.006242751184,
    "ISK": 0.0161524381,
    "INR": 0.026305801129999997,
    "IDR": 0.0001427955583,
    "IRR": 0.00005241076112,
    "IQD": 0.001684045782,
    "ILS": 0.5993297750000001,
    "JMD": 0.014095805349999999,
    "JPY": 0.01526422209,
    "JOD": 3.112921817,
    "KZT": 0.004564800349,
    "KES": 0.0171015502,
    "KWD": null,
    "KGS": 0.02589015203,
    "LAK": 0.00009989132776,
    "LBP": null,
    "LSL": 0.12456803870000001,
    "LRD": 0.011313630869999999,
    "LYD": 0.4629800438,
    "MOP": 0.2748478509,
    "MKD": 0.04000389519,
    "MGA": 0.0004816812197,
    "MWK": 0.0012711610409999999,
    "MYR": 0.5043669651,
    "MVR": 0.1437259589,
    "MRU": 0.055457515379999996,
    "MUR": 0.04786678856,
    "MXN": 0.1139064582,
    "MDL": 0.1264426215,
    "MNT": null,
    "MAD": 0.22869434160000002,
    "MZN": 0.03452782552,
    "MMK": 0.0006792531159,
    "NAD": 0.12456803870000001,
    "NPR": 0.01643630758,
    "ANG": 1.2247386960000002,
    "TWD": 0.06923922063,
    "NZD": 1.369050507,
    "NIO": 0.05994836946,
    "NGN": 0.001387484259,
    "KPW": null,
    "NOK": 0.2093324168,
    "OMR": 5.7315073640000005,
    "PKR": 0.007917810485,
    "PAB": 2.206898608,
    "PGK": 0.5830844297000001,
    "PYG": 0.0002902353984,
    "PEN": 0.5885287315000001,
    "PHP": 0.039331100869999996,
    "PLN": 0.5753107289,
    "QAR": 0.6059468396000001,
    "RON": 0.4950859024,
    "RUB": 0.02397902746,
    "RWF": 0.001655609749,
    "SHP": 2.9133756600000003,
    "WST": null,
    "STN": null,
    "SAR": 0.587932886,
    "RSD": 0.021050773199999998,
    "SCR": 0.16492113090000002,
    "SLL": null,
    "SGD": 1.6920734050000001,
    "SBD": 0.26098163,
    "SOS": 0.003863572491,
    "ZAR": 0.12460260170000001,
    "KRW": 0.0016601885089999999,
    "SSP": null,
    "LKR": 0.007332180723,
    "SDG": 0.003667663972,
    "SRD": 0.07661798536,
    "SZL": 0.12456803870000001,
    "SEK": 0.21621130130000002,
    "CHF": 2.6023773300000004,
    "SYP": null,
    "TJS": 0.2071518413,
    "TZS": 0.0008142201078,
    "THB": 0.06482810162,
    "TOP": 0.94266653,
    "TTD": 0.3249016126,
    "TND": 0.7259904475000001,
    "TRY": 0.0648703705,
    "TMT": 0.6314740640000001,
    "UGX": 0.0005943233400000001,
    "UAH": 0.05338250184,
    "AED": 0.6006261677,
    "GBP": 2.9096583810000003,
    "USD": 2.2060999999999997,
    "UYU": 0.054664598919999995,
    "UZS": 0.0001735037357,
    "VUV": null,
    "VES": 0.060372794429999994,
    "VND": 0.00008869647111,
    "XOF": 0.003679899885,
    "YER": 0.008813859254,
    "ZMW": 0.08387462039999999,
    "ZWL": null,
    "AFN": 0.03107087881106661,
    "ALL": 0.024607165597960404,
    "DZD": 0.01644562360260046,
    "AOA": 0.002438844490961967,
    "ARS": 0.0023264354330424964,
    "AMD": 0.005684039052140289,
    "AWG": 1.2238737285551868,
    "AUD": 1.494410536743426,
    "AZN": 1.2976661150504287,
    "BSD": 2.2057765259466606,
    "BHD": 5.853791616969536,
    "BDT": 0.018459286370667478,
    "BBD": 1.0924738254376423,
    "BYN": 0.6740286447830703,
    "BZD": 1.094341353922568,
    "BMD": 2.206032395585729,
    "BTN": 0.026293984066443055,
    "BOB": 0.31920175781292615,
    "BAM": 1.2600031389324196,
    "BWP": 0.16631151178719394,
    "BRL": 0.4009655741808137,
    "BND": 1.693160526949862,
    "BGN": 1.2542826902352338,
    "BIF": 0.0007665157733098433,
    "CVE": 0.022271907075531467,
    "KHR": 0.0005418895593670947,
    "XAF": 0.0037566886653634004,
    "CAD": 1.6356792274910508,
    "KYD": 2.6469426292096436,
    "CLP": 0.002427332279950417,
    "CNY": 0.309753351787897,
    "COP": 0.0005484532147022741,
    "KMF": 0.005001773939148807,
    "CDF": 0.0007822809913424571,
    "CRC": 0.004192399812360258,
    "HRK": null,
    "CUP": 0.09191005102270676,
    "CZK": 0.09846402821386689,
    "DKK": 0.3302152049342573,
    "DJF": 0.01238717029037096,
    "DOP": 0.03698294041900515,
    "EGP": 0.045270612007414425,
    "ERN": null,
    "ETB": 0.019887603296780805,
    "EUR": 2.4637533111769687,
    "FJD": 1
  }
}