{
  "meta": {
    "code": "FJD",
    "createdAt": "2024-08-12T18:36:36Z"
  },
  "data": {
    "GMD": 0.032905795679999995,
    "GEL": 0.8472132347,
    "GHS": 0.14526551370000002,
    "GIP": null,
    "GTQ": 0.29305888420000004,
    "GNF": 0.0002630938469,
    "GYD": 0.010872593489999999,
    "HTG": 0.0172235044,
    "HNL": 0.09137413823,
    "HKD": 0.2914316168,
    "HUF": 0.006298028695,
    "ISK": 0.01642433427,
    "INR": 0.027048670839999997,
    "IDR": 0.00014238555250000001,
    "IRR": 0.00005392471103,
    "IQD": 0.001733206087,
    "ILS": 0.6016362272,
    "JMD": 0.014443402029999998,
    "JPY": 0.01542710751,
    "JOD": 3.203341736,
    "KZT": 0.00473099544,
    "KES": 0.017600775,
    "KWD": 7.413373222000001,
    "KGS": 0.02658664907,
    "LAK": 0.00010236699550000001,
    "LBP": 0.00002534040113,
    "LSL": 0.12441095760000001,
    "LRD": 0.0116318555,
    "LYD": 0.4720374041,
    "MOP": 0.28287455640000003,
    "MKD": 0.040305325669999996,
    "MGA": 0.0004941240334,
    "MWK": 0.001310533894,
    "MYR": 0.5095385714,
    "MVR": 0.1474490627,
    "MRU": 0.057112311389999997,
    "MUR": 0.048955930669999995,
    "MXN": 0.11900598700000001,
    "MDL": 0.12973637000000002,
    "MNT": null,
    "MAD": 0.23137673290000002,
    "MZN": 0.03553575443,
    "MMK": 0.0006990817278,
    "NAD": 0.12441095760000001,
    "NPR": 0.01689942232,
    "ANG": 1.260327758,
    "TWD": 0.06998430265,
    "NZD": 1.36661395,
    "NIO": 0.06161465385999999,
    "NGN": 0.001427987404,
    "KPW": null,
    "NOK": 0.2100916355,
    "OMR": 5.898071038,
    "PKR": 0.008145291374,
    "PAB": 2.271054002,
    "PGK": 0.5847659354,
    "PYG": 0.0003000545217,
    "PEN": 0.6063559836,
    "PHP": 0.03966182056,
    "PLN": 0.5766030111,
    "QAR": 0.6235925979,
    "RON": 0.4986170123,
    "RUB": 0.02495029745,
    "RWF": null,
    "SHP": 2.897952675,
    "WST": null,
    "STN": null,
    "SAR": 0.6048690559000001,
    "RSD": 0.021208470309999998,
    "SCR": 0.1650172608,
    "SLL": 0.00011460391160000001,
    "SGD": 1.714529476,
    "SBD": 0.2674649,
    "SOS": 0.0039763570739999995,
    "ZAR": 0.1243950187,
    "KRW": 0.001656676455,
    "SSP": null,
    "LKR": 0.0075877816789999995,
    "SDG": 0.0037747296359999997,
    "SRD": 0.0787793614,
    "SZL": null,
    "SEK": 0.2155750519,
    "CHF": 2.622820296,
    "SYP": null,
    "TJS": 0.2141728819,
    "TZS": 0.0008378610452000001,
    "THB": 0.06460412585,
    "TOP": 0.95701575,
    "TTD": 0.333995091,
    "TND": 0.7362847785000001,
    "TRY": 0.06768117556,
    "TMT": 0.6480495157,
    "UGX": 0.0006085721052,
    "UAH": 0.054964309409999995,
    "AED": 0.6181595185000001,
    "GBP": 2.897986732,
    "USD": 2.2704999999999997,
    "UYU": 0.056444629999999996,
    "UZS": 0.0001796992469,
    "VUV": null,
    "VES": 0.062002064729999994,
    "VND": 0.00009035023355,
    "XOF": 0.0037747296359999997,
    "YER": 0.009067536915,
    "ZMW": 0.08672345037,
    "ZWL": null,
    "AFN": 0.032205673977541774,
    "ALL": 0.0248467937812718,
    "DZD": 0.01687025408120969,
    "AOA": 0.002578648512748715,
    "ARS": 0.0024186637273955693,
    "AMD": 0.0058478854800773665,
    "AWG": 1.2613888974537195,
    "AUD": 1.4951920836607768,
    "AZN": 1.3355882443627618,
    "BSD": 2.2698236080987786,
    "BHD": 6.02390623332131,
    "BDT": 0.019319326776985567,
    "BBD": 1.1242124896007197,
    "BYN": 0.6936175020981513,
    "BZD": 1.126121665517628,
    "BMD": 2.2705000154166948,
    "BTN": 0.02703497598218681,
    "BOB": 0.3285143059501287,
    "BAM": 1.268144585624525,
    "BWP": 0.1679725455378215,
    "BRL": 0.41213628652793116,
    "BND": 1.7136120765360694,
    "BGN": 1.2691767068379238,
    "BIF": 0.0007883680612814892,
    "CVE": 0.02242469151280268,
    "KHR": 0.0005524330938363882,
    "XAF": null,
    "CAD": 1.652534674324503,
    "KYD": 2.7237895281385547,
    "CLP": 0.0024309422011330314,
    "CNY": 0.3164459952300962,
    "COP": 0.0005603751504517618,
    "KMF": 0.005036043065980125,
    "CDF": 0.000792495642567715,
    "CRC": 0.004287359824025625,
    "HRK": null,
    "CUP": 0.09457890691911325,
    "CZK": 0.0985318950611591,
    "DKK": 0.33254243977863673,
    "DJF": 0.012775714695039058,
    "DOP": 0.03796822769120294,
    "EGP": 0.04603333773815601,
    "ERN": null,
    "ETB": 0.021361249403448128,
    "EUR": 2.4818276392172374,
    "FJD": 1
  }
}