{
  "meta": {
    "code": "FJD",
    "createdAt": "2024-08-26T11:05:01Z"
  },
  "data": {
    "GMD": 0.03150928508,
    "GEL": 0.8184933351,
    "GHS": 0.14186432000000002,
    "GIP": null,
    "GTQ": 0.2868571341,
    "GNF": 0.0002575550738,
    "GYD": 0.01063139621,
    "HTG": 0.01684512693,
    "HNL": 0.08963124167,
    "HKD": 0.28293659120000003,
    "HUF": 0.006235099049,
    "ISK": 0.01613614742,
    "INR": 0.026289958439999997,
    "IDR": 0.0001427882668,
    "IRR": 0.00005240007038,
    "IQD": 0.001695437277,
    "ILS": 0.6018720373,
    "JMD": 0.01417807921,
    "JPY": null,
    "JOD": 3.112286843,
    "KZT": 0.004593424931,
    "KES": 0.01709806182,
    "KWD": 7.221443672,
    "KGS": 0.025845530989999997,
    "LAK": 0.00010053595320000001,
    "LBP": 0.00002479194713,
    "LSL": 0.1237455229,
    "LRD": null,
    "LYD": 0.46458135300000003,
    "MOP": 0.2764711694,
    "MKD": 0.0400347752,
    "MGA": 0.0004861129083,
    "MWK": 0.001280322257,
    "MYR": 0.5073376577,
    "MVR": null,
    "MRU": 0.055809414169999995,
    "MUR": 0.0478570247,
    "MXN": null,
    "MDL": 0.1265822535,
    "MNT": null,
    "MAD": 0.2304350631,
    "MZN": 0.034520782539999996,
    "MMK": 0.000679114562,
    "NAD": 0.1237162318,
    "NPR": 0.01654289553,
    "ANG": 1.232657058,
    "TWD": 0.06930231702999999,
    "NZD": 1.369499113,
    "NIO": 0.060324351039999995,
    "NGN": 0.001398352897,
    "KPW": null,
    "NOK": 0.2093426528,
    "OMR": 5.730585285,
    "PKR": 0.00797057505,
    "PAB": 2.2211623360000003,
    "PGK": 0.5622883395,
    "PYG": 0.00029236221590000003,
    "PEN": 0.5929576822,
    "PHP": 0.03933183455,
    "PLN": 0.5758949944,
    "QAR": null,
    "RON": 0.4952628268,
    "RUB": 0.024046525649999997,
    "RWF": 0.001677284777,
    "SHP": 2.91278139,
    "WST": null,
    "STN": null,
    "SAR": 0.5878348836,
    "RSD": 0.02105391252,
    "SCR": 0.1626472998,
    "SLL": null,
    "SGD": 1.6933767590000002,
    "SBD": 0.26092839500000004,
    "SOS": 0.003900120761,
    "ZAR": 0.12438531580000001,
    "KRW": 0.00166454759,
    "SSP": null,
    "LKR": 0.007405011099,
    "SDG": 0.003666915843,
    "SRD": 0.07666759333999999,
    "SZL": 0.1237515002,
    "SEK": 0.21591213720000002,
    "CHF": 2.606167366,
    "SYP": null,
    "TJS": 0.2088773488,
    "TZS": 0.0008138929888,
    "THB": 0.06491980076,
    "TOP": 0.942474245,
    "TTD": 0.3271594326,
    "TND": 0.7276272602,
    "TRY": 0.06485907921999999,
    "TMT": 0.631345256,
    "UGX": 0.0005976786555,
    "UAH": 0.053800258909999996,
    "AED": 0.6005265908,
    "GBP": 2.912708603,
    "USD": 2.20565,
    "UYU": 0.054644978749999996,
    "UZS": 0.0001751440495,
    "VUV": null,
    "VES": 0.06035736962,
    "VND": 0.00008867837881,
    "XOF": 0.00376351824,
    "YER": 0.008812061404,
    "ZMW": 0.08455948182999999,
    "ZWL": null,
    "AFN": 0.03134429030549079,
    "ALL": 0.0246175033386098,
    "DZD": 0.016443084710813266,
    "AOA": 0.0024384558339342094,
    "ARS": 0.0023314831594589782,
    "AMD": 0.005722680137193405,
    "AWG": 1.22532405655194,
    "AUD": 1.4947239707854076,
    "AZN": 1.297401942231466,
    "BSD": 2.220002886816274,
    "BHD": 5.852941613478753,
    "BDT": 0.01857766655429544,
    "BBD": 1.0995156440513008,
    "BYN": 0.6784721287476093,
    "BZD": 1.101379682225753,
    "BMD": 2.205583301793492,
    "BTN": 0.026465669988290245,
    "BOB": 0.3212835038485985,
    "BAM": 1.2622902258270399,
    "BWP": 0.16617142110598282,
    "BRL": 0.4019798976381344,
    "BND": 1.696887094850709,
    "BGN": 1.2606863075529482,
    "BIF": 0.0007686132245705243,
    "CVE": 0.022389376515963833,
    "KHR": 0.0005435073597809928,
    "XAF": 0.0037634054888571323,
    "CAD": 1.6336988506719636,
    "KYD": 2.6639432407700623,
    "CLP": 0.0024266512288486477,
    "CNY": 0.30985562192086297,
    "COP": 0.000548107182414332,
    "KMF": 0.005000755701699752,
    "CDF": 0.0007821217382246426,
    "CRC": 0.004219827797030949,
    "HRK": null,
    "CUP": 0.09250482547028087,
    "CZK": 0.09846002388583072,
    "DKK": 0.33023745385295666,
    "DJF": 0.012467212564945937,
    "DOP": 0.03715531433354498,
    "EGP": 0.04526130314370618,
    "ERN": null,
    "ETB": 0.020320540171295566,
    "EUR": 2.464201220055742,
    "FJD": 1
  }
}