{
  "meta": {
    "code": "FJD",
    "createdAt": "2024-08-15T12:06:49Z"
  },
  "data": {
    "GMD": 0.03196714221,
    "GEL": null,
    "GHS": 0.1434594616,
    "GIP": null,
    "GTQ": 0.2891352309,
    "GNF": 0.0002595911016,
    "GYD": 0.0107186009,
    "HTG": 0.01697118671,
    "HNL": 0.09036982777,
    "HKD": 0.2871718729,
    "HUF": 0.006246463468,
    "ISK": 0.01620230247,
    "INR": 0.02665651174,
    "IDR": 0.0001425305252,
    "IRR": 0.00005314570617,
    "IQD": 0.0017091908389999999,
    "ILS": 0.6044032175,
    "JMD": 0.014246538579999999,
    "JPY": 0.015198122739999998,
    "JOD": 3.15751106,
    "KZT": 0.00467125693,
    "KES": null,
    "KWD": 7.315609675,
    "KGS": 0.026110850829999997,
    "LAK": null,
    "LBP": 0.00002499152868,
    "LSL": 0.12437326800000001,
    "LRD": 0.01147673231,
    "LYD": 0.46678891910000003,
    "MOP": 0.2789577237,
    "MKD": 0.04005525516,
    "MGA": 0.0004878828219,
    "MWK": 0.00129062704,
    "MYR": 0.5045548058,
    "MVR": 0.1453189903,
    "MRU": 0.0565297866,
    "MUR": 0.048457773899999994,
    "MXN": 0.1189615024,
    "MDL": 0.1275499964,
    "MNT": null,
    "MAD": 0.2293389639,
    "MZN": 0.035022399329999995,
    "MMK": 0.0006889826832,
    "NAD": 0.12437326800000001,
    "NPR": 0.01666348954,
    "ANG": 1.2425867540000002,
    "TWD": 0.06929579573,
    "NZD": 1.345383559,
    "NIO": 0.060805626269999996,
    "NGN": 0.001407455858,
    "KPW": null,
    "NOK": 0.2096668957,
    "OMR": 5.813895918,
    "PKR": 0.008032629173,
    "PAB": 2.2391701680000002,
    "PGK": 0.5679577976,
    "PYG": 0.0002958111851,
    "PEN": 0.5988552879,
    "PHP": 0.039270292379999995,
    "PLN": 0.575693079,
    "QAR": 0.6134483142,
    "RON": 0.4952466451,
    "RUB": 0.025142461539999997,
    "RWF": 0.001695553176,
    "SHP": 2.870857215,
    "WST": null,
    "STN": null,
    "SAR": 0.5963094118,
    "RSD": 0.021056742229999998,
    "SCR": 0.1675042866,
    "SLL": 0.00011460391160000001,
    "SGD": 1.6988179810000001,
    "SBD": 0.26292975,
    "SOS": 0.003932061825,
    "ZAR": 0.12432773080000001,
    "KRW": 0.001648313092,
    "SSP": null,
    "LKR": 0.007486869807,
    "SDG": 0.003720199298,
    "SRD": 0.07794691176,
    "SZL": 0.1243302594,
    "SEK": 0.21416881240000002,
    "CHF": 2.58258775,
    "SYP": null,
    "TJS": 0.21065761500000002,
    "TZS": 0.0008241988833,
    "THB": 0.06404407494,
    "TOP": 0.9443094000000001,
    "TTD": 0.3295516732,
    "TND": 0.7293686033,
    "TRY": 0.06656246755999999,
    "TMT": 0.6386876905000001,
    "UGX": 0.000601066583,
    "UAH": 0.054415896299999995,
    "AED": 0.6092328454,
    "GBP": null,
    "USD": 2.2377,
    "UYU": 0.055383097369999995,
    "UZS": 0.0001773001316,
    "VUV": null,
    "VES": 0.061202795649999996,
    "VND": 0.00008934710937,
    "XOF": 0.003756494121,
    "YER": 0.00893743198,
    "ZMW": 0.0851761932,
    "ZWL": null,
    "AFN": 0.03155304652208504,
    "ALL": 0.024671848160714556,
    "DZD": 0.016674180819556274,
    "AOA": 0.002541317484911036,
    "ARS": 0.002379911128468554,
    "AMD": 0.0057677373600531785,
    "AWG": 1.2431278030356485,
    "AUD": 1.4835601556392335,
    "AZN": 1.3162529679200985,
    "BSD": 2.2379451485561215,
    "BHD": 5.936565997103393,
    "BDT": 0.01904614001508138,
    "BBD": 1.1083620601512296,
    "BYN": 0.6838302558326538,
    "BZD": null,
    "BMD": 2.2376300454641673,
    "BTN": null,
    "BOB": 0.3238666586504918,
    "BAM": 1.2598537616279972,
    "BWP": 0.16672155771109742,
    "BRL": 0.40958627803920244,
    "BND": 1.6984747220913154,
    "BGN": 1.2596842531935186,
    "BIF": 0.0007761189322168149,
    "CVE": 0.022346155495308717,
    "KHR": 0.0005465788948122713,
    "XAF": 0.003756309260903605,
    "CAD": 1.633270837585792,
    "KYD": 2.6855341777865394,
    "CLP": 0.002396442275156779,
    "CNY": 0.3128065040394953,
    "COP": 0.0005570165179744771,
    "KMF": 0.0050064437762618735,
    "CDF": 0.0007793904723656435,
    "CRC": 0.004254839816788112,
    "HRK": null,
    "CUP": 0.09324938861737722,
    "CZK": null,
    "DKK": 0.33025604918933466,
    "DJF": 0.012567467487796975,
    "DOP": 0.037435765570237006,
    "EGP": 0.045734614567522515,
    "ERN": null,
    "ETB": null,
    "EUR": 2.4645266957588365,
    "FJD": 1
  }
}