{
  "meta": {
    "code": "FJD",
    "createdAt": "2024-08-23T15:04:30Z"
  },
  "data": {
    "GMD": 0.03151571365,
    "GEL": null,
    "GHS": 0.1411452323,
    "GIP": null,
    "GTQ": 0.2849343607,
    "GNF": 0.0002556315065,
    "GYD": 0.0105621207,
    "HTG": 0.01673265299,
    "HNL": 0.08865618772,
    "HKD": 0.282920412,
    "HUF": null,
    "ISK": 0.016174939439999998,
    "INR": 0.02631645659,
    "IDR": 0.0001424743502,
    "IRR": 0.0000523952015,
    "IQD": 0.001684045782,
    "ILS": 0.5979056051,
    "JMD": 0.01408353943,
    "JPY": 0.01520355876,
    "JOD": 3.112921817,
    "KZT": 0.0045627972099999995,
    "KES": 0.0171015502,
    "KWD": 7.221697029,
    "KGS": 0.025850804029999997,
    "LAK": 0.00009966568565,
    "LBP": 0.00002462165115,
    "LSL": 0.1223571824,
    "LRD": 0.01130631324,
    "LYD": null,
    "MOP": 0.2746327561,
    "MKD": 0.040039082479999995,
    "MGA": 0.0004808937302,
    "MWK": 0.0012711610409999999,
    "MYR": 0.5038485316,
    "MVR": 0.1437259589,
    "MRU": 0.055457515379999996,
    "MUR": 0.04780453242,
    "MXN": 0.11562280400000001,
    "MDL": 0.1273691835,
    "MNT": null,
    "MAD": 0.2279146618,
    "MZN": 0.0345251782,
    "MMK": 0.0006792531159,
    "NAD": 0.1223571824,
    "NPR": 0.01643310432,
    "ANG": null,
    "TWD": 0.06914157863999999,
    "NZD": 1.369877795,
    "NIO": 0.05993208183,
    "NGN": 0.001400476093,
    "KPW": null,
    "NOK": 0.2098332015,
    "OMR": 5.730993343000001,
    "PKR": 0.007919231654,
    "PAB": 2.20641106,
    "PGK": 0.559214185,
    "PYG": 0.0002904154162,
    "PEN": 0.5893935227,
    "PHP": 0.03924581304,
    "PLN": 0.5778199471000001,
    "QAR": 0.6059051443,
    "RON": 0.4954863096,
    "RUB": 0.02410995949,
    "RWF": 0.00165747558,
    "SHP": 2.88668185,
    "WST": null,
    "STN": null,
    "SAR": 0.5879822364,
    "RSD": 0.02107014342,
    "SCR": 0.1644334725,
    "SLL": 0.00011460391160000001,
    "SGD": 1.6929695230000001,
    "SBD": 0.26208468,
    "SOS": 0.003863572491,
    "ZAR": 0.1242124529,
    "KRW": 0.0016598014709999999,
    "SSP": null,
    "LKR": 0.007355768344,
    "SDG": 0.003667663972,
    "SRD": null,
    "SZL": 0.1223571824,
    "SEK": 0.21642180730000002,
    "CHF": 2.6001579940000004,
    "SYP": null,
    "TJS": 0.2075181422,
    "TZS": null,
    "THB": 0.06487010575999999,
    "TOP": 0.93781311,
    "TTD": 0.3249779436,
    "TND": 0.7224234044000001,
    "TRY": 0.06488605587,
    "TMT": 0.6296683711000001,
    "UGX": 0.0005936961457,
    "UAH": 0.05344056639999999,
    "AED": 0.6006261677,
    "GBP": 2.911081316,
    "USD": 2.2060999999999997,
    "UYU": 0.0546561275,
    "UZS": 0.00017354468090000002,
    "VUV": null,
    "VES": 0.06019171994,
    "VND": 0.0000883234196,
    "XOF": 0.003673771781,
    "YER": 0.008812098786,
    "ZMW": null,
    "ZWL": null,
    "AFN": 0.03107087881106661,
    "ALL": 0.02445301477347007,
    "DZD": 0.016462559762528497,
    "AOA": 0.002449786114220927,
    "ARS": 0.002333808405939636,
    "AMD": 0.005685064414971986,
    "AWG": 1.2238737285551868,
    "AUD": 1.4948733209584542,
    "AZN": 1.2976661150504287,
    "BSD": 2.205209852468863,
    "BHD": 5.8537356973882995,
    "BDT": 0.01845280130313063,
    "BBD": 1.09219311022432,
    "BYN": 0.6739629559294106,
    "BZD": 1.09405479503312,
    "BMD": 2.206032395585729,
    "BTN": 0.02628919616686337,
    "BOB": 0.3191770498280417,
    "BAM": 1.2537943748428109,
    "BWP": 0.16506115221715734,
    "BRL": 0.4014106293660699,
    "BND": 1.685602594738962,
    "BGN": 1.2608781410526573,
    "BIF": 0.0007665157733098433,
    "CVE": 0.022160044157008115,
    "KHR": 0.0005393722238595915,
    "XAF": 0.003738276364856953,
    "CAD": 1.6320791286747214,
    "KYD": 2.6461082458762895,
    "CLP": 0.002422587491592819,
    "CNY": null,
    "COP": 0.0005486428118794725,
    "KMF": 0.004978071525238324,
    "CDF": 0.000780896423521087,
    "CRC": 0.004191819868673947,
    "HRK": null,
    "CUP": null,
    "CZK": 0.09842207534002591,
    "DKK": 0.3305640478974545,
    "DJF": 0.012386022728878857,
    "DOP": 0.03682858757238279,
    "EGP": 0.04522179872309197,
    "ERN": null,
    "ETB": 0.020100522968632722,
    "EUR": 2.4666368861373282,
    "FJD": 1
  }
}