{
  "meta": {
    "code": "FJD",
    "createdAt": "2024-08-08T09:33:02Z"
  },
  "data": {
    "GMD": 0.03232733766,
    "GEL": 0.8306623437,
    "GHS": 0.1442504718,
    "GIP": null,
    "GTQ": 0.2903133519,
    "GNF": null,
    "GYD": null,
    "HTG": 0.0170831771,
    "HNL": 0.09085980570999999,
    "HKD": 0.2883868536,
    "HUF": 0.0061853049959999995,
    "ISK": 0.0162796173,
    "INR": 0.026762544569999998,
    "IDR": 0.0001413515801,
    "IRR": 0.00005337649134,
    "IQD": 0.001717375932,
    "ILS": 0.5925358268,
    "JMD": 0.01437089376,
    "JPY": 0.015340808999999999,
    "JOD": 3.169833977,
    "KZT": 0.004710891036,
    "KES": 0.01745048523,
    "KWD": 7.343295674,
    "KGS": 0.02651432812,
    "LAK": 0.0001014479521,
    "LBP": 0.0000251123741,
    "LSL": 0.1227220234,
    "LRD": 0.01150597544,
    "LYD": 0.4684911866,
    "MOP": 0.2801445614,
    "MKD": 0.03992472503,
    "MGA": 0.0004950623755,
    "MWK": 0.001296889255,
    "MYR": 0.5020672926,
    "MVR": 0.1458120079,
    "MRU": 0.05676162462999999,
    "MUR": 0.04849614368,
    "MXN": 0.1166786029,
    "MDL": 0.12707618,
    "MNT": null,
    "MAD": 0.2291422354,
    "MZN": 0.035166625279999995,
    "MMK": 0.0006917691574,
    "NAD": 0.1227220234,
    "NPR": 0.01674151607,
    "ANG": 1.2485877250000001,
    "TWD": 0.06924795798,
    "NZD": null,
    "NIO": 0.061104680009999995,
    "NGN": 0.0014051496449999999,
    "KPW": null,
    "NOK": 0.207339077,
    "OMR": null,
    "PKR": 0.008067641133,
    "PAB": 2.250039242,
    "PGK": 0.5718850489,
    "PYG": 0.0002973593845,
    "PEN": 0.6039041571,
    "PHP": 0.03915359549,
    "PLN": 0.5677465354,
    "QAR": 0.6164038159,
    "RON": 0.4936291736,
    "RUB": 0.02601192786,
    "RWF": 0.001704531712,
    "SHP": 2.8541588620000002,
    "WST": null,
    "STN": null,
    "SAR": 0.5986872710000001,
    "RSD": 0.02099197412,
    "SCR": 0.1668368698,
    "SLL": 0.00011460391160000001,
    "SGD": 1.696329951,
    "SBD": 0.263993125,
    "SOS": 0.003950981771,
    "ZAR": 0.1219125868,
    "KRW": 0.00163319313,
    "SSP": null,
    "LKR": 0.007448084094,
    "SDG": 0.003735245016,
    "SRD": 0.07789044806999999,
    "SZL": 0.12268935560000001,
    "SEK": 0.21440499340000002,
    "CHF": 2.617418815,
    "SYP": null,
    "TJS": 0.2123752794,
    "TZS": 0.0008345761822000001,
    "THB": 0.06351955430999999,
    "TOP": 0.9454324000000001,
    "TTD": 0.33148302350000003,
    "TND": 0.7316902203,
    "TRY": 0.06700217407999999,
    "TMT": 0.64310972,
    "UGX": 0.0006037821586,
    "UAH": 0.05488369887,
    "AED": 0.6116893706000001,
    "GBP": 2.8524850330000002,
    "USD": 2.24675,
    "UYU": 0.05546102375,
    "UZS": 0.0001782560216,
    "VUV": null,
    "VES": 0.061328433839999995,
    "VND": null,
    "XOF": 0.003743054045,
    "YER": 0.008974478862,
    "ZMW": null,
    "ZWL": null,
    "AFN": 0.031710143443887555,
    "ALL": 0.024515041938819943,
    "DZD": 0.016684454330486393,
    "AOA": 0.0025586525082954637,
    "ARS": 0.0023996238737394745,
    "AMD": 0.005791887997971153,
    "AWG": 1.2481547592078561,
    "AUD": 1.4723050189431262,
    "AZN": 1.3215756273965535,
    "BSD": 2.248746739205072,
    "BHD": 5.960104211516202,
    "BDT": 0.01913801502284956,
    "BBD": 1.1137239475862104,
    "BYN": 0.6871356252053145,
    "BZD": 1.1155959319522135,
    "BMD": 2.2466785665741407,
    "BTN": 0.026781684653660747,
    "BOB": 0.325451212305717,
    "BAM": 1.2553507084716777,
    "BWP": 0.16595791930836198,
    "BRL": null,
    "BND": 1.6942715074502572,
    "BGN": null,
    "BIF": 0.0007802156534791393,
    "CVE": 0.022266189564629005,
    "KHR": 0.0005474556403483076,
    "XAF": 0.0037429346662205152,
    "CAD": 1.6349587502572291,
    "KYD": 2.698323073483321,
    "CLP": 0.0023784695656616645,
    "CNY": 0.31346233131628054,
    "COP": 0.0005431167729716731,
    "KMF": 0.004984311851035152,
    "CDF": 0.0007828148315589342,
    "CRC": 0.004256712039306506,
    "HRK": null,
    "CUP": 0.09369933302266131,
    "CZK": 0.09729124290006452,
    "DKK": 0.3291976606511068,
    "DJF": 0.012628352186442988,
    "DOP": 0.03779085107341539,
    "EGP": 0.04557157335850184,
    "ERN": null,
    "ETB": 0.027968454823943133,
    "EUR": 2.4565139921717845,
    "FJD": 1
  }
}