{
  "meta": {
    "code": "FJD",
    "createdAt": "2024-08-15T11:04:03Z"
  },
  "data": {
    "GMD": 0.03197428507,
    "GEL": 0.8321482117000001,
    "GHS": 0.1428634778,
    "GIP": null,
    "GTQ": 0.2887743545,
    "GNF": 0.0002593536632,
    "GYD": 0.01071290257,
    "HTG": 0.016970417369999997,
    "HNL": 0.09028046044999999,
    "HKD": 0.2872304442,
    "HUF": 0.006246831867,
    "ISK": 0.01620357625,
    "INR": 0.02666345278,
    "IDR": 0.000142516042,
    "IRR": null,
    "IQD": 0.00170735111,
    "ILS": 0.6025413456000001,
    "JMD": 0.01424954058,
    "JPY": null,
    "JOD": 3.1591073900000004,
    "KZT": 0.004657982927,
    "KES": 0.0173503874,
    "KWD": 7.315793949000001,
    "KGS": 0.02611668514,
    "LAK": 0.0001010518203,
    "LBP": 0.00002496242078,
    "LSL": 0.1238807217,
    "LRD": 0.01145336202,
    "LYD": 0.4651322044,
    "MOP": 0.2788020544,
    "MKD": 0.04006619725,
    "MGA": 0.0004915109582,
    "MWK": 0.001289348011,
    "MYR": 0.5046675454,
    "MVR": 0.1453514609,
    "MRU": 0.056471516119999995,
    "MUR": 0.04846860149,
    "MXN": 0.11891095530000001,
    "MDL": 0.127532636,
    "MNT": null,
    "MAD": 0.228549988,
    "MZN": null,
    "MMK": 0.0006891366321,
    "NAD": null,
    "NPR": 0.01664797332,
    "ANG": 1.241317582,
    "TWD": null,
    "NZD": 1.344632223,
    "NIO": 0.060747635269999996,
    "NGN": 0.001407672938,
    "KPW": null,
    "NOK": 0.2095877338,
    "OMR": 5.814232571000001,
    "PKR": 0.008024271539,
    "PAB": 2.2369038580000002,
    "PGK": 0.5675862571,
    "PYG": 0.0002954674678,
    "PEN": null,
    "PHP": 0.039309081339999996,
    "PLN": 0.5762783068,
    "QAR": 0.6127418078,
    "RON": 0.4952433805,
    "RUB": 0.02507694947,
    "RWF": 0.001694947229,
    "SHP": 2.87149869,
    "WST": null,
    "STN": null,
    "SAR": 0.5964335887000001,
    "RSD": 0.02106085253,
    "SCR": 0.16754634740000002,
    "SLL": null,
    "SGD": 1.69902993,
    "SBD": 0.2629885,
    "SOS": 0.003927875373,
    "ZAR": 0.12433539410000001,
    "KRW": null,
    "SSP": null,
    "LKR": 0.007472741009,
    "SDG": 0.003721030553,
    "SRD": 0.0779643285,
    "SZL": 0.12387232840000001,
    "SEK": 0.2139791493,
    "CHF": 2.583710934,
    "SYP": null,
    "TJS": 0.2103456555,
    "TZS": 0.0008289629621000001,
    "THB": 0.06404646901,
    "TOP": 0.9445204,
    "TTD": 0.3291689405,
    "TND": 0.7275256566,
    "TRY": 0.0665220346,
    "TMT": 0.6388304013,
    "UGX": 0.0006002297326000001,
    "UAH": 0.05419756536,
    "AED": 0.6093680794,
    "GBP": 2.877519448,
    "USD": 2.2382,
    "UYU": 0.055384259,
    "UZS": 0.0001771542014,
    "VUV": null,
    "VES": 0.061207473459999995,
    "VND": 0.00008936707342,
    "XOF": 0.003756635167,
    "YER": 0.008939428993,
    "ZMW": 0.08525162792999999,
    "ZWL": null,
    "AFN": 0.031518474702398824,
    "ALL": 0.024653470990495262,
    "DZD": 0.01667757343834792,
    "AOA": 0.00254188569643469,
    "ARS": 0.0023803374264457287,
    "AMD": 0.005753270423703104,
    "AWG": 1.243405753014606,
    "AUD": 1.4830521499356095,
    "AZN": 1.3165472678978183,
    "BSD": 2.2356331535715266,
    "BHD": 5.938975817859403,
    "BDT": 0.0190239396600356,
    "BBD": 1.1072184935633114,
    "BYN": 0.6832425313119119,
    "BZD": 1.1091120065932831,
    "BMD": 2.238130355426291,
    "BTN": 0.02663680799113445,
    "BOB": 0.3235517897198817,
    "BAM": 1.2599297315845484,
    "BWP": 0.16655048168908387,
    "BRL": null,
    "BND": 1.700054580609322,
    "BGN": 1.2600347112119383,
    "BIF": 0.0007752999111641205,
    "CVE": 0.022347313294817813,
    "KHR": 0.0005464805833172656,
    "XAF": 0.0037565178938149912,
    "CAD": 1.6324206671531372,
    "KYD": 2.682747135986079,
    "CLP": 0.002395926044789769,
    "CNY": 0.31287644413793675,
    "COP": 0.0005572339988451794,
    "KMF": 0.005007563163008123,
    "CDF": 0.0007795647357362155,
    "CRC": 0.004249938724702213,
    "HRK": null,
    "CUP": 0.0931493964737426,
    "CZK": 0.09782166538534795,
    "DKK": 0.3302782197271003,
    "DJF": 0.012554715320017217,
    "DOP": 0.037477021643450334,
    "EGP": 0.04575559503682819,
    "ERN": null,
    "ETB": 0.020276078842146505,
    "EUR": 2.46454841922446,
    "FJD": 1
  }
}