{
  "meta": {
    "code": "FJD",
    "createdAt": "2024-08-06T11:03:52Z"
  },
  "data": {
    "GMD": 0.03251726571,
    "GEL": 0.8386434895,
    "GHS": 0.1455225196,
    "GIP": null,
    "GTQ": 0.2921500643,
    "GNF": 0.0002625560191,
    "GYD": 0.010836663639999999,
    "HTG": null,
    "HNL": 0.09144347545999999,
    "HKD": 0.2900227734,
    "HUF": 0.006202689505,
    "ISK": 0.01636222105,
    "INR": 0.026926874849999997,
    "IDR": 0.000139707171,
    "IRR": 0.00005367414697,
    "IQD": 0.001728210884,
    "ILS": null,
    "JMD": 0.01442755017,
    "JPY": 0.015570559889999998,
    "JOD": 3.188457237,
    "KZT": null,
    "KES": 0.017451351299999997,
    "KWD": 7.3946061180000004,
    "KGS": 0.026718125529999998,
    "LAK": 0.000101966232,
    "LBP": 0.00002562964096,
    "LSL": 0.12152657380000001,
    "LRD": 0.0112865729,
    "LYD": 0.46852741010000004,
    "MOP": 0.2824736364,
    "MKD": 0.04007580634,
    "MGA": 0.0004990466789,
    "MWK": null,
    "MYR": null,
    "MVR": 0.1472342509,
    "MRU": 0.05708691554,
    "MUR": 0.04888662821,
    "MXN": null,
    "MDL": null,
    "MNT": null,
    "MAD": 0.23033369720000002,
    "MZN": 0.03538421794,
    "MMK": null,
    "NAD": 0.1215260315,
    "NPR": 0.01683227709,
    "ANG": null,
    "TWD": 0.06891710745,
    "NZD": 1.338477987,
    "NIO": 0.06148684384,
    "NGN": 0.001417829916,
    "KPW": null,
    "NOK": 0.2052339693,
    "OMR": 5.871503776,
    "PKR": null,
    "PAB": 2.264164806,
    "PGK": 0.5758298361,
    "PYG": 0.0002986783819,
    "PEN": 0.6068871989,
    "PHP": 0.03910050232,
    "PLN": 0.57176509,
    "QAR": null,
    "RON": 0.4954732459,
    "RUB": 0.026354271319999997,
    "RWF": 0.001722358291,
    "SHP": 2.8876511120000004,
    "WST": null,
    "STN": null,
    "SAR": 0.6019168909,
    "RSD": 0.0210710088,
    "SCR": 0.1666754482,
    "SLL": null,
    "SGD": 1.702532428,
    "SBD": 0.26622211,
    "SOS": 0.003975837377,
    "ZAR": 0.1221377547,
    "KRW": null,
    "SSP": null,
    "LKR": 0.007530379395,
    "SDG": 0.003757190152,
    "SRD": 0.07878645146999999,
    "SZL": 0.12158368280000001,
    "SEK": 0.2136604188,
    "CHF": 2.6450454800000003,
    "SYP": null,
    "TJS": 0.21452130160000002,
    "TZS": 0.0008370185176,
    "THB": null,
    "TOP": 0.94872701,
    "TTD": 0.3343040077,
    "TND": 0.7360633194,
    "TRY": 0.06734700718,
    "TMT": 0.6450383189000001,
    "UGX": 0.0006067131828,
    "UAH": 0.054948808489999994,
    "AED": 0.6152863031,
    "GBP": 2.869374896,
    "USD": 2.25995,
    "UYU": 0.05585466425,
    "UZS": 0.0001798572167,
    "VUV": null,
    "VES": 0.06173586773,
    "VND": 0.00008989448314,
    "XOF": 0.0037769143179999997,
    "YER": 0.009026299058,
    "ZMW": 0.08742490017,
    "ZWL": null,
    "AFN": 0.03188873971772262,
    "ALL": 0.024729848060916465,
    "DZD": 0.01676840404506773,
    "AOA": 0.0025724277893300067,
    "ARS": null,
    "AMD": 0.0058320059575993725,
    "AWG": 1.2537463594598672,
    "AUD": 1.4654519271470412,
    "AZN": 1.3293398899567122,
    "BSD": 2.262912152017094,
    "BHD": 5.995407731114482,
    "BDT": 0.01925866996592745,
    "BBD": null,
    "BYN": 0.6915608833701076,
    "BZD": null,
    "BMD": null,
    "BTN": 0.02692719235812722,
    "BOB": 0.327486629285022,
    "BAM": 1.2667121511078983,
    "BWP": 0.16631558049132963,
    "BRL": 0.3948005473813258,
    "BND": 1.7123711204531669,
    "BGN": 1.2598523624849833,
    "BIF": 0.0007852234545916093,
    "CVE": 0.022468014289955464,
    "KHR": 0.0005506738232405609,
    "XAF": 0.0037768272662614924,
    "CAD": 1.6330189817191452,
    "KYD": null,
    "CLP": null,
    "CNY": 0.31616853163127756,
    "COP": null,
    "KMF": 0.005018047770104621,
    "CDF": 0.0007887880673390614,
    "CRC": 0.004323623112116721,
    "HRK": null,
    "CUP": 0.09428512841678333,
    "CZK": 0.09743036426558221,
    "DKK": 0.33039970488222586,
    "DJF": 0.012707293667014551,
    "DOP": null,
    "EGP": 0.04593219579926267,
    "ERN": null,
    "ETB": 0.028132769615122503,
    "EUR": 2.465904100586106,
    "FJD": 1
  }
}