{
  "meta": {
    "code": "FJD",
    "createdAt": "2024-07-29T11:32:59Z"
  },
  "data": {
    "GMD": 0.03337269236,
    "GEL": 0.8375108021000001,
    "GHS": 0.1458318546,
    "GIP": null,
    "GTQ": 0.2918177738,
    "GNF": 0.00026228979210000003,
    "GYD": 0.01082559338,
    "HTG": 0.017125189319999998,
    "HNL": 0.09133479074999999,
    "HKD": 0.28946588160000003,
    "HUF": null,
    "ISK": 0.01633434465,
    "INR": 0.02699986716,
    "IDR": 0.0001389165183,
    "IRR": 0.00005369908462,
    "IQD": 0.001726235063,
    "ILS": 0.6058170881,
    "JMD": 0.01444749154,
    "JPY": 0.014702943849999999,
    "JOD": 3.1903885720000003,
    "KZT": 0.004762828154,
    "KES": 0.01738889653,
    "KWD": 7.392321412,
    "KGS": 0.02690705537,
    "LAK": 0.0001019249756,
    "LBP": 0.0000252413518,
    "LSL": 0.12307500260000001,
    "LRD": 0.011568016019999999,
    "LYD": 0.4677952475,
    "MOP": 0.2810918159,
    "MKD": 0.03976531489,
    "MGA": 0.0004952695629,
    "MWK": 0.001303516242,
    "MYR": 0.4873897518,
    "MVR": 0.1473026577,
    "MRU": 0.057109124819999996,
    "MUR": null,
    "MXN": 0.12251115450000001,
    "MDL": 0.12751890770000002,
    "MNT": null,
    "MAD": 0.2293868157,
    "MZN": 0.035387069269999995,
    "MMK": 0.0006961290476,
    "NAD": 0.12307500260000001,
    "NPR": 0.01687353324,
    "ANG": 1.255006713,
    "TWD": 0.06881482376999999,
    "NZD": 1.3289253600000002,
    "NIO": 0.061410907949999996,
    "NGN": 0.001361631629,
    "KPW": null,
    "NOK": 0.2056164705,
    "OMR": 5.873492401,
    "PKR": 0.008116415706,
    "PAB": 2.261535857,
    "PGK": 0.5761023478,
    "PYG": 0.0002985512579,
    "PEN": 0.6052846226,
    "PHP": 0.038621181059999996,
    "PLN": 0.5711394528,
    "QAR": 0.6193224028000001,
    "RON": 0.4924858197,
    "RUB": 0.026116810999999997,
    "RWF": 0.001710772536,
    "SHP": 2.91838575,
    "WST": null,
    "STN": null,
    "SAR": 0.6026885424,
    "RSD": 0.020914657649999998,
    "SCR": 0.1667535433,
    "SLL": 0.00011460391160000001,
    "SGD": 1.68243271,
    "SBD": 0.26679800000000004,
    "SOS": 0.0039716025089999996,
    "ZAR": 0.1230463558,
    "KRW": null,
    "SSP": null,
    "LKR": 0.007467988038,
    "SDG": 0.0038583616799999997,
    "SRD": 0.0779628275,
    "SZL": 0.1231112012,
    "SEK": 0.2091105972,
    "CHF": 2.555463596,
    "SYP": null,
    "TJS": 0.2129727018,
    "TZS": 0.0008374411633,
    "THB": 0.0628972803,
    "TOP": 0.9482634000000001,
    "TTD": 0.33296842600000004,
    "TND": 0.7260401106000001,
    "TRY": 0.06848817709999999,
    "TMT": 0.6217750000000001,
    "UGX": 0.0006069376397,
    "UAH": null,
    "AED": 0.6155714943,
    "GBP": 2.903836215,
    "USD": 2.2609999999999997,
    "UYU": 0.056109903009999997,
    "UZS": 0.00017939746230000002,
    "VUV": null,
    "VES": 0.061840633609999994,
    "VND": 0.0000894205151,
    "XOF": 0.00373392845,
    "YER": 0.009031399447,
    "ZMW": 0.08635559393999999,
    "ZWL": null,
    "AFN": 0.03194909132618107,
    "ALL": 0.02443109472477087,
    "DZD": 0.016794759271147392,
    "AOA": 0.002590916817246801,
    "ARS": 0.002433642664315319,
    "AMD": 0.005825921957597026,
    "AWG": 1.2560707153744763,
    "AUD": 1.4804783308588434,
    "AZN": 1.329957228043563,
    "BSD": 2.260260511017498,
    "BHD": 5.99807262013114,
    "BDT": 0.019236711802484947,
    "BBD": 1.1194377419039403,
    "BYN": 0.6906791933917958,
    "BZD": 1.1213598836806933,
    "BMD": 2.260927287674057,
    "BTN": 0.026993110599398695,
    "BOB": 0.3270856595740399,
    "BAM": 1.252283947866967,
    "BWP": 0.16624025304761497,
    "BRL": 0.39902002899430355,
    "BND": 1.682154959586344,
    "BGN": 1.2525704769087487,
    "BIF": 0.0007848477130982152,
    "CVE": 0.02221209834761315,
    "KHR": 0.000551128982484895,
    "XAF": 0.003733807599384107,
    "CAD": 1.6334586494278096,
    "KYD": 2.7123115288527373,
    "CLP": 0.002374699123068306,
    "CNY": 0.3115125984194422,
    "COP": 0.0005620268640073377,
    "KMF": 0.004977549207302342,
    "CDF": 0.0007891543761515036,
    "CRC": 0.004271393717630789,
    "HRK": null,
    "CUP": 0.09417893356772762,
    "CZK": 0.09652409392299739,
    "DKK": 0.3281190508734886,
    "DJF": null,
    "DOP": 0.03818548895287122,
    "EGP": 0.04679855870772302,
    "ERN": null,
    "ETB": 0.03909646204280475,
    "EUR": 2.448865468508773,
    "FJD": 1
  }
}