{
  "meta": {
    "code": "FJD",
    "createdAt": "2024-08-26T10:36:03Z"
  },
  "data": {
    "GMD": 0.03151571365,
    "GEL": null,
    "GHS": 0.1418932634,
    "GIP": null,
    "GTQ": 0.2869156591,
    "GNF": 0.0002576076206,
    "GYD": 0.01063356525,
    "HTG": 0.01684856369,
    "HNL": 0.08964952837,
    "HKD": 0.282991669,
    "HUF": 0.006234246669,
    "ISK": 0.01614298254,
    "INR": 0.02629598398,
    "IDR": 0.00014275276,
    "IRR": null,
    "IQD": 0.0016957831829999999,
    "ILS": 0.6023596328,
    "JMD": 0.014180971839999999,
    "JPY": 0.015314077749999998,
    "JOD": 3.112921817,
    "KZT": 0.0045943620889999995,
    "KES": 0.0171015502,
    "KWD": 7.223298657000001,
    "KGS": 0.025850804029999997,
    "LAK": 0.0001005564647,
    "LBP": 0.00002479700522,
    "LSL": 0.12377076960000001,
    "LRD": 0.011387821349999999,
    "LYD": 0.46467613760000004,
    "MOP": 0.2765275754,
    "MKD": null,
    "MGA": 0.0004862120858,
    "MWK": null,
    "MYR": 0.5074411655000001,
    "MVR": 0.1437259589,
    "MRU": 0.055820800489999996,
    "MUR": 0.04813849184,
    "MXN": 0.1150911339,
    "MDL": 0.126608079,
    "MNT": null,
    "MAD": 0.23048207680000002,
    "MZN": 0.03452782552,
    "MMK": 0.0006792531159,
    "NAD": 0.1237414726,
    "NPR": 0.01654627063,
    "ANG": 1.232908546,
    "TWD": 0.06930884514999999,
    "NZD": 1.36889608,
    "NIO": 0.060336658509999995,
    "NGN": 0.001398638191,
    "KPW": null,
    "NOK": 0.2093478595,
    "OMR": 5.731553692,
    "PKR": null,
    "PAB": 2.221615501,
    "PGK": null,
    "PYG": 0.0002924218641,
    "PEN": 0.5930786583000001,
    "PHP": 0.03934442571,
    "PLN": 0.5757943061,
    "QAR": 0.6089925813,
    "RON": 0.495464028,
    "RUB": 0.023992484669999998,
    "RWF": 0.00167762698,
    "SHP": 2.9133756600000003,
    "WST": null,
    "STN": null,
    "SAR": 0.5879759711,
    "RSD": 0.021062229029999997,
    "SCR": 0.1626758064,
    "SLL": 0.00011460391160000001,
    "SGD": 1.693671283,
    "SBD": 0.26098163,
    "SOS": 0.00390091647,
    "ZAR": 0.1243269716,
    "KRW": 0.0016647365169999999,
    "SSP": null,
    "LKR": 0.007406521881,
    "SDG": 0.003667663972,
    "SRD": 0.07668323517999999,
    "SZL": 0.1237767481,
    "SEK": 0.2159731087,
    "CHF": 2.6063946380000003,
    "SYP": null,
    "TJS": 0.2089199643,
    "TZS": 0.0008140590405000001,
    "THB": null,
    "TOP": 0.94266653,
    "TTD": 0.3272261801,
    "TND": 0.7277757118,
    "TRY": 0.06485210398999999,
    "TMT": 0.6314740640000001,
    "UGX": 0.0005978005948000001,
    "UAH": 0.05381123532,
    "AED": 0.6006491111000001,
    "GBP": 2.9093495270000003,
    "USD": 2.2060999999999997,
    "UYU": 0.0546561275,
    "UZS": null,
    "VUV": null,
    "VES": 0.060369485279999996,
    "VND": 0.00008869647111,
    "XOF": 0.003764286078,
    "YER": 0.008813859254,
    "ZMW": 0.08457673378,
    "ZWL": null,
    "AFN": 0.03135067252523748,
    "ALL": 0.024622515877831826,
    "DZD": 0.016448075958846425,
    "AOA": 0.0024389523447813704,
    "ARS": 0.002332010396039848,
    "AMD": 0.005723845373376062,
    "AWG": 1.2255735531031828,
    "AUD": 1.4942344095662459,
    "AZN": 1.2976661150504287,
    "BSD": 2.2204549167580074,
    "BHD": 5.853581924905132,
    "BDT": 0.018581449279717704,
    "BBD": 1.0997395239993788,
    "BYN": 0.6786102772163292,
    "BZD": 1.1016039415519459,
    "BMD": 2.206032395585729,
    "BTN": 0.026471058847899603,
    "BOB": 0.3213489225158577,
    "BAM": 1.2625472493267966,
    "BWP": 0.1662052563873609,
    "BRL": 0.4019725713790815,
    "BND": null,
    "BGN": null,
    "BIF": 0.0007687697273807551,
    "CVE": 0.02239393537044817,
    "KHR": 0.000543618027132453,
    "XAF": 0.0037641717802105908,
    "CAD": 1.6337773665250819,
    "KYD": 2.6644856643603707,
    "CLP": 0.0024271453359593436,
    "CNY": 0.3099100060546033,
    "COP": 0.0005482187861793562,
    "KMF": 0.005001773939148807,
    "CDF": 0.0007822809913424571,
    "CRC": null,
    "HRK": null,
    "CUP": 0.0925236610087501,
    "CZK": 0.09847699468340923,
    "DKK": 0.33037295892864527,
    "DJF": 0.012469751099121832,
    "DOP": 0.037162879783648295,
    "EGP": 0.045251770215311994,
    "ERN": null,
    "ETB": 0.020324677776491357,
    "EUR": 2.464923288737803,
    "FJD": 1
  }
}