{
  "meta": {
    "code": "FJD",
    "createdAt": "2024-07-25T08:06:04Z"
  },
  "data": {
    "GMD": 0.03333013634,
    "GEL": 0.8290423304000001,
    "GHS": 0.1456982992,
    "GIP": null,
    "GTQ": 0.2912141205,
    "GNF": 0.000262072536,
    "GYD": null,
    "HTG": null,
    "HNL": 0.09122292936,
    "HKD": 0.2893954398,
    "HUF": 0.006223400473,
    "ISK": 0.016398911,
    "INR": 0.02699307454,
    "IDR": null,
    "IRR": 0.00005366632919,
    "IQD": 0.001724650044,
    "ILS": 0.6164383145,
    "JMD": null,
    "JPY": 0.014843300669999998,
    "JOD": 3.1870463840000003,
    "KZT": 0.004764902628,
    "KES": 0.01698458625,
    "KWD": 7.391065281,
    "KGS": null,
    "LAK": 0.0001018951353,
    "LBP": 0.00002521801422,
    "LSL": 0.1233656192,
    "LRD": 0.011581139899999999,
    "LYD": null,
    "MOP": 0.2808859752,
    "MKD": 0.03974794205,
    "MGA": 0.0004970202781,
    "MWK": 0.001302365545,
    "MYR": 0.4844415409,
    "MVR": 0.1471691015,
    "MRU": 0.05705619315,
    "MUR": 0.04829020665,
    "MXN": null,
    "MDL": 0.1270546427,
    "MNT": null,
    "MAD": 0.22863781700000002,
    "MZN": 0.03535498457,
    "MMK": 0.0006955255094,
    "NAD": null,
    "NPR": 0.016863818489999998,
    "ANG": 1.253878764,
    "TWD": 0.06907324693,
    "NZD": 1.3375694740000001,
    "NIO": 0.0613621178,
    "NGN": 0.001425879735,
    "KPW": null,
    "NOK": 0.2044406223,
    "OMR": 5.868817609000001,
    "PKR": 0.008108853421,
    "PAB": 2.259453745,
    "PGK": 0.5843201116,
    "PYG": 0.00029824826490000003,
    "PEN": 0.6011206004,
    "PHP": 0.03855751606,
    "PLN": 0.5701393271,
    "QAR": 0.6190055434,
    "RON": 0.4934467548,
    "RUB": 0.02645042957,
    "RWF": 0.001719576668,
    "SHP": 2.915739712,
    "WST": null,
    "STN": null,
    "SAR": 0.602152534,
    "RSD": 0.02094082838,
    "SCR": 0.16662128140000002,
    "SLL": 0.00011460391160000001,
    "SGD": 1.682913909,
    "SBD": null,
    "SOS": 0.003967762093,
    "ZAR": 0.1220968235,
    "KRW": 0.001634978087,
    "SSP": null,
    "LKR": 0.007440161301,
    "SDG": 0.003854863387,
    "SRD": 0.07748867826,
    "SZL": 0.1233908517,
    "SEK": 0.20893231850000002,
    "CHF": 2.5653630130000002,
    "SYP": null,
    "TJS": 0.2120707681,
    "TZS": 0.0008366481473000001,
    "THB": 0.06248393494999999,
    "TOP": 0.950340265,
    "TTD": 0.3323764815,
    "TND": 0.7270838767000001,
    "TRY": null,
    "TMT": 0.6455984224,
    "UGX": 0.0006072168288,
    "UAH": 0.05476051714,
    "AED": 0.6150174349,
    "GBP": 2.915434754,
    "USD": 2.25895,
    "UYU": 0.056202676,
    "UZS": 0.0001794532469,
    "VUV": null,
    "VES": 0.06186624767,
    "VND": 0.00008919848096,
    "XOF": null,
    "YER": 0.009023210871,
    "ZMW": 0.08669172415,
    "ZWL": null,
    "AFN": 0.031914596295209915,
    "ALL": 0.024355793078662057,
    "DZD": 0.016792745091060875,
    "AOA": 0.0025801002687493592,
    "ARS": 0.002434146561203918,
    "AMD": 0.005820114428024266,
    "AWG": 1.253191559023688,
    "AUD": null,
    "AZN": 1.3287516382345042,
    "BSD": 2.2581280866595566,
    "BHD": null,
    "BDT": 0.019219339371372216,
    "BBD": 1.118404157893285,
    "BYN": 0.6900290706142318,
    "BZD": 1.1202972668825466,
    "BMD": 2.2588777849986568,
    "BTN": 0.026977776049089845,
    "BOB": 0.3268181905892393,
    "BAM": 1.2519399662661395,
    "BWP": 0.16642791198566853,
    "BRL": 0.39947585811294234,
    "BND": 1.6793544100698494,
    "BGN": 1.2513379820316628,
    "BIF": 0.0007838959777939139,
    "CVE": null,
    "KHR": null,
    "XAF": 0.0037327130179448612,
    "CAD": 1.6341975865874905,
    "KYD": 2.7097410265220128,
    "CLP": 0.0023837631362279483,
    "CNY": null,
    "COP": 0.0005584646425558002,
    "KMF": 0.004973037120205668,
    "CDF": 0.0007884390177623563,
    "CRC": null,
    "HRK": null,
    "CUP": 0.09409070045632832,
    "CZK": 0.09645780379968394,
    "DKK": 0.32852461851119275,
    "DJF": 0.012681212685748046,
    "DOP": 0.03814456077059709,
    "EGP": 0.046731663924831156,
    "ERN": null,
    "ETB": 0.03906604083301583,
    "EUR": 2.4516511122242073,
    "FJD": 1
  }
}