{
  "meta": {
    "code": "EUR",
    "createdAt": "2024-08-02T15:33:01Z"
  },
  "data": {
    "FJD": null,
    "GMD": 0.01308157116,
    "GEL": null,
    "GHS": 0.058850256889999994,
    "GIP": null,
    "GTQ": 0.11828802960000001,
    "GNF": 0.0001062198369,
    "GYD": 0.004388190373,
    "HTG": 0.006959680785,
    "HNL": 0.03688456071,
    "HKD": 0.1172937,
    "HUF": 0.00251357,
    "ISK": 0.00664424607,
    "INR": 0.01093124,
    "IDR": 0.000056612,
    "IRR": 0.00002175470652,
    "IQD": 0.0006990152592,
    "ILS": 0.2409794798,
    "JMD": null,
    "JPY": 0.006254,
    "JOD": null,
    "KZT": 0.0019305034839999999,
    "KES": 0.007043922992,
    "KWD": 2.9999941590000003,
    "KGS": 0.01089741692,
    "LAK": 0.00004125748986,
    "LBP": 0.00001021997741,
    "LSL": 0.05009354468,
    "LRD": 0.004685247613,
    "LYD": 0.1895879848,
    "MOP": 0.1139457328,
    "MKD": 0.016098722059999997,
    "MGA": 0.00020037417870000002,
    "MWK": null,
    "MYR": 0.20575349999999998,
    "MVR": 0.059657902129999996,
    "MRU": 0.02301696792,
    "MUR": 0.01959634967,
    "MXN": 0.0480775,
    "MDL": 0.05182460745,
    "MNT": null,
    "MAD": 0.09215618447,
    "MZN": 0.014331841299999998,
    "MMK": 0.0002819450028,
    "NAD": 0.05009354468,
    "NPR": 0.006839809768,
    "ANG": 0.5086809341,
    "TWD": 0.02804748,
    "NZD": null,
    "NIO": 0.02484291835,
    "NGN": 0.0005662912812,
    "KPW": null,
    "NOK": 0.08350658,
    "OMR": 2.379059449,
    "PKR": 0.003282702955,
    "PAB": 0.9166852311,
    "PGK": 0.2330436256,
    "PYG": 0.00012100475810000001,
    "PEN": 0.24464600090000002,
    "PHP": null,
    "PLN": 0.2329628233,
    "QAR": 0.25149975150000003,
    "RON": 0.20095924410000002,
    "RUB": null,
    "RWF": 0.0006945089038,
    "SHP": 1.166385612,
    "WST": null,
    "STN": null,
    "SAR": 0.24392972340000002,
    "RSD": 0.008544164017,
    "SCR": 0.06753321874,
    "SLL": 0.00004746769265,
    "SGD": 0.6910014,
    "SBD": 0.10805378,
    "SOS": 0.001603695193,
    "ZAR": 0.0500305,
    "KRW": 0.0006744471,
    "SSP": null,
    "LKR": 0.00303493399,
    "SDG": 0.001522377306,
    "SRD": 0.031748084169999996,
    "SZL": 0.05009354468,
    "SEK": 0.08658309,
    "CHF": 1.067281,
    "SYP": null,
    "TJS": 0.0866501576,
    "TZS": 0.0003391518515,
    "THB": 0.02596258,
    "TOP": 0.384506629,
    "TTD": 0.1353529265,
    "TND": 0.294962553,
    "TRY": 0.027555,
    "TMT": 0.2613633217,
    "UGX": null,
    "UAH": 0.02220722202,
    "AED": 0.24930845740000002,
    "GBP": 1.17225,
    "USD": 0.9157099999999999,
    "UYU": null,
    "UZS": 0.00007267539649,
    "VUV": null,
    "VES": 0.02501583,
    "VND": 0.000036313099999999996,
    "XOF": 0.001511072592,
    "YER": 0.0036577340009999997,
    "ZMW": 0.03540936106,
    "ZWL": null,
    "AFN": 0.012988898907659578,
    "ALL": 0.009865517916289597,
    "DZD": 0.006799006365741725,
    "AOA": 0.0010423646818326698,
    "ARS": null,
    "AMD": 0.002361009083382752,
    "AWG": 0.5087318738833335,
    "AUD": 0.5965670993692123,
    "AZN": null,
    "BSD": 0.9161023198492025,
    "BHD": 2.4292317570965496,
    "BDT": 0.007797354157342413,
    "BBD": 0.45375425253664337,
    "BYN": 0.28001474298902956,
    "BZD": null,
    "BMD": 0.9157173729900002,
    "BTN": 0.01094217906024446,
    "BOB": null,
    "BAM": 0.507013380208843,
    "BWP": 0.06770748829450937,
    "BRL": 0.15916108266242576,
    "BND": 0.6881290213619188,
    "BGN": null,
    "BIF": 0.0003182336656785405,
    "CVE": 0.008929472189078502,
    "KHR": 0.00022266683841702136,
    "XAF": 0.0015116679885019088,
    "CAD": 0.6608647827400913,
    "KYD": 1.099495388482588,
    "CLP": 0.0009615950745238636,
    "CNY": 0.12793637154772555,
    "COP": 0.00022356763251104033,
    "KMF": 0.0020057329383200095,
    "CDF": null,
    "CRC": null,
    "HRK": null,
    "CUP": 0.038175043787777314,
    "CZK": 0.039525093792731364,
    "DKK": 0.1340012106253613,
    "DJF": 0.005144965216503118,
    "DOP": 0.01539020794941177,
    "EGP": 0.01881474440474525,
    "ERN": null,
    "ETB": 0.0158194958943777,
    "EUR": 1
  }
}