{
  "meta": {
    "code": "EUR",
    "createdAt": "2024-08-05T14:33:41Z"
  },
  "data": {
    "FJD": 0.4042410837,
    "GMD": 0.012943333179999999,
    "GEL": 0.3373688848,
    "GHS": 0.05871399359,
    "GIP": null,
    "GTQ": 0.11787538830000001,
    "GNF": 0.00010593343540000001,
    "GYD": 0.004372350745,
    "HTG": 0.006919855741,
    "HNL": 0.03689421965,
    "HKD": 0.1172365,
    "HUF": 0.002520641,
    "ISK": 0.006644615124,
    "INR": 0.01085883,
    "IDR": 0.000056359199999999994,
    "IRR": 0.0000216721288,
    "IQD": 0.0006972751831,
    "ILS": 0.23793211990000002,
    "JMD": 0.0058210865709999995,
    "JPY": 0.006370881783,
    "JOD": 1.2874104160000002,
    "KZT": 0.00190448736,
    "KES": 0.0070327937479999995,
    "KWD": null,
    "KGS": 0.01079855588,
    "LAK": 0.00004114028792,
    "LBP": 0.00001019560086,
    "LSL": 0.051211819129999996,
    "LRD": 0.004553795338,
    "LYD": null,
    "MOP": 0.11396767690000001,
    "MKD": 0.01622897442,
    "MGA": 0.0002013504332,
    "MWK": 0.0005265420301,
    "MYR": 0.2062076,
    "MVR": 0.059410399149999994,
    "MRU": null,
    "MUR": 0.01967519555,
    "MXN": 0.046478312589999994,
    "MDL": 0.051755,
    "MNT": null,
    "MAD": 0.09302568722,
    "MZN": 0.01429286694,
    "MMK": 0.0002809581907,
    "NAD": 0.051211819129999996,
    "NPR": null,
    "ANG": 0.506910945,
    "TWD": 0.0279100513,
    "NZD": 0.5412899999999999,
    "NIO": 0.024808218679999997,
    "NGN": 0.0005722613046,
    "KPW": null,
    "NOK": 0.08270489066999999,
    "OMR": 2.3707482150000003,
    "PKR": 0.003276627516,
    "PAB": 0.9135233555000001,
    "PGK": 0.23233016050000002,
    "PYG": 0.0001205073265,
    "PEN": 0.24485867160000002,
    "PHP": 0.015759636599999998,
    "PLN": 0.23232499999999998,
    "QAR": 0.2508552,
    "RON": 0.2010545079,
    "RUB": null,
    "RWF": 0.0006949202815,
    "SHP": 1.169101406,
    "WST": null,
    "STN": null,
    "SAR": 0.24307279999999998,
    "RSD": 0.008549768522,
    "SCR": 0.06719026,
    "SLL": 0.00004746769265,
    "SGD": 0.6901883,
    "SBD": 0.107493089,
    "SOS": 0.00160418379,
    "ZAR": 0.0491485,
    "KRW": 0.0006674800699,
    "SSP": null,
    "LKR": 0.00303825566,
    "SDG": 0.001517048961,
    "SRD": 0.03181177942,
    "SZL": 0.051154515639999995,
    "SEK": 0.08666456012,
    "CHF": null,
    "SYP": null,
    "TJS": null,
    "TZS": 0.000337002879,
    "THB": 0.02582513,
    "TOP": null,
    "TTD": 0.134881744,
    "TND": 0.2969795429,
    "TRY": 0.027315,
    "TMT": 0.2611954312,
    "UGX": 0.0002447884087,
    "UAH": 0.02217020322,
    "AED": 0.2484358737,
    "GBP": 1.164278817,
    "USD": 0.912505,
    "UYU": 0.022545,
    "UZS": 0.00007256696012,
    "VUV": null,
    "VES": 0.024921310000000002,
    "VND": null,
    "XOF": 0.001523886087,
    "YER": 0.003644934609,
    "ZMW": 0.0352731819,
    "ZWL": null,
    "AFN": 0.01286368491877867,
    "ALL": 0.009975931061152826,
    "DZD": 0.006784559579358283,
    "AOA": 0.0010413830995673382,
    "ARS": 0.0009761306765659332,
    "AMD": 0.002352645498198629,
    "AWG": 0.5068382618285914,
    "AUD": 0.5910619610253743,
    "AZN": 0.5366522772302732,
    "BSD": 0.9128421542576063,
    "BHD": 2.4204772864465216,
    "BDT": 0.007768879749192035,
    "BBD": 0.4520894733441322,
    "BYN": 0.27896931010023135,
    "BZD": 0.4528472920208332,
    "BMD": 0.9123088712914644,
    "BTN": 0.010862330278480468,
    "BOB": 0.13210690308098116,
    "BAM": 0.5109871940140082,
    "BWP": 0.06709110503499474,
    "BRL": 0.15757212864188583,
    "BND": 0.6907579345858094,
    "BGN": 0.5117324138271502,
    "BIF": 0.0003167635748598416,
    "CVE": 0.009063514240098706,
    "KHR": 0.00022213575286924434,
    "XAF": 0.0015235583473685625,
    "CAD": 0.6590936802802467,
    "KYD": 1.095340617070001,
    "CLP": 0.0009547374015924355,
    "CNY": 0.12810494356977237,
    "COP": 0.00021714143243200905,
    "KMF": 0.002010155054073955,
    "CDF": 0.00031732482479703114,
    "CRC": 0.0017441179773388543,
    "HRK": null,
    "CUP": 0.03803393093391706,
    "CZK": 0.0395746516441289,
    "DKK": 0.13402130938819273,
    "DJF": 0.005126122694750394,
    "DOP": null,
    "EGP": 0.018524301287386087,
    "ERN": null,
    "ETB": 0.01134850148234972,
    "EUR": 1
  }
}