{
  "meta": {
    "code": "EUR",
    "createdAt": "2024-08-02T09:05:00Z"
  },
  "data": {
    "FJD": 0.40932477300000003,
    "GMD": 0.013397245799999999,
    "GEL": 0.3411524936,
    "GHS": 0.05948070848,
    "GIP": null,
    "GTQ": 0.1194138047,
    "GNF": 0.0001073081011,
    "GYD": 0.0044296081749999995,
    "HTG": 0.0070203134199999994,
    "HNL": 0.03737472826,
    "HKD": 0.1183510105,
    "HUF": 0.00252021436,
    "ISK": 0.006671068734,
    "INR": 0.011037410000000001,
    "IDR": 0.00005711883169,
    "IRR": 0.00002196139417,
    "IQD": 0.0007069064955000001,
    "ILS": 0.2431939,
    "JMD": 0.0059100452429999995,
    "JPY": 0.006204131494,
    "JOD": 1.304574536,
    "KZT": 0.0019489336029999999,
    "KES": 0.0071383011369999996,
    "KWD": 3.025821334,
    "KGS": 0.01100095137,
    "LAK": 0.00004166981445,
    "LBP": 0.00001032880269,
    "LSL": 0.05074936022,
    "LRD": 0.004625426,
    "LYD": 0.1913160784,
    "MOP": 0.1149592578,
    "MKD": 0.01619007976,
    "MGA": 0.0002029632747,
    "MWK": 0.0005334578399,
    "MYR": 0.20588200680000002,
    "MVR": 0.060224701379999995,
    "MRU": 0.023352756019999997,
    "MUR": 0.019787624639999998,
    "MXN": 0.04882149392,
    "MDL": 0.051985,
    "MNT": null,
    "MAD": 0.0930752377,
    "MZN": 0.01446800561,
    "MMK": 0.00028462371280000003,
    "NAD": 0.05075029388,
    "NPR": 0.006903388497,
    "ANG": 0.5135334198,
    "TWD": 0.02823466,
    "NZD": 0.549455,
    "NIO": null,
    "NGN": 0.0005440793466,
    "KPW": null,
    "NOK": 0.08431220065999999,
    "OMR": null,
    "PKR": 0.0033197504359999998,
    "PAB": 0.9254684494000001,
    "PGK": 0.23544094100000001,
    "PYG": 0.0001220628864,
    "PEN": 0.2475700321,
    "PHP": 0.01592588338,
    "PLN": 0.2331519631,
    "QAR": 0.254305,
    "RON": 0.2009982563,
    "RUB": 0.01076489496,
    "RWF": null,
    "SHP": null,
    "WST": null,
    "STN": null,
    "SAR": 0.24631306560000002,
    "RSD": 0.008542661944,
    "SCR": 0.06818431,
    "SLL": 0.00004746769265,
    "SGD": 0.6940107,
    "SBD": 0.10908038,
    "SOS": 0.001625283795,
    "ZAR": 0.050790783039999995,
    "KRW": 0.0006769160467,
    "SSP": null,
    "LKR": 0.003048128272,
    "SDG": 0.001536841146,
    "SRD": 0.03206861856,
    "SZL": 0.05077065863,
    "SEK": 0.08616242576,
    "CHF": 1.060574668,
    "SYP": null,
    "TJS": 0.0872691479,
    "TZS": 0.0003417412134,
    "THB": 0.02615169756,
    "TOP": 0.388159759,
    "TTD": 0.1366463786,
    "TND": 0.29639544560000003,
    "TRY": 0.027865,
    "TMT": 0.2638464888,
    "UGX": 0.000247669776,
    "UAH": 0.02246864475,
    "AED": 0.25167847990000003,
    "GBP": 1.177536568,
    "USD": 0.92441,
    "UYU": 0.022945,
    "UZS": 0.00007373732002,
    "VUV": null,
    "VES": null,
    "VND": 0.00003665387335,
    "XOF": 0.001520662769,
    "YER": null,
    "ZMW": null,
    "ZWL": null,
    "AFN": 0.013027827874035329,
    "ALL": 0.009968800257052294,
    "DZD": 0.006871965627313041,
    "AOA": 0.0010523627251954615,
    "ARS": 0.0009922242245130677,
    "AMD": 0.002384003671224521,
    "AWG": 0.5131933693838092,
    "AUD": 0.6020689393475882,
    "AZN": 0.5437585624981138,
    "BSD": 0.92497637002179,
    "BHD": 2.4525927139833965,
    "BDT": 0.007871606856588028,
    "BBD": 0.45807916593223974,
    "BYN": 0.28262855977655493,
    "BZD": null,
    "BMD": 0.9243895562467934,
    "BTN": 0.011044191557827505,
    "BOB": 0.1338522734755176,
    "BAM": 0.5100164728537513,
    "BWP": 0.06825700160920455,
    "BRL": 0.16071029682732194,
    "BND": null,
    "BGN": 0.5101290549224401,
    "BIF": null,
    "CVE": 0.00904609368194864,
    "KHR": null,
    "XAF": 0.001520558376065137,
    "CAD": 0.6662411127066579,
    "KYD": 1.1099206780203523,
    "CLP": 0.0009744982566961935,
    "CNY": 0.1281755926047277,
    "COP": 0.00022619738817946592,
    "KMF": 0.002024727973585315,
    "CDF": 0.0003220869533960953,
    "CRC": 0.0017694178891333192,
    "HRK": null,
    "CUP": 0.03853826255423587,
    "CZK": null,
    "DKK": 0.13401403528991593,
    "DJF": null,
    "DOP": 0.015570105871739051,
    "EGP": null,
    "ERN": null,
    "ETB": 0.015969312390710547,
    "EUR": 1
  }
}