{
  "meta": {
    "code": "EUR",
    "createdAt": "2024-08-13T18:05:10Z"
  },
  "data": {
    "FJD": 0.40745449970000003,
    "GMD": 0.01319579653,
    "GEL": 0.33788060950000004,
    "GHS": 0.058179552179999997,
    "GIP": null,
    "GTQ": 0.11766038150000001,
    "GNF": 0.0001054441144,
    "GYD": 0.004362318056,
    "HTG": 0.006918563955,
    "HNL": 0.0366721378,
    "HKD": 0.1168901811,
    "HUF": 0.002542740304,
    "ISK": 0.006588826946,
    "INR": 0.01085176,
    "IDR": 0.000057817020789999997,
    "IRR": 0.00002163116908,
    "IQD": 0.0006950457936,
    "ILS": 0.24468609600000002,
    "JMD": 0.0058011787989999996,
    "JPY": 0.006200821305,
    "JOD": 1.2845957650000002,
    "KZT": 0.001896840899,
    "KES": 0.007058216977,
    "KWD": 2.9744039890000002,
    "KGS": 0.010627772269999999,
    "LAK": 0.00004106020235,
    "LBP": 0.00001016761509,
    "LSL": 0.050165839549999994,
    "LRD": 0.004663381829,
    "LYD": 0.1893295146,
    "MOP": 0.1135802041,
    "MKD": 0.016240357139999998,
    "MGA": 0.0001979369525,
    "MWK": 0.0005252437184,
    "MYR": 0.2044258841,
    "MVR": 0.05909126133,
    "MRU": 0.022905911299999998,
    "MUR": 0.019653376559999998,
    "MXN": 0.04786733718,
    "MDL": 0.052062961799999995,
    "MNT": null,
    "MAD": 0.09280974111,
    "MZN": 0.014248224989999999,
    "MMK": 0.0002803439348,
    "NAD": 0.050165839549999994,
    "NPR": 0.006779467163,
    "ANG": 0.5056810469,
    "TWD": 0.02817041457,
    "NZD": 0.5528389092,
    "NIO": 0.02471525492,
    "NGN": 0.0005726477918,
    "KPW": null,
    "NOK": 0.08479260950999999,
    "OMR": 2.3652764410000002,
    "PKR": 0.003266989549,
    "PAB": 0.9112538866000001,
    "PGK": 0.2311672442,
    "PYG": 0.00012047176330000001,
    "PEN": 0.2430943788,
    "PHP": 0.015987833059999998,
    "PLN": 0.23303704020000002,
    "QAR": 0.25008868900000003,
    "RON": 0.2009647625,
    "RUB": 0.01006102,
    "RWF": 0.0006905650282,
    "SHP": 1.169777722,
    "WST": null,
    "STN": null,
    "SAR": 0.2425278595,
    "RSD": 0.008545137078,
    "SCR": 0.06237049040999999,
    "SLL": 0.00004746769265,
    "SGD": 0.6907127,
    "SBD": 0.10698492500000001,
    "SOS": 0.001594588363,
    "ZAR": 0.0501945,
    "KRW": 0.0006668853,
    "SSP": null,
    "LKR": 0.003044260138,
    "SDG": 0.001513732253,
    "SRD": 0.03176049904,
    "SZL": 0.050165839549999994,
    "SEK": 0.08699702706,
    "CHF": 1.052378384,
    "SYP": null,
    "TJS": 0.08585023061,
    "TZS": 0.0003361683044,
    "THB": 0.02603894708,
    "TOP": 0.38414416900000004,
    "TTD": 0.13423912970000001,
    "TND": 0.2953344804,
    "TRY": 0.027135,
    "TMT": 0.2606243824,
    "UGX": 0.0002442225463,
    "UAH": 0.02202629309,
    "AED": 0.247892721,
    "GBP": 1.1707474150000001,
    "USD": 0.9105099999999999,
    "UYU": 0.022595,
    "UZS": 0.00007200553545,
    "VUV": null,
    "VES": 0.02488786212,
    "VND": 0.00003623201548,
    "XOF": 0.001516253091,
    "YER": 0.0036366042549999997,
    "ZMW": 0.03486156135,
    "ZWL": null,
    "AFN": 0.01291668874613149,
    "ALL": 0.010010185298474993,
    "DZD": 0.00678237346972936,
    "AOA": 0.0010330420381194218,
    "ARS": 0.0009690402033451794,
    "AMD": 0.0023432313226346307,
    "AWG": 0.5052019732772789,
    "AUD": 0.6033356457358516,
    "AZN": 0.5356626803542766,
    "BSD": 0.9108933575400084,
    "BHD": 2.4164184199073877,
    "BDT": 0.007752032078541307,
    "BBD": 0.45113062090042994,
    "BYN": 0.2783363261850394,
    "BZD": 0.4518888646126659,
    "BMD": 0.9106265566022701,
    "BTN": null,
    "BOB": 0.13181885852347394,
    "BAM": 0.5087319095988565,
    "BWP": 0.0674509211348033,
    "BRL": 0.16665277893508876,
    "BND": 0.6885119221089216,
    "BGN": 0.5111285117884319,
    "BIF": 0.0003167396718616592,
    "CVE": 0.00900718651436469,
    "KHR": 0.00022196869145724204,
    "XAF": 0.0015168200489206563,
    "CAD": 0.663905861059465,
    "KYD": 1.0930120048694625,
    "CLP": 0.0009771522619653598,
    "CNY": 0.1272747001995086,
    "COP": 0.00022565315432449126,
    "KMF": 0.002028088824572117,
    "CDF": 0.00031725103752589624,
    "CRC": 0.001719989462649676,
    "HRK": null,
    "CUP": 0.03794933719160095,
    "CZK": 0.039708263310044574,
    "DKK": 0.1340085655265252,
    "DJF": 0.005123286505172868,
    "DOP": 0.015238669082833844,
    "EGP": 0.018438776631460443,
    "ERN": null,
    "ETB": 0.008273261437130556,
    "EUR": 1
  }
}