{
  "meta": {
    "code": "EUR",
    "createdAt": "2024-07-25T15:03:58Z"
  },
  "data": {
    "FJD": 0.40783033750000003,
    "GMD": 0.01358959787,
    "GEL": 0.3380229765,
    "GHS": 0.05941045085,
    "GIP": null,
    "GTQ": 0.1187878181,
    "GNF": 0.0001068620727,
    "GYD": 0.004409705584,
    "HTG": 0.006976549998,
    "HNL": 0.03720237203,
    "HKD": 0.1179772152,
    "HUF": 0.0025468360000000002,
    "ISK": 0.0066887073109999995,
    "INR": 0.01099337,
    "IDR": 0.0000564577,
    "IRR": 0.00002188121362,
    "IQD": 0.0007032900762000001,
    "ILS": 0.2511096376,
    "JMD": 0.005883632368,
    "JPY": 0.005992852382,
    "JOD": 1.2996282780000001,
    "KZT": 0.001939439057,
    "KES": 0.007084387539,
    "KWD": 3.012195231,
    "KGS": 0.01093865744,
    "LAK": 0.00004155120457,
    "LBP": 0.00001028326367,
    "LSL": 0.04982242123,
    "LRD": 0.004716856,
    "LYD": 0.1904180916,
    "MOP": 0.1146042008,
    "MKD": 0.016223746,
    "MGA": 0.0002027148299,
    "MWK": 0.0005310548733,
    "MYR": 0.19765439999999998,
    "MVR": 0.060004822359999994,
    "MRU": 0.02326615553,
    "MUR": 0.01968922308,
    "MXN": 0.050147000000000004,
    "MDL": 0.051975,
    "MNT": null,
    "MAD": 0.09372304794,
    "MZN": 0.01441518325,
    "MMK": 0.0002835845581,
    "NAD": 0.04982242123,
    "NPR": 0.0068766527,
    "ANG": 0.5112879886,
    "TWD": 0.028155625479999998,
    "NZD": 0.543675,
    "NIO": 0.025023489389999997,
    "NGN": 0.0005813697259,
    "KPW": null,
    "NOK": 0.08350840138,
    "OMR": 2.392711695,
    "PKR": 0.003307736942,
    "PAB": 0.9213159156,
    "PGK": 0.2381807562,
    "PYG": 0.0001214497013,
    "PEN": 0.24417682300000002,
    "PHP": 0.01573720926,
    "PLN": 0.23321999999999998,
    "QAR": 0.25245219350000003,
    "RON": 0.2012182401,
    "RUB": 0.0108369,
    "RWF": 0.0007027089952,
    "SHP": 1.188825926,
    "WST": null,
    "STN": null,
    "SAR": 0.2454995398,
    "RSD": 0.008541150744,
    "SCR": 0.0669127967,
    "SLL": null,
    "SGD": 0.6862282712000001,
    "SBD": 0.10868213,
    "SOS": 0.001617954553,
    "ZAR": 0.0502383634,
    "KRW": 0.0006662821000000001,
    "SSP": null,
    "LKR": 0.003035388734,
    "SDG": 0.001571732043,
    "SRD": 0.03182787308,
    "SZL": 0.049834496,
    "SEK": 0.08528089639,
    "CHF": 1.0468849999999998,
    "SYP": null,
    "TJS": 0.08672102672,
    "TZS": 0.0003424256159,
    "THB": 0.025453189049999998,
    "TOP": 0.3874794245,
    "TTD": 0.1355335238,
    "TND": 0.2967253328,
    "TRY": 0.02789764358,
    "TMT": 0.2632279346,
    "UGX": 0.0002464623345,
    "UAH": 0.022343747259999998,
    "AED": 0.2507582259,
    "GBP": 1.18644,
    "USD": 0.9210349999999999,
    "UYU": 0.0228785094,
    "UZS": 0.0000729407221,
    "VUV": null,
    "VES": 0.02522268,
    "VND": 0.00003641173717,
    "XOF": 0.001523394653,
    "YER": 0.003679007071,
    "ZMW": 0.03526928535,
    "ZWL": null,
    "AFN": 0.012973519684105175,
    "ALL": 0.00995887980520208,
    "DZD": 0.006851786348266824,
    "AOA": 0.0010555602767130916,
    "ARS": 0.0009922958930775217,
    "AMD": 0.0023746935927217417,
    "AWG": 0.511023521668141,
    "AUD": 0.6035403677975002,
    "AZN": 0.541835233865569,
    "BSD": 0.9209117719436258,
    "BHD": 2.443894316990786,
    "BDT": 0.007837610682062058,
    "BBD": 0.4561266262030594,
    "BYN": 0.28145564753906394,
    "BZD": 0.4568983654491588,
    "BMD": 0.9211198975714673,
    "BTN": 0.011002173483992676,
    "BOB": 0.1332853555457807,
    "BAM": 0.5109795817873305,
    "BWP": 0.06759833307621067,
    "BRL": 0.163238090588266,
    "BND": 0.6861943874599271,
    "BGN": 0.510515130687774,
    "BIF": 0.000319676789375524,
    "CVE": 0.009063384243876217,
    "KHR": 0.0002243262983648293,
    "XAF": 0.0015234792562573909,
    "CAD": 0.6666299686868904,
    "KYD": 1.105094333901297,
    "CLP": 0.0009717941811681568,
    "CNY": 0.12737487870865694,
    "COP": 0.00022779704472779803,
    "KMF": 0.0020278187252734526,
    "CDF": 0.00032149597219799283,
    "CRC": 0.0017415958078224258,
    "HRK": null,
    "CUP": 0.03837109933001969,
    "CZK": 0.0393980050698787,
    "DKK": 0.13401161622552696,
    "DJF": 0.005171479233691903,
    "DOP": 0.015546478797113366,
    "EGP": 0.01905233676910473,
    "ERN": null,
    "ETB": 0.01593007953687038,
    "EUR": 1
  }
}