{
  "meta": {
    "code": "EUR",
    "createdAt": "2024-08-22T16:37:58Z"
  },
  "data": {
    "FJD": 0.4056181016,
    "GMD": 0.01285299974,
    "GEL": 0.3326383519,
    "GHS": 0.05756301933,
    "GIP": null,
    "GTQ": 0.1161584091,
    "GNF": 0.0001042537612,
    "GYD": 0.004305096155,
    "HTG": 0.0068163181219999995,
    "HNL": 0.036171032129999996,
    "HKD": 0.1153935116,
    "HUF": 0.002541546423,
    "ISK": 0.00656626766,
    "INR": 0.01071819124,
    "IDR": 0.00005729020387,
    "IRR": 0.00002136824565,
    "IQD": 0.0006868015189,
    "ILS": 0.242564677,
    "JMD": 0.0057412294519999995,
    "JPY": 0.006149403586,
    "JOD": 1.269537594,
    "KZT": 0.001875369919,
    "KES": 0.006974496048,
    "KWD": 2.943113357,
    "KGS": 0.01052330506,
    "LAK": 0.00004064648657,
    "LBP": 0.00001004140599,
    "LSL": 0.050347509779999994,
    "LRD": 0.0046110344429999995,
    "LYD": 0.188420939,
    "MOP": 0.1120067872,
    "MKD": 0.016252379429999998,
    "MGA": 0.0001961220697,
    "MWK": 0.0005184154391,
    "MYR": 0.2054135098,
    "MVR": 0.05853923527,
    "MRU": null,
    "MUR": 0.019546892519999998,
    "MXN": 0.0463485,
    "MDL": 0.051917765549999995,
    "MNT": null,
    "MAD": 0.09293083896,
    "MZN": 0.014080344529999999,
    "MMK": 0.0002770186396,
    "NAD": 0.050347509779999994,
    "NPR": 0.006694536076,
    "ANG": 0.4991518203,
    "TWD": null,
    "NZD": 0.5526333718,
    "NIO": 0.024448641259999997,
    "NGN": 0.0005710341507,
    "KPW": null,
    "NOK": 0.08497625992999999,
    "OMR": 2.337218053,
    "PKR": 0.003229107144,
    "PAB": 0.8995288883,
    "PGK": 0.2280922749,
    "PYG": 0.0001185547867,
    "PEN": 0.2393832485,
    "PHP": 0.01592364789,
    "PLN": 0.2335909155,
    "QAR": 0.2471391805,
    "RON": 0.2009537193,
    "RUB": 0.009832978273999999,
    "RWF": null,
    "SHP": 1.1771355780000001,
    "WST": null,
    "STN": null,
    "SAR": 0.23978415930000002,
    "RSD": 0.00854376762,
    "SCR": 0.06696263698999999,
    "SLL": 0.00004746769265,
    "SGD": 0.686618095,
    "SBD": 0.10526607,
    "SOS": 0.001575674179,
    "ZAR": null,
    "KRW": null,
    "SSP": null,
    "LKR": 0.0029856516459999998,
    "SDG": 0.0014957771419999999,
    "SRD": 0.03123125445,
    "SZL": 0.05031935066,
    "SEK": 0.08787770771999999,
    "CHF": 1.055687324,
    "SYP": null,
    "TJS": 0.08434630997999999,
    "TZS": 0.0003311409556,
    "THB": 0.02608578687,
    "TOP": 0.383186489,
    "TTD": null,
    "TND": 0.2944463822,
    "TRY": 0.0265218889,
    "TMT": 0.2575329904,
    "UGX": 0.0002420030061,
    "UAH": 0.02176188857,
    "AED": 0.24495234540000002,
    "GBP": 1.178386629,
    "USD": 0.89971,
    "UYU": 0.02229931235,
    "UZS": 0.00007103908355,
    "VUV": null,
    "VES": 0.024580536049999997,
    "VND": 0.00003602807721,
    "XOF": null,
    "YER": 0.003593825916,
    "ZMW": 0.03454522917,
    "ZWL": null,
    "AFN": 0.012672476363455493,
    "ALL": 0.010075541117640986,
    "DZD": 0.006712927990939008,
    "AOA": 0.000999162490010923,
    "ARS": 0.0009517826889764528,
    "AMD": 0.002318932530426134,
    "AWG": 0.49916550459356507,
    "AUD": 0.604041642630843,
    "AZN": 0.5292622481207881,
    "BSD": 0.8990310927943554,
    "BHD": 2.3873871658335566,
    "BDT": 0.007523574858493971,
    "BBD": 0.44528095121842975,
    "BYN": 0.27472525729078723,
    "BZD": 0.44603411836827916,
    "BMD": 0.8997458218053399,
    "BTN": 0.01071032518062331,
    "BOB": 0.13010334596397258,
    "BAM": 0.5123554233673098,
    "BWP": 0.06733883488067796,
    "BRL": 0.16153523083384486,
    "BND": 0.6876141165247301,
    "BGN": 0.511723089851564,
    "BIF": 0.0003129426794238271,
    "CVE": 0.009038129806247524,
    "KHR": 0.00021997804482726239,
    "XAF": 0.0015275708443325373,
    "CAD": 0.6616562202419701,
    "KYD": 1.0788434135851281,
    "CLP": 0.0009809581071785508,
    "CNY": 0.1259244970466663,
    "COP": 0.00022113932569706323,
    "KMF": 0.002030250133341652,
    "CDF": 0.0003129409900866162,
    "CRC": 0.0017096320988388594,
    "HRK": null,
    "CUP": 0.03746446359351169,
    "CZK": null,
    "DKK": 0.1340253311180878,
    "DJF": 0.005048675897378577,
    "DOP": 0.015020122646060459,
    "EGP": 0.018444408727133856,
    "ERN": null,
    "ETB": 0.008158742658649134,
    "EUR": 1
  }
}