{
  "meta": {
    "code": "EUR",
    "createdAt": "2024-08-02T08:05:06Z"
  },
  "data": {
    "FJD": 0.4096457999,
    "GMD": null,
    "GEL": 0.34142005410000004,
    "GHS": 0.059527358249999995,
    "GIP": null,
    "GTQ": 0.11950745900000001,
    "GNF": 0.0001073922611,
    "GYD": 0.004433082245,
    "HTG": 0.0070258193399999995,
    "HNL": 0.03740404067,
    "HKD": 0.1184331923,
    "HUF": 0.002519516544,
    "ISK": 0.006670043226,
    "INR": 0.01104724981,
    "IDR": 0.0000570685252,
    "IRR": 0.00002197861814,
    "IQD": 0.0007074609109,
    "ILS": 0.2428601,
    "JMD": 0.005914680397,
    "JPY": 0.006203,
    "JOD": 1.3055976930000002,
    "KZT": 0.00195046212,
    "KES": 0.007116422991,
    "KWD": 3.027584774,
    "KGS": 0.01100957924,
    "LAK": 0.00004170249542,
    "LBP": 0.0000103369034,
    "LSL": 0.050789162139999997,
    "LRD": 0.004616711644,
    "LYD": 0.1914661246,
    "MOP": 0.1150494185,
    "MKD": 0.01620277738,
    "MGA": 0.0002031224555,
    "MWK": null,
    "MYR": 0.20297969999999999,
    "MVR": 0.06027193466,
    "MRU": 0.02337107121,
    "MUR": 0.01980314376,
    "MXN": 0.04889168,
    "MDL": 0.052045,
    "MNT": null,
    "MAD": 0.09314823511999999,
    "MZN": 0.014479352639999998,
    "MMK": 0.0002848469386,
    "NAD": 0.050790096519999994,
    "NPR": 0.006908802714,
    "ANG": 0.5139361759000001,
    "TWD": 0.02821575,
    "NZD": 0.550505,
    "NIO": 0.025147500639999997,
    "NGN": 0.0005445060593,
    "KPW": null,
    "NOK": 0.084467,
    "OMR": 2.403558088,
    "PKR": 0.0033223540629999998,
    "PAB": 0.9261942795,
    "PGK": 0.2356255935,
    "PYG": 0.0001221586184,
    "PEN": 0.2477641974,
    "PHP": 0.015923969439999998,
    "PLN": 0.2330507578,
    "QAR": 0.254305,
    "RON": 0.2009949,
    "RUB": 0.01077492,
    "RWF": 0.0007049907080000001,
    "SHP": null,
    "WST": null,
    "STN": null,
    "SAR": 0.2465048018,
    "RSD": 0.008539510425,
    "SCR": 0.06824175065,
    "SLL": 0.00004746769265,
    "SGD": 0.6938867751000001,
    "SBD": 0.10916593000000001,
    "SOS": 0.001626558479,
    "ZAR": 0.050783,
    "KRW": 0.0006757054,
    "SSP": null,
    "LKR": 0.00305051887,
    "SDG": null,
    "SRD": 0.03209376947,
    "SZL": 0.05081047725,
    "SEK": 0.08626412,
    "CHF": 1.0612219999999999,
    "SYP": null,
    "TJS": 0.0873375917,
    "TZS": 0.0003429218257,
    "THB": 0.02614723,
    "TOP": 0.38846418650000003,
    "TTD": 0.1367535482,
    "TND": 0.29662790380000004,
    "TRY": 0.027879942369999997,
    "TMT": 0.2640534194,
    "UGX": 0.0002478640194,
    "UAH": 0.022486266549999998,
    "AED": 0.25187549730000003,
    "GBP": null,
    "USD": 0.9251349999999999,
    "UYU": 0.022961850699999998,
    "UZS": 0.00007379515103,
    "VUV": null,
    "VES": 0.025279313869999997,
    "VND": 0.0000366918,
    "XOF": 0.001521855401,
    "YER": 0.003695381447,
    "ZMW": 0.03577371226,
    "ZWL": null,
    "AFN": 0.013036807013837215,
    "ALL": 0.009975671034211634,
    "DZD": 0.006877187612748054,
    "AOA": 0.0010530880427307744,
    "ARS": 0.000992940276058328,
    "AMD": 0.0023859335119557528,
    "AWG": 0.5136087969682084,
    "AUD": 0.6026446267570191,
    "AZN": 0.5441987326699913,
    "BSD": 0.9256138894850819,
    "BHD": 2.4548412226310687,
    "BDT": 0.007877978886271328,
    "BBD": 0.4584499790346469,
    "BYN": 0.28285734634633414,
    "BZD": 0.45922598725475033,
    "BMD": 0.9251378455389853,
    "BTN": 0.011053131783074169,
    "BOB": 0.1339606263106655,
    "BAM": 0.5104293288870284,
    "BWP": 0.06831225538768938,
    "BRL": 0.1608544588856003,
    "BND": 0.6916996046063835,
    "BGN": 0.5110694097552675,
    "BIF": 0.000321220053484366,
    "CVE": null,
    "KHR": 0.00022527765794051413,
    "XAF": 0.0015217892615474603,
    "CAD": 0.667017962793738,
    "KYD": null,
    "CLP": 0.0009752871092373339,
    "CNY": 0.1282137744160696,
    "COP": 0.00022638049393488197,
    "KMF": 0.002026366981796047,
    "CDF": 0.00032234768137246876,
    "CRC": 0.0017708502252338294,
    "HRK": null,
    "CUP": 0.03856945911621848,
    "CZK": 0.03947046425160052,
    "DKK": 0.13401511288427997,
    "DJF": 0.005198265138478187,
    "DOP": 0.015582709806289693,
    "EGP": 0.019001547533534998,
    "ERN": null,
    "ETB": 0.015982239476829804,
    "EUR": 1
  }
}