{
  "meta": {
    "code": "EUR",
    "createdAt": "2024-08-02T13:06:01Z"
  },
  "data": {
    "FJD": 0.4079061627,
    "GMD": 0.013308550149999999,
    "GEL": null,
    "GHS": 0.059083366299999995,
    "GIP": null,
    "GTQ": 0.11862130450000001,
    "GNF": 0.0001066044697,
    "GYD": 0.004400554038,
    "HTG": 0.006979289588,
    "HNL": 0.03712787886,
    "HKD": 0.11760264540000001,
    "HUF": 0.002521024696,
    "ISK": 0.006644164611,
    "INR": 0.010964080000000001,
    "IDR": 0.00005679045127,
    "IRR": 0.0000218160001,
    "IQD": 0.000701671266,
    "ILS": 0.2413485591,
    "JMD": 0.005873325584,
    "JPY": 0.00621973773,
    "JOD": 1.29593768,
    "KZT": 0.001935942651,
    "KES": 0.007065943289,
    "KWD": null,
    "KGS": 0.010928120239999999,
    "LAK": 0.00004140688164,
    "LBP": 0.00001026023782,
    "LSL": 0.050510229229999995,
    "LRD": 0.00458258492,
    "LYD": 0.1902619743,
    "MOP": 0.1142667733,
    "MKD": 0.016144079989999997,
    "MGA": 0.0002016005601,
    "MWK": 0.0005298553502,
    "MYR": 0.20575349999999998,
    "MVR": 0.059826638919999994,
    "MRU": 0.023090307459999997,
    "MUR": 0.0196515621,
    "MXN": 0.048262174799999995,
    "MDL": 0.05197062255,
    "MNT": null,
    "MAD": 0.09309229155,
    "MZN": null,
    "MMK": 0.00028273937890000003,
    "NAD": 0.050510229229999995,
    "NPR": null,
    "ANG": 0.5101141354000001,
    "TWD": 0.0280857068,
    "NZD": 0.5479344601,
    "NIO": 0.024963416149999997,
    "NGN": 0.0005643964704,
    "KPW": null,
    "NOK": 0.08381829718,
    "OMR": 2.385228889,
    "PKR": 0.003299017432,
    "PAB": 0.9192679788,
    "PGK": 0.2339055431,
    "PYG": 0.0001213456872,
    "PEN": 0.2455780192,
    "PHP": 0.01585527778,
    "PLN": 0.23315217800000002,
    "QAR": 0.2519759935,
    "RON": 0.2009609711,
    "RUB": 0.01074942,
    "RWF": 0.0006993477107000001,
    "SHP": 1.169671887,
    "WST": null,
    "STN": null,
    "SAR": 0.24461575230000002,
    "RSD": 0.008544378527,
    "SCR": 0.06772423013,
    "SLL": 0.00004746769265,
    "SGD": 0.6919649999999999,
    "SBD": 0.10835822,
    "SOS": 0.001614520164,
    "ZAR": null,
    "KRW": 0.0006744101722,
    "SSP": null,
    "LKR": 0.003043484873,
    "SDG": 0.001526666583,
    "SRD": 0.03185665714,
    "SZL": 0.050528750399999996,
    "SEK": 0.08644884,
    "CHF": 1.0614949999999999,
    "SYP": null,
    "TJS": 0.08689429319,
    "TZS": null,
    "THB": 0.02604414611,
    "TOP": 0.38558997100000003,
    "TTD": 0.13573428140000002,
    "TND": 0.2961557978,
    "TRY": 0.02767000519,
    "TMT": 0.2621025634,
    "UGX": 0.0002466514083,
    "UAH": 0.022269790549999998,
    "AED": 0.25001088050000003,
    "GBP": 1.1752872300000001,
    "USD": 0.9182899999999999,
    "UYU": 0.02275063475,
    "UZS": 0.00007306408035,
    "VUV": null,
    "VES": 0.02509564437,
    "VND": 0.00003641488177,
    "XOF": 0.0015160269989999999,
    "YER": 0.003668039614,
    "ZMW": 0.035509126429999996,
    "ZWL": null,
    "AFN": 0.012948315347396268,
    "ALL": 0.009929045038487868,
    "DZD": 0.006829622189712402,
    "AOA": 0.001045293694235476,
    "ARS": 0.0009856178641266637,
    "AMD": 0.00236764344562554,
    "AWG": 0.5098073617686971,
    "AUD": 0.5993867761403776,
    "AZN": 0.5401708884622739,
    "BSD": 0.9186765387770013,
    "BHD": 2.436690658086527,
    "BDT": 0.007819264476242399,
    "BBD": 0.45502928780767493,
    "BYN": 0.28080157566120756,
    "BZD": 0.45580941405061687,
    "BMD": 0.9182905103858656,
    "BTN": null,
    "BOB": 0.13296304325998498,
    "BAM": 0.508438072313465,
    "BWP": 0.06789774425082827,
    "BRL": 0.1597888444876134,
    "BND": 0.6900626425065615,
    "BGN": 0.5104648377498666,
    "BIF": 0.0003188474396619785,
    "CVE": 0.00901863075053487,
    "KHR": 0.00022365619440969378,
    "XAF": 0.0015159157286947697,
    "CAD": 0.6626572308182258,
    "KYD": 1.1025646867876862,
    "CLP": 0.0009665707177368199,
    "CNY": 0.12778551661064763,
    "COP": null,
    "KMF": 0.0020113689856223103,
    "CDF": 0.0003199559740579696,
    "CRC": 0.0017553614719430836,
    "HRK": null,
    "CUP": null,
    "CZK": 0.039552119393989386,
    "DKK": 0.1340032929808413,
    "DJF": 0.005159327653095196,
    "DOP": 0.015445269740655207,
    "EGP": 0.01886038448820556,
    "ERN": null,
    "ETB": 0.015863656836716648,
    "EUR": 1
  }
}