{
  "meta": {
    "code": "EUR",
    "createdAt": "2024-08-07T10:34:49Z"
  },
  "data": {
    "FJD": 0.4080139551,
    "GMD": 0.013177553759999999,
    "GEL": 0.338601892,
    "GHS": 0.059086434179999994,
    "GIP": null,
    "GTQ": 0.118484144,
    "GNF": 0.0001064734519,
    "GYD": null,
    "HTG": 0.006954490569,
    "HNL": 0.037078185359999995,
    "HKD": 0.11745235870000001,
    "HUF": 0.002513379093,
    "ISK": 0.006617341016,
    "INR": 0.01090770019,
    "IDR": 0.00005707093593,
    "IRR": 0.00002175779496,
    "IQD": 0.0007007918843000001,
    "ILS": 0.2420255566,
    "JMD": 0.005852681015,
    "JPY": 0.00621901152,
    "JOD": null,
    "KZT": 0.001918825839,
    "KES": 0.007099534806,
    "KWD": 2.994215241,
    "KGS": 0.010808003679999999,
    "LAK": 0.00004143305952,
    "LBP": 0.00001024724217,
    "LSL": 0.0495333804,
    "LRD": 0.004572962,
    "LYD": 0.1911808673,
    "MOP": 0.1143827377,
    "MKD": 0.01624759689,
    "MGA": 0.0002020367767,
    "MWK": 0.0005292067875,
    "MYR": 0.20367851150000002,
    "MVR": 0.059437173419999996,
    "MRU": 0.023166567519999997,
    "MUR": 0.01972582899,
    "MXN": 0.0474931728,
    "MDL": 0.0518457024,
    "MNT": null,
    "MAD": 0.09334955634999999,
    "MZN": 0.014334929159999999,
    "MMK": 0.0002819850295,
    "NAD": 0.0495333804,
    "NPR": 0.0068326847649999994,
    "ANG": 0.5094802350000001,
    "TWD": 0.02804748,
    "NZD": 0.5516099999999999,
    "NIO": 0.024934678149999997,
    "NGN": 0.0005745726014,
    "KPW": null,
    "NOK": 0.08503849152,
    "OMR": 2.379415512,
    "PKR": 0.003292910046,
    "PAB": 0.9181488326,
    "PGK": 0.23341116550000002,
    "PYG": 0.0001212152705,
    "PEN": 0.2464810266,
    "PHP": 0.01587657179,
    "PLN": 0.2318066138,
    "QAR": 0.2509687,
    "RON": 0.200926046,
    "RUB": 0.01066484689,
    "RWF": 0.0006915090216,
    "SHP": 1.163437344,
    "WST": null,
    "STN": null,
    "SAR": 0.2439620087,
    "RSD": 0.008544718328,
    "SCR": 0.06754495841,
    "SLL": 0.00004746769265,
    "SGD": 0.6898335999999999,
    "SBD": 0.1076112,
    "SOS": null,
    "ZAR": 0.050010359039999994,
    "KRW": 0.0006657511132000001,
    "SSP": null,
    "LKR": 0.003037263384,
    "SDG": 0.001522593433,
    "SRD": 0.03189413166,
    "SZL": 0.04954856503,
    "SEK": 0.08780550000000001,
    "CHF": 1.062121628,
    "SYP": null,
    "TJS": 0.08694775231999999,
    "TZS": 0.0003398293099,
    "THB": 0.025696968419999997,
    "TOP": 0.384927552,
    "TTD": 0.1353441173,
    "TND": 0.297054847,
    "TRY": 0.027300860689999998,
    "TMT": 0.2621500416,
    "UGX": 0.00024639530400000003,
    "UAH": 0.02237630659,
    "AED": 0.2493432097,
    "GBP": 1.16448,
    "USD": 0.91584,
    "UYU": 0.022535,
    "UZS": 0.00007285809427,
    "VUV": null,
    "VES": 0.025010427279999997,
    "VND": 0.00003639337516,
    "XOF": 0.001526000083,
    "YER": 0.003658256023,
    "ZMW": 0.035327099279999996,
    "ZWL": null,
    "AFN": 0.012929807712634593,
    "ALL": 0.009993269163467445,
    "DZD": 0.0067972673911119484,
    "AOA": 0.0010389979841101363,
    "ARS": 0.000979028255323285,
    "AMD": 0.0023664909469123265,
    "AWG": 0.508820401662825,
    "AUD": 0.6017626418495885,
    "AZN": 0.5387510135253442,
    "BSD": 0.9176987220442367,
    "BHD": 2.4298001594554894,
    "BDT": 0.007810176283402981,
    "BBD": 0.4544973621136722,
    "BYN": 0.2804085095029751,
    "BZD": 0.45526210331601624,
    "BMD": 0.9158767229930851,
    "BTN": 0.01093118837197198,
    "BOB": 0.13279665096662588,
    "BAM": 0.5118265296888733,
    "BWP": 0.06744971323052942,
    "BRL": 0.161909233683597,
    "BND": 0.6914051326325888,
    "BGN": 0.5114029868766583,
    "BIF": 0.0003184083292358427,
    "CVE": 0.00907836019740404,
    "KHR": 0.00022334251283270468,
    "XAF": 0.0015260608685636078,
    "CAD": 0.6663090807933076,
    "KYD": 1.1011223979545912,
    "CLP": 0.0009690996772686812,
    "CNY": 0.12753122378834816,
    "COP": 0.00022123962149752987,
    "KMF": 0.0020318951147933113,
    "CDF": 0.00031912080940525614,
    "CRC": 0.0017354896530560717,
    "HRK": null,
    "CUP": 0.038236808853085204,
    "CZK": 0.039589729620781576,
    "DKK": 0.1340039391623751,
    "DJF": 0.0051533103676159875,
    "DOP": 0.015428950949906895,
    "EGP": 0.018596783764875065,
    "ERN": null,
    "ETB": 0.011401567242650068,
    "EUR": 1
  }
}