{
  "meta": {
    "code": "EUR",
    "createdAt": "2024-08-06T08:34:09Z"
  },
  "data": {
    "FJD": 0.40526341660000004,
    "GMD": 0.01315985592,
    "GEL": 0.3394020761,
    "GHS": null,
    "GIP": null,
    "GTQ": 0.11823419560000001,
    "GNF": 0.0001062573776,
    "GYD": 0.004385637264,
    "HTG": 0.0069412002839999995,
    "HNL": 0.03700750773,
    "HKD": 0.1173708952,
    "HUF": 0.002518812,
    "ISK": null,
    "INR": 0.01089496236,
    "IDR": 0.00005659249982,
    "IRR": 0.00002172212286,
    "IQD": 0.0006994132423,
    "ILS": 0.2393787625,
    "JMD": null,
    "JPY": 0.006304000000000001,
    "JOD": 1.290380262,
    "KZT": 0.0019103267,
    "KES": 0.007049017254,
    "KWD": 2.994515454,
    "KGS": 0.010823466379999999,
    "LAK": 0.00004126610566,
    "LBP": 0.00001037240908,
    "LSL": 0.049182247279999994,
    "LRD": 0.0045677171829999995,
    "LYD": 0.1896147501,
    "MOP": 0.1143181099,
    "MKD": 0.01624971124,
    "MGA": 0.0002019660094,
    "MWK": 0.0005281348678,
    "MYR": 0.2062076,
    "MVR": 0.059586237849999994,
    "MRU": 0.023103282739999998,
    "MUR": 0.01978459657,
    "MXN": 0.04724692338,
    "MDL": 0.051725,
    "MNT": null,
    "MAD": null,
    "MZN": 0.014320121929999999,
    "MMK": 0.00028160631530000003,
    "NAD": 0.04918202777,
    "NPR": null,
    "ANG": 0.5084652651,
    "TWD": 0.02796331357,
    "NZD": 0.5425617979,
    "NIO": 0.02488394975,
    "NGN": null,
    "KPW": null,
    "NOK": null,
    "OMR": null,
    "PKR": 0.003286674814,
    "PAB": 0.9163157476,
    "PGK": 0.2330404329,
    "PYG": null,
    "PEN": 0.2456094608,
    "PHP": 0.015818912549999998,
    "PLN": 0.2322423442,
    "QAR": 0.2508552,
    "RON": 0.2009427437,
    "RUB": 0.010760167139999999,
    "RWF": 0.0006970446768,
    "SHP": 1.168642927,
    "WST": null,
    "STN": null,
    "SAR": 0.2436361806,
    "RSD": 0.008545760331,
    "SCR": null,
    "SLL": 0.00004746769265,
    "SGD": 0.6898674577,
    "SBD": 0.107741058,
    "SOS": 0.001609035873,
    "ZAR": 0.04942432626,
    "KRW": 0.0006639001000000001,
    "SSP": null,
    "LKR": 0.0030475719809999998,
    "SDG": 0.001520548545,
    "SRD": 0.031885164,
    "SZL": 0.049205359479999995,
    "SEK": 0.08692446123,
    "CHF": null,
    "SYP": null,
    "TJS": 0.08681755245999999,
    "TZS": null,
    "THB": 0.02578909354,
    "TOP": null,
    "TTD": 0.13529405,
    "TND": 0.29788750750000004,
    "TRY": 0.02736857927,
    "TMT": 0.2610493581,
    "UGX": null,
    "UAH": 0.022237983019999998,
    "AED": 0.2490086089,
    "GBP": 1.1657317230000002,
    "USD": 0.9146099999999999,
    "UYU": 0.022604586149999998,
    "UZS": 0.000072788871,
    "VUV": null,
    "VES": 0.02498446,
    "VND": null,
    "XOF": 0.001528530987,
    "YER": 0.003652976119,
    "ZMW": 0.03538117566,
    "ZWL": null,
    "AFN": 0.012905868328786948,
    "ALL": 0.010008553666267702,
    "DZD": 0.006793894433057765,
    "AOA": 0.0010411014868306088,
    "ARS": 0.0009784735812133072,
    "AMD": 0.0023603034054183974,
    "AWG": 0.5074106276908353,
    "AUD": 0.5949264670886679,
    "AZN": 0.5380045036356998,
    "BSD": 0.9158357010021584,
    "BHD": 2.426473909649875,
    "BDT": 0.007794282903622761,
    "BBD": 0.45356981474086966,
    "BYN": 0.27988543224574,
    "BZD": 0.4543302368666545,
    "BMD": 0.9146076561806897,
    "BTN": null,
    "BOB": 0.13253892609511533,
    "BAM": 0.512658084861921,
    "BWP": 0.0673104990390033,
    "BRL": 0.15978780179921068,
    "BND": 0.693023192961585,
    "BGN": 0.5113942541768767,
    "BIF": 0.00031779212977176366,
    "CVE": 0.009093154405660952,
    "KHR": 0.0002228662505144305,
    "XAF": null,
    "CAD": 0.6612925624425502,
    "KYD": 1.0989225774032545,
    "CLP": 0.0009590500356207967,
    "CNY": 0.12795831613514916,
    "COP": 0.00021960316562083,
    "KMF": 0.0020308818835873496,
    "CDF": 0.0003192347840072216,
    "CRC": null,
    "HRK": null,
    "CUP": 0.038158656080858666,
    "CZK": 0.03953303578135069,
    "DKK": 0.13402784893772343,
    "DJF": 0.0051428391455650225,
    "DOP": 0.015408895980904487,
    "EGP": 0.01859185304999349,
    "ERN": null,
    "ETB": 0.011385248229959935,
    "EUR": 1
  }
}