{
  "meta": {
    "code": "EUR",
    "createdAt": "2024-07-25T12:42:11Z"
  },
  "data": {
    "FJD": 0.4075506224,
    "GMD": 0.013601622959999999,
    "GEL": 0.33832208420000004,
    "GHS": 0.05946302161,
    "GIP": null,
    "GTQ": 0.1188929303,
    "GNF": 0.0001069566322,
    "GYD": 0.004413607618,
    "HTG": 0.0069827233669999995,
    "HNL": 0.03723529145,
    "HKD": 0.1181164561,
    "HUF": 0.002544211971,
    "ISK": 0.006688796933,
    "INR": 0.01100179116,
    "IDR": 0.00005645077534,
    "IRR": 0.00002190057574,
    "IQD": 0.0007039123993,
    "ILS": null,
    "JMD": 0.005888838642,
    "JPY": 0.006012720532,
    "JOD": 1.300594838,
    "KZT": 0.001941155216,
    "KES": null,
    "KWD": 3.0145269999999997,
    "KGS": 0.010948336769999999,
    "LAK": 0.00004158797216,
    "LBP": 0.00001029236306,
    "LSL": 0.049866507799999994,
    "LRD": null,
    "LYD": 0.1905865876,
    "MOP": 0.11470561110000001,
    "MKD": 0.01623810197,
    "MGA": 0.000202894207,
    "MWK": 0.00053152479,
    "MYR": 0.19765439999999998,
    "MVR": 0.06005791906999999,
    "MRU": 0.02328674314,
    "MUR": 0.01970664556,
    "MXN": 0.050044010019999995,
    "MDL": 0.05185071618,
    "MNT": null,
    "MAD": 0.09380598104,
    "MZN": 0.014427938869999999,
    "MMK": 0.0002838354947,
    "NAD": null,
    "NPR": 0.006882737672,
    "ANG": 0.5117404141,
    "TWD": 0.0281842455,
    "NZD": 0.5432876882000001,
    "NIO": 0.02504563202,
    "NGN": 0.0005552122789,
    "KPW": null,
    "NOK": 0.08306098962,
    "OMR": 2.3950695470000003,
    "PKR": 0.003310663873,
    "PAB": 0.9221311642000001,
    "PGK": 0.23839151620000001,
    "PYG": 0.000121557169,
    "PEN": 0.2463811901,
    "PHP": 0.01570485784,
    "PLN": 0.23269499999999999,
    "QAR": 0.25299699999999997,
    "RON": 0.20118970630000002,
    "RUB": null,
    "RWF": 0.0007033308042,
    "SHP": 1.189877887,
    "WST": null,
    "STN": null,
    "SAR": null,
    "RSD": 0.008540079242,
    "SCR": 0.06804651446,
    "SLL": null,
    "SGD": 0.6864212174000001,
    "SBD": 0.10877830000000001,
    "SOS": 0.001619386239,
    "ZAR": 0.049958738899999994,
    "KRW": 0.0006675924,
    "SSP": null,
    "LKR": 0.003038074671,
    "SDG": 0.0015731228279999999,
    "SRD": 0.03162218644,
    "SZL": 0.04987859326,
    "SEK": 0.08499302129,
    "CHF": 1.0479581580000001,
    "SYP": null,
    "TJS": 0.08679776390999999,
    "TZS": 0.00034272861940000003,
    "THB": 0.025473923529999998,
    "TOP": 0.38782229500000004,
    "TTD": 0.1356534539,
    "TND": null,
    "TRY": 0.027888792569999998,
    "TMT": 0.26346085820000004,
    "UGX": 0.0002466804226,
    "UAH": 0.02236351867,
    "AED": 0.2509797467,
    "GBP": 1.1859093230000002,
    "USD": 0.92185,
    "UYU": 0.022935628,
    "UZS": 0.00007300526545,
    "VUV": null,
    "VES": 0.02524887229,
    "VND": 0.00003644395697,
    "XOF": 0.0015247426649999999,
    "YER": 0.003682262529,
    "ZMW": 0.03530049423,
    "ZWL": null,
    "AFN": 0.013019034446895688,
    "ALL": 0.009969026652888596,
    "DZD": 0.006843444986373811,
    "AOA": 0.0010531792155102884,
    "ARS": 0.0009935933103349603,
    "AMD": 0.002377113107270766,
    "AWG": 0.5115441903907114,
    "AUD": 0.6019744762822057,
    "AZN": 0.5423872959877984,
    "BSD": 0.9218500657274026,
    "BHD": 2.445687684234876,
    "BDT": 0.007845596224747425,
    "BBD": 0.45659136198782424,
    "BYN": 0.2817424154915688,
    "BZD": 0.45736388757174945,
    "BMD": 0.9218374063182735,
    "BTN": 0.011010743656047184,
    "BOB": 0.13338917852701648,
    "BAM": 0.5115002056688619,
    "BWP": 0.06765098896196925,
    "BRL": 0.16310510037833498,
    "BND": 0.6867289002737674,
    "BGN": 0.5112230514187409,
    "BIF": 0.0003199258025007553,
    "CVE": 0.009070444189810872,
    "KHR": 0.0002245010379178008,
    "XAF": 0.0015247221503475825,
    "CAD": 0.6660265853689395,
    "KYD": 1.1059958986360725,
    "CLP": 0.0009720024530075987,
    "CNY": 0.12764295296569836,
    "COP": 0.00022794511698129042,
    "KMF": 0.0020294730726221934,
    "CDF": 0.000321758257004633,
    "CRC": 0.0017430166471172884,
    "HRK": null,
    "CUP": 0.03840240347187128,
    "CZK": 0.03939307748892242,
    "DKK": 0.13400133682252838,
    "DJF": 0.005175698261772431,
    "DOP": 0.01555916202098134,
    "EGP": 0.019073734568839703,
    "ERN": null,
    "ETB": 0.01594307571243113,
    "EUR": 1
  }
}