{
  "meta": {
    "code": "EUR",
    "createdAt": "2024-08-12T12:07:27Z"
  },
  "data": {
    "FJD": 0.4083073014,
    "GMD": 0.01316676239,
    "GEL": 0.3402245139,
    "GHS": 0.05874026766,
    "GIP": null,
    "GTQ": 0.1181128625,
    "GNF": 0.0001061338768,
    "GYD": 0.004382031087,
    "HTG": 0.0069416677589999995,
    "HNL": 0.03694943996,
    "HKD": 0.11739949999999999,
    "HUF": 0.0025421460000000003,
    "ISK": 0.006617659738,
    "INR": 0.010898950000000001,
    "IDR": 0.00005730668766,
    "IRR": 0.00002173997706,
    "IQD": 0.0006986591358000001,
    "ILS": 0.24278629999999998,
    "JMD": 0.005821190384,
    "JPY": 0.006201519358,
    "JOD": 1.291057471,
    "KZT": 0.001906754731,
    "KES": 0.007038873195,
    "KWD": null,
    "KGS": 0.010715338769999999,
    "LAK": 0.00004130167206,
    "LBP": 0.00001021643079,
    "LSL": 0.05018974906,
    "LRD": 0.004682153886,
    "LYD": 0.1904233658,
    "MOP": 0.1140082263,
    "MKD": 0.016244110319999998,
    "MGA": 0.00020030853400000001,
    "MWK": 0.0005276002640000001,
    "MYR": 0.2058976,
    "MVR": 0.05938849911,
    "MRU": 0.02306941798,
    "MUR": null,
    "MXN": 0.048631,
    "MDL": 0.051935,
    "MNT": null,
    "MAD": null,
    "MZN": 0.014319895669999999,
    "MMK": 0.0002817541062,
    "NAD": 0.05018974906,
    "NPR": 0.006811051473,
    "ANG": 0.5079556609,
    "TWD": 0.028185230000000002,
    "NZD": 0.5517809682,
    "NIO": 0.024857678619999997,
    "NGN": 0.0005578260527,
    "KPW": null,
    "NOK": 0.08493074,
    "OMR": 2.3771759620000004,
    "PKR": 0.003283865436,
    "PAB": 0.9153132819,
    "PGK": 0.2357486886,
    "PYG": 0.0001209323463,
    "PEN": 0.2454004173,
    "PHP": 0.015977270079999998,
    "PLN": 0.23226,
    "QAR": 0.2505468,
    "RON": 0.2009246641,
    "RUB": 0.01009795409,
    "RWF": 0.0006910536398,
    "SHP": 1.1685241750000002,
    "WST": null,
    "STN": null,
    "SAR": 0.2437747599,
    "RSD": 0.008546172747,
    "SCR": 0.06749296624,
    "SLL": 0.00004746769265,
    "SGD": 0.6907434242,
    "SBD": 0.10788911100000001,
    "SOS": 0.0016075578189999999,
    "ZAR": 0.05022765208,
    "KRW": 0.0006675761,
    "SSP": null,
    "LKR": 0.003058138355,
    "SDG": 0.00152134655,
    "SRD": 0.031785893259999996,
    "SZL": 0.05020450031,
    "SEK": 0.08703752000000001,
    "CHF": 1.05342873,
    "SYP": null,
    "TJS": 0.08631907621,
    "TZS": 0.0003376869693,
    "THB": 0.025941977909999997,
    "TOP": 0.385710435,
    "TTD": 0.1346115691,
    "TND": 0.2966235867,
    "TRY": 0.02729281547,
    "TMT": 0.2619353616,
    "UGX": 0.00024527559900000003,
    "UAH": 0.022152517019999998,
    "AED": 0.24914066470000001,
    "GBP": 1.168748372,
    "USD": 0.91509,
    "UYU": 0.02269865188,
    "UZS": 0.00007236833699,
    "VUV": null,
    "VES": 0.024993523729999998,
    "VND": 0.000036414999999999996,
    "XOF": 0.001524017423,
    "YER": 0.003654527216,
    "ZMW": 0.034952548859999995,
    "ZWL": null,
    "AFN": 0.012922791703465273,
    "ALL": 0.010005258185398323,
    "DZD": 0.006800636540668308,
    "AOA": 0.0010288571777787602,
    "ARS": null,
    "AMD": 0.002356731220047845,
    "AWG": 0.508426922019004,
    "AUD": 0.6036915739748563,
    "AZN": 0.5383343880201218,
    "BSD": 0.9148958207717183,
    "BHD": 2.4281524147968483,
    "BDT": 0.007787024184604092,
    "BBD": 0.45313534698455615,
    "BYN": 0.27957580112429736,
    "BZD": 0.45390487695512327,
    "BMD": 0.9151684596342072,
    "BTN": null,
    "BOB": 0.13241397456282844,
    "BAM": 0.5111064309095232,
    "BWP": 0.06770454736204413,
    "BRL": 0.16679861757806144,
    "BND": 0.6907041242843939,
    "BGN": null,
    "BIF": 0.0003173360612514323,
    "CVE": 0.009066254146300608,
    "KHR": 0.00022318384154522173,
    "XAF": 0.0015239419656870538,
    "CAD": 0.666599097515746,
    "KYD": 1.0977820348535572,
    "CLP": 0.0009868712218597472,
    "CNY": 0.12745150843250297,
    "COP": 0.00022477925331458728,
    "KMF": 0.0020288007441861865,
    "CDF": 0.00031929189660334244,
    "CRC": 0.0017279284343133894,
    "HRK": null,
    "CUP": 0.03811800016101653,
    "CZK": 0.03970754859963519,
    "DKK": 0.13399662331859152,
    "DJF": 0.00513761102695319,
    "DOP": 0.015321988423495242,
    "EGP": 0.018553983437390002,
    "ERN": null,
    "ETB": 0.008871858784210587,
    "EUR": 1
  }
}