{
  "meta": {
    "code": "EUR",
    "createdAt": "2024-08-07T18:35:45Z"
  },
  "data": {
    "FJD": 0.4067823319,
    "GMD": 0.01317640268,
    "GEL": 0.33857231460000003,
    "GHS": 0.05874807956999999,
    "GIP": null,
    "GTQ": 0.1182399091,
    "GNF": 0.000106278252,
    "GYD": 0.004386370435,
    "HTG": 0.0069572521649999995,
    "HNL": 0.03700537624,
    "HKD": 0.1174272546,
    "HUF": 0.0025114340000000003,
    "ISK": 0.006626338626,
    "INR": 0.010905520259999999,
    "IDR": 0.00005713857047,
    "IRR": 0.00002175589438,
    "IQD": 0.0006994526344,
    "ILS": null,
    "JMD": 0.005852975643,
    "JPY": null,
    "JOD": 1.292002743,
    "KZT": 0.001918704015,
    "KES": 0.007098914651,
    "KWD": 2.9935086330000003,
    "KGS": 0.010807059579999998,
    "LAK": 0.00004131881647,
    "LBP": 0.00001022803186,
    "LSL": 0.049982217429999996,
    "LRD": 0.004684898122,
    "LYD": 0.1908087609,
    "MOP": 0.11410039920000001,
    "MKD": 0.01625294511,
    "MGA": 0.0002016363408,
    "MWK": null,
    "MYR": 0.2036607199,
    "MVR": 0.059431981499999995,
    "MRU": 0.02311681081,
    "MUR": 0.019724105909999998,
    "MXN": 0.047514665479999996,
    "MDL": 0.05174044,
    "MNT": null,
    "MAD": 0.09341905856999999,
    "MZN": 0.01433367698,
    "MMK": 0.0002819603977,
    "NAD": 0.049982217429999996,
    "NPR": 0.006818482473,
    "ANG": 0.5085293119000001,
    "TWD": 0.028022036209999997,
    "NZD": 0.549175,
    "NIO": 0.024885338429999997,
    "NGN": 0.0005790635098000001,
    "KPW": null,
    "NOK": 0.08466933807999999,
    "OMR": 2.379175402,
    "PKR": 0.003285603024,
    "PAB": 0.9164120211000001,
    "PGK": 0.23290661440000002,
    "PYG": 0.0001211096263,
    "PEN": 0.24605216600000002,
    "PHP": 0.01587505674,
    "PLN": 0.23122179910000001,
    "QAR": 0.2515142201,
    "RON": 0.2009261689,
    "RUB": 0.010673173639999999,
    "RWF": 0.0006941951002,
    "SHP": 1.163335716,
    "WST": null,
    "STN": null,
    "SAR": 0.2439614951,
    "RSD": 0.008549082974,
    "SCR": 0.06810813899,
    "SLL": null,
    "SGD": 0.6897627031,
    "SBD": 0.1076018,
    "SOS": 0.001609200029,
    "ZAR": 0.0497675,
    "KRW": 0.0006653879192,
    "SSP": null,
    "LKR": 0.003033455,
    "SDG": 0.001522460432,
    "SRD": 0.031747616209999996,
    "SZL": 0.04996936931,
    "SEK": 0.08735351305,
    "CHF": 1.062552,
    "SYP": null,
    "TJS": 0.08649934707,
    "TZS": 0.000339906119,
    "THB": 0.02570762,
    "TOP": 0.384893928,
    "TTD": 0.1350011931,
    "TND": 0.2980054378,
    "TRY": 0.0273537512,
    "TMT": 0.2621271424,
    "UGX": 0.00024589228,
    "UAH": 0.02235343602,
    "AED": 0.2493220703,
    "GBP": 1.162035336,
    "USD": 0.9157,
    "UYU": 0.022605535599999997,
    "UZS": 0.00007260007916,
    "VUV": null,
    "VES": 0.02501005578,
    "VND": 0.00003638781189,
    "XOF": 0.001524483987,
    "YER": 0.003657696803,
    "ZMW": null,
    "ZWL": null,
    "AFN": 0.012915659198268491,
    "ALL": 0.009985800222041659,
    "DZD": 0.006795047769185818,
    "AOA": 0.0010429885609072908,
    "ARS": 0.0009778095710169595,
    "AMD": 0.0023619993517275477,
    "AWG": 0.5087877825807344,
    "AUD": 0.5973058557603503,
    "AZN": 0.5387164756737188,
    "BSD": 0.915989940473899,
    "BHD": null,
    "BDT": 0.007795051617358545,
    "BBD": 0.4536404743787031,
    "BYN": 0.2798830763147265,
    "BZD": 0.4544156837538036,
    "BMD": 0.915818008645322,
    "BTN": 0.010909079750490753,
    "BOB": 0.1325659974343251,
    "BAM": 0.5113253769652513,
    "BWP": 0.06760021797041323,
    "BRL": 0.162875792958192,
    "BND": 0.6900704363382236,
    "BGN": 0.5112874099181118,
    "BIF": 0.0003177789667378954,
    "CVE": 0.009069597334602065,
    "KHR": 0.00022297666500703276,
    "XAF": 0.0015245668998383089,
    "CAD": 0.666242492279915,
    "KYD": 1.0991074802451613,
    "CLP": 0.0009696634186374751,
    "CNY": 0.12752816462831548,
    "COP": 0.00022129225773718066,
    "KMF": 0.002031764855563665,
    "CDF": 0.0003191003514443631,
    "CRC": 0.0017338381814002541,
    "HRK": null,
    "CUP": 0.038165492319302295,
    "CZK": 0.039565491769388575,
    "DKK": 0.1340025420282223,
    "DJF": 0.005153151072728573,
    "DOP": 0.015392494309892802,
    "EGP": 0.01858019899868781,
    "ERN": null,
    "ETB": null,
    "EUR": 1
  }
}