{
  "meta": {
    "code": "EUR",
    "createdAt": "2024-08-22T15:04:49Z"
  },
  "data": {
    "FJD": 0.405752122,
    "GMD": 0.01294805736,
    "GEL": 0.332704901,
    "GHS": 0.05773480966,
    "GIP": null,
    "GTQ": 0.1161816482,
    "GNF": 0.0001043315368,
    "GYD": null,
    "HTG": 0.006817681825,
    "HNL": 0.03630338037,
    "HKD": 0.1154075,
    "HUF": 0.002539587038,
    "ISK": 0.0065661436729999995,
    "INR": 0.0107195,
    "IDR": 0.000057412999999999994,
    "IRR": 0.0000213788676,
    "IQD": 0.0006866986799,
    "ILS": 0.24261320560000002,
    "JMD": 0.005742378068,
    "JPY": null,
    "JOD": 1.269791584,
    "KZT": 0.001875745114,
    "KES": null,
    "KWD": 2.9433659999999997,
    "KGS": null,
    "LAK": 0.00004073829026,
    "LBP": 0.00001004151255,
    "LSL": 0.05008733746,
    "LRD": 0.004601796,
    "LYD": 0.1881466614,
    "MOP": 0.11202919580000001,
    "MKD": 0.01625519001,
    "MGA": 0.0001973843922,
    "MWK": 0.0005185867194,
    "MYR": 0.2048303,
    "MVR": 0.058474852199999997,
    "MRU": 0.022707664069999998,
    "MUR": null,
    "MXN": 0.046397930000000004,
    "MDL": 0.051925,
    "MNT": null,
    "MAD": 0.09316516174999999,
    "MZN": 0.014083116509999999,
    "MMK": 0.0002770740612,
    "NAD": 0.05008733746,
    "NPR": 0.006695875415,
    "ANG": 0.49925168280000004,
    "TWD": 0.028106192369999998,
    "NZD": 0.5526449462,
    "NIO": null,
    "NGN": null,
    "KPW": null,
    "NOK": 0.08501710775,
    "OMR": 2.337753139,
    "PKR": 0.003227520277,
    "PAB": 0.8997088521000001,
    "PGK": null,
    "PYG": 0.0001185785053,
    "PEN": 0.2394311406,
    "PHP": 0.01593628249,
    "PLN": 0.23333184810000002,
    "QAR": 0.24659844050000002,
    "RON": null,
    "RUB": 0.009728819000000001,
    "RWF": 0.0006793087832,
    "SHP": null,
    "WST": null,
    "STN": null,
    "SAR": null,
    "RSD": 0.008544097,
    "SCR": 0.06606361557,
    "SLL": 0.00004746769265,
    "SGD": 0.6868078545,
    "SBD": 0.10528713,
    "SOS": 0.0015795877149999999,
    "ZAR": 0.04995198411,
    "KRW": 0.0006705613574,
    "SSP": null,
    "LKR": 0.002986248969,
    "SDG": 0.001496076393,
    "SRD": 0.031237502709999997,
    "SZL": 0.05009624637,
    "SEK": 0.08787450000000001,
    "CHF": 1.0555700700000001,
    "SYP": null,
    "TJS": 0.08436318468,
    "TZS": 0.0003312072051,
    "THB": 0.02607292,
    "TOP": null,
    "TTD": 0.1325159116,
    "TND": 0.2945052905,
    "TRY": 0.026535,
    "TMT": 0.2572477747,
    "UGX": 0.0002420514223,
    "UAH": 0.02176624235,
    "AED": 0.2450013517,
    "GBP": 1.178626428,
    "USD": 0.89989,
    "UYU": 0.022303773649999997,
    "UZS": 0.00007111551704,
    "VUV": null,
    "VES": 0.02458028,
    "VND": 0.00003603523835,
    "XOF": 0.001527882735,
    "YER": 0.003594544913,
    "ZMW": 0.03455214044,
    "ZWL": null,
    "AFN": 0.012673616666819805,
    "ALL": 0.010033635690703951,
    "DZD": 0.006713667283385263,
    "AOA": 0.0010025433665025963,
    "ARS": 0.0009519629952944469,
    "AMD": 0.0023191411941860984,
    "AWG": 0.4992104208426117,
    "AUD": 0.6040069823207156,
    "AZN": 0.5293098725554154,
    "BSD": 0.8991119896158536,
    "BHD": 2.3881076507021026,
    "BDT": 0.007524251848778278,
    "BBD": 0.44532101869188745,
    "BYN": 0.27474997776750654,
    "BZD": 0.4460742536531932,
    "BMD": 0.8998267833442062,
    "BTN": 0.010711288924024754,
    "BOB": null,
    "BAM": null,
    "BWP": 0.06734489422300438,
    "BRL": 0.16204919740386942,
    "BND": 0.687675990168343,
    "BGN": 0.5116533185124831,
    "BIF": 0.00031298322898928914,
    "CVE": 0.00908860585641296,
    "KHR": 0.0002201077765783961,
    "XAF": 0.0015277687792621061,
    "CAD": 0.6615419219115916,
    "KYD": 1.078983204820848,
    "CLP": null,
    "CNY": 0.1259535629366023,
    "COP": 0.00022140644353881017,
    "KMF": null,
    "CDF": 0.00031283921547182634,
    "CRC": 0.0017096705537811604,
    "HRK": null,
    "CUP": 0.03746530628341217,
    "CZK": 0.03986078070664997,
    "DKK": 0.13400219587817158,
    "DJF": 0.005048789459097381,
    "DOP": 0.015047941202772443,
    "EGP": 0.018443991754659966,
    "ERN": null,
    "ETB": 0.008229124656728135,
    "EUR": 1
  }
}