{
  "meta": {
    "code": "EUR",
    "createdAt": "2024-08-06T12:06:20Z"
  },
  "data": {
    "FJD": 0.4054511242,
    "GMD": 0.013183740809999999,
    "GEL": 0.34001808450000004,
    "GHS": 0.05898058394,
    "GIP": null,
    "GTQ": 0.1182724064,
    "GNF": 0.0001062846628,
    "GYD": 0.0043874122909999995,
    "HTG": 0.006942031693,
    "HNL": 0.037016684929999995,
    "HKD": 0.1175840128,
    "HUF": 0.002516122,
    "ISK": 0.006635790802,
    "INR": 0.010919867619999999,
    "IDR": 0.00005665260759,
    "IRR": 0.0000217615481,
    "IQD": 0.000699536502,
    "ILS": 0.23820039999999998,
    "JMD": 0.005842250221,
    "JPY": 0.006321937724,
    "JOD": 1.292722278,
    "KZT": 0.001915353398,
    "KES": 0.007046879552,
    "KWD": 2.997708331,
    "KGS": 0.01083254801,
    "LAK": 0.00004135887014,
    "LBP": 0.00001022868851,
    "LSL": 0.049444192379999995,
    "LRD": 0.004568551174,
    "LYD": 0.1908384249,
    "MOP": 0.1141768628,
    "MKD": 0.0162513862,
    "MGA": 0.0002016766162,
    "MWK": 0.0005282587923,
    "MYR": 0.2047003,
    "MVR": 0.059694385759999996,
    "MRU": 0.023125487469999997,
    "MUR": 0.019820505239999998,
    "MXN": 0.04737711475,
    "MDL": 0.05182288061,
    "MNT": null,
    "MAD": 0.09318319296,
    "MZN": 0.01434611269,
    "MMK": 0.0002821174255,
    "NAD": 0.049444192379999995,
    "NPR": 0.006820256661,
    "ANG": 0.5085675086,
    "TWD": 0.02794587,
    "NZD": 0.5425599999999999,
    "NIO": 0.02489045622,
    "NGN": 0.0005689180903,
    "KPW": null,
    "NOK": 0.08323717373999999,
    "OMR": 2.380507027,
    "PKR": 0.003287070978,
    "PAB": 0.9165118952,
    "PGK": 0.2329940834,
    "PYG": 0.0001210142528,
    "PEN": null,
    "PHP": 0.01586243875,
    "PLN": 0.23199999999999998,
    "QAR": 0.2509687,
    "RON": 0.20093223840000002,
    "RUB": 0.010675883249999999,
    "RWF": 0.0006902703552,
    "SHP": 1.1707639920000001,
    "WST": null,
    "STN": null,
    "SAR": 0.2440318933,
    "RSD": 0.008544981002,
    "SCR": 0.06757569131999999,
    "SLL": 0.00004746769265,
    "SGD": 0.6904241999999999,
    "SBD": null,
    "SOS": 0.001609444747,
    "ZAR": 0.049598,
    "KRW": 0.0006648698847,
    "SSP": null,
    "LKR": 0.003031821979,
    "SDG": null,
    "SRD": 0.03194303497,
    "SZL": 0.04945821131,
    "SEK": 0.08649303289999999,
    "CHF": 1.073146,
    "SYP": null,
    "TJS": 0.08679278695999999,
    "TZS": 0.0003392397681,
    "THB": 0.02577787,
    "TOP": 0.384650146,
    "TTD": 0.1351016291,
    "TND": 0.2965267334,
    "TRY": 0.027291101949999997,
    "TMT": 0.2615231578,
    "UGX": null,
    "UAH": 0.022336216149999998,
    "AED": 0.24945890550000002,
    "GBP": 1.16275,
    "USD": 0.9162699999999999,
    "UYU": 0.022636257929999997,
    "UZS": 0.00007272819823,
    "VUV": null,
    "VES": 0.025042272999999997,
    "VND": 0.00003644665504,
    "XOF": 0.001523265889,
    "YER": 0.0036596062029999998,
    "ZMW": 0.0352641353,
    "ZWL": null,
    "AFN": 0.012906380991942575,
    "ALL": 0.009975253072968482,
    "DZD": null,
    "AOA": 0.0010430189325641508,
    "ARS": 0.0009803123863450327,
    "AMD": 0.002362203522661657,
    "AWG": 0.5083451497866867,
    "AUD": 0.5938947618482006,
    "AZN": 0.5389825314144621,
    "BSD": 0.9160312196264085,
    "BHD": 2.430666340685466,
    "BDT": 0.007795875563344391,
    "BBD": 0.45366923181094954,
    "BYN": 0.2798950469705313,
    "BZD": null,
    "BMD": 0.9162703034045855,
    "BTN": 0.010911121946197085,
    "BOB": 0.13255907767705583,
    "BAM": 0.510915420570566,
    "BWP": 0.06732966411351457,
    "BRL": 0.16098947111761808,
    "BND": 0.690171478749498,
    "BGN": 0.5113045726382599,
    "BIF": 0.0003178386918102711,
    "CVE": 0.009062163931632944,
    "KHR": 0.00022294501695279372,
    "XAF": 0.0015233168857980883,
    "CAD": 0.6621464138150228,
    "KYD": 1.0991523718973293,
    "CLP": 0.0009602298372338314,
    "CNY": 0.12819633230962446,
    "COP": 0.00022053853056334033,
    "KMF": null,
    "CDF": 0.000319828594900792,
    "CRC": 0.0017324005557471688,
    "HRK": null,
    "CUP": 0.03816839017781899,
    "CZK": 0.03953100416656784,
    "DKK": 0.13399607793479887,
    "DJF": 0.005144089377133159,
    "DOP": 0.015401348449754578,
    "EGP": 0.018622798818654116,
    "ERN": null,
    "ETB": 0.011405693494899994,
    "EUR": 1
  }
}