{
  "meta": {
    "code": "EUR",
    "createdAt": "2024-08-23T10:04:23Z"
  },
  "data": {
    "FJD": 0.40607014210000003,
    "GMD": 0.012851142599999999,
    "GEL": 0.3332189152,
    "GHS": 0.05762449501,
    "GIP": null,
    "GTQ": 0.1159586506,
    "GNF": 0.000104128454,
    "GYD": 0.004297691274,
    "HTG": 0.006804440212,
    "HNL": 0.03623303135,
    "HKD": 0.1153396497,
    "HUF": 0.002537778,
    "ISK": 0.006565318894,
    "INR": 0.01072237,
    "IDR": 0.0000576247,
    "IRR": 0.00002136515813,
    "IQD": 0.0006853680522000001,
    "ILS": 0.24313459999999998,
    "JMD": 0.0057312511669999995,
    "JPY": 0.006156,
    "JOD": null,
    "KZT": 0.001872127632,
    "KES": 0.0069870290439999995,
    "KWD": 2.943733416,
    "KGS": 0.010521784539999999,
    "LAK": 0.00004065912688,
    "LBP": 0.00001002204086,
    "LSL": 0.049989840509999994,
    "LRD": 0.004601796,
    "LYD": 0.1877803982,
    "MOP": 0.1118115868,
    "MKD": 0.01623068,
    "MGA": 0.0001970010932,
    "MWK": 0.000517581899,
    "MYR": 0.2048303,
    "MVR": 0.058530776879999996,
    "MRU": 0.02266366408,
    "MUR": 0.01954925875,
    "MXN": 0.046213000000000004,
    "MDL": 0.051626896199999994,
    "MNT": null,
    "MAD": 0.09297465157,
    "MZN": 0.014078310049999999,
    "MMK": null,
    "NAD": 0.0499902903,
    "NPR": 0.006682960928,
    "ANG": 0.4982797908,
    "TWD": 0.0281494,
    "NZD": 0.55365,
    "NIO": 0.024382944969999997,
    "NGN": 0.0005704918031,
    "KPW": null,
    "NOK": 0.08483090405999999,
    "OMR": 2.3368542580000002,
    "PKR": 0.003220861629,
    "PAB": 0.8979775781,
    "PGK": 0.22741229470000002,
    "PYG": 0.0001183476653,
    "PEN": 0.2393749095,
    "PHP": 0.01593193062,
    "PLN": null,
    "QAR": 0.24638649999999998,
    "RON": 0.200933877,
    "RUB": 0.009834379,
    "RWF": 0.0006779985129,
    "SHP": 1.17710043,
    "WST": null,
    "STN": null,
    "SAR": 0.23974862200000002,
    "RSD": 0.008543019886,
    "SCR": 0.06230512669,
    "SLL": 0.00004746769265,
    "SGD": 0.6874238624,
    "SBD": 0.10687010400000001,
    "SOS": 0.001576520247,
    "ZAR": 0.050139620579999995,
    "KRW": 0.0006725586000000001,
    "SSP": null,
    "LKR": 0.00298043538,
    "SDG": 0.001495561015,
    "SRD": null,
    "SZL": 0.04999871937,
    "SEK": 0.08753111307,
    "CHF": 1.05521,
    "SYP": null,
    "TJS": 0.08419933863,
    "TZS": 0.0003319483394,
    "THB": 0.02625432,
    "TOP": 0.38241145800000004,
    "TTD": null,
    "TND": 0.2958334049,
    "TRY": null,
    "TMT": 0.2567594729,
    "UGX": 0.0002415845479,
    "UAH": 0.021723867459999997,
    "AED": 0.2449292942,
    "GBP": 1.1804299999999999,
    "USD": 0.8995799999999999,
    "UYU": null,
    "UZS": 0.000070976862,
    "VUV": null,
    "VES": 0.02454614,
    "VND": 0.0000360026,
    "XOF": 0.001524908643,
    "YER": 0.003593303941,
    "ZMW": 0.03448534532,
    "ZWL": null,
    "AFN": 0.01265248987667579,
    "ALL": 0.010014987162892107,
    "DZD": 0.006707822246217325,
    "AOA": 0.0009990006976041852,
    "ARS": 0.0009516974758834008,
    "AMD": 0.0023134221871385684,
    "AWG": null,
    "AUD": 0.6051788176106675,
    "AZN": 0.5291765457313048,
    "BSD": 0.897448942776741,
    "BHD": 2.387440218482008,
    "BDT": 0.007510436865446804,
    "BBD": 0.44449743189675156,
    "BYN": 0.2742417435868822,
    "BZD": 0.44525313892108986,
    "BMD": null,
    "BTN": 0.010691812561006446,
    "BOB": 0.12987729192809247,
    "BAM": 0.5114607490434323,
    "BWP": 0.0672197169777272,
    "BRL": 0.16095904951569479,
    "BND": 0.6865368496014289,
    "BGN": 0.5115433456972694,
    "BIF": 0.0003107788809182173,
    "CVE": 0.009071998320722308,
    "KHR": 0.00021970161706025504,
    "XAF": 0.001524956371634877,
    "CAD": 0.6619995697002797,
    "KYD": 1.0769873805589008,
    "CLP": 0.000978272829482228,
    "CNY": 0.12605436598750677,
    "COP": 0.00022105912958413825,
    "KMF": 0.002030012699615318,
    "CDF": 0.0003129043922585107,
    "CRC": null,
    "HRK": null,
    "CUP": null,
    "CZK": 0.039864222458307,
    "DKK": 0.13401888460102915,
    "DJF": 0.00504004204032123,
    "DOP": 0.015021861979705365,
    "EGP": 0.0184430386750521,
    "ERN": null,
    "ETB": 0.008214896102483537,
    "EUR": 1
  }
}