{
  "meta": {
    "code": "EUR",
    "createdAt": "2024-08-12T14:34:51Z"
  },
  "data": {
    "FJD": 0.4082653203,
    "GMD": 0.01316834513,
    "GEL": 0.34026541120000003,
    "GHS": 0.05874732864,
    "GIP": null,
    "GTQ": 0.1181270604,
    "GNF": 0.0001061466348,
    "GYD": 0.004382557836,
    "HTG": 0.006942502195,
    "HNL": 0.036953881529999996,
    "HKD": 0.1174809,
    "HUF": null,
    "ISK": 0.00661749811,
    "INR": 0.01090141395,
    "IDR": 0.00005734066624,
    "IRR": 0.00002174259035,
    "IQD": 0.0006987431193,
    "ILS": 0.24291787520000002,
    "JMD": 0.005821890131,
    "JPY": 0.006192565568,
    "JOD": 1.291212665,
    "KZT": 0.001906983936,
    "KES": 0.007094573566,
    "KWD": 2.9874626490000002,
    "KGS": 0.01071662683,
    "LAK": 0.0000413066368,
    "LBP": 0.00001021765888,
    "LSL": 0.0501957822,
    "LRD": 0.004682716712,
    "LYD": 0.190446256,
    "MOP": 0.1140219308,
    "MKD": 0.01623836614,
    "MGA": 0.0002003326124,
    "MWK": 0.0005276636851,
    "MYR": 0.2053860723,
    "MVR": 0.059395638009999994,
    "MRU": 0.02307219108,
    "MUR": 0.01973330444,
    "MXN": 0.048477690000000004,
    "MDL": 0.052294528,
    "MNT": null,
    "MAD": 0.09327178432,
    "MZN": 0.01432161702,
    "MMK": 0.000281787975,
    "NAD": 0.0501957822,
    "NPR": 0.006811870208,
    "ANG": 0.5080167206,
    "TWD": 0.02819296,
    "NZD": 0.551449184,
    "NIO": 0.024860666679999997,
    "NGN": 0.0005755974773,
    "KPW": null,
    "NOK": 0.08496448005,
    "OMR": 2.3774470720000003,
    "PKR": 0.003284260179,
    "PAB": 0.9154233088,
    "PGK": 0.23577702720000002,
    "PYG": 0.00012094688320000001,
    "PEN": 0.2454299161,
    "PHP": 0.01598463609,
    "PLN": 0.2324464313,
    "QAR": 0.2501464268,
    "RON": 0.2008649843,
    "RUB": 0.010080076859999999,
    "RWF": 0.0006911367091,
    "SHP": 1.16866464,
    "WST": null,
    "STN": null,
    "SAR": 0.2438126662,
    "RSD": 0.008543769062,
    "SCR": 0.06749849848999999,
    "SLL": 0.00004746769265,
    "SGD": 0.6909229184,
    "SBD": 0.10790208,
    "SOS": 0.001607751059,
    "ZAR": 0.05026555705,
    "KRW": 0.0006677465766,
    "SSP": null,
    "LKR": 0.003058505964,
    "SDG": 0.001521529426,
    "SRD": 0.03175462301,
    "SZL": 0.05021053523,
    "SEK": 0.0869315,
    "CHF": 1.053105081,
    "SYP": null,
    "TJS": 0.08632945234999999,
    "TZS": 0.0003377275616,
    "THB": null,
    "TOP": 0.3857568,
    "TTD": 0.1346277504,
    "TND": 0.2966592428,
    "TRY": 0.0272910535,
    "TMT": 0.26196684800000003,
    "UGX": 0.0002453050828,
    "UAH": 0.0221551799,
    "AED": 0.24916960640000002,
    "GBP": 1.168971232,
    "USD": 0.9152,
    "UYU": 0.022751872,
    "UZS": 0.00007237703616,
    "VUV": null,
    "VES": 0.02499200704,
    "VND": 0.00003641864512,
    "XOF": 0.00152420062,
    "YER": 0.003654966515,
    "ZMW": 0.0349567504,
    "ZWL": null,
    "AFN": 0.012984142985537482,
    "ALL": 0.010007593636956802,
    "DZD": 0.006800354218210589,
    "AOA": 0.00104249209974884,
    "ARS": 0.0009745391891444131,
    "AMD": 0.00235765229609126,
    "AWG": 0.5078825314064374,
    "AUD": 0.6042168292513451,
    "AZN": 0.5384600473414074,
    "BSD": 0.9151093779862735,
    "BHD": 2.4284202372089627,
    "BDT": 0.007788841849260324,
    "BBD": 0.45324111910705644,
    "BYN": 0.279641060419382,
    "BZD": 0.4540108285223769,
    "BMD": 0.9153820804803925,
    "BTN": 0.010899507768168944,
    "BOB": 0.13244488295732584,
    "BAM": 0.5112692453707658,
    "BWP": 0.06772035113145629,
    "BRL": 0.1670369318656355,
    "BND": 0.690865350289341,
    "BGN": 0.511186731714074,
    "BIF": 0.0003174371495870825,
    "CVE": 0.009069142226162728,
    "KHR": 0.00022325493744837358,
    "XAF": 0.0015244274218057172,
    "CAD": 0.6665378026914797,
    "KYD": 1.0981317365837833,
    "CLP": 0.0009838269194463937,
    "CNY": 0.1275516549125691,
    "COP": 0.00022543691399087417,
    "KMF": 0.002029447024676627,
    "CDF": 0.0003193936079833889,
    "CRC": 0.0017285057601880594,
    "HRK": null,
    "CUP": 0.038130735936541704,
    "CZK": 0.039768838788650174,
    "DKK": 0.13399822588385701,
    "DJF": 0.005138306915755131,
    "DOP": 0.015324063779978152,
    "EGP": 0.018561020188745187,
    "ERN": null,
    "ETB": 0.008873060468989624,
    "EUR": 1
  }
}