{
  "meta": {
    "code": "EUR",
    "createdAt": "2024-08-22T13:33:18Z"
  },
  "data": {
    "FJD": 0.4054574668,
    "GMD": 0.01292115089,
    "GEL": 0.33201352970000003,
    "GHS": 0.057614834889999994,
    "GIP": null,
    "GTQ": 0.1159402191,
    "GNF": 0.0001041147325,
    "GYD": 0.004297009535,
    "HTG": 0.006803514466,
    "HNL": 0.0362279408,
    "HKD": 0.11519009999999999,
    "HUF": 0.00254045278,
    "ISK": 0.006564953567,
    "INR": 0.01069966,
    "IDR": 0.00005746232415,
    "IRR": 0.00002133444164,
    "IQD": 0.0006852716982,
    "ILS": 0.24177079999999998,
    "JMD": 0.005730445224,
    "JPY": 0.006151,
    "JOD": 1.267152917,
    "KZT": 0.001871847256,
    "KES": 0.006956820848,
    "KWD": 2.9385288820000004,
    "KGS": 0.010503538259999999,
    "LAK": 0.0000406536348,
    "LBP": 0.00001002064597,
    "LSL": 0.049983254379999995,
    "LRD": 0.004601796,
    "LYD": 0.1877556867,
    "MOP": 0.1117963956,
    "MKD": 0.01623068,
    "MGA": 0.0001969742212,
    "MWK": 0.0005175090797,
    "MYR": 0.2048303,
    "MVR": 0.0583533396,
    "MRU": 0.022660476829999998,
    "MUR": 0.019510175969999998,
    "MXN": 0.04612007,
    "MDL": 0.051815,
    "MNT": null,
    "MAD": 0.09297156158999999,
    "MZN": 0.014053851349999999,
    "MMK": 0.0002764982925,
    "NAD": 0.049983254379999995,
    "NPR": 0.006681961173,
    "ANG": 0.49821422200000004,
    "TWD": 0.028084192539999997,
    "NZD": 0.5522418891,
    "NIO": 0.02437940205,
    "NGN": 0.0005699615299,
    "KPW": null,
    "NOK": 0.08495921000000001,
    "OMR": 2.3327874520000003,
    "PKR": 0.003220813387,
    "PAB": 0.8978392285000001,
    "PGK": 0.2274068618,
    "PYG": 0.0001183320954,
    "PEN": 0.2393380453,
    "PHP": 0.01591629095,
    "PLN": 0.2334368775,
    "QAR": 0.24638649999999998,
    "RON": 0.20093229999999998,
    "RUB": 0.009762364,
    "RWF": 0.0006778971579,
    "SHP": 1.174924467,
    "WST": null,
    "STN": null,
    "SAR": 0.23936649999999998,
    "RSD": 0.008542970674999999,
    "SCR": 0.06653478493,
    "SLL": 0.00004746769265,
    "SGD": 0.6864509781,
    "SBD": 0.10506834000000001,
    "SOS": 0.001576305282,
    "ZAR": 0.04997137,
    "KRW": 0.0006709479000000001,
    "SSP": null,
    "LKR": 0.002980043449,
    "SDG": 0.001492967499,
    "SRD": 0.03115096407,
    "SZL": 0.04999214478,
    "SEK": 0.08786022,
    "CHF": 1.05536388,
    "SYP": null,
    "TJS": 0.08418787529999999,
    "TZS": 0.000330518946,
    "THB": 0.026070373709999997,
    "TOP": 0.38246671800000004,
    "TTD": 0.13224053930000002,
    "TND": 0.2957865139,
    "TRY": 0.026485,
    "TMT": 0.2567132057,
    "UGX": 0.0002415484317,
    "UAH": 0.021721011409999998,
    "AED": 0.2444988764,
    "GBP": 1.178355,
    "USD": 0.8980199999999999,
    "UYU": 0.022260000000000002,
    "UZS": 0.00007096773673,
    "VUV": null,
    "VES": 0.02454057,
    "VND": 0.00003596040268,
    "XOF": 0.001524707747,
    "YER": 0.003587075334,
    "ZMW": 0.03448033999,
    "ZWL": null,
    "AFN": 0.01264970040484348,
    "ALL": 0.010012957907006275,
    "DZD": 0.0067076837368410585,
    "AOA": 0.0009971930909157595,
    "ARS": 0.0009499796815020793,
    "AMD": 0.0023143617999217565,
    "AWG": 0.49887354353868957,
    "AUD": 0.6042366357459061,
    "AZN": 0.528219046099789,
    "BSD": 0.8972590581435597,
    "BHD": 2.3829116585762953,
    "BDT": 0.007508745520380976,
    "BBD": 0.444403280454895,
    "BYN": 0.2741837602170167,
    "BZD": 0.4451549630076871,
    "BMD": 0.8979723783696413,
    "BTN": 0.01068921460084251,
    "BOB": 0.12984690585726585,
    "BAM": 0.5113455455102569,
    "BWP": 0.06720610669740158,
    "BRL": 0.16175310787528438,
    "BND": null,
    "BGN": 0.5113213785859837,
    "BIF": 0.00031065302052403704,
    "CVE": 0.009069875628813458,
    "KHR": 0.00021965416821856,
    "XAF": 0.0015246202821432658,
    "CAD": 0.6605936094174225,
    "KYD": 1.0767595858723755,
    "CLP": 0.00097368621949722,
    "CNY": 0.12578886916938717,
    "COP": 0.0002216569933918183,
    "KMF": 0.0020320714604427277,
    "CDF": 0.00031222961695745525,
    "CRC": 0.0017063390897491333,
    "HRK": null,
    "CUP": 0.037392301389481505,
    "CZK": 0.03986824331785208,
    "DKK": 0.13400972695344454,
    "DJF": 0.005038951386476646,
    "DOP": 0.015018618784458445,
    "EGP": 0.018400658558981004,
    "ERN": null,
    "ETB": 0.008213089386006038,
    "EUR": 1
  }
}