{
  "meta": {
    "code": "EUR",
    "createdAt": "2024-07-29T15:33:15Z"
  },
  "data": {
    "FJD": null,
    "GMD": 0.013640737449999999,
    "GEL": 0.34234226370000004,
    "GHS": 0.059610463669999995,
    "GIP": null,
    "GTQ": 0.11928390300000001,
    "GNF": 0.00010721399760000001,
    "GYD": 0.004425086981,
    "HTG": null,
    "HNL": null,
    "HKD": 0.1183336302,
    "HUF": 0.002542233689,
    "ISK": 0.0066889338299999995,
    "INR": 0.011034490000000001,
    "IDR": 0.000056721799999999996,
    "IRR": 0.00002195012428,
    "IQD": 0.0007056186234,
    "ILS": 0.2486678132,
    "JMD": null,
    "JPY": 0.006005932474,
    "JOD": 1.3042922860000001,
    "KZT": 0.001946861303,
    "KES": 0.00708206892,
    "KWD": 3.0216491420000002,
    "KGS": 0.01099857127,
    "LAK": 0.00004166301711,
    "LBP": 0.00001031769559,
    "LSL": 0.05030833623,
    "LRD": 0.004728560853,
    "LYD": null,
    "MOP": 0.1148995431,
    "MKD": 0.016254534129999998,
    "MGA": null,
    "MWK": 0.0005328273976000001,
    "MYR": 0.1992262195,
    "MVR": null,
    "MRU": 0.0233440178,
    "MUR": 0.01986330616,
    "MXN": 0.049493293919999994,
    "MDL": 0.052273317599999994,
    "MNT": null,
    "MAD": 0.09376452407,
    "MZN": 0.014464875399999999,
    "MMK": 0.0002845508302,
    "NAD": 0.05030833623,
    "NPR": 0.006897252613,
    "ANG": 0.5129985644,
    "TWD": 0.028100466409999997,
    "NZD": 0.5424003648,
    "NIO": null,
    "NGN": 0.0005704999994000001,
    "KPW": null,
    "NOK": 0.08400626018,
    "OMR": 2.40082771,
    "PKR": 0.00331767915,
    "PAB": 0.9244290377000001,
    "PGK": 0.2354885231,
    "PYG": 0.00012203629280000001,
    "PEN": 0.24741711670000002,
    "PHP": 0.01577365842,
    "PLN": 0.23284,
    "QAR": 0.2538690267,
    "RON": 0.2010553236,
    "RUB": null,
    "RWF": 0.000699298136,
    "SHP": 1.1929240570000001,
    "WST": null,
    "STN": null,
    "SAR": 0.2463586375,
    "RSD": 0.008541760926,
    "SCR": 0.06739270927999999,
    "SLL": 0.00004746769265,
    "SGD": 0.6878802609,
    "SBD": null,
    "SOS": 0.001623438635,
    "ZAR": null,
    "KRW": 0.0006684651965,
    "SSP": null,
    "LKR": 0.003052626813,
    "SDG": null,
    "SRD": null,
    "SZL": 0.05032313283,
    "SEK": 0.08533924087,
    "CHF": 1.043491315,
    "SYP": null,
    "TJS": 0.08705506446,
    "TZS": 0.0003422999996,
    "THB": null,
    "TOP": 0.387613674,
    "TTD": 0.1361047098,
    "TND": 0.297748207,
    "TRY": 0.02798573498,
    "TMT": 0.25415775,
    "UGX": 0.0002480928067,
    "UAH": 0.02252157441,
    "AED": 0.2516226419,
    "GBP": 1.18749,
    "USD": 0.92421,
    "UYU": 0.0229481343,
    "UZS": 0.0000733307955,
    "VUV": null,
    "VES": 0.02527840042,
    "VND": 0.00003655167371,
    "XOF": 0.001526286604,
    "YER": 0.003691689377,
    "ZMW": 0.0352988516,
    "ZWL": null,
    "AFN": 0.013059199566343892,
    "ALL": 0.009986216464807152,
    "DZD": 0.006861192709465412,
    "AOA": 0.001059037937435759,
    "ARS": 0.0009926471863348997,
    "AMD": 0.002383992337295542,
    "AWG": null,
    "AUD": 0.6037503542324077,
    "AZN": 0.5436203703250686,
    "BSD": 0.9238820848925497,
    "BHD": 2.451536223917631,
    "BDT": 0.007863011061613195,
    "BBD": 0.4575704745835305,
    "BYN": null,
    "BZD": 0.4583836855397341,
    "BMD": 0.9242101469032028,
    "BTN": 0.011034103948852647,
    "BOB": 0.13370438187208708,
    "BAM": 0.511902146456532,
    "BWP": 0.06795482965276294,
    "BRL": 0.1633197524216144,
    "BND": 0.6876225922781474,
    "BGN": 0.5107741924108764,
    "BIF": 0.00032082598317663945,
    "CVE": null,
    "KHR": 0.0002252876510633424,
    "XAF": 0.0015262865320710849,
    "CAD": 0.6668591849121956,
    "KYD": 1.1087246591394229,
    "CLP": 0.0009688854556669607,
    "CNY": null,
    "COP": 0.00022713781649524176,
    "KMF": 0.0020346967845235623,
    "CDF": 0.0003225864387096694,
    "CRC": 0.0017460382013012657,
    "HRK": null,
    "CUP": 0.038497976692829824,
    "CZK": 0.03937332880693346,
    "DKK": 0.13400778445296743,
    "DJF": 0.005188527803904034,
    "DOP": 0.015609266400914309,
    "EGP": 0.019120890346774853,
    "ERN": null,
    "ETB": 0.01598164926684473,
    "EUR": 1
  }
}