{
  "meta": {
    "code": "EUR",
    "createdAt": "2024-08-27T14:34:29Z"
  },
  "data": {
    "FJD": 0.4061039916,
    "GMD": 0.01269914879,
    "GEL": 0.3316298301,
    "GHS": 0.057394741,
    "GIP": null,
    "GTQ": 0.115666902,
    "GNF": 0.0001038844379,
    "GYD": 0.004287454281,
    "HTG": 0.006790725409,
    "HNL": 0.03614438824,
    "HKD": 0.1147458276,
    "HUF": 0.0025432130000000003,
    "ISK": 0.006539736945,
    "INR": 0.01066998,
    "IDR": 0.00005769445723,
    "IRR": 0.00002124056902,
    "IQD": 0.0006837387923,
    "ILS": 0.2433687398,
    "JMD": 0.005711080873,
    "JPY": 0.006202703413,
    "JOD": 1.263300745,
    "KZT": 0.001863842475,
    "KES": 0.006940232482,
    "KWD": 2.932534033,
    "KGS": 0.01051593577,
    "LAK": 0.00004054419246,
    "LBP": 0.000009998240604,
    "LSL": 0.05042904459,
    "LRD": 0.004591496824,
    "LYD": 0.1880994441,
    "MOP": 0.11148321180000001,
    "MKD": 0.01623122272,
    "MGA": 0.0001961266143,
    "MWK": 0.0005163522404,
    "MYR": 0.20596065870000002,
    "MVR": 0.05828958334999999,
    "MRU": 0.022607442289999998,
    "MUR": 0.01940867855,
    "MXN": 0.045650389449999995,
    "MDL": 0.051498155139999995,
    "MNT": null,
    "MAD": 0.09297756755,
    "MZN": 0.01401762715,
    "MMK": 0.0002756577318,
    "NAD": 0.05042904459,
    "NPR": 0.006668799445,
    "ANG": 0.4971029682,
    "TWD": 0.02804221966,
    "NZD": 0.55811,
    "NIO": 0.024328476159999998,
    "NGN": 0.0005630931737,
    "KPW": null,
    "NOK": 0.08533008989999999,
    "OMR": 2.325744969,
    "PKR": 0.00321776537,
    "PAB": 0.8958074776,
    "PGK": 0.22670748240000002,
    "PYG": 0.0001175486225,
    "PEN": 0.2391046526,
    "PHP": 0.015895077139999998,
    "PLN": 0.2333192886,
    "QAR": 0.2455621735,
    "RON": 0.2009090744,
    "RUB": 0.009785215,
    "RWF": 0.0006690218363000001,
    "SHP": 1.180305571,
    "WST": null,
    "STN": null,
    "SAR": null,
    "RSD": 0.008544311041,
    "SCR": 0.06668157522,
    "SLL": 0.00004746769265,
    "SGD": 0.6872573716,
    "SBD": 0.10609186500000001,
    "SOS": 0.001572945744,
    "ZAR": 0.05049833108,
    "KRW": 0.0006728295000000001,
    "SSP": null,
    "LKR": 0.002981287946,
    "SDG": 0.001488428846,
    "SRD": 0.031054109509999997,
    "SZL": 0.05041366351,
    "SEK": 0.08791113039,
    "CHF": 1.06233,
    "SYP": null,
    "TJS": 0.08400056634,
    "TZS": 0.0003297569013,
    "THB": 0.026323430000000002,
    "TOP": 0.382199301,
    "TTD": 0.1318760379,
    "TND": 0.2963910188,
    "TRY": null,
    "TMT": 0.2555350147,
    "UGX": 0.00024125997380000002,
    "UAH": 0.021651747069999998,
    "AED": 0.2437489695,
    "GBP": 1.185435583,
    "USD": 0.8952899999999999,
    "UYU": 0.02224348005,
    "UZS": 0.00007068010151,
    "VUV": null,
    "VES": 0.02451689889,
    "VND": 0.00003605681993,
    "XOF": 0.001524344926,
    "YER": 0.003576167862,
    "ZMW": 0.03407613405,
    "ZWL": null,
    "AFN": 0.012654658848258869,
    "ALL": 0.00998719282341097,
    "DZD": 0.006684600268240308,
    "AOA": 0.000990977153021737,
    "ARS": 0.0009436322947282228,
    "AMD": 0.0023084398822751156,
    "AWG": null,
    "AUD": 0.6071961799403582,
    "AZN": 0.526623032437609,
    "BSD": 0.8954595594093969,
    "BHD": null,
    "BDT": 0.0074930314489071335,
    "BBD": 0.44348015558261283,
    "BYN": 0.2736221626916407,
    "BZD": 0.44416310679486076,
    "BMD": 0.8952591551439353,
    "BTN": 0.010666708072836286,
    "BOB": 0.12956486696678518,
    "BAM": 0.5112334034012284,
    "BWP": 0.06737097156159791,
    "BRL": 0.16311351069209062,
    "BND": 0.6866769205888072,
    "BGN": 0.5106137884974055,
    "BIF": 0.00030996122807823857,
    "CVE": null,
    "KHR": 0.00021971825184487152,
    "XAF": 0.001524060165693203,
    "CAD": 0.6653205015185941,
    "KYD": null,
    "CLP": 0.0009869464839441316,
    "CNY": null,
    "COP": 0.00022192674702786418,
    "KMF": 0.002029030891903617,
    "CDF": 0.0003157880617791659,
    "CRC": 0.0016955868132361275,
    "HRK": null,
    "CUP": 0.03730998898462124,
    "CZK": 0.039973777202155385,
    "DKK": 0.13404996444324693,
    "DJF": 0.005027774798053078,
    "DOP": 0.014999520910802252,
    "EGP": 0.018391377563100542,
    "ERN": null,
    "ETB": 0.007877952218083297,
    "EUR": 1
  }
}