{
  "meta": {
    "code": "EUR",
    "createdAt": "2024-08-15T18:05:42Z"
  },
  "data": {
    "FJD": 0.4067531193,
    "GMD": 0.01301714259,
    "GEL": 0.3387548193,
    "GHS": 0.058221405219999994,
    "GIP": null,
    "GTQ": 0.11773697200000001,
    "GNF": 0.0001056423106,
    "GYD": 0.0043646552889999995,
    "HTG": 0.0069107321519999996,
    "HNL": 0.03672199784,
    "HKD": 0.1168825,
    "HUF": 0.002527484,
    "ISK": 0.006557282592,
    "INR": 0.010852783809999999,
    "IDR": 0.000057873499999999994,
    "IRR": 0.00002164673004,
    "IQD": 0.0006955725112000001,
    "ILS": 0.24715568300000001,
    "JMD": null,
    "JPY": 0.006112,
    "JOD": 1.2857505820000001,
    "KZT": 0.001902153691,
    "KES": 0.007063565814,
    "KWD": 2.977290416,
    "KGS": 0.01063243834,
    "LAK": 0.00004118418068,
    "LBP": 0.00001017492944,
    "LSL": 0.05037036968,
    "LRD": 0.004660991197,
    "LYD": 0.18963579120000001,
    "MOP": 0.1135926522,
    "MKD": 0.016267179769999997,
    "MGA": 0.0001978718729,
    "MWK": 0.0005253387102,
    "MYR": 0.20478839999999998,
    "MVR": 0.05917444877,
    "MRU": 0.022894472229999997,
    "MUR": 0.0197321909,
    "MXN": 0.048831,
    "MDL": 0.051938846479999995,
    "MNT": null,
    "MAD": 0.09332240684,
    "MZN": 0.014261254979999999,
    "MMK": 0.0002805563842,
    "NAD": 0.05037036968,
    "NPR": 0.006785436684,
    "ANG": 0.5059860796,
    "TWD": 0.02810113042,
    "NZD": 0.545605602,
    "NIO": 0.02474070011,
    "NGN": 0.0005731214094,
    "KPW": null,
    "NOK": 0.08479763879999999,
    "OMR": 2.367163653,
    "PKR": 0.00327005196,
    "PAB": 0.9117986584000001,
    "PGK": 0.2345310344,
    "PYG": 0.00012045544610000001,
    "PEN": 0.2437015243,
    "PHP": 0.0159199579,
    "PLN": 0.2332686579,
    "QAR": 0.25025137610000003,
    "RON": 0.2009883956,
    "RUB": 0.010248211719999999,
    "RWF": 0.0006902765082000001,
    "SHP": 1.16902404,
    "WST": null,
    "STN": null,
    "SAR": 0.2428278839,
    "RSD": 0.008548237826,
    "SCR": 0.060914020689999994,
    "SLL": 0.00004746769265,
    "SGD": 0.689205,
    "SBD": 0.10706600000000001,
    "SOS": 0.00159579677,
    "ZAR": 0.050598024799999995,
    "KRW": 0.0006672417,
    "SSP": null,
    "LKR": 0.003048682025,
    "SDG": 0.001514879385,
    "SRD": 0.031738622259999995,
    "SZL": 0.05037036968,
    "SEK": 0.0864465698,
    "CHF": 1.0440209999999999,
    "SYP": null,
    "TJS": 0.08578058667999999,
    "TZS": 0.0003361121297,
    "THB": 0.02596258,
    "TOP": 0.38451163,
    "TTD": 0.134194702,
    "TND": 0.2975844342,
    "TRY": null,
    "TMT": 0.2600760708,
    "UGX": 0.0002447472106,
    "UAH": 0.02215836113,
    "AED": 0.2480805784,
    "GBP": 1.1714849999999999,
    "USD": 0.9112,
    "UYU": 0.022625095999999997,
    "UZS": 0.00007208860754,
    "VUV": null,
    "VES": 0.02491806701,
    "VND": 0.00003638248472,
    "XOF": 0.001517402133,
    "YER": 0.003639356491,
    "ZMW": 0.0346840717,
    "ZWL": null,
    "AFN": 0.012923985479256115,
    "ALL": 0.010056743667633069,
    "DZD": 0.006790691088143111,
    "AOA": 0.0010312857682937817,
    "ARS": 0.000967676612005947,
    "AMD": 0.0023467289349599655,
    "AWG": 0.5054761483894039,
    "AUD": 0.6027882593011458,
    "AZN": 0.5359652801691506,
    "BSD": 0.9112692834012004,
    "BHD": 2.4173748568362017,
    "BDT": 0.007755401143847062,
    "BBD": 0.4513141445595202,
    "BYN": 0.27844896337992436,
    "BZD": 0.4520828946989629,
    "BMD": 0.911140976287556,
    "BTN": 0.010854546873416299,
    "BOB": 0.13187532231936006,
    "BAM": 0.5130000773168066,
    "BWP": 0.06788738075239588,
    "BRL": 0.16625749983820193,
    "BND": 0.6916022244162795,
    "BGN": 0.5113087684007319,
    "BIF": 0.0003165332556650197,
    "CVE": 0.008998923226642178,
    "KHR": 0.00022222950641159905,
    "XAF": 0.0015295322358651886,
    "CAD": 0.6638525734792688,
    "KYD": 1.0935231396031233,
    "CLP": 0.0009769063090101172,
    "CNY": 0.12700776095922955,
    "COP": 0.00022730562919428908,
    "KMF": null,
    "CDF": null,
    "CRC": 0.0017325289817127544,
    "HRK": null,
    "CUP": 0.03797023513419711,
    "CZK": 0.03963456927131844,
    "DKK": 0.13403310683441838,
    "DJF": 0.005126834212736643,
    "DOP": 0.0151983482283162,
    "EGP": 0.01861922278130992,
    "ERN": null,
    "ETB": 0.00835909152557391,
    "EUR": 1
  }
}