{
  "meta": {
    "code": "EUR",
    "createdAt": "2024-08-27T10:04:12Z"
  },
  "data": {
    "FJD": 0.4062959317,
    "GMD": 0.01270226935,
    "GEL": 0.3317113217,
    "GHS": 0.05734888128,
    "GIP": null,
    "GTQ": 0.11558123690000001,
    "GNF": 0.00010379340040000001,
    "GYD": 0.004283746836,
    "HTG": 0.006784470624,
    "HNL": 0.03611930332,
    "HKD": 0.1147877355,
    "HUF": 0.002538314206,
    "ISK": 0.006540388538,
    "INR": 0.01067019115,
    "IDR": 0.00005766359036,
    "IRR": 0.00002124578848,
    "IQD": 0.0006832274739,
    "ILS": 0.2429722,
    "JMD": 0.005716966287,
    "JPY": 0.006181997591,
    "JOD": 1.2636111760000002,
    "KZT": 0.001851239002,
    "KES": 0.006954951374,
    "KWD": 2.9328883830000003,
    "KGS": 0.010509446549999999,
    "LAK": 0.00004051349925,
    "LBP": 0.000009999981068,
    "LSL": 0.050437093319999994,
    "LRD": null,
    "LYD": null,
    "MOP": 0.1114625714,
    "MKD": 0.01622315419,
    "MGA": 0.0001960728995,
    "MWK": 0.0005159490715000001,
    "MYR": 0.2060112695,
    "MVR": 0.05830390688,
    "MRU": 0.022614497509999998,
    "MUR": 0.01941727807,
    "MXN": 0.04610533235,
    "MDL": 0.05149630255,
    "MNT": null,
    "MAD": null,
    "MZN": 0.01402107171,
    "MMK": 0.0002757254693,
    "NAD": 0.05043371399,
    "NPR": 0.006666315244,
    "ANG": 0.4966931309,
    "TWD": 0.02803303,
    "NZD": 0.55738,
    "NIO": 0.02430889755,
    "NGN": 0.0005629447557,
    "KPW": null,
    "NOK": 0.08506583815999999,
    "OMR": 2.326287819,
    "PKR": 0.003213744081,
    "PAB": 0.8950724538,
    "PGK": 0.229742374,
    "PYG": 0.00011770968500000001,
    "PEN": 0.23920657150000002,
    "PHP": 0.01590476804,
    "PLN": 0.23376393040000001,
    "QAR": 0.2453480238,
    "RON": 0.2009223548,
    "RUB": 0.009792697368,
    "RWF": 0.0006754565963,
    "SHP": 1.180595608,
    "WST": null,
    "STN": null,
    "SAR": 0.23864036200000002,
    "RSD": 0.008545839660999999,
    "SCR": 0.06775659701,
    "SLL": null,
    "SGD": 0.6868856322,
    "SBD": 0.10611793500000001,
    "SOS": 0.001571564528,
    "ZAR": 0.050429505369999995,
    "KRW": 0.0006726937689,
    "SSP": null,
    "LKR": 0.002973620655,
    "SDG": 0.001488694848,
    "SRD": 0.031101116029999997,
    "SZL": 0.05045861242,
    "SEK": 0.08782321196,
    "CHF": 1.057985961,
    "SYP": null,
    "TJS": 0.08400897887,
    "TZS": 0.0003301806754,
    "THB": 0.02628192,
    "TOP": 0.382293219,
    "TTD": null,
    "TND": 0.29379882220000003,
    "TRY": 0.02631226884,
    "TMT": 0.2555978074,
    "UGX": 0.00024103977,
    "UAH": 0.021650351239999997,
    "AED": 0.2438171943,
    "GBP": 1.1850283830000001,
    "USD": 0.89545,
    "UYU": 0.022242978,
    "UZS": 0.00007051003952,
    "VUV": null,
    "VES": 0.024522636879999997,
    "VND": 0.00003606686077,
    "XOF": 0.001523722802,
    "YER": null,
    "ZMW": 0.03401552183,
    "ZWL": null,
    "AFN": 0.012630415417545946,
    "ALL": 0.009981293538751762,
    "DZD": 0.006687574758350154,
    "AOA": 0.0009878208192843235,
    "ARS": 0.0009429674431060594,
    "AMD": 0.0023054623832520133,
    "AWG": 0.49678755753752507,
    "AUD": 0.607371055124997,
    "AZN": 0.5267409248464484,
    "BSD": 0.8945819879856457,
    "BHD": 2.376266231184513,
    "BDT": 0.0074873142434772775,
    "BBD": 0.44306322280954796,
    "BYN": 0.2733662605709629,
    "BZD": 0.4438109356963773,
    "BMD": null,
    "BTN": 0.010663973010783607,
    "BOB": 0.12945828223613315,
    "BAM": 0.5110732237084608,
    "BWP": 0.06745138065023673,
    "BRL": 0.16288783283715252,
    "BND": 0.6867210845925577,
    "BGN": 0.511252967438119,
    "BIF": null,
    "CVE": 0.009063782582167262,
    "KHR": 0.00021985344706846674,
    "XAF": 0.001523650699621472,
    "CAD": 0.6649046692930402,
    "KYD": 1.07349829899922,
    "CLP": 0.0009874286801247205,
    "CNY": null,
    "COP": 0.0002223372360886523,
    "KMF": 0.0020295941656527858,
    "CDF": 0.0003158757268764418,
    "CRC": 0.001700390670129697,
    "HRK": null,
    "CUP": 0.037277034287701676,
    "CZK": 0.03995661635261077,
    "DKK": 0.1340339588239706,
    "DJF": 0.005024097427667091,
    "DOP": 0.015036702937080253,
    "EGP": 0.018389097768147476,
    "ERN": null,
    "ETB": 0.008063728445829251,
    "EUR": 1
  }
}