{
  "meta": {
    "code": "EUR",
    "createdAt": "2024-08-27T11:04:18Z"
  },
  "data": {
    "FJD": 0.40623553570000004,
    "GMD": 0.012703262259999999,
    "GEL": 0.3317372508,
    "GHS": 0.05735336412,
    "GIP": null,
    "GTQ": 0.1155902716,
    "GNF": 0.0001038084689,
    "GYD": 0.004284368744,
    "HTG": 0.0067850009509999995,
    "HNL": null,
    "HKD": 0.1148031463,
    "HUF": 0.002539966976,
    "ISK": 0.006539466947,
    "INR": 0.010671999949999999,
    "IDR": 0.00005759976504,
    "IRR": 0.00002124744921,
    "IQD": 0.0006832808802,
    "ILS": 0.2428316808,
    "JMD": 0.005717413169,
    "JPY": 0.006182937803,
    "JOD": 1.26370995,
    "KZT": 0.001851507762,
    "KES": 0.0069424805439999996,
    "KWD": 2.932945688,
    "KGS": 0.01051934207,
    "LAK": 0.0000405166661,
    "LBP": 0.00001000076274,
    "LSL": 0.05044103587,
    "LRD": 0.00459102,
    "LYD": 0.1879666589,
    "MOP": 0.1114787534,
    "MKD": 0.016225509439999997,
    "MGA": 0.0001960882261,
    "MWK": 0.0005159894021,
    "MYR": 0.2060273729,
    "MVR": 0.05830846436,
    "MRU": 0.02261778065,
    "MUR": 0.019414965359999998,
    "MXN": 0.046040388599999996,
    "MDL": 0.0515003279,
    "MNT": null,
    "MAD": null,
    "MZN": 0.0140221677,
    "MMK": 0.0002757470221,
    "NAD": 0.05044103587,
    "NPR": 0.006666836334,
    "ANG": 0.49676524,
    "TWD": 0.02803856787,
    "NZD": null,
    "NIO": 0.02431242668,
    "NGN": 0.0005629887598,
    "KPW": null,
    "NOK": 0.08526231380999999,
    "OMR": 2.326452643,
    "PKR": 0.003214210648,
    "PAB": null,
    "PGK": 0.2297603325,
    "PYG": null,
    "PEN": null,
    "PHP": 0.01590135426,
    "PLN": 0.2338145336,
    "QAR": 0.24581039999999998,
    "RON": 0.20091101390000002,
    "RUB": null,
    "RWF": 0.0006755093952,
    "SHP": null,
    "WST": null,
    "STN": null,
    "SAR": 0.23867990630000002,
    "RSD": 0.008544306155,
    "SCR": 0.06776189339,
    "SLL": 0.00004746769265,
    "SGD": 0.6868234454000001,
    "SBD": 0.10612623,
    "SOS": null,
    "ZAR": 0.05042002556,
    "KRW": 0.0006720699202,
    "SSP": null,
    "LKR": 0.002973853096,
    "SDG": 0.001488910974,
    "SRD": 0.03110354713,
    "SZL": 0.05046255666,
    "SEK": 0.08785566362,
    "CHF": 1.057832228,
    "SYP": null,
    "TJS": 0.08402117515999999,
    "TZS": 0.0003302286105,
    "THB": 0.02627682768,
    "TOP": 0.382323102,
    "TTD": 0.1317794921,
    "TND": 0.2938217878,
    "TRY": null,
    "TMT": 0.25561778690000003,
    "UGX": 0.00024105861150000002,
    "UAH": 0.0216520436,
    "AED": 0.24383625290000002,
    "GBP": 1.183634351,
    "USD": 0.8955799999999999,
    "UYU": null,
    "UZS": 0.00007051555112999999,
    "VUV": null,
    "VES": 0.024524706009999998,
    "VND": 0.00003606849936,
    "XOF": 0.001523841908,
    "YER": 0.003577326245,
    "ZMW": 0.03402046015,
    "ZWL": null,
    "AFN": 0.012632112149088173,
    "ALL": 0.00998263439886978,
    "DZD": 0.006687973667960264,
    "AOA": 0.0009879535201498708,
    "ARS": 0.0009432289367546133,
    "AMD": 0.0023057720922652104,
    "AWG": 0.49685429447764135,
    "AUD": 0.6073784332065937,
    "AZN": 0.5268116856314483,
    "BSD": 0.8947021633081444,
    "BHD": 2.376469414141978,
    "BDT": 0.0074883200646978865,
    "BBD": 0.44312274263387724,
    "BYN": 0.2734029838024379,
    "BZD": 0.4438705559171155,
    "BMD": 0.8955798655734621,
    "BTN": 0.010665405576597214,
    "BOB": 0.12947567326910853,
    "BAM": 0.5111418796373172,
    "BWP": 0.06746044189003172,
    "BRL": 0.16291267815953517,
    "BND": 0.686813336817748,
    "BGN": 0.5114486703135755,
    "BIF": 0.0003107881466440146,
    "CVE": 0.0090650001831402,
    "KHR": 0.0002198829815358924,
    "XAF": 0.0015238567469981054,
    "CAD": 0.6650433800148785,
    "KYD": 1.0736425095934958,
    "CLP": 0.000987562212888877,
    "CNY": 0.12557068738147698,
    "COP": 0.00022235535610814756,
    "KMF": 0.002029759573297902,
    "CDF": 0.0003159014700661292,
    "CRC": 0.0017005292483376633,
    "HRK": null,
    "CUP": 0.037280072290175895,
    "CZK": 0.0399281610928491,
    "DKK": 0.13402883382781744,
    "DJF": 0.005024506881579699,
    "DOP": 0.015037928396831155,
    "EGP": 0.01838986005390426,
    "ERN": null,
    "ETB": null,
    "EUR": 1
  }
}