{
  "meta": {
    "code": "EUR",
    "createdAt": "2024-08-21T11:04:01Z"
  },
  "data": {
    "FJD": 0.405942831,
    "GMD": null,
    "GEL": 0.3330392634,
    "GHS": 0.057815746529999996,
    "GIP": null,
    "GTQ": 0.1166445393,
    "GNF": 0.0001047188533,
    "GYD": 0.00432389171,
    "HTG": 0.006852588305,
    "HNL": 0.03644804357,
    "HKD": 0.11536049999999999,
    "HUF": 0.002549037,
    "ISK": 0.006548874644,
    "INR": 0.01071548,
    "IDR": null,
    "IRR": 0.00002135233305,
    "IQD": 0.0006894828688,
    "ILS": 0.2415491,
    "JMD": null,
    "JPY": 0.006151,
    "JOD": 1.268669797,
    "KZT": 0.001895332719,
    "KES": 0.006969728606,
    "KWD": 2.94166981,
    "KGS": 0.010502353859999999,
    "LAK": 0.00004081729462,
    "LBP": 0.00001008155223,
    "LSL": 0.050739392359999996,
    "LRD": 0.004628210000000001,
    "LYD": 0.18891954960000001,
    "MOP": 0.11257073990000001,
    "MKD": 0.016256761459999998,
    "MGA": 0.000197548524,
    "MWK": 0.0005206595309,
    "MYR": 0.20527291890000002,
    "MVR": 0.05835043833,
    "MRU": 0.0227857457,
    "MUR": 0.01951749132,
    "MXN": 0.04741012,
    "MDL": 0.051495,
    "MNT": null,
    "MAD": 0.09299564358,
    "MZN": 0.014077202339999999,
    "MMK": 0.0002768292825,
    "NAD": 0.05073962613,
    "NPR": 0.00673495611,
    "ANG": 0.5012378201000001,
    "TWD": 0.02819805574,
    "NZD": 0.5522286444,
    "NIO": 0.024531744129999998,
    "NGN": 0.0005720343496,
    "KPW": null,
    "NOK": null,
    "OMR": 2.3356096500000003,
    "PKR": 0.003244077716,
    "PAB": 0.9032748926,
    "PGK": 0.2289191174,
    "PYG": 0.0001190064619,
    "PEN": 0.2413589958,
    "PHP": 0.01594069361,
    "PLN": 0.23345,
    "QAR": 0.2475809669,
    "RON": 0.2009263,
    "RUB": 0.009783884000000001,
    "RWF": 0.0006688026048,
    "SHP": 1.168373952,
    "WST": null,
    "STN": null,
    "SAR": 0.2396200651,
    "RSD": 0.008543281968,
    "SCR": 0.06630338314999999,
    "SLL": 0.00004746769265,
    "SGD": 0.6880063,
    "SBD": 0.1056436625,
    "SOS": 0.001586139343,
    "ZAR": 0.05047129122,
    "KRW": 0.0006720823685,
    "SSP": null,
    "LKR": 0.003014237565,
    "SDG": 0.001494754698,
    "SRD": 0.03111701351,
    "SZL": null,
    "SEK": 0.0878315,
    "CHF": 1.0509215760000001,
    "SYP": null,
    "TJS": 0.08478107111,
    "TZS": 0.0003323826183,
    "THB": 0.02622884,
    "TOP": 0.382654832,
    "TTD": 0.1332393156,
    "TND": 0.2952021989,
    "TRY": 0.026495,
    "TMT": 0.25662104350000003,
    "UGX": 0.00024251532190000001,
    "UAH": 0.02182045123,
    "AED": 0.244786256,
    "GBP": 1.172285,
    "USD": 0.899095,
    "UYU": 0.022338015269999997,
    "UZS": 0.0000714184425,
    "VUV": null,
    "VES": 0.024540390000000002,
    "VND": 0.00003605038284,
    "XOF": 0.001525231051,
    "YER": 0.003591008806,
    "ZMW": 0.03502637658,
    "ZWL": null,
    "AFN": 0.012732481604943282,
    "ALL": 0.010035890601864062,
    "DZD": 0.00671602937511731,
    "AOA": 0.0010095425240385326,
    "ARS": 0.0009525716780967631,
    "AMD": 0.0023264906149333695,
    "AWG": 0.49909652623492384,
    "AUD": 0.6060144688936039,
    "AZN": null,
    "BSD": 0.9027049371999504,
    "BHD": 2.3856031722728037,
    "BDT": null,
    "BBD": null,
    "BYN": 0.27583814599869777,
    "BZD": 0.44783867105572567,
    "BMD": 0.898997617656313,
    "BTN": 0.010773412222888305,
    "BOB": null,
    "BAM": 0.5114974098796716,
    "BWP": 0.06779464109137695,
    "BRL": 0.16407429283979788,
    "BND": 0.6900678463113353,
    "BGN": 0.5110641520155741,
    "BIF": null,
    "CVE": 0.009072607678239693,
    "KHR": 0.0002206907362587085,
    "XAF": 0.0015250795117246203,
    "CAD": 0.6610827212809139,
    "KYD": 1.0832556046343451,
    "CLP": 0.0009730675170545021,
    "CNY": 0.1260204347175712,
    "COP": 0.00022424485349371745,
    "KMF": 0.002030841883094058,
    "CDF": 0.00031274964996472773,
    "CRC": 0.0017419331688979776,
    "HRK": null,
    "CUP": 0.03761275982395647,
    "CZK": 0.039846670013786945,
    "DKK": 0.13403303346591425,
    "DJF": 0.005070199389880395,
    "DOP": 0.015114296526086134,
    "EGP": 0.018429088822475754,
    "ERN": null,
    "ETB": null,
    "EUR": 1
  }
}