{
  "meta": {
    "code": "EUR",
    "createdAt": "2024-07-30T11:33:09Z"
  },
  "data": {
    "FJD": 0.4082270367,
    "GMD": 0.01362419765,
    "GEL": 0.34013200920000003,
    "GHS": 0.059432014789999994,
    "GIP": null,
    "GTQ": 0.11916560550000001,
    "GNF": 0.0001071064473,
    "GYD": 0.004420581101,
    "HTG": 0.006993137172,
    "HNL": 0.03729797753,
    "HKD": 0.1182025201,
    "HUF": 0.002534812913,
    "ISK": null,
    "INR": 0.011028130479999999,
    "IDR": null,
    "IRR": 0.00002193041166,
    "IQD": null,
    "ILS": 0.247347398,
    "JMD": 0.005907512842,
    "JPY": 0.005966512208,
    "JOD": null,
    "KZT": 0.001943689045,
    "KES": 0.007101350843999999,
    "KWD": null,
    "KGS": 0.01098869384,
    "LAK": null,
    "LBP": 0.0000103075986,
    "LSL": 0.050388514179999996,
    "LRD": 0.004748216639,
    "LYD": 0.19102248300000002,
    "MOP": 0.1147679159,
    "MKD": 0.01623228169,
    "MGA": null,
    "MWK": 0.0005323283853,
    "MYR": 0.1997577502,
    "MVR": 0.06009862127999999,
    "MRU": 0.02331747616,
    "MUR": 0.01980288135,
    "MXN": 0.049627000000000004,
    "MDL": null,
    "MNT": null,
    "MAD": 0.09311271582,
    "MZN": 0.01446320565,
    "MMK": 0.0002843065782,
    "NAD": 0.050388514179999996,
    "NPR": 0.006891760205,
    "ANG": 0.5125108037,
    "TWD": null,
    "NZD": 0.5439446904,
    "NIO": 0.025077828099999998,
    "NGN": 0.0005560345047000001,
    "KPW": null,
    "NOK": 0.08417255066,
    "OMR": 2.3985755810000002,
    "PKR": 0.003312875985,
    "PAB": null,
    "PGK": 0.2352042769,
    "PYG": 0.0001220824705,
    "PEN": null,
    "PHP": 0.01574175453,
    "PLN": 0.23324499999999998,
    "QAR": 0.2532986,
    "RON": 0.2009534349,
    "RUB": 0.010706046299999999,
    "RWF": 0.0006940522056,
    "SHP": 1.1862201170000002,
    "WST": null,
    "STN": null,
    "SAR": 0.2461408635,
    "RSD": 0.008541510526,
    "SCR": 0.07051950938,
    "SLL": 0.00004746769265,
    "SGD": 0.6868878849000001,
    "SBD": 0.10969754400000001,
    "SOS": 0.001621977913,
    "ZAR": 0.05029881705,
    "KRW": null,
    "SSP": null,
    "LKR": null,
    "SDG": 0.001540250195,
    "SRD": 0.03200235629,
    "SZL": 0.05040705565,
    "SEK": 0.08557562657,
    "CHF": null,
    "SYP": null,
    "TJS": 0.08724717521,
    "TZS": 0.0003419715668,
    "THB": 0.02567084121,
    "TOP": 0.38717323400000003,
    "TTD": 0.1362375166,
    "TND": 0.2962717177,
    "TRY": 0.027906205679999997,
    "TMT": 0.2752256899,
    "UGX": null,
    "UAH": 0.02250467276,
    "AED": 0.2513950065,
    "GBP": 1.1866079360000001,
    "USD": 0.92338,
    "UYU": null,
    "UZS": 0.00007340723259,
    "VUV": null,
    "VES": 0.025254442999999998,
    "VND": 0.00003651888396,
    "XOF": null,
    "YER": 0.003688451567,
    "ZMW": 0.03493127149,
    "ZWL": null,
    "AFN": 0.013016410794215508,
    "ALL": 0.009980546517560761,
    "DZD": 0.006851540031032859,
    "AOA": 0.001055975489288289,
    "ARS": 0.0009911244802791007,
    "AMD": 0.002379373515930905,
    "AWG": 0.5126720698057899,
    "AUD": 0.6038355634993479,
    "AZN": 0.5432062149309462,
    "BSD": 0.9231265480878367,
    "BHD": 2.450028588477088,
    "BDT": 0.007856365575268951,
    "BBD": 0.4571743408326401,
    "BYN": 0.28207790460008203,
    "BZD": 0.45796152591488976,
    "BMD": 0.9234505653826085,
    "BTN": 0.011026174033692765,
    "BOB": 0.13358946928545098,
    "BAM": 0.5113115056571806,
    "BWP": 0.06794284149744549,
    "BRL": 0.16445745485642865,
    "BND": null,
    "BGN": null,
    "BIF": 0.0003203955859194965,
    "CVE": 0.009069477445740973,
    "KHR": null,
    "XAF": 0.0015244521612931038,
    "CAD": 0.6668778446508061,
    "KYD": null,
    "CLP": 0.0009650314001144945,
    "CNY": 0.12735582097176557,
    "COP": 0.00022810730320374598,
    "KMF": 0.002028447150963794,
    "CDF": 0.00032201591784770093,
    "CRC": 0.0017443678844907442,
    "HRK": null,
    "CUP": 0.038462427076743105,
    "CZK": 0.03934477871529749,
    "DKK": 0.13400973011415945,
    "DJF": null,
    "DOP": 0.01557101222291527,
    "EGP": null,
    "ERN": null,
    "ETB": 0.01596610985241211,
    "EUR": 1
  }
}