{
  "meta": {
    "code": "EUR",
    "createdAt": "2024-08-23T13:06:21Z"
  },
  "data": {
    "FJD": null,
    "GMD": 0.01285549974,
    "GEL": 0.3333318921,
    "GHS": 0.057490476049999996,
    "GIP": null,
    "GTQ": 0.1162268968,
    "GNF": 0.0001043582236,
    "GYD": 0.0043083695149999995,
    "HTG": 0.006825376657,
    "HNL": 0.036317810789999995,
    "HKD": 0.11538181480000001,
    "HUF": 0.002538461,
    "ISK": 0.006564670253,
    "INR": 0.0107279,
    "IDR": 0.000057768999999999995,
    "IRR": 0.00002137240193,
    "IQD": 0.0006869671696,
    "ILS": 0.24337129999999998,
    "JMD": 0.00574478305,
    "JPY": 0.00616326737,
    "JOD": 1.269784529,
    "KZT": 0.001861199749,
    "KES": 0.0069736903029999995,
    "KWD": 2.944620794,
    "KGS": 0.010544739939999999,
    "LAK": 0.00004073662409,
    "LBP": 0.00001004703604,
    "LSL": 0.05012694207,
    "LRD": 0.004612623000000001,
    "LYD": 0.1882427136,
    "MOP": 0.11202479380000001,
    "MKD": 0.01623201764,
    "MGA": 0.0001969688085,
    "MWK": 0.0005187895517,
    "MYR": 0.2056731,
    "MVR": 0.058550621569999996,
    "MRU": 0.02261379509,
    "MUR": 0.01949983303,
    "MXN": 0.046628126199999995,
    "MDL": 0.051965000000000004,
    "MNT": null,
    "MAD": 0.09336531846,
    "MZN": 0.014083083259999999,
    "MMK": 0.0002770725217,
    "NAD": 0.05012830089,
    "NPR": 0.0067031884719999995,
    "ANG": 0.4994574122,
    "TWD": 0.02815396408,
    "NZD": 0.554115,
    "NIO": 0.02444290134,
    "NGN": 0.0005712648697,
    "KPW": null,
    "NOK": 0.08470482522,
    "OMR": 2.3377419500000003,
    "PKR": null,
    "PAB": 0.9000118837000001,
    "PGK": 0.22782820480000002,
    "PYG": 0.0001184626611,
    "PEN": 0.24025057730000002,
    "PHP": 0.01594156176,
    "PLN": 0.23367,
    "QAR": 0.2469593,
    "RON": 0.20095449999999998,
    "RUB": 0.009837359,
    "RWF": 0.0006796090799,
    "SHP": 1.177499522,
    "WST": null,
    "STN": null,
    "SAR": 0.2398337416,
    "RSD": 0.008543806771,
    "SCR": 0.06596986743,
    "SLL": null,
    "SGD": 0.6876279,
    "SBD": 0.106906338,
    "SOS": 0.001580308745,
    "ZAR": 0.05007500071,
    "KRW": 0.0006728991000000001,
    "SSP": null,
    "LKR": 0.003000473957,
    "SDG": 0.001496068081,
    "SRD": 0.03123732915,
    "SZL": 0.0501423571,
    "SEK": 0.08740676592999999,
    "CHF": 1.055477816,
    "SYP": null,
    "TJS": 0.08464823145,
    "TZS": 0.0003314493507,
    "THB": 0.0263172,
    "TOP": 0.38254111350000003,
    "TTD": 0.1325609794,
    "TND": 0.2948150773,
    "TRY": 0.026465,
    "TMT": 0.2568465265,
    "UGX": 0.0002421731816,
    "UAH": 0.02179881424,
    "AED": 0.24500736950000002,
    "GBP": 1.1803949999999999,
    "USD": 0.8998849999999999,
    "UYU": 0.02231,
    "UZS": 0.00007096376124,
    "VUV": null,
    "VES": 0.02455776,
    "VND": 0.0000360321,
    "XOF": 0.001524918124,
    "YER": 0.003594522241,
    "ZMW": 0.03426307638,
    "ZWL": null,
    "AFN": 0.01270017015682896,
    "ALL": 0.009974725074059018,
    "DZD": 0.006707858701266645,
    "AOA": 0.000999301852750104,
    "ARS": 0.0009519886016119958,
    "AMD": 0.002319016901354161,
    "AWG": 0.49923512810067605,
    "AUD": 0.6057118628668343,
    "AZN": 0.5293360696479227,
    "BSD": 0.8995357921257269,
    "BHD": 2.3882150703527945,
    "BDT": null,
    "BBD": 0.44552077114513083,
    "BYN": 0.27491887010120364,
    "BZD": 0.44628017828848493,
    "BMD": 0.8998713184014686,
    "BTN": 0.010723729017419774,
    "BOB": 0.13019676099427424,
    "BAM": 0.5114401764372457,
    "BWP": 0.0673307413749487,
    "BRL": 0.16188302332734367,
    "BND": 0.6875807592823959,
    "BGN": 0.5115346634152276,
    "BIF": 0.00031143730826391317,
    "CVE": 0.009071468175903518,
    "KHR": 0.00022028186107820417,
    "XAF": 0.0015248949594939606,
    "CAD": 0.6627190700726009,
    "KYD": 1.0796593326809594,
    "CLP": 0.0009821814449471546,
    "CNY": 0.12609252871505158,
    "COP": 0.00022128160378993782,
    "KMF": 0.002031141918812743,
    "CDF": 0.0003130784491236367,
    "CRC": 0.0017103372281969621,
    "HRK": null,
    "CUP": 0.03749194186162217,
    "CZK": 0.03990072662507014,
    "DKK": 0.13401951721055982,
    "DJF": 0.005053718061515122,
    "DOP": 0.015059005322574408,
    "EGP": 0.018453418344245708,
    "ERN": null,
    "ETB": 0.008236004168758932,
    "EUR": 1
  }
}