{
  "meta": {
    "code": "EUR",
    "createdAt": "2024-08-01T08:05:06Z"
  },
  "data": {
    "FJD": 0.41036792510000003,
    "GMD": 0.013325611309999999,
    "GEL": 0.34114498660000003,
    "GHS": 0.059526496369999994,
    "GIP": null,
    "GTQ": 0.1195033697,
    "GNF": 0.00010743967440000001,
    "GYD": 0.0044329897779999995,
    "HTG": 0.007013362071,
    "HNL": 0.037334356299999996,
    "HKD": 0.118514726,
    "HUF": 0.002524853577,
    "ISK": 0.00667866156,
    "INR": 0.011058205199999999,
    "IDR": 0.00005699496633,
    "IRR": null,
    "IQD": 0.0007069477213000001,
    "ILS": null,
    "JMD": 0.0059200609749999996,
    "JPY": 0.0061852922889999995,
    "JOD": 1.307001888,
    "KZT": 0.001950952117,
    "KES": 0.007151582991,
    "KWD": 3.0307548680000003,
    "KGS": 0.011021420249999999,
    "LAK": 0.00004171756752,
    "LBP": null,
    "LSL": 0.050774670669999994,
    "LRD": 0.004604763,
    "LYD": 0.1915470502,
    "MOP": 0.1150926756,
    "MKD": 0.01627792019,
    "MGA": 0.0002028762318,
    "MWK": 0.0005336387176000001,
    "MYR": 0.2008631,
    "MVR": 0.06029748108,
    "MRU": 0.023269597849999997,
    "MUR": 0.01986185807,
    "MXN": 0.049559068559999996,
    "MDL": 0.0524,
    "MNT": null,
    "MAD": 0.09340326671999999,
    "MZN": 0.014500491499999999,
    "MMK": 0.0002851532969,
    "NAD": 0.05080252311,
    "NPR": 0.0069216529729999995,
    "ANG": 0.5143883462000001,
    "TWD": 0.028277916259999997,
    "NZD": null,
    "NIO": 0.025111984379999997,
    "NGN": 0.0005575502458,
    "KPW": null,
    "NOK": null,
    "OMR": 2.406132972,
    "PKR": 0.0033194622809999998,
    "PAB": 0.926166119,
    "PGK": 0.2356564827,
    "PYG": 0.0001222758325,
    "PEN": 0.24821210130000002,
    "PHP": 0.015874562789999998,
    "PLN": 0.2327133157,
    "QAR": 0.2531317,
    "RON": 0.20099509999999998,
    "RUB": null,
    "RWF": 0.000702944969,
    "SHP": 1.187715418,
    "WST": null,
    "STN": null,
    "SAR": 0.2468541817,
    "RSD": 0.008542216178,
    "SCR": null,
    "SLL": 0.00004746769265,
    "SGD": 0.6922913436,
    "SBD": 0.109746405,
    "SOS": 0.001621943879,
    "ZAR": 0.050735,
    "KRW": 0.0006779798,
    "SSP": null,
    "LKR": 0.003062914732,
    "SDG": 0.001539700664,
    "SRD": 0.03195590264,
    "SZL": 0.050830406099999996,
    "SEK": 0.08646229283,
    "CHF": 1.056475388,
    "SYP": null,
    "TJS": 0.08733704113,
    "TZS": null,
    "THB": 0.02600039,
    "TOP": 0.389252439,
    "TTD": 0.1366428872,
    "TND": 0.29742881660000003,
    "TRY": 0.02793337738,
    "TMT": 0.2650954512,
    "UGX": 0.0002487983415,
    "UAH": 0.022592144869999997,
    "AED": 0.2521443474,
    "GBP": 1.1843581970000001,
    "USD": 0.92613,
    "UYU": 0.022986546599999998,
    "UZS": null,
    "VUV": null,
    "VES": 0.02531042904,
    "VND": 0.0000367257,
    "XOF": 0.001533327778,
    "YER": 0.0036993586769999997,
    "ZMW": 0.035530727389999996,
    "ZWL": null,
    "AFN": 0.013134978088722113,
    "ALL": 0.009983999522557156,
    "DZD": 0.006875828503385255,
    "AOA": 0.0010457548901805862,
    "ARS": 0.0009950377467569233,
    "AMD": 0.002383307957419353,
    "AWG": 0.5144533084749494,
    "AUD": 0.6037830041027985,
    "AZN": 0.5447152677970053,
    "BSD": 0.9263450859268577,
    "BHD": 2.456647825100729,
    "BDT": 0.007876957878631772,
    "BBD": 0.4587891819059779,
    "BYN": 0.28310141591735016,
    "BZD": 0.4595665138765946,
    "BMD": 0.926015955254909,
    "BTN": 0.011062343657770769,
    "BOB": 0.13393770432970284,
    "BAM": null,
    "BWP": 0.06845691137780333,
    "BRL": 0.1637119542706882,
    "BND": 0.6919800119331537,
    "BGN": 0.5122399691976993,
    "BIF": 0.00032190298952529606,
    "CVE": 0.009095715705335912,
    "KHR": 0.00022544515042222568,
    "XAF": 0.0015302698378089005,
    "CAD": 0.6698019775731918,
    "KYD": 1.111864493319655,
    "CLP": 0.0009819525632405119,
    "CNY": 0.12789272531725238,
    "COP": 0.0002285126069715158,
    "KMF": null,
    "CDF": null,
    "CRC": 0.0017666160791147002,
    "HRK": null,
    "CUP": 0.03860735849913665,
    "CZK": 0.03926402307388952,
    "DKK": 0.13399979000785706,
    "DJF": 0.005203416901134974,
    "DOP": 0.015587338129341651,
    "EGP": 0.019027887599345268,
    "ERN": null,
    "ETB": 0.016001928785445305,
    "EUR": 1
  }
}