{
  "meta": {
    "code": "EUR",
    "createdAt": "2024-08-27T14:04:09Z"
  },
  "data": {
    "FJD": 0.4062423397,
    "GMD": 0.01270347503,
    "GEL": 0.33174280700000003,
    "GHS": 0.05741429377,
    "GIP": null,
    "GTQ": 0.1157063064,
    "GNF": 0.0001039198284,
    "GYD": 0.004288914895,
    "HTG": 0.006793038817,
    "HNL": 0.036156701609999994,
    "HKD": 0.11478482870000001,
    "HUF": 0.002544096,
    "ISK": 0.006540531628,
    "INR": 0.01067196375,
    "IDR": 0.00005767201914,
    "IRR": 0.00002124780509,
    "IQD": 0.0006839717228,
    "ILS": 0.2430017,
    "JMD": 0.005713026477,
    "JPY": 0.006199927446,
    "JOD": 1.2637311150000001,
    "KZT": 0.001864477434,
    "KES": 0.006942596823,
    "KWD": 2.933477538,
    "KGS": 0.01051951826,
    "LAK": 0.00004055800472,
    "LBP": 0.00001000164672,
    "LSL": 0.05044622434,
    "LRD": 0.0045933400000000004,
    "LYD": 0.1881635243,
    "MOP": 0.111521191,
    "MKD": 0.01623675224,
    "MGA": 0.0001961934291,
    "MWK": 0.000516528147,
    "MYR": 0.2060308237,
    "MVR": 0.058309440969999994,
    "MRU": 0.022615144009999998,
    "MUR": 0.019415290539999998,
    "MXN": 0.04567032071,
    "MDL": 0.05153,
    "MNT": null,
    "MAD": 0.09300924238,
    "MZN": 0.01402240256,
    "MMK": 0.0002757516406,
    "NAD": 0.05044622434,
    "NPR": 0.006671071316,
    "ANG": 0.49727231720000004,
    "TWD": 0.028033332549999998,
    "NZD": 0.557365,
    "NIO": 0.02433676419,
    "NGN": 0.0005633074024,
    "KPW": null,
    "NOK": 0.08517869704999999,
    "OMR": 2.326408319,
    "PKR": 0.003218861571,
    "PAB": 0.8961126539000001,
    "PGK": 0.2267847153,
    "PYG": 0.000117588668,
    "PEN": 0.23918610880000002,
    "PHP": 0.015896676909999997,
    "PLN": 0.2333110056,
    "QAR": 0.2456458296,
    "RON": 0.20091209999999998,
    "RUB": 0.009787666,
    "RWF": 0.0006692497531,
    "SHP": 1.1807076680000002,
    "WST": null,
    "STN": null,
    "SAR": 0.23867168800000002,
    "RSD": 0.008543797181,
    "SCR": 0.06695403737,
    "SLL": 0.00004746769265,
    "SGD": 0.6869851313,
    "SBD": 0.10612800750000001,
    "SOS": 0.001573481602,
    "ZAR": 0.050417000000000003,
    "KRW": 0.0006723635578,
    "SSP": null,
    "LKR": 0.0029823035859999998,
    "SDG": 0.0014889359119999999,
    "SRD": 0.031064688769999998,
    "SZL": 0.05043083802,
    "SEK": 0.08780967752999999,
    "CHF": null,
    "SYP": null,
    "TJS": 0.08402918295999999,
    "TZS": 0.0003298692402,
    "THB": null,
    "TOP": 0.3823295055,
    "TTD": 0.1319209643,
    "TND": 0.2964919908,
    "TRY": 0.026316879949999997,
    "TMT": 0.2556220682,
    "UGX": 0.0002413421642,
    "UAH": 0.02165912321,
    "AED": 0.2438363067,
    "GBP": 1.1844512550000001,
    "USD": 0.8955949999999999,
    "UYU": 0.02225105777,
    "UZS": 0.00007070418022,
    "VUV": null,
    "VES": 0.02452706021,
    "VND": 0.00003606910347,
    "XOF": 0.0015248642279999999,
    "YER": 0.003577386162,
    "ZMW": 0.034087742819999996,
    "ZWL": null,
    "AFN": 0.012656981760236222,
    "ALL": 0.009989026095887163,
    "DZD": 0.006686805895046084,
    "AOA": 0.0009877810154879766,
    "ARS": 0.0009437885985116262,
    "AMD": 0.0023088636236910185,
    "AWG": 0.4967675398279338,
    "AUD": 0.606475950196195,
    "AZN": 0.5267197003175593,
    "BSD": 0.8956239314949005,
    "BHD": 2.3762448904604145,
    "BDT": 0.007494406884796241,
    "BBD": 0.4435615615726892,
    "BYN": 0.27367238930219434,
    "BZD": 0.44424463801442016,
    "BMD": 0.8954234905398507,
    "BTN": 0.010668666072555894,
    "BOB": 0.12958865012757204,
    "BAM": 0.5113272463656199,
    "BWP": 0.06738333828810882,
    "BRL": 0.16297020430617554,
    "BND": 0.6868029682605072,
    "BGN": 0.5111331461859868,
    "BIF": 0.00031001812509807736,
    "CVE": 0.009069547865153774,
    "KHR": 0.0002197585837507228,
    "XAF": 0.0015243399251161946,
    "CAD": 0.6651014612279103,
    "KYD": 1.0745852149668345,
    "CLP": 0.0009861166383907417,
    "CNY": 0.12568909043832815,
    "COP": 0.00022196693405595965,
    "KMF": 0.0020294033443950584,
    "CDF": 0.0003158460284091185,
    "CRC": 0.0016958980582055761,
    "HRK": null,
    "CUP": 0.03731683767700248,
    "CZK": 0.03998943754187474,
    "DKK": 0.13405239035519861,
    "DJF": 0.005028697704170743,
    "DOP": 0.01500227425026201,
    "EGP": 0.01839010670710273,
    "ERN": null,
    "ETB": 0.00787939830771326,
    "EUR": 1
  }
}