{
  "meta": {
    "code": "EUR",
    "createdAt": "2024-08-15T16:04:22Z"
  },
  "data": {
    "FJD": null,
    "GMD": 0.01300164259,
    "GEL": 0.3383748412,
    "GHS": 0.05815431257,
    "GIP": null,
    "GTQ": 0.1175967782,
    "GNF": 0.00010545943910000001,
    "GYD": 0.0043594581299999996,
    "HTG": 0.006902503284,
    "HNL": 0.03667827158,
    "HKD": 0.1167277094,
    "HUF": 0.002527107219,
    "ISK": 0.006557024449,
    "INR": 0.01083988,
    "IDR": 0.00005785118694,
    "IRR": 0.00002161536594,
    "IQD": 0.0006947442669,
    "ILS": 0.2468613855,
    "JMD": 0.005794337248,
    "JPY": 0.00611296942,
    "JOD": 1.284400703,
    "KZT": 0.0018998887249999999,
    "KES": 0.007055154961,
    "KWD": 2.973965493,
    "KGS": 0.010619777899999999,
    "LAK": 0.00004111191409,
    "LBP": 0.00001015753322,
    "LSL": 0.05031039179,
    "LRD": 0.0046583917729999995,
    "LYD": 0.18940998480000001,
    "MOP": 0.1134573932,
    "MKD": 0.01625276086,
    "MGA": 0.00019763625940000002,
    "MWK": 0.0005247131697,
    "MYR": 0.205931903,
    "MVR": 0.05910398754,
    "MRU": 0.02286721092,
    "MUR": 0.019708695039999998,
    "MXN": 0.04880218653,
    "MDL": 0.051877000949999995,
    "MNT": null,
    "MAD": 0.09321128434999999,
    "MZN": 0.014244273569999999,
    "MMK": 0.0002802223152,
    "NAD": 0.05031039179,
    "NPR": 0.0067773570099999994,
    "ANG": 0.505383583,
    "TWD": 0.028085639229999997,
    "NZD": 0.5467606874000001,
    "NIO": 0.02471124043,
    "NGN": 0.0005724389723,
    "KPW": null,
    "NOK": 0.08489507214,
    "OMR": 2.364580702,
    "PKR": 0.003266158187,
    "PAB": 0.9107129455,
    "PGK": 0.2342517695,
    "PYG": 0.0001203120153,
    "PEN": 0.2433462483,
    "PHP": 0.01590304007,
    "PLN": 0.2333989917,
    "QAR": 0.2499629937,
    "RON": 0.20093964920000001,
    "RUB": 0.010240280000000001,
    "RWF": 0.0006894810537,
    "SHP": 1.1676320390000001,
    "WST": null,
    "STN": null,
    "SAR": 0.24252548840000002,
    "RSD": 0.008545119063,
    "SCR": 0.06580235203,
    "SLL": 0.00004746769265,
    "SGD": 0.6892801458000001,
    "SBD": 0.1069385125,
    "SOS": 0.001593896595,
    "ZAR": 0.05060421423,
    "KRW": 0.0006675310366,
    "SSP": null,
    "LKR": 0.003045051845,
    "SDG": 0.001513075561,
    "SRD": 0.03170082989,
    "SZL": 0.05031039179,
    "SEK": 0.08660834542,
    "CHF": 1.044438872,
    "SYP": null,
    "TJS": 0.08567844452,
    "TZS": 0.0003357119084,
    "THB": 0.025929676909999998,
    "TOP": 0.38406853,
    "TTD": 0.1340349113,
    "TND": 0.2974249449,
    "TRY": 0.02706927741,
    "TMT": 0.2597663884,
    "UGX": 0.000244465171,
    "UAH": 0.022131976339999998,
    "AED": 0.2477851795,
    "GBP": 1.170812891,
    "USD": 0.910115,
    "UYU": 0.022598155449999997,
    "UZS": 0.00007200276894,
    "VUV": null,
    "VES": 0.024887385909999997,
    "VND": 0.0000363384,
    "XOF": 0.0015155953059999999,
    "YER": 0.003635022972,
    "ZMW": 0.03464277207,
    "ZWL": null,
    "AFN": 0.012911773983941357,
    "ALL": 0.01004724134511993,
    "DZD": 0.006770514231239735,
    "AOA": 0.0010338217670276726,
    "ARS": 0.0009676136807875503,
    "AMD": 0.002344091224964447,
    "AWG": 0.5049985386604787,
    "AUD": 0.6035276189326614,
    "AZN": 0.5353628582380565,
    "BSD": 0.9104082516228422,
    "BHD": 2.415217149459204,
    "BDT": 0.007746684117270796,
    "BBD": 0.4508068699365933,
    "BYN": 0.27813598834456676,
    "BZD": 0.4515747560549816,
    "BMD": 0.9101168590046962,
    "BTN": 0.010842346423580288,
    "BOB": 0.1317270952166772,
    "BAM": 0.5124234681971025,
    "BWP": 0.06781107572011136,
    "BRL": 0.1666636498323865,
    "BND": 0.6908248675509113,
    "BGN": null,
    "BIF": 0.00031617747403324517,
    "CVE": 0.009055889144325336,
    "KHR": 0.0002219797217084625,
    "XAF": 0.0015278130502915717,
    "CAD": 0.6643940439433887,
    "KYD": 1.0922940258760552,
    "CLP": 0.0009757559633711126,
    "CNY": 0.12748539144899387,
    "COP": 0.0002269516229121731,
    "KMF": 0.002036283385176633,
    "CDF": 0.00031711388815494645,
    "CRC": 0.0017305816290978339,
    "HRK": null,
    "CUP": 0.03792755679783239,
    "CZK": 0.039635783424993305,
    "DKK": 0.13403298551773593,
    "DJF": 0.005111597451097229,
    "DOP": null,
    "EGP": 0.018604834165131593,
    "ERN": null,
    "ETB": null,
    "EUR": 1
  }
}