{
  "meta": {
    "code": "EUR",
    "createdAt": "2024-08-08T14:04:10Z"
  },
  "data": {
    "FJD": null,
    "GMD": 0.01320769765,
    "GEL": 0.3393764497,
    "GHS": 0.058889009219999996,
    "GIP": null,
    "GTQ": 0.11852330820000001,
    "GNF": 0.0001065281926,
    "GYD": 0.004395196701,
    "HTG": 0.006973688049,
    "HNL": 0.03708856701,
    "HKD": 0.1177385656,
    "HUF": 0.002522567076,
    "ISK": 0.006618132628,
    "INR": 0.01092897,
    "IDR": null,
    "IRR": 0.00002180756629,
    "IQD": 0.0007011025055,
    "ILS": 0.2421986184,
    "JMD": 0.00585881652,
    "JPY": 0.006237,
    "JOD": 1.295071348,
    "KZT": 0.0019234281469999999,
    "KES": 0.007102011597999999,
    "KWD": 2.997323058,
    "KGS": null,
    "LAK": 0.00004141805334,
    "LBP": null,
    "LSL": 0.049835462209999994,
    "LRD": 0.004697253769,
    "LYD": null,
    "MOP": 0.1144352847,
    "MKD": 0.01623974802,
    "MGA": 0.000201907881,
    "MWK": null,
    "MYR": 0.20437809999999998,
    "MVR": 0.05957313699,
    "MRU": 0.023147938649999998,
    "MUR": 0.019840274619999997,
    "MXN": 0.047787500000000004,
    "MDL": 0.05224,
    "MNT": null,
    "MAD": null,
    "MZN": 0.01436772056,
    "MMK": 0.0002826300752,
    "NAD": null,
    "NPR": 0.00683490821,
    "ANG": 0.5097126908,
    "TWD": 0.02823786,
    "NZD": 0.5496995275000001,
    "NIO": 0.024941129269999997,
    "NGN": 0.0005740861138,
    "KPW": null,
    "NOK": 0.084508,
    "OMR": 2.384571153,
    "PKR": 0.003294969907,
    "PAB": null,
    "PGK": null,
    "PYG": 0.0001213383394,
    "PEN": 0.2456149889,
    "PHP": 0.01596715804,
    "PLN": 0.23130499999999998,
    "QAR": 0.2519692,
    "RON": 0.2009008145,
    "RUB": 0.01059259,
    "RWF": 0.0006974236974,
    "SHP": null,
    "WST": null,
    "STN": null,
    "SAR": null,
    "RSD": 0.008546005508999999,
    "SCR": 0.06816655073,
    "SLL": 0.00004746769265,
    "SGD": 0.6921396999999999,
    "SBD": 0.1078573625,
    "SOS": 0.001612954074,
    "ZAR": 0.04995157181,
    "KRW": 0.0006659256,
    "SSP": null,
    "LKR": 0.0030502062109999998,
    "SDG": 0.001526076392,
    "SRD": null,
    "SZL": 0.049847248499999997,
    "SEK": 0.08694037765,
    "CHF": 1.061678,
    "SYP": null,
    "TJS": 0.08719428765,
    "TZS": 0.00034064510020000003,
    "THB": 0.02598282,
    "TOP": 0.386267048,
    "TTD": 0.1353917407,
    "TND": null,
    "TRY": 0.027414220559999997,
    "TMT": 0.2627497144,
    "UGX": 0.0002461594161,
    "UAH": 0.022359381999999997,
    "AED": 0.2499142292,
    "GBP": 1.16662,
    "USD": 0.917935,
    "UYU": 0.0227097119,
    "UZS": 0.00007262729258,
    "VUV": null,
    "VES": 0.02505575,
    "VND": 0.000036504099999999995,
    "XOF": 0.0015290291129999999,
    "YER": 0.0036666243479999997,
    "ZMW": 0.03520775491,
    "ZWL": null,
    "AFN": 0.012968374270250679,
    "ALL": 0.010014901984871842,
    "DZD": 0.006812138568789715,
    "AOA": 0.0010453964039706203,
    "ARS": 0.0009799161779505399,
    "AMD": null,
    "AWG": null,
    "AUD": 0.6019571386700837,
    "AZN": 0.5399601563400637,
    "BSD": 0.9180540923622181,
    "BHD": 2.435451180621467,
    "BDT": 0.007813147026238112,
    "BBD": 0.45818835835578076,
    "BYN": 0.28056008142843375,
    "BZD": null,
    "BMD": 0.917932265778108,
    "BTN": 0.010934376461417684,
    "BOB": 0.1328642886292276,
    "BAM": 0.5128204894148597,
    "BWP": 0.06761503624690635,
    "BRL": null,
    "BND": 0.6929134680161297,
    "BGN": null,
    "BIF": 0.0003184810959823967,
    "CVE": null,
    "KHR": 0.00022363266814271043,
    "XAF": 0.0015290522472856261,
    "CAD": 0.6677194376466897,
    "KYD": 1.1015943764603804,
    "CLP": 0.0009749575323367018,
    "CNY": 0.12792613442657302,
    "COP": 0.0002234635179677321,
    "KMF": 0.0020364553874022734,
    "CDF": null,
    "CRC": 0.0017367515919310844,
    "HRK": null,
    "CUP": 0.03825079562945874,
    "CZK": 0.03960701871669435,
    "DKK": 0.13402624904087465,
    "DJF": 0.005155448615237145,
    "DOP": 0.015411402590737252,
    "EGP": 0.01863954323293803,
    "ERN": null,
    "ETB": 0.011427156285619135,
    "EUR": 1
  }
}