{
  "meta": {
    "code": "EUR",
    "createdAt": "2024-07-26T09:04:03Z"
  },
  "data": {
    "FJD": 0.40826796730000003,
    "GMD": 0.01360287767,
    "GEL": 0.3413736256,
    "GHS": 0.05947068202,
    "GIP": null,
    "GTQ": 0.1189104537,
    "GNF": null,
    "GYD": 0.004414176473,
    "HTG": 0.006983655218,
    "HNL": 0.03723991213,
    "HKD": 0.11806599999999999,
    "HUF": 0.0025519640000000003,
    "ISK": 0.0066888880339999995,
    "INR": 0.01100813,
    "IDR": null,
    "IRR": 0.00002188801764,
    "IQD": 0.0007040031027,
    "ILS": 0.25095059999999997,
    "JMD": null,
    "JPY": 0.005972000000000001,
    "JOD": 1.300418467,
    "KZT": 0.0019414052999999999,
    "KES": 0.007008326961,
    "KWD": 3.012667328,
    "KGS": 0.010945308269999999,
    "LAK": 0.00004159333338,
    "LBP": 0.00001029375535,
    "LSL": 0.04987293364,
    "LRD": null,
    "LYD": 0.1906111898,
    "MOP": 0.114720422,
    "MKD": null,
    "MGA": 0.00020291945970000002,
    "MWK": 0.0005315909258,
    "MYR": 0.19765439999999998,
    "MVR": 0.060041305989999995,
    "MRU": null,
    "MUR": null,
    "MXN": 0.05026291578,
    "MDL": 0.0519226623,
    "MNT": null,
    "MAD": 0.09372284767,
    "MZN": 0.014423947849999999,
    "MMK": 0.0002837569808,
    "NAD": null,
    "NPR": 0.006883972738,
    "ANG": 0.5118087048000001,
    "TWD": 0.02809055659,
    "NZD": 0.5437594819,
    "NIO": 0.025048740129999997,
    "NGN": 0.0005918852926,
    "KPW": null,
    "NOK": 0.08377872,
    "OMR": 2.393883562,
    "PKR": 0.003311166419,
    "PAB": 0.922250254,
    "PGK": 0.2384211423,
    "PYG": 0.0001215727573,
    "PEN": null,
    "PHP": 0.01576548605,
    "PLN": 0.233705,
    "QAR": 0.25299699999999997,
    "RON": null,
    "RUB": 0.01080085378,
    "RWF": null,
    "SHP": null,
    "WST": null,
    "STN": null,
    "SAR": 0.24566013280000001,
    "RSD": 0.008541451208,
    "SCR": null,
    "SLL": 0.00004746769265,
    "SGD": 0.6857028986,
    "SBD": 0.10874821,
    "SOS": 0.0016195870909999999,
    "ZAR": 0.050504,
    "KRW": 0.0006645910004,
    "SSP": null,
    "LKR": null,
    "SDG": 0.001572687674,
    "SRD": null,
    "SZL": null,
    "SEK": 0.085326,
    "CHF": 1.042927,
    "SYP": null,
    "TJS": 0.08680894061,
    "TZS": 0.0003413314811,
    "THB": 0.02554982976,
    "TOP": 0.386516943,
    "TTD": 0.13567085680000002,
    "TND": 0.2970111389,
    "TRY": 0.027895,
    "TMT": 0.25343862500000003,
    "UGX": 0.0002467121795,
    "UAH": 0.02236629964,
    "AED": null,
    "GBP": 1.1857199999999999,
    "USD": 0.9215949999999999,
    "UYU": 0.022892419799999997,
    "UZS": null,
    "VUV": null,
    "VES": 0.025225879899999998,
    "VND": 0.0000364196,
    "XOF": 0.001524939285,
    "YER": 0.003681243951,
    "ZMW": 0.03530504186,
    "ZWL": null,
    "AFN": 0.013017773117601878,
    "ALL": 0.009968015032085645,
    "DZD": 0.006857637417413722,
    "AOA": 0.0010561001778980896,
    "ARS": 0.0009914865757303273,
    "AMD": 0.002376008053581941,
    "AWG": 0.5119950193124521,
    "AUD": 0.6049463740326178,
    "AZN": 0.5421123733896551,
    "BSD": 0.9217566745421648,
    "BHD": 2.445179359945645,
    "BDT": 0.007844796770898395,
    "BBD": 0.45654508278668715,
    "BYN": null,
    "BZD": 0.457317390155819,
    "BMD": 0.9215910347624138,
    "BTN": null,
    "BOB": 0.1334076185018792,
    "BAM": 0.5114480540324452,
    "BWP": 0.06766031747367125,
    "BRL": 0.1632637178930013,
    "BND": 0.6868206328734133,
    "BGN": null,
    "BIF": 0.0003199685565619593,
    "CVE": null,
    "KHR": null,
    "XAF": null,
    "CAD": 0.6672949422044205,
    "KYD": 1.106148745080327,
    "CLP": 0.0009730251440565915,
    "CNY": null,
    "COP": 0.00022859755296103534,
    "KMF": null,
    "CDF": null,
    "CRC": 0.0017433617110017936,
    "HRK": null,
    "CUP": null,
    "CZK": 0.03940780957677302,
    "DKK": 0.13399327915786835,
    "DJF": null,
    "DOP": 0.015562242734603068,
    "EGP": 0.019064968292233347,
    "ERN": null,
    "ETB": 0.015945204346084402,
    "EUR": 1
  }
}