{
  "meta": {
    "code": "EUR",
    "createdAt": "2024-07-24T17:32:59Z"
  },
  "data": {
    "FJD": 0.40937425,
    "GMD": 0.01360287767,
    "GEL": 0.3394744948,
    "GHS": 0.0594577419,
    "GIP": null,
    "GTQ": 0.11881414700000001,
    "GNF": 0.0001072245462,
    "GYD": 0.004412445718,
    "HTG": 0.006980624092,
    "HNL": 0.037164866649999996,
    "HKD": 0.1179997,
    "HUF": 0.002544237178,
    "ISK": 0.00668937353,
    "INR": 0.011005705919999999,
    "IDR": 0.00005681522583,
    "IRR": 0.00002188801764,
    "IQD": 0.0007035076256,
    "ILS": 0.2525114912,
    "JMD": 0.00588797553,
    "JPY": 0.005997000000000001,
    "JOD": 1.300418467,
    "KZT": 0.001944059494,
    "KES": 0.006955433951,
    "KWD": 3.0150514950000002,
    "KGS": 0.01094176105,
    "LAK": 0.00004155072067,
    "LBP": 0.00001029140067,
    "LSL": 0.05011392059,
    "LRD": 0.004723195571,
    "LYD": 0.1908064113,
    "MOP": 0.1146003382,
    "MKD": 0.0162168372,
    "MGA": 0.0002031063315,
    "MWK": 0.0005310256378000001,
    "MYR": 0.1974319,
    "MVR": 0.06000222114999999,
    "MRU": 0.023176033279999998,
    "MUR": 0.01973073148,
    "MXN": 0.050313916849999994,
    "MDL": 0.051975,
    "MNT": null,
    "MAD": 0.09348226529999999,
    "MZN": 0.014435246609999999,
    "MMK": 0.0002837569808,
    "NAD": 0.05011392059,
    "NPR": 0.006880428283,
    "ANG": 0.5115770158,
    "TWD": 0.02815467,
    "NZD": 0.547725,
    "NIO": 0.025026340759999998,
    "NGN": 0.0005817232055,
    "KPW": null,
    "NOK": 0.083723,
    "OMR": 2.3940042910000003,
    "PKR": 0.0033097324169999998,
    "PAB": 0.9218383010000001,
    "PGK": 0.23850802100000001,
    "PYG": 0.00012168399380000001,
    "PEN": 0.245300766,
    "PHP": 0.015755108889999998,
    "PLN": 0.2327488172,
    "QAR": 0.2530812304,
    "RON": 0.2011955241,
    "RUB": 0.01068459,
    "RWF": 0.0007008326961,
    "SHP": 1.189640905,
    "WST": null,
    "STN": null,
    "SAR": 0.2456707403,
    "RSD": 0.008543174959,
    "SCR": 0.06803052089,
    "SLL": 0.00004746769265,
    "SGD": 0.6866764,
    "SBD": 0.10874821,
    "SOS": 0.001614001672,
    "ZAR": 0.050283,
    "KRW": 0.0006678457,
    "SSP": null,
    "LKR": 0.003035580945,
    "SDG": 0.001572687674,
    "SRD": 0.03161343918,
    "SZL": 0.050141185979999996,
    "SEK": 0.08561003767,
    "CHF": 1.041352,
    "SYP": null,
    "TJS": 0.08652394657,
    "TZS": 0.0003413314811,
    "THB": 0.025598904699999998,
    "TOP": 0.3878993355,
    "TTD": 0.1356081884,
    "TND": 0.2963328818,
    "TRY": 0.02806,
    "TMT": 0.2637973528,
    "UGX": 0.0002477417855,
    "UAH": 0.0223423566,
    "AED": 0.2509106899,
    "GBP": 1.1911,
    "USD": 0.9215949999999999,
    "UYU": 0.0229292836,
    "UZS": 0.00007317149575,
    "VUV": null,
    "VES": 0.025242883329999997,
    "VND": 0.00003632800762,
    "XOF": 0.001527083652,
    "YER": 0.0036805094389999998,
    "ZMW": 0.035369848419999995,
    "ZWL": null,
    "AFN": 0.013073237354200311,
    "ALL": 0.009963926848336455,
    "DZD": 0.006851913614493624,
    "AOA": 0.0010527278509093341,
    "ARS": 0.0009934115910135925,
    "AMD": 0.0023730354375253713,
    "AWG": 0.5113249562866888,
    "AUD": 0.6079652987025923,
    "AZN": 0.542154843218307,
    "BSD": 0.9214162944647009,
    "BHD": 2.4450776917470565,
    "BDT": 0.007842167083497584,
    "BBD": 0.456352291000946,
    "BYN": 0.28156127286780896,
    "BZD": 0.45712479198902034,
    "BMD": 0.9216632334711219,
    "BTN": 0.011007982192698954,
    "BOB": 0.13335453994125415,
    "BAM": 0.5107978549505843,
    "BWP": 0.06790501221175559,
    "BRL": 0.16358905166006799,
    "BND": 0.6851978963040483,
    "BGN": 0.511353925113406,
    "BIF": 0.00031944377172691825,
    "CVE": 0.009030820988224372,
    "KHR": 0.00022396100319344877,
    "XAF": 0.0015230009086113765,
    "CAD": null,
    "KYD": 1.1056033196827586,
    "CLP": 0.0009728903055896998,
    "CNY": 0.12690013330869154,
    "COP": 0.00022888978171620858,
    "KMF": 0.002031073340255739,
    "CDF": 0.0003216752279724404,
    "CRC": 0.001738036056349491,
    "HRK": null,
    "CUP": 0.038389998949507585,
    "CZK": 0.039339335204574374,
    "DKK": 0.1340031705150144,
    "DJF": null,
    "DOP": 0.015521676263428067,
    "EGP": 0.019064512976825734,
    "ERN": null,
    "ETB": 0.01602515950041565,
    "EUR": 1
  }
}