{
  "meta": {
    "code": "EUR",
    "createdAt": "2024-08-27T15:04:26Z"
  },
  "data": {
    "FJD": 0.406407458,
    "GMD": 0.01270028354,
    "GEL": null,
    "GHS": 0.05739986959,
    "GIP": null,
    "GTQ": 0.11567723760000001,
    "GNF": 0.00010389372070000001,
    "GYD": 0.004287837393,
    "HTG": 0.006791332204,
    "HNL": 0.03614761798,
    "HKD": 0.11474949999999999,
    "HUF": 0.002543135527,
    "ISK": 0.006539843633,
    "INR": 0.01067009,
    "IDR": 0.00005773193547,
    "IRR": 0.00002124246701,
    "IQD": 0.0006837998889000001,
    "ILS": 0.24320792940000002,
    "JMD": 0.005711591195,
    "JPY": 0.006205048405,
    "JOD": 1.263591807,
    "KZT": 0.001864009022,
    "KES": 0.006940852637,
    "KWD": 2.9329832070000004,
    "KGS": 0.01051687544,
    "LAK": 0.00004054781535,
    "LBP": 0.000009999134012,
    "LSL": 0.05043355075,
    "LRD": 0.0045933400000000004,
    "LYD": null,
    "MOP": 0.11149317360000001,
    "MKD": null,
    "MGA": 0.0001961441395,
    "MWK": 0.0005163983799,
    "MYR": 0.2059790626,
    "MVR": 0.05829479191,
    "MRU": null,
    "MUR": 0.01941041285,
    "MXN": 0.04554952,
    "MDL": 0.05150275684,
    "MNT": null,
    "MAD": 0.0929858757,
    "MZN": 0.01401887971,
    "MMK": 0.0002756823636,
    "NAD": 0.05043355075,
    "NPR": 0.006669395345,
    "ANG": 0.49714738760000005,
    "TWD": 0.02804216,
    "NZD": 0.5582699999999999,
    "NIO": 0.024330650069999998,
    "NGN": 0.0005631434897000001,
    "KPW": null,
    "NOK": 0.0854565,
    "OMR": null,
    "PKR": 0.0032180528979999998,
    "PAB": 0.8958875238,
    "PGK": 0.2267277402,
    "PYG": 0.0001175591262,
    "PEN": 0.2391260182,
    "PHP": 0.01589579012,
    "PLN": 0.23328,
    "QAR": null,
    "RON": 0.2008639033,
    "RUB": 0.009786096000000001,
    "RWF": 0.0006690816177000001,
    "SHP": 1.180411039,
    "WST": null,
    "STN": null,
    "SAR": 0.2386047338,
    "RSD": 0.00854360684,
    "SCR": 0.06668753364999999,
    "SLL": 0.00004746769265,
    "SGD": 0.6871498441,
    "SBD": 0.106101345,
    "SOS": 0.001573086297,
    "ZAR": 0.05049637,
    "KRW": 0.0006729095035,
    "SSP": null,
    "LKR": 0.002981554343,
    "SDG": 0.0014885618469999999,
    "SRD": 0.0310568844,
    "SZL": 0.050418168299999996,
    "SEK": 0.08795288453,
    "CHF": 1.061714524,
    "SYP": null,
    "TJS": 0.08400807233999999,
    "TZS": 0.00032978636730000003,
    "THB": 0.02631199644,
    "TOP": null,
    "TTD": 0.1318878219,
    "TND": null,
    "TRY": 0.026305000000000002,
    "TMT": 0.2555578484,
    "UGX": 0.00024128153190000002,
    "UAH": 0.021653681799999998,
    "AED": 0.24377075,
    "GBP": 1.18522813,
    "USD": 0.89537,
    "UYU": 0.02224546765,
    "UZS": 0.00007068641724,
    "VUV": null,
    "VES": 0.024512437039999998,
    "VND": 0.00003606004184,
    "XOF": 0.001524481136,
    "YER": 0.003576487416,
    "ZMW": 0.03407917897,
    "ZWL": null,
    "AFN": 0.0126130666830132,
    "ALL": 0.009990189005015167,
    "DZD": 0.006678308173264754,
    "AOA": 0.0009900366317117865,
    "ARS": 0.000943886832967552,
    "AMD": 0.002309132418374342,
    "AWG": 0.4975154080521873,
    "AUD": 0.6074364296941256,
    "AZN": 0.5267810202905513,
    "BSD": 0.8957281988594995,
    "BHD": 2.3766028887076702,
    "BDT": 0.007495279375610609,
    "BBD": 0.44361320045214575,
    "BYN": 0.27370424982042063,
    "BZD": 0.44429635651951555,
    "BMD": 0.8955277344939373,
    "BTN": 0.010669908103941875,
    "BOB": 0.12960373666069838,
    "BAM": 0.5113867744359746,
    "BWP": 0.06739118293967997,
    "BRL": 0.16290890134236935,
    "BND": 0.6868829252440296,
    "BGN": 0.5112057831049847,
    "BIF": 0.00031019318825560696,
    "CVE": 0.009025222821808388,
    "KHR": 0.000219784167731827,
    "XAF": 0.0015245173865609148,
    "CAD": 0.6655529746890204,
    "KYD": 1.0747103167160008,
    "CLP": null,
    "CNY": 0.12569447770110834,
    "COP": 0.0002218860684772723,
    "KMF": 0.00202963960449643,
    "CDF": 0.0003158827987632936,
    "CRC": 0.0016960954923472215,
    "HRK": null,
    "CUP": null,
    "CZK": 0.03997891671847934,
    "DKK": 0.1340501441374175,
    "DJF": null,
    "DOP": 0.014987911874375521,
    "EGP": null,
    "ERN": null,
    "ETB": 0.007880315613606524,
    "EUR": 1
  }
}