{
  "meta": {
    "code": "EUR",
    "createdAt": "2024-08-06T16:04:06Z"
  },
  "data": {
    "FJD": 0.4062304105,
    "GMD": 0.013170215629999999,
    "GEL": 0.3384133362,
    "GHS": 0.05886366496999999,
    "GIP": null,
    "GTQ": 0.1181510709,
    "GNF": 0.0001061867742,
    "GYD": 0.004382911252,
    "HTG": 0.006934909873,
    "HNL": 0.03697870957,
    "HKD": 0.11743949999999999,
    "HUF": 0.00251437,
    "ISK": 0.006627063341,
    "INR": 0.010905479599999999,
    "IDR": 0.00005664235952,
    "IRR": 0.00002174567879,
    "IQD": 0.0006987251829,
    "ILS": 0.2388645076,
    "JMD": 0.005836256665,
    "JPY": 0.006308,
    "JOD": 1.291396076,
    "KZT": 0.00191338844,
    "KES": 0.007068185308,
    "KWD": 2.995284702,
    "KGS": 0.01082143492,
    "LAK": 0.00004124036889,
    "LBP": 0.00001021573634,
    "LSL": 0.049477297239999996,
    "LRD": 0.004683303336,
    "LYD": 0.1897056939,
    "MOP": 0.1140597289,
    "MKD": 0.01625464981,
    "MGA": 0.00020029102770000002,
    "MWK": 0.0005280242203,
    "MYR": 0.2047003,
    "MVR": 0.059633145379999995,
    "MRU": 0.022998241069999998,
    "MUR": 0.01980017142,
    "MXN": 0.047457,
    "MDL": 0.052009050599999995,
    "MNT": null,
    "MAD": 0.09305680477,
    "MZN": 0.01433139503,
    "MMK": 0.00028182800170000003,
    "NAD": 0.049450566859999996,
    "NPR": 0.00681325977,
    "ANG": 0.5080457700000001,
    "TWD": 0.027913280000000002,
    "NZD": null,
    "NIO": 0.024825874079999997,
    "NGN": 0.0005742526415000001,
    "KPW": null,
    "NOK": 0.08405,
    "OMR": 2.3777792850000004,
    "PKR": 0.003278402495,
    "PAB": 0.9155716471,
    "PGK": 0.2662390897,
    "PYG": 0.0001208901044,
    "PEN": 0.2448224638,
    "PHP": 0.015856051059999998,
    "PLN": 0.23208499999999999,
    "QAR": 0.2513952929,
    "RON": 0.2009332416,
    "RUB": 0.010684235189999999,
    "RWF": 0.0006947476255,
    "SHP": 1.169562907,
    "WST": null,
    "STN": null,
    "SAR": 0.2437925162,
    "RSD": 0.008546179368,
    "SCR": 0.06881130574,
    "SLL": 0.00004746769265,
    "SGD": 0.6903621999999999,
    "SBD": 0.107825874,
    "SOS": 0.001603029694,
    "ZAR": 0.049534998729999995,
    "KRW": 0.0006644646831,
    "SSP": null,
    "LKR": 0.003028711638,
    "SDG": 0.0015217455519999999,
    "SRD": 0.03187637091,
    "SZL": 0.049450566859999996,
    "SEK": 0.0869195,
    "CHF": 1.0723283160000001,
    "SYP": null,
    "TJS": 0.08670374637,
    "TZS": 0.00033889174250000003,
    "THB": 0.02575463,
    "TOP": null,
    "TTD": 0.1349630286,
    "TND": 0.2951545658,
    "TRY": 0.02725,
    "TMT": 0.2612548615,
    "UGX": 0.0002457060593,
    "UAH": 0.022313301459999997,
    "AED": 0.24920499980000002,
    "GBP": 1.161961091,
    "USD": 0.91533,
    "UYU": 0.02252169465,
    "UZS": 0.0000727318234,
    "VUV": null,
    "VES": 0.025006614219999997,
    "VND": 0.00003640926447,
    "XOF": 0.001529373363,
    "YER": 0.003655851818,
    "ZMW": 0.03522795788,
    "ZWL": null,
    "AFN": 0.01289167438048168,
    "ALL": 0.009983071904632752,
    "DZD": 0.006794210023136595,
    "AOA": 0.0010382847784648108,
    "ARS": 0.0009780411080868917,
    "AMD": 0.002357610654585742,
    "AWG": 0.5084711290092948,
    "AUD": 0.5968759512710473,
    "AZN": 0.5383811954216063,
    "BSD": 0.91500921531401,
    "BHD": 2.4279847492402173,
    "BDT": 0.007787177801235527,
    "BBD": 0.4531630789253271,
    "BYN": 0.27958277160681194,
    "BZD": 0.45392565681942904,
    "BMD": 0.9152480322167307,
    "BTN": 0.010898948545736947,
    "BOB": 0.13240560226862425,
    "BAM": 0.5103238882368659,
    "BWP": 0.0672517105934945,
    "BRL": 0.1624484226258163,
    "BND": 0.6893724061156818,
    "BGN": 0.5110242630599844,
    "BIF": 0.00031724368534375417,
    "CVE": null,
    "KHR": 0.0002224175047914291,
    "XAF": 0.0015215532065891877,
    "CAD": 0.663708738057391,
    "KYD": 1.0978797856136724,
    "CLP": 0.0009695732197175025,
    "CNY": 0.12786440235858676,
    "COP": 0.00022122241988401195,
    "KMF": 0.002036146901483272,
    "CDF": 0.0003189017533856205,
    "CRC": 0.0017303948017525386,
    "HRK": null,
    "CUP": 0.03812419924122535,
    "CZK": 0.03956580485749386,
    "DKK": 0.1340084679950926,
    "DJF": 0.005138133607012526,
    "DOP": 0.015382319869188752,
    "EGP": 0.01860248885101779,
    "ERN": null,
    "ETB": 0.01139374079551309,
    "EUR": 1
  }
}