{
  "meta": {
    "code": "EUR",
    "createdAt": "2024-07-26T10:04:00Z"
  },
  "data": {
    "FJD": null,
    "GMD": 0.013598818629999999,
    "GEL": 0.3412717612,
    "GHS": 0.059452936219999995,
    "GIP": null,
    "GTQ": 0.1188749713,
    "GNF": 0.0001069379809,
    "GYD": 0.0044128593019999995,
    "HTG": 0.006981571325,
    "HNL": 0.0372287999,
    "HKD": 0.1180345,
    "HUF": 0.0025555580000000003,
    "ISK": 0.0066888339639999995,
    "INR": 0.01100438,
    "IDR": 0.00005652722007,
    "IRR": null,
    "IQD": 0.0007037930312,
    "ILS": 0.25139859999999997,
    "JMD": 0.0058878124669999995,
    "JPY": 0.005973985369,
    "JOD": 1.3000304280000001,
    "KZT": 0.001940825993,
    "KES": 0.007006235706,
    "KWD": 3.0122271790000004,
    "KGS": 0.010942042229999999,
    "LAK": 0.0000415809221,
    "LBP": 0.00001029068374,
    "LSL": 0.049858051769999995,
    "LRD": 0.004716856,
    "LYD": null,
    "MOP": 0.1146861899,
    "MKD": 0.01623061804,
    "MGA": 0.0002028589094,
    "MWK": 0.0005314323013,
    "MYR": 0.19765439999999998,
    "MVR": 0.060023389919999996,
    "MRU": 0.023282688769999997,
    "MUR": 0.0196953156,
    "MXN": 0.050213782639999996,
    "MDL": 0.051905,
    "MNT": null,
    "MAD": 0.09369488118,
    "MZN": 0.014419643809999999,
    "MMK": 0.0002836723089,
    "NAD": 0.049858051769999995,
    "NPR": 0.00688191859,
    "ANG": 0.5116559833000001,
    "TWD": null,
    "NZD": 0.543394536,
    "NIO": 0.025041265689999998,
    "NGN": 0.0005772681648000001,
    "KPW": null,
    "NOK": null,
    "OMR": 2.393341524,
    "PKR": 0.0033101783809999998,
    "PAB": 0.9219750585,
    "PGK": 0.2383499984,
    "PYG": 0.0001215364805,
    "PEN": 0.24633940910000002,
    "PHP": 0.01577496081,
    "PLN": 0.23392934840000001,
    "QAR": 0.25299699999999997,
    "RON": 0.2011574156,
    "RUB": 0.010761080000000001,
    "RWF": 0.0007032082694,
    "SHP": null,
    "WST": null,
    "STN": null,
    "SAR": 0.24556837480000002,
    "RSD": 0.008541813386,
    "SCR": 0.06796285581,
    "SLL": 0.00004746769265,
    "SGD": 0.6856054373,
    "SBD": 0.10871576000000001,
    "SOS": 0.001619103813,
    "ZAR": 0.050462,
    "KRW": 0.0006647129,
    "SSP": null,
    "LKR": 0.003037629814,
    "SDG": 0.001572218391,
    "SRD": 0.031837721719999997,
    "SZL": null,
    "SEK": null,
    "CHF": 1.043103762,
    "SYP": null,
    "TJS": 0.08678303719,
    "TZS": 0.0003412296292,
    "THB": 0.02555717,
    "TOP": 0.386401608,
    "TTD": 0.13563037320000002,
    "TND": 0.296922512,
    "TRY": 0.027875,
    "TMT": 0.253363,
    "UGX": 0.0002466385617,
    "UAH": 0.022359625629999998,
    "AED": 0.2508375697,
    "GBP": 1.18561,
    "USD": 0.9213199999999999,
    "UYU": null,
    "UZS": 0.00007299286684,
    "VUV": null,
    "VES": 0.02521922,
    "VND": 0.0000363946,
    "XOF": 0.0015244842489999999,
    "YER": 0.003680145483,
    "ZMW": 0.035294506989999995,
    "ZWL": null,
    "AFN": 0.013013215828866546,
    "ALL": 0.009964525402723544,
    "DZD": 0.006855037747909733,
    "AOA": 0.0010557304562207992,
    "ARS": 0.0009911765463840889,
    "AMD": 0.0023751762554169386,
    "AWG": 0.5118157790757426,
    "AUD": 0.6041492521148202,
    "AZN": 0.5419225896096098,
    "BSD": 0.9214339847347617,
    "BHD": 2.4441871621341424,
    "BDT": 0.007842050451270089,
    "BBD": 0.45638525449090334,
    "BYN": 0.28161770892899174,
    "BZD": 0.4571572914010525,
    "BMD": 0.9212684023363366,
    "BTN": 0.011008511274746285,
    "BOB": 0.13336091489550037,
    "BAM": 0.5112690054091289,
    "BWP": 0.06763663078285483,
    "BRL": 0.1632034686079708,
    "BND": 0.6865801890356841,
    "BGN": null,
    "BIF": null,
    "CVE": 0.009068602077565227,
    "KHR": null,
    "XAF": 0.0015243919388589638,
    "CAD": 0.6668271621844727,
    "KYD": 1.1057615023256506,
    "CLP": 0.000972684505664187,
    "CNY": 0.12703566716909273,
    "COP": 0.00022851752507412545,
    "KMF": 0.002028220380508199,
    "CDF": null,
    "CRC": 0.0017430484673121825,
    "HRK": null,
    "CUP": 0.0384008070534799,
    "CZK": 0.03940027563881233,
    "DKK": 0.134001286437006,
    "DJF": 0.00517557865141772,
    "DOP": 0.015559733286199001,
    "EGP": 0.019052080166583888,
    "ERN": null,
    "ETB": 0.015942633143604962,
    "EUR": 1
  }
}