{
  "meta": {
    "code": "EUR",
    "createdAt": "2024-07-30T13:06:00Z"
  },
  "data": {
    "FJD": 0.40897662830000003,
    "GMD": 0.01365223159,
    "GEL": null,
    "GHS": 0.05955430554,
    "GIP": null,
    "GTQ": 0.11941080750000001,
    "GNF": 0.0001073268357,
    "GYD": 0.004429677144,
    "HTG": 0.007007526655,
    "HNL": 0.037374724,
    "HKD": null,
    "HUF": 0.0025331964229999998,
    "ISK": 0.006687481926,
    "INR": 0.01105242,
    "IDR": 0.00005665147086,
    "IRR": 0.00002197553694,
    "IQD": null,
    "ILS": 0.2463912382,
    "JMD": 0.005919668482,
    "JPY": 0.005976984952,
    "JOD": 1.3058023250000002,
    "KZT": 0.001947688492,
    "KES": 0.0071164435839999995,
    "KWD": 3.025031783,
    "KGS": 0.011011304809999999,
    "LAK": 0.00004171412065,
    "LBP": 0.00001032880811,
    "LSL": 0.050492196489999995,
    "LRD": 0.004757986844,
    "LYD": 0.1914155419,
    "MOP": 0.115004069,
    "MKD": null,
    "MGA": 0.0002041010382,
    "MWK": 0.0005334237349,
    "MYR": 0.2001687832,
    "MVR": 0.060222283679999995,
    "MRU": 0.02336545554,
    "MUR": null,
    "MXN": 0.04942116,
    "MDL": null,
    "MNT": null,
    "MAD": 0.09330430992,
    "MZN": 0.01449296598,
    "MMK": 0.0002848915838,
    "NAD": 0.050492196489999995,
    "NPR": 0.006905941089,
    "ANG": 0.5135653755,
    "TWD": 0.028150533659999998,
    "NZD": 0.54487,
    "NIO": 0.02512942969,
    "NGN": 0.0005571786334000001,
    "KPW": null,
    "NOK": 0.08406307592,
    "OMR": 2.403515655,
    "PKR": 0.00331969275,
    "PAB": 0.9254743088,
    "PGK": 0.2356882468,
    "PYG": 0.0001223336745,
    "PEN": 0.2475478382,
    "PHP": 0.01577428447,
    "PLN": 0.233295,
    "QAR": null,
    "RON": 0.20091659450000002,
    "RUB": 0.01068820536,
    "RWF": 0.0006954803275,
    "SHP": 1.188660952,
    "WST": null,
    "STN": null,
    "SAR": 0.2466448389,
    "RSD": 0.008541466572,
    "SCR": 0.07221238576,
    "SLL": 0.00004746769265,
    "SGD": 0.6877791296,
    "SBD": 0.109923264,
    "SOS": 0.001625315388,
    "ZAR": 0.0503408577,
    "KRW": 0.0006681445029,
    "SSP": null,
    "LKR": 0.003060091567,
    "SDG": 0.001543419503,
    "SRD": 0.03206820619,
    "SZL": 0.050510776119999996,
    "SEK": 0.08560060443999999,
    "CHF": 1.044724395,
    "SYP": null,
    "TJS": 0.08742670004,
    "TZS": 0.0003423792765,
    "THB": 0.025698301089999997,
    "TOP": 0.38796990400000003,
    "TTD": 0.1365178468,
    "TND": 0.2968813435,
    "TRY": 0.02796010178,
    "TMT": 0.2757920102,
    "UGX": 0.0002486055257,
    "UAH": 0.02255097967,
    "AED": 0.2519122914,
    "GBP": 1.1872499,
    "USD": 0.92528,
    "UYU": 0.02297081622,
    "UZS": 0.00007355827955,
    "VUV": null,
    "VES": 0.025307111209999997,
    "VND": 0.0000365949,
    "XOF": 0.0015275808369999999,
    "YER": 0.003696041138,
    "ZMW": null,
    "ZWL": null,
    "AFN": 0.013044248450579353,
    "ALL": 0.01000189149570794,
    "DZD": 0.006868264167126944,
    "AOA": 0.001058183917301255,
    "ARS": 0.0009937078419448055,
    "AMD": null,
    "AWG": 0.5137685000137664,
    "AUD": 0.604775010164378,
    "AZN": 0.5443679474410569,
    "BSD": 0.9250571413809102,
    "BHD": 2.4553290247908737,
    "BDT": 0.007872796090741688,
    "BBD": 0.45813045823900767,
    "BYN": 0.28266783186417377,
    "BZD": 0.45891928976217045,
    "BMD": 0.9253818356799475,
    "BTN": 0.011049233765509965,
    "BOB": null,
    "BAM": 0.5123808435483334,
    "BWP": 0.06808493463510958,
    "BRL": 0.16348924696652897,
    "BND": 0.6881902010498054,
    "BGN": 0.5125636138344339,
    "BIF": 0.00032106564935637227,
    "CVE": 0.009088445015172131,
    "KHR": null,
    "XAF": 0.001527756021301342,
    "CAD": 0.6676130856587057,
    "KYD": 1.1100379869440726,
    "CLP": 0.000965911481814415,
    "CNY": 0.12760367287368277,
    "COP": 0.00022806249925898218,
    "KMF": 0.002032689370179019,
    "CDF": null,
    "CRC": 0.0017480159907069456,
    "HRK": null,
    "CUP": 0.038542865969294585,
    "CZK": 0.0393472261345661,
    "DKK": 0.13401780694600893,
    "DJF": null,
    "DOP": 0.015604758409541238,
    "EGP": null,
    "ERN": null,
    "ETB": 0.01600071231331048,
    "EUR": 1
  }
}