{
  "meta": {
    "code": "EUR",
    "createdAt": "2024-08-26T12:06:45Z"
  },
  "data": {
    "FJD": 0.4057937627,
    "GMD": 0.01279428545,
    "GEL": 0.33234766660000004,
    "GHS": 0.05740500452,
    "GIP": null,
    "GTQ": 0.1156948618,
    "GNF": 0.00010389864550000001,
    "GYD": 0.004288225942,
    "HTG": 0.006790836846,
    "HNL": null,
    "HKD": 0.11490249999999999,
    "HUF": 0.002530409,
    "ISK": 0.006531505208,
    "INR": null,
    "IDR": null,
    "IRR": 0.00002127694921,
    "IQD": 0.000683886877,
    "ILS": 0.24406506090000002,
    "JMD": 0.00572240754,
    "JPY": 0.006211658595,
    "JOD": 1.2637381710000002,
    "KZT": 0.001853150443,
    "KES": 0.006949099934,
    "KWD": 2.93187467,
    "KGS": 0.01051050277,
    "LAK": 0.00004055339492,
    "LBP": 0.00001000009048,
    "LSL": 0.050486225839999996,
    "LRD": 0.004592288232,
    "LYD": 0.1881325123,
    "MOP": 0.1115786842,
    "MKD": 0.016240192429999998,
    "MGA": 0.0001962664411,
    "MWK": 0.0005164331417,
    "MYR": null,
    "MVR": 0.058347748899999996,
    "MRU": 0.022637844759999998,
    "MUR": 0.01943225413,
    "MXN": 0.046706370000000004,
    "MDL": 0.051404430779999996,
    "MNT": null,
    "MAD": 0.09311033751999999,
    "MZN": 0.014017098289999998,
    "MMK": 0.0002757531801,
    "NAD": 0.05048577804,
    "NPR": 0.006672570179,
    "ANG": 0.49720138550000004,
    "TWD": 0.02811313476,
    "NZD": 0.5552699999999999,
    "NIO": 0.024333774409999998,
    "NGN": 0.0005632393471,
    "KPW": null,
    "NOK": 0.08491183599999999,
    "OMR": null,
    "PKR": null,
    "PAB": 0.8959242072,
    "PGK": 0.2299621372,
    "PYG": 0.0001178254942,
    "PEN": 0.2394084782,
    "PHP": 0.01595368999,
    "PLN": 0.23357499999999998,
    "QAR": 0.24581039999999998,
    "RON": 0.20096063890000002,
    "RUB": 0.009792623844,
    "RWF": 0.0006760964108,
    "SHP": 1.1827293600000002,
    "WST": null,
    "STN": null,
    "SAR": 0.2386899384,
    "RSD": 0.008542785385,
    "SCR": 0.06603958263,
    "SLL": 0.00004746769265,
    "SGD": 0.68726105,
    "SBD": 0.10594948,
    "SOS": 0.001573010345,
    "ZAR": 0.050431000000000004,
    "KRW": 0.0006750814273,
    "SSP": null,
    "LKR": 0.002976610786,
    "SDG": 0.001488944224,
    "SRD": 0.03113073089,
    "SZL": 0.05050731722,
    "SEK": 0.0876828,
    "CHF": 1.0566647040000001,
    "SYP": null,
    "TJS": 0.08409645488999999,
    "TZS": 0.0003305450925,
    "THB": 0.02635604,
    "TOP": 0.38268988000000004,
    "TTD": 0.1318987735,
    "TND": 0.2940877062,
    "TRY": 0.026335,
    "TMT": 0.256356544,
    "UGX": null,
    "UAH": 0.0216714422,
    "AED": 0.24383139880000002,
    "GBP": 1.1810277200000001,
    "USD": 0.8956,
    "UYU": 0.022191929099999997,
    "UZS": 0.00007057937008,
    "VUV": null,
    "VES": 0.02451073,
    "VND": 0.00003600768756,
    "XOF": 0.001525187096,
    "YER": 0.003578120823,
    "ZMW": 0.03405018359,
    "ZWL": null,
    "AFN": 0.012644620039335988,
    "ALL": 0.009992473249464628,
    "DZD": 0.006666827048302693,
    "AOA": 0.00099027994973541,
    "ARS": 0.0009467948626910751,
    "AMD": 0.002308127162223087,
    "AWG": 0.497615674495654,
    "AUD": 0.6062057280379243,
    "AZN": 0.5268871847601043,
    "BSD": 0.8956043243595637,
    "BHD": 2.3770749167231497,
    "BDT": 0.007494964476263024,
    "BBD": 0.44357362169604986,
    "BYN": 0.27367367535735576,
    "BZD": 0.44433188826531744,
    "BMD": 0.8957082140921773,
    "BTN": 0.010676061492596062,
    "BOB": 0.12960445957954955,
    "BAM": 0.5115950082291694,
    "BWP": 0.06752692639566373,
    "BRL": 0.16290890134236935,
    "BND": null,
    "BGN": 0.5113657308130722,
    "BIF": 0.0003110861639364107,
    "CVE": 0.00907430032478037,
    "KHR": 0.00022009968508865588,
    "XAF": 0.0015253161747628902,
    "CAD": 0.6632531239222137,
    "KYD": 1.074729573258791,
    "CLP": 0.0009840244051120312,
    "CNY": 0.1257715930016158,
    "COP": 0.0002223859191135471,
    "KMF": 0.0020308541303324565,
    "CDF": 0.00031762702627382173,
    "CRC": 0.0017022265651673292,
    "HRK": null,
    "CUP": 0.03731794137227366,
    "CZK": 0.039955170298924605,
    "DKK": 0.13403550064270023,
    "DJF": 0.005029522778152146,
    "DOP": 0.015052937962992416,
    "EGP": 0.01837402949230614,
    "ERN": null,
    "ETB": null,
    "EUR": 1
  }
}