{
  "meta": {
    "code": "EUR",
    "createdAt": "2024-08-22T13:06:42Z"
  },
  "data": {
    "FJD": 0.405378454,
    "GMD": null,
    "GEL": 0.3319488292,
    "GHS": 0.0576036073,
    "GIP": null,
    "GTQ": 0.1159176254,
    "GNF": 0.0001040944433,
    "GYD": 0.004296172163,
    "HTG": null,
    "HNL": 0.03622088094,
    "HKD": 0.1151485,
    "HUF": 0.002540586,
    "ISK": null,
    "INR": 0.010696220000000001,
    "IDR": 0.0000574579,
    "IRR": 0.00002133028413,
    "IQD": 0.0006851381571000001,
    "ILS": 0.24153139999999998,
    "JMD": 0.005729328514,
    "JPY": 0.006152,
    "JOD": 1.2669059820000002,
    "KZT": 0.0018714824829999999,
    "KES": 0.006955465151,
    "KWD": 2.937866457,
    "KGS": 0.0105014914,
    "LAK": null,
    "LBP": 0.00001001869321,
    "LSL": 0.049973513989999996,
    "LRD": 0.004600806034,
    "LYD": 0.18771909820000002,
    "MOP": 0.11177460950000001,
    "MKD": null,
    "MGA": 0.0001969358362,
    "MWK": 0.0005174082311,
    "MYR": 0.2048303,
    "MVR": 0.058341968099999995,
    "MRU": 0.022656060909999998,
    "MUR": 0.01950637396,
    "MXN": 0.0461425,
    "MDL": 0.05181,
    "MNT": null,
    "MAD": 0.09295344391999999,
    "MZN": 0.01405111263,
    "MMK": 0.0002764444104,
    "NAD": 0.049973513989999996,
    "NPR": 0.006680659038,
    "ANG": 0.4981171334,
    "TWD": 0.02808902,
    "NZD": 0.5525749999999999,
    "NIO": 0.02437465116,
    "NGN": 0.0005698504597,
    "KPW": null,
    "NOK": 0.08502678,
    "OMR": 2.3325160140000003,
    "PKR": 0.003220185737,
    "PAB": 0.8976642638000001,
    "PGK": 0.2273625463,
    "PYG": 0.00011830903560000001,
    "PEN": 0.23929140470000002,
    "PHP": 0.01591699616,
    "PLN": null,
    "QAR": 0.24638649999999998,
    "RON": 0.2009413023,
    "RUB": 0.009758335,
    "RWF": 0.000677765054,
    "SHP": 1.174695505,
    "WST": null,
    "STN": null,
    "SAR": 0.2392780628,
    "RSD": 0.008543093848,
    "SCR": 0.0678264166,
    "SLL": 0.00004746769265,
    "SGD": 0.6864525,
    "SBD": 0.105047865,
    "SOS": 0.001575998102,
    "ZAR": 0.05004891501,
    "KRW": null,
    "SSP": null,
    "LKR": 0.0029794627179999997,
    "SDG": 0.00149267656,
    "SRD": 0.03114489358,
    "SZL": 0.04998240265,
    "SEK": 0.08786086707999999,
    "CHF": 1.054941,
    "SYP": null,
    "TJS": 0.08417146934,
    "TZS": 0.0003304545368,
    "THB": 0.02608108,
    "TOP": 0.38239218550000004,
    "TTD": 0.1322147692,
    "TND": 0.295728873,
    "TRY": 0.026475000000000002,
    "TMT": 0.25666317920000004,
    "UGX": 0.0002415013604,
    "UAH": 0.021716778569999998,
    "AED": 0.2444512302,
    "GBP": 1.1777499999999999,
    "USD": 0.897845,
    "UYU": 0.02225308832,
    "UZS": 0.00007095390703,
    "VUV": null,
    "VES": 0.02452918,
    "VND": 0.0000359528,
    "XOF": 0.001524410622,
    "YER": 0.003586376309,
    "ZMW": 0.0344736207,
    "ZWL": null,
    "AFN": 0.012646577428769899,
    "ALL": 0.010010485892877367,
    "DZD": 0.006706057790829095,
    "AOA": 0.000996946902947908,
    "ARS": 0.0009509985193447574,
    "AMD": 0.002313790426951253,
    "AWG": 0.49876381388728036,
    "AUD": 0.6043880021907808,
    "AZN": 0.5280886386218153,
    "BSD": 0.8970617014880393,
    "BHD": 2.382696081059953,
    "BDT": 0.007507093935390337,
    "BBD": 0.44430553182624616,
    "BYN": 0.2741234521995506,
    "BZD": 0.4450570490548083,
    "BMD": 0.8977748649971046,
    "BTN": 0.010686863455860604,
    "BOB": 0.12981834539958806,
    "BAM": 0.5112330727815573,
    "BWP": 0.06719132438950241,
    "BRL": 0.1619684398184723,
    "BND": 0.6861078495659442,
    "BGN": 0.511306445285156,
    "BIF": 0.0003105846908899326,
    "CVE": 0.009067880663890302,
    "KHR": 0.00021960585422817831,
    "XAF": 0.0015242849346346569,
    "CAD": 0.6609255758668171,
    "KYD": 1.076522747427851,
    "CLP": 0.0009751003208806505,
    "CNY": 0.12574229880348253,
    "COP": 0.0002217763017869995,
    "KMF": 0.0020316244964858673,
    "CDF": 0.0003121609405414133,
    "CRC": 0.0017059637721796056,
    "HRK": null,
    "CUP": 0.03738407677243652,
    "CZK": 0.03984266920409858,
    "DKK": 0.13401184989195733,
    "DJF": 0.00503784304520294,
    "DOP": 0.01501531536641338,
    "EGP": 0.01840615356616963,
    "ERN": null,
    "ETB": 0.008211282877463437,
    "EUR": 1
  }
}