{
  "meta": {
    "code": "EUR",
    "createdAt": "2024-08-19T09:04:21Z"
  },
  "data": {
    "FJD": 0.4068860173,
    "GMD": 0.013130216819999999,
    "GEL": 0.3374538637,
    "GHS": 0.05826714783,
    "GIP": null,
    "GTQ": 0.1174267996,
    "GNF": 0.0001054244009,
    "GYD": 0.004352985223,
    "HTG": 0.006893200462,
    "HNL": 0.036699948409999995,
    "HKD": 0.11629277810000001,
    "HUF": 0.002543014732,
    "ISK": 0.0065579803949999994,
    "INR": null,
    "IDR": 0.000058118699999999996,
    "IRR": 0.00002151727783,
    "IQD": 0.0006941705087,
    "ILS": 0.2441810772,
    "JMD": 0.005790199964,
    "JPY": 0.006202,
    "JOD": 1.2783919460000002,
    "KZT": 0.0018962864,
    "KES": 0.007023139458,
    "KWD": 2.9635322000000004,
    "KGS": 0.01057158653,
    "LAK": 0.0000410529889,
    "LBP": null,
    "LSL": 0.050751005669999995,
    "LRD": 0.004665354,
    "LYD": 0.1897041085,
    "MOP": 0.1132521113,
    "MKD": 0.01623066691,
    "MGA": 0.0002023959618,
    "MWK": 0.0005242037363,
    "MYR": 0.20677513090000002,
    "MVR": 0.058797592989999994,
    "MRU": 0.02295865376,
    "MUR": null,
    "MXN": 0.04852047966,
    "MDL": 0.05168644425,
    "MNT": null,
    "MAD": 0.09309032113999999,
    "MZN": 0.01417963465,
    "MMK": 0.0002789506977,
    "NAD": null,
    "NPR": 0.006768467165,
    "ANG": null,
    "TWD": 0.028309829699999997,
    "NZD": 0.549991784,
    "NIO": 0.024696951779999997,
    "NGN": 0.0005707423466000001,
    "KPW": null,
    "NOK": 0.0848895,
    "OMR": 2.35349626,
    "PKR": null,
    "PAB": 0.9094549225,
    "PGK": null,
    "PYG": 0.00012014094940000001,
    "PEN": 0.2428534467,
    "PHP": 0.01598054257,
    "PLN": 0.23424999999999999,
    "QAR": null,
    "RON": null,
    "RUB": 0.010077290000000001,
    "RWF": 0.0006743859706,
    "SHP": 1.172571086,
    "WST": null,
    "STN": null,
    "SAR": 0.24143175690000002,
    "RSD": 0.008545093512,
    "SCR": 0.06786133872,
    "SLL": 0.00004746769265,
    "SGD": 0.6914147741000001,
    "SBD": 0.10690623,
    "SOS": null,
    "ZAR": 0.05096188274,
    "KRW": null,
    "SSP": null,
    "LKR": 0.0030432760929999998,
    "SDG": 0.001506209394,
    "SRD": 0.031550931239999996,
    "SZL": 0.05076396126,
    "SEK": 0.08684092720999999,
    "CHF": 1.0478377890000001,
    "SYP": null,
    "TJS": 0.08536046618,
    "TZS": 0.0003341884854,
    "THB": 0.02630404,
    "TOP": 0.383231655,
    "TTD": 0.1338687965,
    "TND": 0.2965217966,
    "TRY": 0.02684848496,
    "TMT": 0.2585875976,
    "UGX": 0.0002441872378,
    "UAH": 0.02204977233,
    "AED": 0.2466614829,
    "GBP": 1.174863228,
    "USD": 0.9059849999999999,
    "UYU": 0.02245936815,
    "UZS": 0.00007185838147,
    "VUV": null,
    "VES": 0.024727266039999998,
    "VND": 0.00003627201546,
    "XOF": 0.001523466324,
    "YER": 0.003618168875,
    "ZMW": 0.0346605037,
    "ZWL": null,
    "AFN": 0.01281230214045885,
    "ALL": 0.010003082175687987,
    "DZD": 0.006749784940377166,
    "AOA": 0.001019444671023102,
    "ARS": 0.0009621527590692519,
    "AMD": 0.0023403791736344272,
    "AWG": 0.5032092167800145,
    "AUD": 0.6058256191537829,
    "AZN": 0.5328097589435448,
    "BSD": 0.9087672524600975,
    "BHD": 2.403377738413612,
    "BDT": 0.007734230278412352,
    "BBD": 0.4500849411327987,
    "BYN": 0.27768442066122423,
    "BZD": 0.4508365381292849,
    "BMD": 0.9057765902040261,
    "BTN": 0.010825661355920495,
    "BOB": 0.1315134588053435,
    "BAM": 0.510843489050466,
    "BWP": 0.06788275647094107,
    "BRL": 0.16552329779686892,
    "BND": 0.6890398080684024,
    "BGN": 0.5114073610537472,
    "BIF": 0.00031505667209487257,
    "CVE": 0.009060969867222796,
    "KHR": 0.0002219726201274678,
    "XAF": 0.00152312994349739,
    "CAD": 0.6622650447862829,
    "KYD": 1.090461251518974,
    "CLP": 0.0009653276538242209,
    "CNY": null,
    "COP": 0.00022453615164057443,
    "KMF": 0.002024421054366359,
    "CDF": 0.0003154916719623916,
    "CRC": 0.001727655796277474,
    "HRK": null,
    "CUP": 0.03786472980899775,
    "CZK": 0.039709626926963004,
    "DKK": 0.13398744855210915,
    "DJF": 0.005103170832794037,
    "DOP": 0.015197797792655374,
    "EGP": 0.01855976243504083,
    "ERN": null,
    "ETB": 0.0086189657431415,
    "EUR": 1
  }
}