{
  "meta": {
    "code": "EUR",
    "createdAt": "2024-08-02T14:04:30Z"
  },
  "data": {
    "FJD": 0.40725762790000003,
    "GMD": 0.01328739073,
    "GEL": 0.33835510290000004,
    "GHS": 0.058989428969999994,
    "GIP": null,
    "GTQ": 0.1184327071,
    "GNF": 0.000106434978,
    "GYD": 0.004393557545,
    "HTG": 0.006968193134,
    "HNL": 0.03706884881,
    "HKD": null,
    "HUF": 0.002522386,
    "ISK": 0.0066355213679999995,
    "INR": 0.01094426388,
    "IDR": 0.00005677038864,
    "IRR": 0.00002178131459,
    "IQD": 0.0007005556707,
    "ILS": 0.241386,
    "JMD": 0.005863923658,
    "JPY": 0.006232702023,
    "JOD": 1.293877254,
    "KZT": 0.001932864673,
    "KES": 0.007052538376,
    "KWD": 3.003516743,
    "KGS": 0.0109107455,
    "LAK": 0.00004134059816,
    "LBP": 0.00001024392495,
    "LSL": 0.050429922419999995,
    "LRD": 0.004575299014,
    "LYD": 0.1899594746,
    "MOP": 0.1140850992,
    "MKD": 0.016118412319999997,
    "MGA": 0.000201280033,
    "MWK": 0.000529012927,
    "MYR": 0.2038986828,
    "MVR": 0.059730869389999997,
    "MRU": 0.02305359591,
    "MUR": 0.01962031786,
    "MXN": 0.04821818,
    "MDL": 0.051885,
    "MNT": null,
    "MAD": 0.09294428302999999,
    "MZN": 0.0143493705,
    "MMK": 0.0002822898482,
    "NAD": 0.050429922419999995,
    "NPR": 0.0068481755019999995,
    "ANG": 0.509303099,
    "TWD": 0.028051339839999998,
    "NZD": 0.5483549999999999,
    "NIO": 0.02492345511,
    "NGN": 0.000561442506,
    "KPW": null,
    "NOK": 0.0838764,
    "OMR": 2.381408164,
    "PKR": 0.003293772285,
    "PAB": 0.9178064239,
    "PGK": 0.233533654,
    "PYG": 0.0001211527583,
    "PEN": 0.2451875718,
    "PHP": 0.01584457354,
    "PLN": 0.23349,
    "QAR": 0.2537492,
    "RON": 0.2009667,
    "RUB": 0.010742002019999999,
    "RWF": 0.000698228206,
    "SHP": 1.167812212,
    "WST": null,
    "STN": null,
    "SAR": 0.2442412199,
    "RSD": 0.008543751736,
    "SCR": 0.06761581826,
    "SLL": 0.00004746769265,
    "SGD": 0.6915629,
    "SBD": 0.10818594000000001,
    "SOS": 0.001611935666,
    "ZAR": 0.050438500000000004,
    "KRW": 0.0006748151183000001,
    "SSP": null,
    "LKR": 0.003038646001,
    "SDG": 0.001524239318,
    "SRD": 0.03180566151,
    "SZL": 0.05044786479,
    "SEK": 0.08672,
    "CHF": 1.063185,
    "SYP": null,
    "TJS": 0.08675613893999999,
    "TZS": 0.0003395666663,
    "THB": 0.02604847,
    "TOP": 0.38497691700000003,
    "TTD": 0.13551847590000002,
    "TND": 0.2956849362,
    "TRY": 0.027617688419999998,
    "TMT": 0.2616829938,
    "UGX": 0.0002462592544,
    "UAH": 0.02223438355,
    "AED": null,
    "GBP": 1.1768787440000001,
    "USD": 0.9168299999999999,
    "UYU": 0.022715,
    "UZS": 0.00007294712053,
    "VUV": null,
    "VES": 0.025053534949999998,
    "VND": 0.00003635698533,
    "XOF": 0.00151361665,
    "YER": 0.003662207755,
    "ZMW": 0.03545267006,
    "ZWL": null,
    "AFN": 0.012928607465494837,
    "ALL": 0.009913932620256347,
    "DZD": 0.006834119688900019,
    "AOA": 0.0010437027132220978,
    "ARS": 0.0009835176999387404,
    "AMD": 0.002364039792614704,
    "AWG": 0.5090314134992993,
    "AUD": 0.5992626533284511,
    "AZN": 0.539348725626831,
    "BSD": 0.9172782739568849,
    "BHD": 2.4326320514572086,
    "BDT": 0.0078073632307553605,
    "BBD": 0.45433671408553505,
    "BYN": 0.2803741838418256,
    "BZD": 0.455115653018073,
    "BMD": 0.9168928335656128,
    "BTN": 0.010956224987794992,
    "BOB": 0.13276066790882513,
    "BAM": 0.5076642080722595,
    "BWP": 0.06779440099126532,
    "BRL": 0.16051879675109956,
    "BND": 0.6890123381577196,
    "BGN": 0.5099217418666439,
    "BIF": 0.0003183621404807144,
    "CVE": 0.009004904013995127,
    "KHR": 0.000223315780244043,
    "XAF": 0.001513608441111413,
    "CAD": 0.662631242400448,
    "KYD": 1.1009067556291507,
    "CLP": 0.0009684328288971067,
    "CNY": 0.12770287932959054,
    "COP": 0.00022395850387190176,
    "KMF": 0.0020083075973400784,
    "CDF": 0.0003194748549009104,
    "CRC": 0.0017527219276392294,
    "HRK": null,
    "CUP": 0.038224047178559255,
    "CZK": 0.03958162225278803,
    "DKK": 0.1340046968646251,
    "DJF": 0.0051515695514651825,
    "DOP": 0.015422044625232646,
    "EGP": 0.018837003409497614,
    "ERN": null,
    "ETB": 0.01583980259026369,
    "EUR": 1
  }
}