{
  "meta": {
    "code": "EUR",
    "createdAt": "2024-08-23T15:34:16Z"
  },
  "data": {
    "FJD": 0.4055087382,
    "GMD": 0.012762714029999999,
    "GEL": 0.3309260395,
    "GHS": 0.057158668729999994,
    "GIP": null,
    "GTQ": 0.1153880189,
    "GNF": null,
    "GYD": 0.004277273475,
    "HTG": 0.006776113894,
    "HNL": 0.03590252098,
    "HKD": 0.1146045,
    "HUF": 0.0025432130000000003,
    "ISK": 0.006557472057,
    "INR": 0.0106594,
    "IDR": 0.000057805699999999994,
    "IRR": 0.00002121814472,
    "IQD": 0.0006819770915,
    "ILS": null,
    "JMD": 0.0057033195679999996,
    "JPY": 0.0061688579499999995,
    "JOD": 1.2606197460000002,
    "KZT": 0.001847766374,
    "KES": 0.0069255038,
    "KWD": 2.925254572,
    "KGS": 0.010468632339999999,
    "LAK": 0.00004036096591,
    "LBP": 0.000009970870280000001,
    "LSL": null,
    "LRD": 0.004578644297,
    "LYD": null,
    "MOP": 0.11121624490000001,
    "MKD": 0.016214367389999998,
    "MGA": 0.000194744413,
    "MWK": 0.0005147738373,
    "MYR": 0.20404027,
    "MVR": 0.05820376886,
    "MRU": 0.0224582701,
    "MUR": 0.01935909125,
    "MXN": 0.046829,
    "MDL": 0.05158,
    "MNT": null,
    "MAD": 0.09229712149,
    "MZN": 0.013981437349999999,
    "MMK": 0.0002750727262,
    "NAD": 0.04955019409,
    "NPR": 0.006654807613,
    "ANG": 0.495852534,
    "TWD": 0.02803653,
    "NZD": 0.5558449999999999,
    "NIO": 0.02427030623,
    "NGN": 0.0005671417147,
    "KPW": null,
    "NOK": 0.08531204457,
    "OMR": 2.3209083990000003,
    "PKR": 0.003206999849,
    "PAB": 0.8935159679,
    "PGK": null,
    "PYG": 0.00011760764630000001,
    "PEN": 0.2386828699,
    "PHP": 0.01589625801,
    "PLN": 0.234425,
    "QAR": 0.2453694741,
    "RON": 0.2009065259,
    "RUB": 0.009763957582,
    "RWF": 0.0006712171291,
    "SHP": 1.169000815,
    "WST": null,
    "STN": null,
    "SAR": null,
    "RSD": 0.008543953936,
    "SCR": 0.06658955622,
    "SLL": 0.00004746769265,
    "SGD": 0.6861817,
    "SBD": 0.10613473200000001,
    "SOS": 0.001564605878,
    "ZAR": 0.050446936979999996,
    "KRW": 0.0006737204079000001,
    "SSP": null,
    "LKR": 0.002978817769,
    "SDG": 0.001485270076,
    "SRD": 0.031053912089999997,
    "SZL": 0.04955019409,
    "SEK": 0.08791990358,
    "CHF": 1.053796,
    "SYP": null,
    "TJS": 0.08403727530999999,
    "TZS": 0.0003290570855,
    "THB": 0.026321878089999997,
    "TOP": 0.379780089,
    "TTD": 0.1316042088,
    "TND": 0.29255511770000003,
    "TRY": 0.02630508236,
    "TMT": 0.2549927138,
    "UGX": 0.0002404252752,
    "UAH": 0.02164147936,
    "AED": 0.24323168120000002,
    "GBP": 1.1811598520000002,
    "USD": 0.8933899999999999,
    "UYU": 0.022133737249999997,
    "UZS": 0.00007027926318,
    "VUV": null,
    "VES": 0.02437866,
    "VND": null,
    "XOF": null,
    "YER": 0.003568578457,
    "ZMW": 0.034015779579999995,
    "ZWL": null,
    "AFN": 0.012583148659897812,
    "ALL": 0.009903032418053948,
    "DZD": 0.006648401535290103,
    "AOA": 0.0009921194395290686,
    "ARS": 0.0009451463485588358,
    "AMD": null,
    "AWG": 0.495646909888572,
    "AUD": 0.6066819954984196,
    "AZN": 0.5255315028545557,
    "BSD": 0.8930704399735813,
    "BHD": 2.3707913380552403,
    "BDT": 0.007473053577470242,
    "BBD": 0.4423391708729026,
    "BYN": 0.2729555901776126,
    "BZD": 0.443108198891577,
    "BMD": 0.8934753959212847,
    "BTN": 0.01064750907548475,
    "BOB": 0.1292713749296418,
    "BAM": 0.50780506567433,
    "BWP": null,
    "BRL": 0.16237331369194286,
    "BND": 0.6826937126103245,
    "BGN": 0.5098345694040494,
    "BIF": null,
    "CVE": 0.008975142102684464,
    "KHR": 0.00021845364203454396,
    "XAF": 0.0015140566209768105,
    "CAD": 0.6616204381836472,
    "KYD": null,
    "CLP": 0.0009844265666323366,
    "CNY": null,
    "COP": 0.00022217576512161816,
    "KMF": 0.0020161917996420076,
    "CDF": 0.0003162744764323132,
    "CRC": 0.0016977483758680734,
    "HRK": null,
    "CUP": 0.03721598428073042,
    "CZK": 0.03993900121137667,
    "DKK": null,
    "DJF": null,
    "DOP": 0.014916116793343653,
    "EGP": null,
    "ERN": null,
    "ETB": 0.00814100588870136,
    "EUR": 1
  }
}