{
  "meta": {
    "code": "EUR",
    "createdAt": "2024-08-05T08:05:20Z"
  },
  "data": {
    "FJD": 0.4035844075,
    "GMD": 0.01294290765,
    "GEL": 0.3373577933,
    "GHS": 0.05918061919,
    "GIP": null,
    "GTQ": 0.1188165634,
    "GNF": 0.0001067829343,
    "GYD": 0.004407838234,
    "HTG": 0.006990777566,
    "HNL": 0.03719001731,
    "HKD": 0.1172689145,
    "HUF": 0.0025125250000000003,
    "ISK": null,
    "INR": 0.010882961569999999,
    "IDR": 0.00005632233688,
    "IRR": 0.00002167141629,
    "IQD": 0.0007028586880000001,
    "ILS": 0.2387878639,
    "JMD": 0.005883172525,
    "JPY": 0.0063720410429999996,
    "JOD": 1.287549673,
    "KZT": 0.001939146246,
    "KES": 0.007019038377,
    "KWD": 2.988465122,
    "KGS": 0.01085891877,
    "LAK": 0.00004147655112,
    "LBP": 0.00001027738842,
    "LSL": null,
    "LRD": 0.004590191526,
    "LYD": 0.1905698562,
    "MOP": 0.11445484160000001,
    "MKD": 0.0161943143,
    "MGA": 0.0002019416672,
    "MWK": null,
    "MYR": 0.2058601998,
    "MVR": 0.05940844595,
    "MRU": 0.023129805009999997,
    "MUR": null,
    "MXN": 0.046313,
    "MDL": 0.05146359,
    "MNT": null,
    "MAD": 0.09324463403,
    "MZN": 0.01429239704,
    "MMK": 0.0002809489538,
    "NAD": 0.050593837069999995,
    "NPR": 0.0068704969369999995,
    "ANG": 0.5109868212,
    "TWD": 0.02792771,
    "NZD": 0.5403494455,
    "NIO": 0.02500630437,
    "NGN": null,
    "KPW": null,
    "NOK": 0.08292025315,
    "OMR": 2.3706520230000003,
    "PKR": 0.003304721657,
    "PAB": 0.9208241462000001,
    "PGK": 0.23429054840000002,
    "PYG": 0.00012154769230000001,
    "PEN": 0.2459981501,
    "PHP": 0.01576290525,
    "PLN": 0.2324301943,
    "QAR": 0.2506110945,
    "RON": 0.2009151328,
    "RUB": 0.0107224846,
    "RWF": 0.0007005105249,
    "SHP": 1.1690629700000001,
    "WST": null,
    "STN": null,
    "SAR": 0.2430589769,
    "RSD": 0.008544013407,
    "SCR": 0.060958467229999994,
    "SLL": 0.00004746769265,
    "SGD": 0.6901996486,
    "SBD": 0.107489555,
    "SOS": 0.0016172497029999999,
    "ZAR": 0.049345790269999995,
    "KRW": 0.0006670336421,
    "SSP": null,
    "LKR": 0.003049333591,
    "SDG": 0.0015169990849999999,
    "SRD": 0.031635925249999995,
    "SZL": 0.05061462326,
    "SEK": 0.08648834976,
    "CHF": 1.073232,
    "SYP": null,
    "TJS": 0.08703772357999999,
    "TZS": 0.0003379537033,
    "THB": 0.025911561689999998,
    "TOP": 0.38360449,
    "TTD": 0.13596452350000002,
    "TND": 0.29665156270000004,
    "TRY": 0.02734623701,
    "TMT": 0.26118684400000003,
    "UGX": 0.0002470711294,
    "UAH": 0.02230624522,
    "AED": 0.2484270673,
    "GBP": 1.168186994,
    "USD": 0.9124749999999999,
    "UYU": 0.02260656812,
    "UZS": 0.0000731876123,
    "VUV": null,
    "VES": 0.024924409739999997,
    "VND": 0.00003634269303,
    "XOF": 0.001518508045,
    "YER": 0.003644814776,
    "ZMW": 0.035568229869999995,
    "ZWL": null,
    "AFN": 0.012975664260406933,
    "ALL": 0.009950475904296714,
    "DZD": 0.006815360972803035,
    "AOA": 0.0010379573907800125,
    "ARS": 0.0009781099004284122,
    "AMD": 0.0023737797403947077,
    "AWG": 0.5071575139950115,
    "AUD": 0.5879344100372162,
    "AZN": 0.5369903089358946,
    "BSD": 0.9206679571239776,
    "BHD": 2.4218939210462582,
    "BDT": 0.007836138783989003,
    "BBD": 0.45601561614168284,
    "BYN": 0.28127653368562183,
    "BZD": 0.45678915094704836,
    "BMD": 0.9128835251910208,
    "BTN": 0.010991337132794132,
    "BOB": 0.1332426727625431,
    "BAM": 0.5093028912143707,
    "BWP": 0.06801262148303928,
    "BRL": 0.1592787473502527,
    "BND": 0.691258788398965,
    "BGN": 0.510453631214226,
    "BIF": 0.0003193868334917785,
    "CVE": 0.009037430678195938,
    "KHR": 0.00022403668678531646,
    "XAF": 0.0015185364006625674,
    "CAD": 0.6573084449529125,
    "KYD": 1.1044300264714748,
    "CLP": 0.0009663585828854275,
    "CNY": 0.12785730519208366,
    "COP": 0.00022519490714358124,
    "KMF": 0.002010558589170128,
    "CDF": null,
    "CRC": 0.0017583472426908422,
    "HRK": null,
    "CUP": 0.03834638099048444,
    "CZK": 0.039554901196188076,
    "DKK": null,
    "DJF": 0.005168342259507477,
    "DOP": 0.015472252299683291,
    "EGP": 0.018439434580251397,
    "ERN": null,
    "ETB": 0.011365570847080102,
    "EUR": 1
  }
}