{
  "meta": {
    "code": "EUR",
    "createdAt": "2024-08-15T10:05:27Z"
  },
  "data": {
    "FJD": 0.405695762,
    "GMD": 0.01297142831,
    "GEL": 0.337588498,
    "GHS": 0.05795730404,
    "GIP": null,
    "GTQ": 0.1171508864,
    "GNF": 0.000105215408,
    "GYD": null,
    "HTG": null,
    "HNL": 0.03662526052,
    "HKD": 0.116523,
    "HUF": 0.002534287928,
    "ISK": 0.006574469612,
    "INR": 0.01081685872,
    "IDR": 0.000057767,
    "IRR": 0.00002156513438,
    "IQD": 0.0006926435564,
    "ILS": 0.24433599,
    "JMD": 0.005780798344,
    "JPY": 0.006161000000000001,
    "JOD": 1.281415908,
    "KZT": 0.001889665132,
    "KES": 0.0069644235599999995,
    "KWD": 2.968221128,
    "KGS": 0.010595123299999998,
    "LAK": 0.0000409950196,
    "LBP": 0.0000101268332,
    "LSL": 0.05025631996,
    "LRD": 0.00464643585,
    "LYD": 0.1886962924,
    "MOP": 0.1131052924,
    "MKD": 0.016254180639999997,
    "MGA": 0.00019939770800000002,
    "MWK": 0.0005230667476,
    "MYR": 0.20473511360000002,
    "MVR": 0.058966636839999996,
    "MRU": 0.02290954188,
    "MUR": 0.019668079039999998,
    "MXN": null,
    "MDL": 0.05173784,
    "MNT": null,
    "MAD": 0.0927188764,
    "MZN": 0.01421117156,
    "MMK": 0.0002795711116,
    "NAD": 0.050255638959999994,
    "NPR": 0.0067538020639999995,
    "ANG": 0.5035816124,
    "TWD": 0.02809841,
    "NZD": null,
    "NIO": 0.024644291319999997,
    "NGN": 0.0005710691754,
    "KPW": null,
    "NOK": 0.08511794,
    "OMR": 2.3587624480000002,
    "PKR": 0.00325531166,
    "PAB": 0.9074741772,
    "PGK": 0.230260174,
    "PYG": 0.0001198661696,
    "PEN": 0.2421791268,
    "PHP": 0.015951934679999998,
    "PLN": 0.23372374,
    "QAR": 0.2485790195,
    "RON": 0.200945394,
    "RUB": 0.01017345,
    "RWF": 0.0006876115112000001,
    "SHP": 1.1649186,
    "WST": null,
    "STN": null,
    "SAR": 0.24197859500000002,
    "RSD": 0.008545063604,
    "SCR": 0.06796912088,
    "SLL": 0.00004746769265,
    "SGD": 0.6891109999999999,
    "SBD": 0.10669000000000001,
    "SOS": 0.0015934728079999999,
    "ZAR": 0.0504125,
    "KRW": 0.00066866028,
    "SSP": null,
    "LKR": 0.003031565024,
    "SDG": 0.001509559352,
    "SRD": 0.031628813459999995,
    "SZL": null,
    "SEK": 0.08678497836,
    "CHF": 1.047839,
    "SYP": null,
    "TJS": 0.08533368563999999,
    "TZS": 0.0003350553505,
    "THB": 0.02596798,
    "TOP": 0.383176,
    "TTD": 0.13353828880000002,
    "TND": 0.2951448915,
    "TRY": 0.02698461592,
    "TMT": 0.259162722,
    "UGX": 0.0002435030816,
    "UAH": 0.0219870384,
    "AED": null,
    "GBP": 1.1673929,
    "USD": 0.9079999999999999,
    "UYU": 0.02246846,
    "UZS": 0.0000718684724,
    "VUV": null,
    "VES": 0.02483083992,
    "VND": 0.0000362555,
    "XOF": 0.001524003544,
    "YER": 0.003626575608,
    "ZMW": null,
    "ZWL": null,
    "AFN": 0.01278722029409034,
    "ALL": 0.01000205014722421,
    "DZD": 0.0067615992130926564,
    "AOA": 0.0010312571489484842,
    "ARS": 0.0009657327577648506,
    "AMD": 0.002334133773860376,
    "AWG": 0.5044566220273001,
    "AUD": 0.601721571387267,
    "AZN": 0.5341305409700825,
    "BSD": 0.9070087912534559,
    "BHD": 2.4090797823836216,
    "BDT": 0.007718118017004746,
    "BBD": 0.44920469434124644,
    "BYN": 0.27719529091226247,
    "BZD": 0.44997290312674393,
    "BMD": 0.9080219196491403,
    "BTN": null,
    "BOB": 0.13126675865889245,
    "BAM": 0.5111604921225854,
    "BWP": null,
    "BRL": 0.16601552604890998,
    "BND": 0.6897215887974337,
    "BGN": 0.5112736034060474,
    "BIF": 0.0003145434812666471,
    "CVE": 0.009066429163455387,
    "KHR": 0.00022171020875544405,
    "XAF": 0.0015240401795398643,
    "CAD": 0.66265187146781,
    "KYD": 1.0884054175601259,
    "CLP": 0.0009720405077546519,
    "CNY": null,
    "COP": 0.00022607292910538525,
    "KMF": 0.0020315961958639155,
    "CDF": null,
    "CRC": 0.0017242237518934934,
    "HRK": null,
    "CUP": 0.037791227651344544,
    "CZK": 0.03971058922572293,
    "DKK": 0.1340214192421095,
    "DJF": 0.0050935177576993,
    "DOP": 0.015204635889712022,
    "EGP": 0.018556394745580466,
    "ERN": null,
    "ETB": null,
    "EUR": 1
  }
}