{
  "meta": {
    "code": "EUR",
    "createdAt": "2024-08-13T08:05:05Z"
  },
  "data": {
    "FJD": 0.4086854902,
    "GMD": 0.013262318269999998,
    "GEL": 0.3414599564,
    "GHS": 0.058773175989999996,
    "GIP": null,
    "GTQ": 0.1181811385,
    "GNF": 0.0001061899426,
    "GYD": 0.004384485686,
    "HTG": 0.006945811237,
    "HNL": 0.036970817829999995,
    "HKD": 0.1174856625,
    "HUF": 0.0025435936579999998,
    "ISK": 0.0066172535499999996,
    "INR": 0.01089923449,
    "IDR": 0.00005781748216,
    "IRR": 0.00002173376043,
    "IQD": 0.000699063375,
    "ILS": 0.24264617730000002,
    "JMD": 0.005824558424,
    "JPY": 0.0061879062,
    "JOD": null,
    "KZT": 0.001907857216,
    "KES": 0.007094651085,
    "KWD": 2.98803302,
    "KGS": 0.01071545587,
    "LAK": 0.00004132472637,
    "LBP": 0.00001022212455,
    "LSL": 0.050218784589999996,
    "LRD": 0.004684777032,
    "LYD": 0.19051961050000002,
    "MOP": 0.114072065,
    "MKD": 0.016255104319999998,
    "MGA": 0.00020041989440000002,
    "MWK": 0.0005278958417,
    "MYR": 0.2058254816,
    "MVR": 0.059427719569999995,
    "MRU": 0.02308117929,
    "MUR": 0.01974909338,
    "MXN": null,
    "MDL": 0.052023435,
    "MNT": null,
    "MAD": 0.09330807999,
    "MZN": 0.01432229415,
    "MMK": 0.0002817571852,
    "NAD": 0.050218784589999996,
    "NPR": 0.006814866831999999,
    "ANG": 0.5082495598,
    "TWD": 0.028216833969999997,
    "NZD": 0.5531093175,
    "NIO": 0.02487251866,
    "NGN": 0.0005756037666,
    "KPW": null,
    "NOK": 0.08487506745,
    "OMR": 2.3775020920000003,
    "PKR": 0.003285750739,
    "PAB": 0.9158265894000001,
    "PGK": 0.23587526090000002,
    "PYG": null,
    "PEN": 0.2455423773,
    "PHP": 0.01606622768,
    "PLN": 0.23282999999999998,
    "QAR": 0.2505468,
    "RON": 0.2009384,
    "RUB": 0.00981398995,
    "RWF": 0.0006914406835000001,
    "SHP": 1.167987885,
    "WST": null,
    "STN": null,
    "SAR": 0.243752039,
    "RSD": 0.008545058962,
    "SCR": 0.06749264228,
    "SLL": 0.00004746769265,
    "SGD": 0.6914634695,
    "SBD": 0.10779878000000001,
    "SOS": 0.001608458458,
    "ZAR": null,
    "KRW": 0.0006677612814,
    "SSP": null,
    "LKR": 0.003059907719,
    "SDG": 0.001521363175,
    "SRD": 0.031751153319999996,
    "SZL": 0.05023331638,
    "SEK": 0.08699699217,
    "CHF": 1.0556694260000001,
    "SYP": null,
    "TJS": 0.08636743083,
    "TZS": 0.0003378761503,
    "THB": 0.026022305199999998,
    "TOP": 0.38608069,
    "TTD": 0.13468945100000002,
    "TND": 0.2967951882,
    "TRY": 0.027260366869999997,
    "TMT": 0.2611892146,
    "UGX": 0.0002454174661,
    "UAH": 0.022163813509999998,
    "AED": 0.2491431127,
    "GBP": 1.171650115,
    "USD": 0.9150999999999999,
    "UYU": 0.022749386,
    "UZS": 0.00007240527428,
    "VUV": null,
    "VES": 0.02501312377,
    "VND": 0.00003641612997,
    "XOF": 0.001524787205,
    "YER": 0.003654570813,
    "ZMW": 0.03497212962,
    "ZWL": null,
    "AFN": 0.012930717711944113,
    "ALL": 0.010011166593372346,
    "DZD": 0.0067997350472359264,
    "AOA": 0.0010394211677637484,
    "ARS": 0.0009748888139307711,
    "AMD": 0.002358133752036708,
    "AWG": 0.5084501878977669,
    "AUD": 0.6046131987061277,
    "AZN": 0.5383590224799885,
    "BSD": 0.9154532081879625,
    "BHD": 2.428452314997524,
    "BDT": 0.007791265393125126,
    "BBD": 0.45341111638516907,
    "BYN": 0.27974729446656316,
    "BZD": 0.454175012476937,
    "BMD": 0.9152103382159804,
    "BTN": 0.010903647942053982,
    "BOB": 0.13249276534715446,
    "BAM": null,
    "BWP": 0.06773641105295362,
    "BRL": 0.16660195349763657,
    "BND": 0.6910451339240078,
    "BGN": 0.5112865263375622,
    "BIF": 0.0003175196856783472,
    "CVE": 0.00907087414398603,
    "KHR": null,
    "XAF": 0.001524795657315609,
    "CAD": 0.666606417445445,
    "KYD": 1.0983970622325774,
    "CLP": 0.0009797441435203526,
    "CNY": null,
    "COP": 0.00022576681336933997,
    "KMF": 0.002029723021991053,
    "CDF": 0.000319406849725887,
    "CRC": 0.001728955025991527,
    "HRK": null,
    "CUP": 0.03814065078052927,
    "CZK": 0.039738606251328155,
    "DKK": 0.13399076143400843,
    "DJF": 0.005140544010263257,
    "DOP": 0.015331092133815455,
    "EGP": 0.01855158699029609,
    "ERN": null,
    "ETB": 0.008876965451472738,
    "EUR": 1
  }
}