{
  "meta": {
    "code": "EUR",
    "createdAt": "2024-08-26T13:07:31Z"
  },
  "data": {
    "FJD": 0.4062668,
    "GMD": 0.012809428309999999,
    "GEL": 0.3327410214,
    "GHS": 0.05747294702,
    "GIP": null,
    "GTQ": 0.11583179410000001,
    "GNF": 0.0001040216162,
    "GYD": 0.004293301332,
    "HTG": 0.006798874237,
    "HNL": null,
    "HKD": 0.11501610250000001,
    "HUF": 0.002530523365,
    "ISK": 0.006539712597,
    "INR": 0.01069142,
    "IDR": 0.000058093999999999996,
    "IRR": 0.00002130213184,
    "IQD": 0.0006846963009000001,
    "ILS": 0.2442549,
    "JMD": 0.005729180376,
    "JPY": 0.0062250000000000005,
    "JOD": 1.265233886,
    "KZT": 0.001855343765,
    "KES": 0.006950852637,
    "KWD": null,
    "KGS": null,
    "LAK": 0.00004060139246,
    "LBP": 0.00001001192622,
    "LSL": 0.05054597952,
    "LRD": 0.00459102,
    "LYD": 0.1883551792,
    "MOP": 0.1117107447,
    "MKD": null,
    "MGA": 0.00019649873500000002,
    "MWK": 0.0005170443734,
    "MYR": null,
    "MVR": 0.0584168072,
    "MRU": 0.0226646381,
    "MUR": 0.01946046,
    "MXN": 0.04667384298,
    "MDL": 0.051455,
    "MNT": null,
    "MAD": 0.09322053957,
    "MZN": 0.014033688419999999,
    "MMK": 0.00027607955160000003,
    "NAD": 0.05054553119,
    "NPR": 0.006680467594,
    "ANG": 0.4977898552,
    "TWD": 0.02814862,
    "NZD": 0.5562519976,
    "NIO": 0.02436257499,
    "NGN": 0.0005639059770000001,
    "KPW": null,
    "NOK": 0.0850432,
    "OMR": 2.328805,
    "PKR": null,
    "PAB": 0.8969845909,
    "PGK": 0.2302343122,
    "PYG": 0.0001179649482,
    "PEN": 0.2396918335,
    "PHP": 0.01597513665,
    "PLN": 0.233595,
    "QAR": 0.24581039999999998,
    "RON": 0.2009684954,
    "RUB": 0.00974752,
    "RWF": 0.0006768966142000001,
    "SHP": 1.184129196,
    "WST": null,
    "STN": null,
    "SAR": 0.2389433,
    "RSD": 0.008543280447,
    "SCR": 0.06612086509,
    "SLL": 0.00004746769265,
    "SGD": 0.6879708,
    "SBD": 0.106074878,
    "SOS": 0.001574872104,
    "ZAR": 0.050538268239999996,
    "KRW": 0.000675664,
    "SSP": null,
    "LKR": 0.002980133796,
    "SDG": null,
    "SRD": 0.031167576109999998,
    "SZL": 0.050567095859999994,
    "SEK": 0.08765506,
    "CHF": 1.057451,
    "SYP": null,
    "TJS": 0.08419598843,
    "TZS": 0.0003309363138,
    "THB": 0.026365381669999997,
    "TOP": 0.383142818,
    "TTD": 0.1320548841,
    "TND": 0.29443577790000003,
    "TRY": null,
    "TMT": 0.2566599584,
    "UGX": 0.000241560204,
    "UAH": null,
    "AED": 0.24413191450000002,
    "GBP": 1.1831,
    "USD": 0.89666,
    "UYU": 0.02221819467,
    "UZS": 0.00007066290528,
    "VUV": null,
    "VES": 0.02454243,
    "VND": 0.000036056499999999996,
    "XOF": 0.0015269922529999999,
    "YER": 0.0035823557579999997,
    "ZMW": 0.03409048417,
    "ZWL": null,
    "AFN": 0.012657919280074583,
    "ALL": 0.010002983031582377,
    "DZD": 0.006683041365513229,
    "AOA": 0.0009913214967742414,
    "ARS": 0.0009456097096233808,
    "AMD": 0.0023102993838698617,
    "AWG": 0.49813905212905624,
    "AUD": 0.6072027942607935,
    "AZN": 0.5274413493131184,
    "BSD": 0.8965462947772315,
    "BHD": 2.3795270618055353,
    "BDT": 0.007502847461911627,
    "BBD": 0.4440489188232093,
    "BYN": 0.27396692171660164,
    "BZD": 0.44479922361967955,
    "BMD": 0.8966679817797066,
    "BTN": 0.01068750108648468,
    "BOB": 0.1297433331260476,
    "BAM": 0.512143191630892,
    "BWP": 0.06759928273023946,
    "BRL": 0.16321452942948533,
    "BND": 0.6882051398467357,
    "BGN": 0.5120700728158011,
    "BIF": 0.00031141949842168317,
    "CVE": 0.009084023607469712,
    "KHR": 0.00022033552593416256,
    "XAF": 0.001526950579002031,
    "CAD": 0.6644889114635558,
    "KYD": null,
    "CLP": 0.0009873458224694273,
    "CNY": 0.12588524081198763,
    "COP": 0.00022271102213770145,
    "KMF": 0.0020330302273658465,
    "CDF": 0.0003179673694254279,
    "CRC": 0.0017040505319485554,
    "HRK": null,
    "CUP": 0.037357928233215,
    "CZK": 0.0399513447593881,
    "DKK": 0.13403890239158664,
    "DJF": null,
    "DOP": 0.015069067459061844,
    "EGP": null,
    "ERN": null,
    "ETB": 0.008080907324145062,
    "EUR": 1
  }
}