{
  "meta": {
    "code": "EUR",
    "createdAt": "2024-07-26T13:32:52Z"
  },
  "data": {
    "FJD": 0.4077828807,
    "GMD": 0.013586715309999999,
    "GEL": null,
    "GHS": 0.05939417631,
    "GIP": null,
    "GTQ": 0.1188498052,
    "GNF": 0.0001068315731,
    "GYD": 0.004409553074,
    "HTG": 0.006974781302999999,
    "HNL": 0.03719553638,
    "HKD": 0.1179077562,
    "HUF": 0.002561508,
    "ISK": 0.0066702898439999995,
    "INR": 0.01099389325,
    "IDR": 0.0000565244071,
    "IRR": 0.00002186201123,
    "IQD": 0.0007030533226,
    "ILS": null,
    "JMD": 0.0058862559939999995,
    "JPY": 0.005980504,
    "JOD": 1.298873366,
    "KZT": 0.001943514244,
    "KES": 0.007013333315,
    "KWD": 3.0107272160000003,
    "KGS": 0.010953038699999999,
    "LAK": 0.00004151335335,
    "LBP": 0.00001028023605,
    "LSL": 0.050435382439999996,
    "LRD": 0.004711285886,
    "LYD": 0.190517818,
    "MOP": 0.1145497815,
    "MKD": 0.01622356396,
    "MGA": 0.0002022979168,
    "MWK": 0.0005309193624,
    "MYR": 0.1977678,
    "MVR": 0.059969967469999996,
    "MRU": 0.02324154525,
    "MUR": 0.01966937287,
    "MXN": 0.050067,
    "MDL": 0.05200825,
    "MNT": null,
    "MAD": 0.09355980409999999,
    "MZN": 0.014406809929999998,
    "MMK": null,
    "NAD": 0.050436082019999995,
    "NPR": 0.006873499608,
    "ANG": 0.5111369889,
    "TWD": 0.028069156289999998,
    "NZD": 0.543495,
    "NIO": 0.0250144034,
    "NGN": 0.0005767543804,
    "KPW": null,
    "NOK": 0.08385249553,
    "OMR": 2.391235318,
    "PKR": 0.0033077734859999998,
    "PAB": 0.9211323835,
    "PGK": 0.23474655430000002,
    "PYG": 0.0001216011797,
    "PEN": 0.2450138113,
    "PHP": 0.01575106211,
    "PLN": null,
    "QAR": 0.2523733469,
    "RON": 0.2011546,
    "RUB": 0.01067615,
    "RWF": 0.0007001925007,
    "SHP": 1.188135375,
    "WST": null,
    "STN": null,
    "SAR": 0.24536799210000002,
    "RSD": 0.008541095818,
    "SCR": 0.06712200393,
    "SLL": 0.00004746769265,
    "SGD": 0.6856852999999999,
    "SBD": 0.10861900000000001,
    "SOS": 0.001617688541,
    "ZAR": 0.05038065872,
    "KRW": 0.00066471,
    "SSP": null,
    "LKR": 0.003038609161,
    "SDG": 0.001570819074,
    "SRD": 0.03180938527,
    "SZL": 0.050441025109999996,
    "SEK": 0.08528519026999999,
    "CHF": 1.0431455790000002,
    "SYP": null,
    "TJS": 0.08685846284,
    "TZS": 0.0003410597939,
    "THB": 0.02559969,
    "TOP": 0.3860577,
    "TTD": 0.13568354100000002,
    "TND": 0.2967261482,
    "TRY": 0.027925760799999998,
    "TMT": null,
    "UGX": 0.0002468649368,
    "UAH": 0.02242425447,
    "AED": 0.2506125685,
    "GBP": 1.1843060950000002,
    "USD": 0.9205,
    "UYU": 0.02284681,
    "UZS": 0.00007286668795,
    "VUV": null,
    "VES": 0.02519570508,
    "VND": 0.00003636186715,
    "XOF": 0.0015236116,
    "YER": 0.003676870053,
    "ZMW": 0.03523823121,
    "ZWL": null,
    "AFN": 0.013013025619625819,
    "ALL": 0.00993860850959503,
    "DZD": 0.00684547019294233,
    "AOA": 0.0010549480844777256,
    "ARS": 0.0009911726166758844,
    "AMD": 0.002370199991265339,
    "AWG": 0.5114364870041431,
    "AUD": 0.6043459469494346,
    "AZN": 0.5415209862396809,
    "BSD": 0.9207171553206779,
    "BHD": 2.442024690964394,
    "BDT": 0.007835732014931094,
    "BBD": 0.4559880829046652,
    "BYN": 0.28133986502579866,
    "BZD": 0.45676750679978134,
    "BMD": 0.9205856766074576,
    "BTN": 0.010997123175231433,
    "BOB": 0.13323336720099768,
    "BAM": 0.5110574529291184,
    "BWP": 0.06794872816193447,
    "BRL": 0.1631640777966323,
    "BND": 0.6851354529028099,
    "BGN": 0.5111709622902295,
    "BIF": null,
    "CVE": null,
    "KHR": null,
    "XAF": 0.001523795526020649,
    "CAD": 0.666093825976327,
    "KYD": 1.1048045424520458,
    "CLP": 0.0009728572998193293,
    "CNY": 0.1269878440432943,
    "COP": 0.00022842750222391536,
    "KMF": 0.0020267173243526926,
    "CDF": 0.0003213213530916083,
    "CRC": 0.001741342289575881,
    "HRK": null,
    "CUP": 0.0383623240337987,
    "CZK": 0.039450853944248854,
    "DKK": 0.1339998510401376,
    "DJF": null,
    "DOP": 0.01555447473801522,
    "EGP": 0.01904275225696642,
    "ERN": null,
    "ETB": 0.01592561650328894,
    "EUR": 1
  }
}