{
  "meta": {
    "code": "EUR",
    "createdAt": "2024-08-21T16:05:09Z"
  },
  "data": {
    "FJD": 0.4057120635,
    "GMD": 0.012909424269999999,
    "GEL": 0.332339177,
    "GHS": 0.05740275062,
    "GIP": null,
    "GTQ": 0.11583051130000001,
    "GNF": 0.00010395144530000001,
    "GYD": null,
    "HTG": 0.006802076267,
    "HNL": 0.0361505876,
    "HKD": 0.1151111323,
    "HUF": 0.002546665,
    "ISK": 0.006565715326,
    "INR": 0.01069517706,
    "IDR": 0.00005792965579,
    "IRR": 0.00002131507952,
    "IQD": 0.0006848893052,
    "ILS": 0.240782834,
    "JMD": 0.005710797751,
    "JPY": 0.006182,
    "JOD": 1.266002909,
    "KZT": 0.001875467985,
    "KES": 0.006955077443,
    "KWD": 2.936552862,
    "KGS": 0.010480276719999999,
    "LAK": 0.00004055163831,
    "LBP": 0.00001001903888,
    "LSL": 0.05020733071,
    "LRD": 0.004595348532,
    "LYD": 0.1880932861,
    "MOP": 0.11172319650000001,
    "MKD": 0.01618266228,
    "MGA": 0.00019483278500000002,
    "MWK": 0.0005169720511,
    "MYR": 0.20495840740000001,
    "MVR": 0.05822777907,
    "MRU": 0.022668140019999998,
    "MUR": 0.01947131337,
    "MXN": 0.04669234261,
    "MDL": 0.051705,
    "MNT": null,
    "MAD": 0.09255260833,
    "MZN": 0.014041096749999999,
    "MMK": 0.0002762473559,
    "NAD": 0.05020733071,
    "NPR": 0.006679152004,
    "ANG": 0.4977370346,
    "TWD": 0.02811234,
    "NZD": 0.5526,
    "NIO": 0.024347489759999997,
    "NGN": 0.0005692022121,
    "KPW": null,
    "NOK": 0.08545599,
    "OMR": 2.330772607,
    "PKR": 0.0032201165659999998,
    "PAB": 0.8969240851,
    "PGK": 0.2273937989,
    "PYG": 0.0001182536825,
    "PEN": 0.2399264519,
    "PHP": 0.01593883785,
    "PLN": 0.23340339470000002,
    "QAR": 0.24645108810000002,
    "RON": 0.20090600150000001,
    "RUB": 0.009818736,
    "RWF": 0.0006807321686,
    "SHP": 1.169013254,
    "WST": null,
    "STN": null,
    "SAR": 0.2391215154,
    "RSD": 0.008543588944,
    "SCR": 0.06387430285,
    "SLL": 0.00004746769265,
    "SGD": 0.6872455719,
    "SBD": 0.10542158750000001,
    "SOS": 0.0015712871389999999,
    "ZAR": 0.05022377737,
    "KRW": 0.0006724742579,
    "SSP": null,
    "LKR": 0.002985130232,
    "SDG": 0.001491612553,
    "SRD": 0.03112269295,
    "SZL": 0.05029175949,
    "SEK": 0.08799561440999999,
    "CHF": 1.054369,
    "SYP": null,
    "TJS": 0.08418594739999999,
    "TZS": 0.0003315085446,
    "THB": 0.026252514369999997,
    "TOP": 0.381850448,
    "TTD": null,
    "TND": 0.2939728967,
    "TRY": 0.026463061469999997,
    "TMT": 0.2560815969,
    "UGX": 0.0002410563739,
    "UAH": 0.021684915489999998,
    "AED": 0.2442703416,
    "GBP": 1.1732061580000002,
    "USD": 0.8972049999999999,
    "UYU": 0.02227760015,
    "UZS": 0.00007098140818,
    "VUV": null,
    "VES": 0.02448941683,
    "VND": 0.00003597460084,
    "XOF": null,
    "YER": 0.0035834600969999997,
    "ZMW": 0.03454664525,
    "ZWL": null,
    "AFN": 0.01281632286880571,
    "ALL": 0.009994904198043669,
    "DZD": 0.006690625300762425,
    "AOA": 0.0010000619793412006,
    "ARS": 0.0009501666117153641,
    "AMD": 0.002310079824946956,
    "AWG": 0.498412556009111,
    "AUD": 0.6053512103860945,
    "AZN": null,
    "BSD": 0.8964532289669335,
    "BHD": 2.380557468573521,
    "BDT": 0.0075175095878768335,
    "BBD": 0.4439961423288614,
    "BYN": 0.2739233731560549,
    "BZD": 0.4447264181896648,
    "BMD": 0.8971426008163996,
    "BTN": 0.010684603954712634,
    "BOB": 0.1297326415248719,
    "BAM": null,
    "BWP": 0.06732413717979925,
    "BRL": 0.1639209900827801,
    "BND": 0.6858348321201976,
    "BGN": 0.5099168467736738,
    "BIF": 0.00031172432272981226,
    "CVE": 0.00902785007518353,
    "KHR": 0.00021908244220180702,
    "XAF": 0.0015203186176606838,
    "CAD": 0.6603726064866693,
    "KYD": 1.0756905607734848,
    "CLP": 0.0009789537676151265,
    "CNY": 0.12574180086567244,
    "COP": 0.00022378493144508744,
    "KMF": 0.0020301937108314094,
    "CDF": 0.00031194109903212786,
    "CRC": null,
    "HRK": null,
    "CUP": 0.03735102975520968,
    "CZK": 0.03988896006475478,
    "DKK": 0.13397306640788234,
    "DJF": 0.005034136915358823,
    "DOP": 0.014964847386428688,
    "EGP": 0.01838885531478247,
    "ERN": null,
    "ETB": 0.008129973727380151,
    "EUR": 1
  }
}