{
  "meta": {
    "code": "EUR",
    "createdAt": "2024-08-06T11:33:11Z"
  },
  "data": {
    "FJD": 0.4056290758,
    "GMD": null,
    "GEL": 0.34024259360000003,
    "GHS": 0.05901952797999999,
    "GIP": null,
    "GTQ": 0.11835050000000001,
    "GNF": 0.000106354841,
    "GYD": 0.004390309237,
    "HTG": 0.006946615417,
    "HNL": 0.037041126519999995,
    "HKD": null,
    "HUF": 0.0025152580000000003,
    "ISK": 0.006634886719,
    "INR": 0.01092694,
    "IDR": 0.0000567015,
    "IRR": 0.00002177591694,
    "IQD": 0.000699998396,
    "ILS": 0.2384333,
    "JMD": 0.005846107775,
    "JPY": 0.006308,
    "JOD": 1.293575844,
    "KZT": 0.001916618079,
    "KES": 0.007051532506,
    "KWD": 2.9998398760000002,
    "KGS": 0.01083970059,
    "LAK": 0.00004138617881,
    "LBP": 0.00001023544237,
    "LSL": 0.049476839679999995,
    "LRD": null,
    "LYD": 0.1909644328,
    "MOP": 0.1142522521,
    "MKD": 0.01625373652,
    "MGA": 0.0002018097804,
    "MWK": 0.0005286075941,
    "MYR": 0.2047003,
    "MVR": 0.05973380111,
    "MRU": 0.0231407569,
    "MUR": 0.01983359244,
    "MXN": 0.0474125,
    "MDL": 0.05188,
    "MNT": null,
    "MAD": 0.09324472049999999,
    "MZN": 0.01435558522,
    "MMK": null,
    "NAD": 0.049476839679999995,
    "NPR": null,
    "ANG": 0.5089033085,
    "TWD": 0.02797072,
    "NZD": 0.5428041932000001,
    "NIO": null,
    "NGN": 0.0005692937388,
    "KPW": null,
    "NOK": 0.08319930046,
    "OMR": 2.38212927,
    "PKR": 0.003289241385,
    "PAB": 0.9171170550000001,
    "PGK": 0.2331479261,
    "PYG": 0.0001210941568,
    "PEN": 0.2462019339,
    "PHP": 0.01586989597,
    "PLN": null,
    "QAR": 0.2505780866,
    "RON": 0.2009106928,
    "RUB": 0.01068935968,
    "RWF": null,
    "SHP": 1.1715370310000002,
    "WST": null,
    "STN": null,
    "SAR": null,
    "RSD": 0.008545923047,
    "SCR": 0.06762557344999999,
    "SLL": 0.00004746769265,
    "SGD": 0.6905981999999999,
    "SBD": 0.108007875,
    "SOS": 0.001610507441,
    "ZAR": 0.049638622269999995,
    "KRW": 0.0006647587,
    "SSP": null,
    "LKR": 0.003033823848,
    "SDG": 0.001524314131,
    "SRD": 0.031964126499999995,
    "SZL": 0.049490867859999996,
    "SEK": 0.0865305,
    "CHF": 1.07180487,
    "SYP": null,
    "TJS": 0.08685009499999999,
    "TZS": 0.0003394637633,
    "THB": null,
    "TOP": 0.38490412500000004,
    "TTD": 0.1351908348,
    "TND": 0.2967225257,
    "TRY": 0.027335,
    "TMT": 0.2616958378,
    "UGX": 0.0002461207905,
    "UAH": 0.02235096444,
    "AED": 0.2496242615,
    "GBP": 1.164107593,
    "USD": 0.916875,
    "UYU": 0.022651204329999997,
    "UZS": 0.00007277621962,
    "VUV": null,
    "VES": 0.02504451,
    "VND": 0.000036471,
    "XOF": 0.0015242716799999999,
    "YER": 0.003662022588,
    "ZMW": null,
    "ZWL": null,
    "AFN": 0.012914901343869358,
    "ALL": 0.009981838394405723,
    "DZD": 0.006798733645027533,
    "AOA": 0.0010437074980617243,
    "ARS": 0.000980923272960442,
    "AMD": 0.0023637629688868754,
    "AWG": 0.5086807419031505,
    "AUD": 0.594305201981187,
    "AZN": 0.5393511982630733,
    "BSD": 0.9166577899817929,
    "BHD": 2.432453467829828,
    "BDT": 0.007801207983042907,
    "BBD": 0.4539795440748903,
    "BYN": 0.28008649661437784,
    "BZD": 0.45474349595804897,
    "BMD": 0.9168970370472248,
    "BTN": 0.010918585210917639,
    "BOB": null,
    "BAM": 0.5112433402247232,
    "BWP": 0.06737287820396631,
    "BRL": 0.16018466754843197,
    "BND": 0.6906144501736591,
    "BGN": 0.5118778129151069,
    "BIF": 0.00031804268956879013,
    "CVE": 0.009067980282340652,
    "KHR": 0.00022308810932049442,
    "XAF": 0.0015242945932549025,
    "CAD": 0.6625672759134213,
    "KYD": 1.0998578386449664,
    "CLP": 0.0009613901744993541,
    "CNY": 0.12827861229570825,
    "COP": 0.00022068007835101416,
    "KMF": 0.002035965442745783,
    "CDF": 0.0003200338698245113,
    "CRC": 0.0017335124588629934,
    "HRK": null,
    "CUP": 0.03819288770631996,
    "CZK": 0.039486439369559506,
    "DKK": 0.1339978734537483,
    "DJF": 0.005147390998674488,
    "DOP": 0.015411233465525524,
    "EGP": 0.01863863416088869,
    "ERN": null,
    "ETB": 0.011414268929557596,
    "EUR": 1
  }
}