{
  "meta": {
    "code": "EUR",
    "createdAt": "2024-08-20T10:35:06Z"
  },
  "data": {
    "FJD": 0.40715311390000003,
    "GMD": 0.01289557117,
    "GEL": 0.33561427450000003,
    "GHS": 0.057914848199999994,
    "GIP": null,
    "GTQ": 0.1170927944,
    "GNF": 0.0001051215001,
    "GYD": 0.004339075567,
    "HTG": 0.006877076965,
    "HNL": null,
    "HKD": 0.1158768709,
    "HUF": 0.0025383471279999997,
    "ISK": 0.006575060091,
    "INR": 0.01077430924,
    "IDR": 0.00005837970171,
    "IRR": null,
    "IQD": 0.0006922064327,
    "ILS": 0.2445181838,
    "JMD": null,
    "JPY": 0.006166863041,
    "JOD": 1.273922165,
    "KZT": 0.001893429285,
    "KES": 0.006997596822,
    "KWD": 2.952958062,
    "KGS": 0.0105365073,
    "LAK": 0.00004095901713,
    "LBP": 0.00001012132135,
    "LSL": 0.05083261327,
    "LRD": 0.004648086394,
    "LYD": 0.18914605180000002,
    "MOP": 0.11298176360000001,
    "MKD": 0.016230682139999997,
    "MGA": 0.0002000922513,
    "MWK": 0.0005227115811,
    "MYR": 0.2062114062,
    "MVR": 0.058621798899999994,
    "MRU": null,
    "MUR": 0.01956061528,
    "MXN": 0.04810731995,
    "MDL": 0.0514081955,
    "MNT": null,
    "MAD": 0.09310014274999999,
    "MZN": 0.014126499269999999,
    "MMK": 0.0002779361748,
    "NAD": 0.05083261327,
    "NPR": 0.006755142503,
    "ANG": 0.5032394746000001,
    "TWD": 0.02826041,
    "NZD": 0.5545360073,
    "NIO": 0.02462485963,
    "NGN": 0.0005676666597,
    "KPW": null,
    "NOK": 0.08562511129,
    "OMR": 2.3449421850000003,
    "PKR": 0.003255368645,
    "PAB": 0.9068396659,
    "PGK": 0.229937981,
    "PYG": 0.0001195463058,
    "PEN": 0.2427528441,
    "PHP": 0.01597095096,
    "PLN": 0.2343067298,
    "QAR": null,
    "RON": 0.2009303989,
    "RUB": 0.009903304,
    "RWF": 0.0006799408615,
    "SHP": 1.1683065320000001,
    "WST": null,
    "STN": null,
    "SAR": 0.2405574925,
    "RSD": 0.00854369391,
    "SCR": 0.06591501054,
    "SLL": 0.00004746769265,
    "SGD": 0.690175,
    "SBD": 0.106607689,
    "SOS": 0.001592263917,
    "ZAR": 0.050769090979999994,
    "KRW": 0.0006770243604,
    "SSP": null,
    "LKR": 0.00303366938,
    "SDG": 0.001500731422,
    "SRD": null,
    "SZL": 0.05083872473,
    "SEK": 0.08788780581,
    "CHF": null,
    "SYP": null,
    "TJS": null,
    "TZS": 0.0003330959409,
    "THB": 0.02641723187,
    "TOP": 0.38183787,
    "TTD": null,
    "TND": 0.2945204422,
    "TRY": 0.026678307869999997,
    "TMT": 0.25838598560000003,
    "UGX": 0.00024348528170000001,
    "UAH": 0.021905587249999997,
    "AED": 0.2457660183,
    "GBP": 1.173925777,
    "USD": 0.90259,
    "UYU": 0.0223776851,
    "UZS": 0.00007160317618,
    "VUV": null,
    "VES": 0.024637199409999998,
    "VND": 0.00003621628387,
    "XOF": 0.0015250405929999999,
    "YER": 0.003605729308,
    "ZMW": 0.03530240052,
    "ZWL": null,
    "AFN": 0.012777520152660383,
    "ALL": 0.010028682285060937,
    "DZD": 0.006728192882148806,
    "AOA": 0.0010148285736350988,
    "ARS": 0.0009569867665448745,
    "AMD": 0.0023362008413024145,
    "AWG": 0.5014944534713446,
    "AUD": 0.6078127160973644,
    "AZN": 0.5309941272049531,
    "BSD": 0.906370424254965,
    "BHD": 2.395349929410882,
    "BDT": 0.007597486300241194,
    "BBD": 0.4523655448751176,
    "BYN": 0.27695493359187895,
    "BZD": 0.4496610275759382,
    "BMD": 0.9026900162484202,
    "BTN": 0.010806874530020036,
    "BOB": 0.13116048692789864,
    "BAM": null,
    "BWP": 0.0678855173232174,
    "BRL": null,
    "BND": 0.6915702248013746,
    "BGN": 0.5112059464371322,
    "BIF": 0.00031476555736258686,
    "CVE": 0.00907233533177466,
    "KHR": null,
    "XAF": null,
    "CAD": 0.6631818802104251,
    "KYD": 1.0875854087809251,
    "CLP": null,
    "CNY": null,
    "COP": 0.00022404815493879882,
    "KMF": 0.0020289728393985624,
    "CDF": null,
    "CRC": 0.0017479504223787603,
    "HRK": null,
    "CUP": 0.03776514299348992,
    "CZK": 0.0397258291708146,
    "DKK": 0.13400482705487776,
    "DJF": 0.0050898587743047775,
    "DOP": 0.015189069003858009,
    "EGP": 0.0184777539106954,
    "ERN": null,
    "ETB": 0.008281742137868062,
    "EUR": 1
  }
}