{
  "meta": {
    "code": "EUR",
    "createdAt": "2024-08-20T08:35:08Z"
  },
  "data": {
    "FJD": 0.40678015300000003,
    "GMD": null,
    "GEL": 0.33542094180000004,
    "GHS": 0.05788148601,
    "GIP": null,
    "GTQ": 0.11702534240000001,
    "GNF": 0.0001050609443,
    "GYD": 0.004336576016,
    "HTG": 0.006873115384,
    "HNL": 0.03657244713,
    "HKD": 0.11582536610000001,
    "HUF": 0.0025374613849999997,
    "ISK": 0.0065822997119999995,
    "INR": 0.01076778688,
    "IDR": 0.00005845430081,
    "IRR": 0.00002143303402,
    "IQD": 0.000691807683,
    "ILS": 0.2442618057,
    "JMD": 0.0057703875799999995,
    "JPY": 0.006165353095,
    "JOD": 1.273367846,
    "KZT": null,
    "KES": 0.007007145548,
    "KWD": null,
    "KGS": 0.01052707078,
    "LAK": 0.00004093542244,
    "LBP": null,
    "LSL": 0.050803330839999994,
    "LRD": null,
    "LYD": 0.1890370931,
    "MOP": 0.1129166798,
    "MKD": null,
    "MGA": 0.0001999769869,
    "MWK": 0.0005224104699,
    "MYR": 0.2068862,
    "MVR": 0.058588029459999996,
    "MRU": 0.022871882399999998,
    "MUR": 0.01954934727,
    "MXN": 0.04816809227,
    "MDL": null,
    "MNT": null,
    "MAD": 0.09304651185,
    "MZN": 0.014119925819999999,
    "MMK": null,
    "NAD": 0.050803330839999994,
    "NPR": 0.006751251162,
    "ANG": 0.5029495804,
    "TWD": 0.028281189069999997,
    "NZD": 0.5535753101,
    "NIO": 0.02461067434,
    "NGN": 0.0005675031377,
    "KPW": null,
    "NOK": 0.08545850432999999,
    "OMR": 2.343659932,
    "PKR": 0.003253853832,
    "PAB": null,
    "PGK": 0.2298055239,
    "PYG": 0.0001194774404,
    "PEN": 0.2426398845,
    "PHP": 0.01594588181,
    "PLN": 0.234325576,
    "QAR": 0.2484925229,
    "RON": 0.2008752776,
    "RUB": 0.009986209000000001,
    "RWF": 0.0006795491775,
    "SHP": 1.167633522,
    "WST": null,
    "STN": null,
    "SAR": null,
    "RSD": 0.008543357376,
    "SCR": 0.0658757497,
    "SLL": 0.00004746769265,
    "SGD": 0.6898449999999999,
    "SBD": 0.10654627700000001,
    "SOS": 0.0015913466839999999,
    "ZAR": 0.0507035,
    "KRW": 0.0006778331,
    "SSP": null,
    "LKR": 0.003031921816,
    "SDG": 0.001499866917,
    "SRD": 0.03141807385,
    "SZL": 0.05081506807,
    "SEK": 0.08776639052,
    "CHF": 1.049664871,
    "SYP": null,
    "TJS": 0.08510566564,
    "TZS": 0.000332904059,
    "THB": 0.02639082,
    "TOP": 0.38161791,
    "TTD": 0.1334826373,
    "TND": null,
    "TRY": 0.02667206963,
    "TMT": 0.2582371408,
    "UGX": 0.0002433450206,
    "UAH": null,
    "AED": 0.2456254357,
    "GBP": 1.1735149999999999,
    "USD": 0.9021699999999999,
    "UYU": 0.022364794299999997,
    "UZS": 0.00007156192874,
    "VUV": null,
    "VES": 0.02462320187,
    "VND": null,
    "XOF": 0.001524162084,
    "YER": null,
    "ZMW": null,
    "ZWL": null,
    "AFN": 0.012772389522166782,
    "ALL": 0.010024655410417312,
    "DZD": 0.0067253509175291,
    "AOA": 0.0010144210836709954,
    "ARS": 0.000956580797597069,
    "AMD": 0.0023352627729739885,
    "AWG": 0.5012930855140836,
    "AUD": 0.6071295219765709,
    "AZN": 0.5307809140737355,
    "BSD": 0.9060064841434459,
    "BHD": 2.3943118693025482,
    "BDT": 0.007594435635688084,
    "BBD": 0.4521839039642636,
    "BYN": 0.27684372627059955,
    "BZD": 0.4494804726029167,
    "BMD": 0.9023275539253504,
    "BTN": 0.010802535183636181,
    "BOB": 0.13110782129742843,
    "BAM": 0.5112789313305859,
    "BWP": 0.06785825886860926,
    "BRL": 0.166927676255788,
    "BND": 0.6912925345383576,
    "BGN": 0.5112047782879087,
    "BIF": 0.0003146391676917304,
    "CVE": 0.009068692459724472,
    "KHR": 0.0002215240116675926,
    "XAF": 0.001524428296049485,
    "CAD": 0.6625500225267008,
    "KYD": 1.0871487043420338,
    "CLP": 0.000977168922062927,
    "CNY": null,
    "COP": 0.0002239191962393939,
    "KMF": 0.002027804993590735,
    "CDF": null,
    "CRC": 0.0017469443287025407,
    "HRK": null,
    "CUP": 0.037743405955887495,
    "CZK": 0.039760706992001675,
    "DKK": 0.13398000506654767,
    "DJF": null,
    "DOP": 0.015180326408216384,
    "EGP": 0.018464812793270353,
    "ERN": null,
    "ETB": 0.008276975291317603,
    "EUR": 1
  }
}