{
  "meta": {
    "code": "EUR",
    "createdAt": "2024-08-19T16:35:58Z"
  },
  "data": {
    "FJD": 0.406476747,
    "GMD": 0.01290378545,
    "GEL": 0.3364407404,
    "GHS": 0.057790466549999996,
    "GIP": null,
    "GTQ": 0.1166863018,
    "GNF": 0.0001046535655,
    "GYD": 0.004323836518,
    "HTG": 0.006853203431,
    "HNL": 0.03637337053,
    "HKD": 0.11595749999999999,
    "HUF": 0.0025347810000000003,
    "ISK": 0.006555849858,
    "INR": 0.01077274,
    "IDR": 0.0000579886194,
    "IRR": 0.00002145904816,
    "IQD": 0.0006895152593,
    "ILS": 0.24302875940000002,
    "JMD": 0.005753670689,
    "JPY": 0.0061660000000000005,
    "JOD": 1.274913384,
    "KZT": 0.001886856453,
    "KES": 0.007002054186999999,
    "KWD": 2.9547424020000004,
    "KGS": null,
    "LAK": 0.00004082553662,
    "LBP": 0.00001008671057,
    "LSL": null,
    "LRD": 0.004626306546,
    "LYD": 0.1891654416,
    "MOP": 0.1125849367,
    "MKD": null,
    "MGA": null,
    "MWK": 0.0005206138273000001,
    "MYR": 0.2068862,
    "MVR": 0.058659140109999994,
    "MRU": 0.02358394203,
    "MUR": 0.019530739069999997,
    "MXN": 0.048185574689999996,
    "MDL": 0.051835,
    "MNT": null,
    "MAD": 0.09290459896,
    "MZN": 0.014137063739999999,
    "MMK": 0.0002781132159,
    "NAD": 0.051031920769999996,
    "NPR": 0.006731478537,
    "ANG": 0.501492457,
    "TWD": 0.0281351421,
    "NZD": 0.5502,
    "NIO": 0.02451194024,
    "NGN": 0.0005654240994,
    "KPW": null,
    "NOK": 0.08536653277999999,
    "OMR": 2.346436781,
    "PKR": null,
    "PAB": 0.9036506941,
    "PGK": 0.23230629930000002,
    "PYG": 0.00011913134980000001,
    "PEN": 0.241095682,
    "PHP": 0.015932709399999998,
    "PLN": 0.23426,
    "QAR": 0.2480816419,
    "RON": 0.20087204120000002,
    "RUB": 0.01005747,
    "RWF": 0.0006853300442,
    "SHP": 1.169050726,
    "WST": null,
    "STN": null,
    "SAR": 0.240721667,
    "RSD": 0.008544987523,
    "SCR": 0.06756757311,
    "SLL": 0.00004746769265,
    "SGD": 0.6900421609,
    "SBD": 0.10658527000000001,
    "SOS": 0.001581900098,
    "ZAR": 0.0510511829,
    "KRW": 0.0006767005,
    "SSP": null,
    "LKR": 0.003023137628,
    "SDG": 0.0015016873659999999,
    "SRD": 0.03145620723,
    "SZL": null,
    "SEK": 0.08740082466,
    "CHF": 1.0468254220000002,
    "SYP": null,
    "TJS": 0.08485565873999999,
    "TZS": null,
    "THB": 0.026211991549999997,
    "TOP": 0.38208109500000004,
    "TTD": 0.1330960074,
    "TND": 0.2942710912,
    "TRY": 0.02677768836,
    "TMT": 0.2578112511,
    "UGX": 0.0002426400122,
    "UAH": 0.02182865426,
    "AED": 0.2459202191,
    "GBP": 1.1718192330000001,
    "USD": 0.903265,
    "UYU": 0.022390042489999998,
    "UZS": 0.00007129163354,
    "VUV": null,
    "VES": 0.02465294,
    "VND": 0.00003617043398,
    "XOF": 0.001504188145,
    "YER": 0.003607306201,
    "ZMW": 0.035178423199999996,
    "ZWL": null,
    "AFN": 0.012722051643540224,
    "ALL": 0.010002942045308482,
    "DZD": 0.006739787651842421,
    "AOA": 0.0010166186456852628,
    "ARS": 0.0009575049718445663,
    "AMD": 0.002327044689755342,
    "AWG": 0.5018142592729755,
    "AUD": 0.6067096014827983,
    "AZN": 0.5313327451125622,
    "BSD": 0.903225021753023,
    "BHD": 2.396977318023977,
    "BDT": 0.007571147435255636,
    "BBD": 0.45079710956953595,
    "BYN": 0.2759936490328639,
    "BZD": 0.44808384877635754,
    "BMD": 0.9032689302586058,
    "BTN": 0.010769406944467824,
    "BOB": 0.1307004238839682,
    "BAM": 0.509710928507624,
    "BWP": 0.06764741926688593,
    "BRL": 0.16686105153207947,
    "BND": 0.6891479162974256,
    "BGN": 0.5109955396814087,
    "BIF": 0.0003141804974812542,
    "CVE": 0.00903268930258606,
    "KHR": 0.00022030949518502584,
    "XAF": 0.00151969127046327,
    "CAD": 0.6615561572598452,
    "KYD": 1.0837704682772336,
    "CLP": 0.0009741059123830795,
    "CNY": null,
    "COP": 0.00022419184171223775,
    "KMF": 0.002030274062168141,
    "CDF": 0.00031472785026432265,
    "CRC": 0.0017419058381956977,
    "HRK": null,
    "CUP": 0.037634213956377276,
    "CZK": 0.03975068371175984,
    "DKK": 0.13400757008763425,
    "DJF": 0.005072005700212154,
    "DOP": 0.015092212702733598,
    "EGP": 0.018515641990097743,
    "ERN": null,
    "ETB": 0.008279275254432684,
    "EUR": 1
  }
}