{
  "meta": {
    "code": "EUR",
    "createdAt": "2024-08-19T18:35:51Z"
  },
  "data": {
    "FJD": 0.4064387632,
    "GMD": 0.01288835688,
    "GEL": 0.3354265187,
    "GHS": 0.057721368659999994,
    "GIP": null,
    "GTQ": 0.1165467844,
    "GNF": 0.0001045284352,
    "GYD": 0.004318666669,
    "HTG": 0.006845009314,
    "HNL": 0.03635146954,
    "HKD": 0.1158194428,
    "HUF": 0.002536856978,
    "ISK": 0.006578089671,
    "INR": 0.01076277744,
    "IDR": 0.00005802493046,
    "IRR": 0.00002143339038,
    "IQD": 0.0006886908319,
    "ILS": 0.242738179,
    "JMD": 0.005746791241,
    "JPY": 0.006156871314,
    "JOD": 1.273389018,
    "KZT": 0.001884600409,
    "KES": 0.006993682094,
    "KWD": 2.9512239630000003,
    "KGS": 0.010527245809999999,
    "LAK": 0.00004077672306,
    "LBP": 0.00001007465027,
    "LSL": 0.050970903819999996,
    "LRD": 0.004620775045,
    "LYD": 0.18893926360000002,
    "MOP": 0.11245032320000001,
    "MKD": 0.01618205929,
    "MGA": 0.0001959142182,
    "MWK": 0.0005199913489000001,
    "MYR": 0.2068862,
    "MVR": 0.05858900357999999,
    "MRU": 0.023555743599999998,
    "MUR": 0.0195073869,
    "MXN": 0.0483105,
    "MDL": 0.051758353449999996,
    "MNT": null,
    "MAD": 0.09279351642,
    "MZN": 0.014120160579999999,
    "MMK": null,
    "NAD": 0.050970903819999996,
    "NPR": 0.006723429961,
    "ANG": 0.5008928413,
    "TWD": 0.028264391469999997,
    "NZD": 0.5513,
    "NIO": 0.02447598944,
    "NGN": 0.0005647480431,
    "KPW": null,
    "NOK": 0.08563088927,
    "OMR": 2.3436925840000002,
    "PKR": 0.003239443381,
    "PAB": 0.9025702329,
    "PGK": 0.22991169760000002,
    "PYG": 0.0001189889089,
    "PEN": 0.24171064450000002,
    "PHP": 0.01591183684,
    "PLN": 0.23443,
    "QAR": 0.24778502000000002,
    "RON": 0.2008696858,
    "RUB": 0.01004349,
    "RWF": 0.0006845106208,
    "SHP": 1.167652936,
    "WST": null,
    "STN": null,
    "SAR": 0.2404400612,
    "RSD": 0.008544551281,
    "SCR": 0.06748341093,
    "SLL": 0.00004746769265,
    "SGD": 0.6898519710000001,
    "SBD": 0.1065480485,
    "SOS": 0.001580008679,
    "ZAR": 0.051030150309999994,
    "KRW": 0.0006779518,
    "SSP": null,
    "LKR": 0.0030195229759999997,
    "SDG": 0.001499891855,
    "SRD": 0.03141859623,
    "SZL": 0.050970903819999996,
    "SEK": 0.08750517861,
    "CHF": null,
    "SYP": null,
    "TJS": 0.08475420001999999,
    "TZS": 0.00033285447950000003,
    "THB": 0.02623062289,
    "TOP": 0.381624255,
    "TTD": 0.1329368695,
    "TND": 0.2939671484,
    "TRY": 0.02673,
    "TMT": 0.2582414344,
    "UGX": 0.0002423498967,
    "UAH": 0.02180255456,
    "AED": 0.2456261815,
    "GBP": 1.1723,
    "USD": 0.9021849999999999,
    "UYU": 0.02236327156,
    "UZS": 0.00007129079402,
    "VUV": null,
    "VES": 0.024622230000000002,
    "VND": 0.0000361263,
    "XOF": 0.001504895733,
    "YER": 0.0036037121219999997,
    "ZMW": 0.03513636168,
    "ZWL": null,
    "AFN": 0.012706946926005288,
    "ALL": 0.010029941431310455,
    "DZD": 0.0067343432607034955,
    "AOA": 0.0010142700750380839,
    "ARS": 0.0009564344125101621,
    "AMD": 0.0023242818212756994,
    "AWG": 0.5012184620813197,
    "AUD": 0.6072880640567451,
    "AZN": 0.5307019010272797,
    "BSD": 0.9021526352440515,
    "BHD": 2.3937718797272836,
    "BDT": 0.007562130993813274,
    "BBD": 0.4502602574753937,
    "BYN": 0.27566596559684226,
    "BZD": null,
    "BMD": 0.9021932317463753,
    "BTN": 0.01075658171110579,
    "BOB": 0.1305447733913095,
    "BAM": 0.509103916122067,
    "BWP": 0.06756685829816857,
    "BRL": 0.16722766112073686,
    "BND": 0.6883272135766871,
    "BGN": 0.5106845680673331,
    "BIF": 0.00031380634147700013,
    "CVE": 0.009021932317463755,
    "KHR": 0.00022004712969423792,
    "XAF": 0.0015178814774245689,
    "CAD": 0.661776461562632,
    "KYD": 1.0824798114067473,
    "CLP": 0.0009766849967097779,
    "CNY": null,
    "COP": 0.00022392485275412645,
    "KMF": 0.0020278562188050697,
    "CDF": 0.0003143530424203399,
    "CRC": 0.0017398314110426416,
    "HRK": null,
    "CUP": 0.0375893955515735,
    "CZK": 0.03975250092921471,
    "DKK": 0.1340173237131651,
    "DJF": null,
    "DOP": 0.01507423946109232,
    "EGP": 0.01849537369900247,
    "ERN": null,
    "ETB": 0.008265627409494965,
    "EUR": 1
  }
}