{
  "meta": {
    "code": "EUR",
    "createdAt": "2024-08-02T11:33:04Z"
  },
  "data": {
    "FJD": null,
    "GMD": 0.01337246319,
    "GEL": 0.34052142,
    "GHS": 0.059367108519999996,
    "GIP": null,
    "GTQ": null,
    "GNF": 0.00010711642750000001,
    "GYD": 0.004421687278,
    "HTG": 0.007012806959,
    "HNL": 0.037306181949999996,
    "HKD": 0.1181879,
    "HUF": 0.002519594745,
    "ISK": 0.006652966969,
    "INR": 0.01101856,
    "IDR": null,
    "IRR": 0.00002192076936,
    "IQD": 0.0007050409752000001,
    "ILS": 0.2424358633,
    "JMD": 0.005901467403,
    "JPY": 0.006194000000000001,
    "JOD": 1.30197768,
    "KZT": 0.00194523983,
    "KES": 0.007102712079,
    "KWD": 3.020509198,
    "KGS": 0.01098060149,
    "LAK": 0.00004160528116,
    "LBP": 0.00001030951164,
    "LSL": 0.050752799779999996,
    "LRD": null,
    "LYD": null,
    "MOP": 0.11481552860000001,
    "MKD": 0.01622161039,
    "MGA": 0.0002025687275,
    "MWK": 0.0005323999299,
    "MYR": 0.20575349999999998,
    "MVR": 0.06011329601,
    "MRU": null,
    "MUR": 0.01974593685,
    "MXN": 0.048695,
    "MDL": 0.05193511065,
    "MNT": null,
    "MAD": 0.09353935839,
    "MZN": 0.014441242279999999,
    "MMK": 0.0002840972077,
    "NAD": null,
    "NPR": 0.006892020916,
    "ANG": 0.5125639098,
    "TWD": 0.028150838839999998,
    "NZD": 0.549465,
    "NIO": 0.025083027419999997,
    "NGN": 0.0005578430133,
    "KPW": null,
    "NOK": 0.08388558,
    "OMR": null,
    "PKR": 0.0033148606479999998,
    "PAB": null,
    "PGK": 0.2350288522,
    "PYG": 0.0001219284383,
    "PEN": 0.2467573841,
    "PHP": 0.01591932464,
    "PLN": 0.2333194951,
    "QAR": 0.2537492,
    "RON": 0.20094975810000001,
    "RUB": 0.01075165,
    "RWF": 0.000702698609,
    "SHP": 1.1752891250000002,
    "WST": null,
    "STN": null,
    "SAR": null,
    "RSD": 0.00854320207,
    "SCR": 0.06805956073,
    "SLL": 0.00004746769265,
    "SGD": 0.692910792,
    "SBD": 0.1088786,
    "SOS": 0.001622256077,
    "ZAR": 0.05070916,
    "KRW": 0.0006752468000000001,
    "SSP": null,
    "LKR": 0.003058100919,
    "SDG": 0.001533998253,
    "SRD": 0.032009297119999995,
    "SZL": 0.05077085702,
    "SEK": 0.08606521158,
    "CHF": 1.059917,
    "SYP": null,
    "TJS": 0.08731159474,
    "TZS": 0.0003413743639,
    "THB": 0.02609926152,
    "TOP": 0.38744173000000004,
    "TTD": 0.1363861324,
    "TND": 0.2975780577,
    "TRY": 0.027829172489999998,
    "TMT": 0.263358418,
    "UGX": 0.0002478359282,
    "UAH": 0.02237673909,
    "AED": 0.25120987300000003,
    "GBP": 1.17656,
    "USD": 0.9227,
    "UYU": 0.022910641,
    "UZS": null,
    "VUV": null,
    "VES": null,
    "VND": 0.0000365926,
    "XOF": 0.0015233075739999999,
    "YER": 0.003685655024,
    "ZMW": 0.03567965562,
    "ZWL": null,
    "AFN": 0.013012963118655114,
    "ALL": 0.009978618335518804,
    "DZD": 0.006863720824404199,
    "AOA": 0.0010505125900020752,
    "ARS": 0.0009904659981471511,
    "AMD": null,
    "AWG": 0.5123527053730698,
    "AUD": 0.6012487275900943,
    "AZN": null,
    "BSD": 0.9232632662962431,
    "BHD": 2.448512759992943,
    "BDT": null,
    "BBD": 0.45730113789912885,
    "BYN": null,
    "BZD": 0.4580851589417205,
    "BMD": 0.922875310316823,
    "BTN": 0.01102771137999495,
    "BOB": 0.13362689521273297,
    "BAM": 0.5109765791534453,
    "BWP": 0.06823674108175562,
    "BRL": 0.16044145795741085,
    "BND": 0.6935079568244943,
    "BGN": 0.5100638250107142,
    "BIF": 0.00032043936697728574,
    "CVE": 0.009063658566971392,
    "KHR": 0.0002247728550720338,
    "XAF": null,
    "CAD": 0.6646970182936736,
    "KYD": 1.108089873291308,
    "CLP": null,
    "CNY": 0.12807751059132105,
    "COP": 0.00022582685339361778,
    "KMF": 0.002021411259044624,
    "CDF": 0.000321559341573806,
    "CRC": null,
    "HRK": null,
    "CUP": 0.03847344871665264,
    "CZK": 0.03961178257004134,
    "DKK": 0.13401302125352627,
    "DJF": 0.005185182143211662,
    "DOP": 0.015522669276718649,
    "EGP": 0.01895437622504977,
    "ERN": null,
    "ETB": 0.01594315299928229,
    "EUR": 1
  }
}