{
  "meta": {
    "code": "EUR",
    "createdAt": "2024-08-14T12:06:33Z"
  },
  "data": {
    "FJD": 0.4055486344,
    "GMD": 0.013152028409999999,
    "GEL": 0.3366764244,
    "GHS": 0.05797456011,
    "GIP": null,
    "GTQ": 0.11718788170000001,
    "GNF": 0.0001052505424,
    "GYD": 0.004347338071,
    "HTG": 0.0068869125249999994,
    "HNL": 0.03663699377,
    "HKD": 0.1165136393,
    "HUF": 0.002535266,
    "ISK": 0.006574585185,
    "INR": 0.01081086484,
    "IDR": 0.000058142099999999993,
    "IRR": 0.00002155407696,
    "IQD": 0.0006928685727000001,
    "ILS": 0.24317590730000002,
    "JMD": 0.005782755596,
    "JPY": 0.006175061079,
    "JOD": 1.2803786380000002,
    "KZT": 0.001890279369,
    "KES": 0.007033061938,
    "KWD": 2.964110965,
    "KGS": 0.01058654685,
    "LAK": 0.00004100810582,
    "LBP": 0.00001013015808,
    "LSL": 0.05027242462,
    "LRD": 0.0046490766239999995,
    "LYD": 0.18880692440000002,
    "MOP": 0.1131404818,
    "MKD": 0.016254296629999998,
    "MGA": 0.00019946157510000002,
    "MWK": null,
    "MYR": 0.2053605,
    "MVR": 0.05888066381,
    "MRU": 0.02291730069,
    "MUR": 0.01965215829,
    "MXN": 0.0479135,
    "MDL": 0.051665,
    "MNT": null,
    "MAD": 0.09274815858999999,
    "MZN": 0.01420096616,
    "MMK": 0.0002793448067,
    "NAD": 0.05027242462,
    "NPR": 0.00675596606,
    "ANG": 0.5037612501000001,
    "TWD": 0.028170251629999997,
    "NZD": 0.5459414465,
    "NIO": 0.0246586359,
    "NGN": 0.0005533590883,
    "KPW": null,
    "NOK": 0.08497632000000001,
    "OMR": 2.356923864,
    "PKR": 0.0032571622,
    "PAB": 0.9079691547000001,
    "PGK": 0.230338162,
    "PYG": 0.00011990677340000001,
    "PEN": 0.2422512772,
    "PHP": 0.01594092,
    "PLN": 0.23271,
    "QAR": 0.24866201170000002,
    "RON": 0.2009724631,
    "RUB": 0.01026016,
    "RWF": 0.0006878318003000001,
    "SHP": 1.165897777,
    "WST": null,
    "STN": null,
    "SAR": 0.2416964665,
    "RSD": 0.0085442722,
    "SCR": 0.06882153013,
    "SLL": 0.00004746769265,
    "SGD": 0.6900015183,
    "SBD": 0.1066036375,
    "SOS": 0.0015943782549999999,
    "ZAR": 0.05021589294,
    "KRW": 0.0006693040881000001,
    "SSP": null,
    "LKR": null,
    "SDG": 0.001508337407,
    "SRD": 0.03165515511,
    "SZL": 0.05026902238,
    "SEK": 0.08707419,
    "CHF": 1.050716298,
    "SYP": null,
    "TJS": 0.08536025434,
    "TZS": 0.0003361280735,
    "THB": 0.02601403656,
    "TOP": 0.3827751035,
    "TTD": 0.1336160143,
    "TND": 0.2952381208,
    "TRY": 0.027045,
    "TMT": 0.25969553360000003,
    "UGX": 0.0002436448209,
    "UAH": 0.02199448063,
    "AED": 0.24701097090000002,
    "GBP": 1.1656300670000002,
    "USD": 0.907265,
    "UYU": 0.022516920109999998,
    "UZS": 0.00007189258586,
    "VUV": null,
    "VES": 0.02477475,
    "VND": 0.0000362399,
    "XOF": 0.001524519113,
    "YER": 0.003623643627,
    "ZMW": 0.03459622817,
    "ZWL": null,
    "AFN": 0.012791111234544766,
    "ALL": 0.010005093023568504,
    "DZD": 0.006752094909693148,
    "AOA": 0.0010292368016391255,
    "ARS": 0.000965448733137207,
    "AMD": 0.002334833081843209,
    "AWG": 0.5033410490281403,
    "AUD": 0.6010614732394055,
    "AZN": null,
    "BSD": 0.9073175165878669,
    "BHD": 2.407131676224266,
    "BDT": 0.007720289769743123,
    "BBD": 0.44935756245763764,
    "BYN": 0.2772796245214637,
    "BZD": 0.4501099590948306,
    "BMD": 0.907272240644889,
    "BTN": null,
    "BOB": 0.13130370648295187,
    "BAM": 0.5113043483293882,
    "BWP": 0.06759102055562977,
    "BRL": 0.16660557795474995,
    "BND": 0.6899471637634054,
    "BGN": 0.51113295546838,
    "BIF": 0.00031464641538904507,
    "CVE": 0.009069303281456857,
    "KHR": null,
    "XAF": 0.0015245039467983296,
    "CAD": 0.6614048931097765,
    "KYD": 1.0887414956700614,
    "CLP": 0.0009740637952153681,
    "CNY": 0.12682103915383988,
    "COP": 0.00022474089250556855,
    "KMF": 0.0020208759120983705,
    "CDF": 0.0003161227319320171,
    "CRC": 0.0017247482248674815,
    "HRK": null,
    "CUP": 0.03780324631037878,
    "CZK": 0.03967778538637668,
    "DKK": null,
    "DJF": 0.005095068594485597,
    "DOP": 0.015209263110441837,
    "EGP": 0.018481213846125413,
    "ERN": null,
    "ETB": 0.008228614659737983,
    "EUR": 1
  }
}