{
  "meta": {
    "code": "EUR",
    "createdAt": "2024-08-19T09:33:20Z"
  },
  "data": {
    "FJD": 0.4067744887,
    "GMD": 0.01312956465,
    "GEL": 0.3374371024,
    "GHS": 0.05826425372,
    "GIP": null,
    "GTQ": 0.117420967,
    "GNF": 0.00010541916450000001,
    "GYD": 0.004352769012,
    "HTG": 0.006892858079,
    "HNL": null,
    "HKD": null,
    "HUF": 0.002543465,
    "ISK": 0.006566685978,
    "INR": 0.01079705,
    "IDR": null,
    "IRR": null,
    "IQD": 0.0006941360294,
    "ILS": 0.2443823,
    "JMD": 0.005789912366,
    "JPY": 0.006204,
    "JOD": 1.2783284480000001,
    "KZT": 0.001896192212,
    "KES": 0.007022790621,
    "KWD": 2.963460195,
    "KGS": 0.01057106144,
    "LAK": 0.00004105094981,
    "LBP": 0.00001014978938,
    "LSL": 0.050748484889999994,
    "LRD": 0.004665354,
    "LYD": 0.189694686,
    "MOP": null,
    "MKD": 0.01622993321,
    "MGA": 0.0002023859088,
    "MWK": 0.0005241776993,
    "MYR": 0.2055294,
    "MVR": 0.058794672529999994,
    "MRU": 0.022957513409999998,
    "MUR": 0.01964381409,
    "MXN": 0.048477150000000004,
    "MDL": 0.051683876999999996,
    "MNT": null,
    "MAD": 0.09308569737,
    "MZN": 0.014178930349999999,
    "MMK": 0.0002789368423,
    "NAD": 0.05074756989,
    "NPR": 0.006768130977,
    "ANG": 0.5046556888,
    "TWD": 0.02832546,
    "NZD": 0.549845,
    "NIO": 0.02469572509,
    "NGN": 0.0005707139980000001,
    "KPW": null,
    "NOK": 0.08496751,
    "OMR": 2.3534246590000003,
    "PKR": 0.003263785646,
    "PAB": 0.9094097502,
    "PGK": 0.2305938002,
    "PYG": 0.00012013498210000001,
    "PEN": 0.24284138430000002,
    "PHP": 0.01599457,
    "PLN": 0.23412,
    "QAR": null,
    "RON": 0.2009144,
    "RUB": 0.0101043,
    "RWF": 0.0006743524741000001,
    "SHP": 1.172512845,
    "WST": null,
    "STN": null,
    "SAR": 0.24143391590000002,
    "RSD": 0.008544588451,
    "SCR": null,
    "SLL": null,
    "SGD": 0.6914577,
    "SBD": 0.10690092000000001,
    "SOS": 0.001596935769,
    "ZAR": 0.0509365,
    "KRW": 0.0006778390000000001,
    "SSP": null,
    "LKR": 0.003043124935,
    "SDG": 0.001506134581,
    "SRD": 0.03154936412,
    "SZL": 0.05076143983,
    "SEK": 0.08692584,
    "CHF": 1.0477239999999999,
    "SYP": null,
    "TJS": 0.08535622635,
    "TZS": 0.0003341718863,
    "THB": 0.02628814,
    "TOP": 0.38321262,
    "TTD": 0.1338621473,
    "TND": 0.2965070684,
    "TRY": 0.026845,
    "TMT": 0.2585747537,
    "UGX": null,
    "UAH": 0.02204867712,
    "AED": 0.2466488689,
    "GBP": 1.17437,
    "USD": 0.90594,
    "UYU": 0.0224582526,
    "UZS": 0.00007185481228,
    "VUV": null,
    "VES": 0.02472293,
    "VND": 0.000036275299999999995,
    "XOF": 0.0015233906539999999,
    "YER": 0.003617989162,
    "ZMW": 0.034658782119999995,
    "ZWL": null,
    "AFN": 0.012812917239396539,
    "ALL": 0.01000358053156176,
    "DZD": 0.006750760106728518,
    "AOA": 0.0010194954599547815,
    "ARS": 0.0009621494069838796,
    "AMD": 0.0023404957719359316,
    "AWG": 0.503234286761013,
    "AUD": 0.6056958090570806,
    "AZN": 0.5328363036293079,
    "BSD": 0.9088125274208619,
    "BHD": 2.4034974751164087,
    "BDT": 0.0077346155993580626,
    "BBD": 0.45010736442471133,
    "BYN": 0.27769825494841466,
    "BZD": 0.4508589989725347,
    "BMD": 0.9058217161698233,
    "BTN": 0.01082620069282529,
    "BOB": 0.1315200108288316,
    "BAM": null,
    "BWP": 0.06788613840882508,
    "BRL": 0.16553759432928059,
    "BND": null,
    "BGN": 0.511591705748257,
    "BIF": 0.0003150723682775351,
    "CVE": 0.009061421281970811,
    "KHR": 0.00022198367885690087,
    "XAF": 0.0015232058262189044,
    "CAD": 0.6622060454203034,
    "KYD": 1.090515578521202,
    "CLP": null,
    "CNY": null,
    "COP": 0.0002245473380526088,
    "KMF": 0.0020245219115192854,
    "CDF": 0.00031550738981881696,
    "CRC": 0.001727741868608668,
    "HRK": null,
    "CUP": null,
    "CZK": 0.03970272829930917,
    "DKK": 0.13399689885804691,
    "DJF": 0.005103425073509531,
    "DOP": 0.015198554950819676,
    "EGP": 0.01856572486513268,
    "ERN": null,
    "ETB": 0.008619395140910459,
    "EUR": 1
  }
}