{
  "meta": {
    "code": "EUR",
    "createdAt": "2024-08-01T10:35:00Z"
  },
  "data": {
    "FJD": 0.4106313803,
    "GMD": 0.013337553759999999,
    "GEL": null,
    "GHS": 0.059577915929999996,
    "GIP": null,
    "GTQ": 0.1196065979,
    "GNF": 0.0001075324819,
    "GYD": null,
    "HTG": 0.00701942028,
    "HNL": 0.037366606079999996,
    "HKD": 0.11860681120000001,
    "HUF": 0.002525625914,
    "ISK": 0.0066796136749999995,
    "INR": 0.011067757389999999,
    "IDR": 0.000056975699,
    "IRR": 0.00002201472468,
    "IQD": 0.0007075583896,
    "ILS": null,
    "JMD": 0.005925174781,
    "JPY": 0.006173446493,
    "JOD": 1.308130889,
    "KZT": 0.001952637368,
    "KES": 0.007157760597,
    "KWD": 3.0330660490000003,
    "KGS": 0.011030940659999999,
    "LAK": 0.00004175360356,
    "LBP": 0.00001032609289,
    "LSL": null,
    "LRD": 0.004620845138,
    "LYD": 0.1917125104,
    "MOP": 0.1151920938,
    "MKD": 0.016291981219999998,
    "MGA": 0.00020305147820000002,
    "MWK": 0.0005340996799,
    "MYR": 0.2028737394,
    "MVR": 0.060349566619999996,
    "MRU": 0.02328969836,
    "MUR": 0.019879014929999998,
    "MXN": 0.04969642502,
    "MDL": 0.0524456994,
    "MNT": null,
    "MAD": 0.09348394936,
    "MZN": 0.014513017159999999,
    "MMK": 0.000285399615,
    "NAD": 0.050846406819999995,
    "NPR": 0.006927631964,
    "ANG": 0.5148326798,
    "TWD": null,
    "NZD": 0.5508049792,
    "NIO": 0.02513367636,
    "NGN": 0.0005580318631000001,
    "KPW": null,
    "NOK": 0.08498743091,
    "OMR": 2.408203071,
    "PKR": null,
    "PAB": 0.9269661502000001,
    "PGK": null,
    "PYG": 0.00012238145550000002,
    "PEN": 0.24842650930000001,
    "PHP": 0.015892363149999998,
    "PLN": 0.2327594272,
    "QAR": 0.2536897198,
    "RON": 0.2009475789,
    "RUB": 0.01080957958,
    "RWF": 0.0007035521796,
    "SHP": 1.188741378,
    "WST": null,
    "STN": null,
    "SAR": 0.2470412031,
    "RSD": 0.008543054886,
    "SCR": 0.06837389766999999,
    "SLL": null,
    "SGD": 0.6926148876,
    "SBD": 0.109841205,
    "SOS": 0.001623344929,
    "ZAR": 0.05087961964,
    "KRW": 0.0006780070269,
    "SSP": null,
    "LKR": 0.003065560507,
    "SDG": 0.001541030672,
    "SRD": 0.03198350645,
    "SZL": 0.050874313899999996,
    "SEK": 0.08666239342,
    "CHF": 1.056625,
    "SYP": null,
    "TJS": 0.08741248370999999,
    "TZS": 0.000343307407,
    "THB": 0.026022744049999998,
    "TOP": 0.389588679,
    "TTD": null,
    "TND": 0.2976857385,
    "TRY": 0.027979382049999998,
    "TMT": 0.2653244432,
    "UGX": 0.0002490132559,
    "UAH": 0.022611660189999997,
    "AED": 0.252362495,
    "GBP": 1.1846536170000002,
    "USD": 0.9269299999999999,
    "UYU": 0.0230064026,
    "UZS": 0.00007387409636,
    "VUV": null,
    "VES": 0.02533179189,
    "VND": 0.00003674648157,
    "XOF": 0.001534652281,
    "YER": 0.003702554219,
    "ZMW": 0.03556141917,
    "ZWL": null,
    "AFN": 0.013148615015291016,
    "ALL": 0.009994365057048456,
    "DZD": 0.006880412677024401,
    "AOA": 0.0010468406082191043,
    "ARS": 0.0009959881596927574,
    "AMD": 0.0023857823427731574,
    "AWG": 0.5149874214322315,
    "AUD": 0.6049917872364883,
    "AZN": 0.5452807991635392,
    "BSD": 0.9273068309034879,
    "BHD": 2.459386259735868,
    "BDT": 0.007885135850892358,
    "BBD": 0.4592655033581996,
    "BYN": 0.28339533601026184,
    "BZD": 0.4600436425093911,
    "BMD": 0.9269773585780167,
    "BTN": null,
    "BOB": 0.13407676040247665,
    "BAM": 0.5131909680107792,
    "BWP": 0.06852798435117975,
    "BRL": 0.16382901957831406,
    "BND": 0.692698435502485,
    "BGN": 0.5121721818966044,
    "BIF": 0.0003221467797488543,
    "CVE": 0.009102604265821525,
    "KHR": 0.00022567921087829985,
    "XAF": null,
    "CAD": 0.6704367560247123,
    "KYD": 1.1127065532864029,
    "CLP": 0.000982696235591525,
    "CNY": null,
    "COP": 0.000228685668850132,
    "KMF": 0.002034071772931992,
    "CDF": 0.0003235373110708928,
    "CRC": 0.001767872069995458,
    "HRK": null,
    "CUP": 0.03863480672828791,
    "CZK": 0.03923531836613547,
    "DKK": 0.13401202813701532,
    "DJF": 0.0052071163136331285,
    "DOP": 0.01559839118704924,
    "EGP": 0.019026410945176236,
    "ERN": null,
    "ETB": 0.016013275828103343,
    "EUR": 1
  }
}