{
  "meta": {
    "code": "EUR",
    "createdAt": "2024-08-02T18:05:00Z"
  },
  "data": {
    "FJD": 0.4065935865,
    "GMD": 0.0130939283,
    "GEL": 0.3382609955,
    "GHS": 0.058905848149999995,
    "GIP": null,
    "GTQ": 0.1183997671,
    "GNF": 0.0001063312058,
    "GYD": 0.004392335555,
    "HTG": 0.006966255054,
    "HNL": 0.03691940269,
    "HKD": 0.1174200401,
    "HUF": 0.002512649209,
    "ISK": 0.006644736768,
    "INR": 0.01093859853,
    "IDR": 0.00005669602983,
    "IRR": 0.0000217752565,
    "IQD": 0.0006996755646,
    "ILS": 0.2411926405,
    "JMD": 0.005862292712,
    "JPY": 0.006242,
    "JOD": 1.293334986,
    "KZT": 0.0019323270809999999,
    "KES": 0.0070505768379999995,
    "KWD": 3.003252394,
    "KGS": 0.01090771086,
    "LAK": 0.0000412964626,
    "LBP": 0.00001022963143,
    "LSL": 0.05014086416,
    "LRD": 0.004689673402,
    "LYD": 0.18976707380000002,
    "MOP": 0.1140533685,
    "MKD": 0.01611392927,
    "MGA": 0.0002005634566,
    "MWK": 0.0005290476124,
    "MYR": 0.2006073789,
    "MVR": 0.05971425631,
    "MRU": 0.02304110065,
    "MUR": 0.01961486081,
    "MXN": 0.0479785,
    "MDL": 0.051873562119999994,
    "MNT": null,
    "MAD": 0.09224323725,
    "MZN": null,
    "MMK": 0.0002822113343,
    "NAD": 0.05014086416,
    "NPR": 0.006846270804,
    "ANG": 0.5091614454,
    "TWD": 0.02805126459,
    "NZD": 0.5460678877,
    "NIO": null,
    "NGN": 0.0005668262125,
    "KPW": null,
    "NOK": 0.0835437,
    "OMR": 2.381013458,
    "PKR": 0.00328580387,
    "PAB": 0.9175511523000001,
    "PGK": 0.23326376370000002,
    "PYG": 0.0001211190618,
    "PEN": 0.24487709900000001,
    "PHP": 0.01582619805,
    "PLN": 0.232993365,
    "QAR": 0.2517373237,
    "RON": 0.2010035226,
    "RUB": 0.010720417009999999,
    "RWF": 0.0006951232383,
    "SHP": 1.167487406,
    "WST": null,
    "STN": null,
    "SAR": 0.2441691823,
    "RSD": null,
    "SCR": 0.06759701212,
    "SLL": 0.00004746769265,
    "SGD": 0.6907198,
    "SBD": 0.10815585,
    "SOS": 0.001605210079,
    "ZAR": 0.0501529492,
    "KRW": 0.0006740864,
    "SSP": null,
    "LKR": 0.003037800856,
    "SDG": 0.001523815378,
    "SRD": 0.03177807412,
    "SZL": 0.05014086416,
    "SEK": 0.08664721690999999,
    "CHF": 1.066111461,
    "SYP": null,
    "TJS": 0.08673200925999999,
    "TZS": 0.00033947222180000003,
    "THB": 0.02596529571,
    "TOP": 0.3848698425,
    "TTD": 0.1354807839,
    "TND": 0.29524118120000004,
    "TRY": 0.027620000000000002,
    "TMT": 0.2616102113,
    "UGX": 0.00024619076170000003,
    "UAH": 0.02222819945,
    "AED": 0.2495439597,
    "GBP": 1.173051016,
    "USD": 0.91652,
    "UYU": 0.022657734,
    "UZS": 0.00007274404728,
    "VUV": null,
    "VES": 0.025043450399999997,
    "VND": 0.0000363452,
    "XOF": 0.001512499984,
    "YER": 0.0036611891769999997,
    "ZMW": 0.03544280953,
    "ZWL": null,
    "AFN": 0.013001042293560675,
    "ALL": 0.00987474123783697,
    "DZD": 0.006816923071787313,
    "AOA": 0.0010433391937348065,
    "ARS": 0.000982117131023055,
    "AMD": 0.0023632164024649416,
    "AWG": 0.5092074898311264,
    "AUD": 0.5967259732004494,
    "AZN": 0.5391608715858985,
    "BSD": 0.9169587881116141,
    "BHD": 2.431649934975468,
    "BDT": 0.00780464394296506,
    "BBD": 0.4541784696712802,
    "BYN": 0.28027653016347326,
    "BZD": 0.4549571371937519,
    "BMD": 0.9165734816960275,
    "BTN": 0.010952408957794967,
    "BOB": 0.13271442763371022,
    "BAM": 0.5074873895232496,
    "BWP": 0.06777078835047257,
    "BRL": 0.16022891435844128,
    "BND": 0.6887723567336433,
    "BGN": 0.511034438025133,
    "BIF": 0.0003185311839082633,
    "CVE": 0.00903473121435217,
    "KHR": 0.00022287501074675443,
    "XAF": 0.0015130812543342827,
    "CAD": 0.6607922237971104,
    "KYD": 1.100523312107218,
    "CLP": 0.0009631919731988521,
    "CNY": 0.12801981132184168,
    "COP": 0.0002216692379149279,
    "KMF": 0.002007608107975091,
    "CDF": 0.0003188081675464444,
    "CRC": 0.0017521114580417562,
    "HRK": null,
    "CUP": 0.038210733830200315,
    "CZK": 0.03950640695154736,
    "DKK": 0.13401789674993198,
    "DJF": 0.005157401990186966,
    "DOP": 0.015404596331025673,
    "EGP": 0.018830245168637804,
    "ERN": null,
    "ETB": 0.015834285620069905,
    "EUR": 1
  }
}