{
  "meta": {
    "code": "EUR",
    "createdAt": "2024-08-01T15:32:59Z"
  },
  "data": {
    "FJD": 0.4106513154,
    "GMD": 0.01333776959,
    "GEL": 0.34145624690000004,
    "GHS": 0.05961253956,
    "GIP": null,
    "GTQ": 0.11978176280000001,
    "GNF": 0.0001075377023,
    "GYD": 0.00444329893,
    "HTG": 0.007019761054,
    "HNL": 0.037368420129999996,
    "HKD": 0.1186076,
    "HUF": null,
    "ISK": 0.006671284548,
    "INR": 0.01107053,
    "IDR": 0.000057067099999999994,
    "IRR": 0.00002202101847,
    "IQD": 0.0007076144958,
    "ILS": 0.2444280309,
    "JMD": 0.005924794547,
    "JPY": 0.006174534126,
    "JOD": 1.3081943950000001,
    "KZT": 0.0019549207509999998,
    "KES": 0.007185852634,
    "KWD": 3.0331187450000003,
    "KGS": 0.01103147618,
    "LAK": 0.00004175563058,
    "LBP": 0.00001035147884,
    "LSL": 0.050820997429999994,
    "LRD": 0.004744076362,
    "LYD": 0.1917218175,
    "MOP": 0.11531457760000001,
    "MKD": 0.01624469922,
    "MGA": 0.00020306133580000002,
    "MWK": 0.000534125609,
    "MYR": 0.20297969999999999,
    "MVR": 0.06035249643,
    "MRU": 0.02329082901,
    "MUR": 0.01988424409,
    "MXN": 0.04983662,
    "MDL": 0.05267,
    "MNT": null,
    "MAD": 0.09332141645,
    "MZN": 0.01451372173,
    "MMK": 0.0002854134704,
    "NAD": 0.050848875269999996,
    "NPR": 0.006927968282,
    "ANG": 0.5151396593,
    "TWD": 0.02826229419,
    "NZD": 0.5523565932,
    "NIO": 0.02514086182,
    "NGN": 0.0005580589541,
    "KPW": null,
    "NOK": 0.084934,
    "OMR": 2.408052087,
    "PKR": 0.003322490955,
    "PAB": 0.9283293104,
    "PGK": 0.2358714955,
    "PYG": 0.000122440049,
    "PEN": 0.24815285750000002,
    "PHP": 0.01591427899,
    "PLN": 0.23262999999999998,
    "QAR": 0.2546286307,
    "RON": 0.2010093856,
    "RUB": 0.01084463961,
    "RWF": 0.0007035863352,
    "SHP": 1.1887990880000001,
    "WST": null,
    "STN": null,
    "SAR": 0.2470090908,
    "RSD": 0.008542927442,
    "SCR": 0.06855439903999999,
    "SLL": 0.00004746769265,
    "SGD": 0.6933699999999999,
    "SBD": 0.10984653750000001,
    "SOS": 0.001623423738,
    "ZAR": 0.0510015,
    "KRW": 0.0006781433000000001,
    "SSP": null,
    "LKR": 0.003065359028,
    "SDG": 0.0015411054849999999,
    "SRD": 0.03215760073,
    "SZL": 0.05087678371,
    "SEK": 0.0866474308,
    "CHF": 1.06044,
    "SYP": null,
    "TJS": 0.08753886558,
    "TZS": 0.0003437280772,
    "THB": 0.026084093899999997,
    "TOP": 0.3896075925,
    "TTD": 0.13706623140000002,
    "TND": 0.29854342240000004,
    "TRY": 0.028017983439999998,
    "TMT": 0.265337324,
    "UGX": 0.0002484352326,
    "UAH": 0.0225391283,
    "AED": 0.2523754325,
    "GBP": 1.183900025,
    "USD": 0.926975,
    "UYU": 0.02301678925,
    "UZS": 0.00007369803616,
    "VUV": null,
    "VES": 0.02533002,
    "VND": 0.0000367503,
    "XOF": 0.001534726784,
    "YER": 0.0037027339679999998,
    "ZMW": 0.03585648683,
    "ZWL": null,
    "AFN": 0.01305589810968221,
    "ALL": 0.009994272412405992,
    "DZD": 0.006876928990616494,
    "AOA": 0.0010539724454661022,
    "ARS": 0.0009943891463148596,
    "AMD": 0.0023901419846278425,
    "AWG": 0.5146252690668686,
    "AUD": 0.604328208784025,
    "AZN": 0.5452757445808452,
    "BSD": 0.9277380465867389,
    "BHD": 2.459054868782597,
    "BDT": 0.007895876258606624,
    "BBD": 0.4595018801390181,
    "BYN": 0.2835025228004976,
    "BZD": 0.46003937821147567,
    "BMD": 0.9269687657874367,
    "BTN": 0.011078495829822739,
    "BOB": 0.13426680624290158,
    "BAM": 0.5115888244221429,
    "BWP": 0.06847091006709885,
    "BRL": 0.16310683519626915,
    "BND": 0.6926920144619242,
    "BGN": 0.5118673661729387,
    "BIF": 0.0003220318797765133,
    "CVE": 0.00905463996500063,
    "KHR": 0.0002256771189025039,
    "XAF": 0.0015253522512465741,
    "CAD": 0.6695163115360334,
    "KYD": 1.1126962388862938,
    "CLP": 0.0009844822171894178,
    "CNY": 0.1279760283084715,
    "COP": 0.00022846486300296515,
    "KMF": 0.002034052917515112,
    "CDF": 0.00032354930743016993,
    "CRC": 0.001774996344306279,
    "HRK": null,
    "CUP": 0.03863623926104087,
    "CZK": 0.03943893765021638,
    "DKK": 0.1339829048041725,
    "DJF": 0.005210192346244325,
    "DOP": null,
    "EGP": 0.01904162091889472,
    "ERN": null,
    "ETB": 0.01601386958169808,
    "EUR": 1
  }
}