{
  "meta": {
    "code": "EUR",
    "createdAt": "2024-08-07T18:04:46Z"
  },
  "data": {
    "FJD": 0.4069707428,
    "GMD": 0.013170503399999998,
    "GEL": 0.3384207305,
    "GHS": 0.058725624809999995,
    "GIP": null,
    "GTQ": 0.1181869713,
    "GNF": 0.0001062306696,
    "GYD": 0.004384406589,
    "HTG": 0.006954137295,
    "HNL": 0.03698880836,
    "HKD": 0.11740149999999999,
    "HUF": 0.002510633,
    "ISK": null,
    "INR": 0.0109024867,
    "IDR": 0.0000571244,
    "IRR": 0.00002174615393,
    "IQD": 0.0006991394786,
    "ILS": 0.24147700970000002,
    "JMD": 0.0058503551749999995,
    "JPY": 0.006228544842,
    "JOD": 1.2914242930000002,
    "KZT": 0.001917844981,
    "KES": 0.0070957363559999995,
    "KWD": 2.9921683920000004,
    "KGS": 0.01080222109,
    "LAK": 0.00004130031739,
    "LBP": 0.00001022345261,
    "LSL": 0.049959839609999994,
    "LRD": 0.00468280062,
    "LYD": null,
    "MOP": 0.1140493147,
    "MKD": 0.01625322005,
    "MGA": 0.0002015460651,
    "MWK": 0.0005279797382,
    "MYR": 0.2035695378,
    "MVR": 0.059405372869999994,
    "MRU": 0.02310646106,
    "MUR": 0.01971527512,
    "MXN": 0.047486,
    "MDL": 0.051717275,
    "MNT": null,
    "MAD": 0.09337723341,
    "MZN": 0.014327259569999999,
    "MMK": 0.0002818341596,
    "NAD": 0.049959839609999994,
    "NPR": 0.006815429733,
    "ANG": 0.5083016354000001,
    "TWD": 0.02802773,
    "NZD": 0.5494749999999999,
    "NIO": 0.024874196879999998,
    "NGN": 0.000578804254,
    "KPW": null,
    "NOK": 0.08467674012,
    "OMR": 2.3782660310000003,
    "PKR": 0.003284347197,
    "PAB": 0.9160017292,
    "PGK": 0.2328023385,
    "PYG": 0.0001210554036,
    "PEN": 0.24594200470000002,
    "PHP": 0.015867949229999997,
    "PLN": 0.23124,
    "QAR": 0.251411,
    "RON": 0.2008844227,
    "RUB": 0.01067098553,
    "RWF": 0.0006939297641,
    "SHP": 1.162814872,
    "WST": null,
    "STN": null,
    "SAR": 0.24385226980000002,
    "RSD": 0.008545255417,
    "SCR": 0.06820254543,
    "SLL": 0.00004746769265,
    "SGD": 0.689572,
    "SBD": 0.107553625,
    "SOS": 0.001608479565,
    "ZAR": 0.049745525049999996,
    "KRW": 0.0006652012297,
    "SSP": null,
    "LKR": 0.0030320968749999997,
    "SDG": 0.001521778803,
    "SRD": 0.03173340231,
    "SZL": 0.04994699725,
    "SEK": 0.0873575,
    "CHF": 1.062433014,
    "SYP": null,
    "TJS": 0.08646061997,
    "TZS": null,
    "THB": 0.025690432779999998,
    "TOP": 0.384721605,
    "TTD": 0.13494959280000002,
    "TND": 0.2978720161,
    "TRY": 0.027346081249999998,
    "TMT": 0.262009784,
    "UGX": 0.0002457982947,
    "UAH": 0.02234342804,
    "AED": 0.24921044490000002,
    "GBP": 1.162285,
    "USD": 0.91535,
    "UYU": 0.022595414749999997,
    "UZS": 0.00007256757497,
    "VUV": null,
    "VES": 0.025000150000000002,
    "VND": 0.000036384199999999996,
    "XOF": 0.001523801452,
    "YER": 0.003656298754,
    "ZMW": 0.035327979009999996,
    "ZWL": null,
    "AFN": 0.012912288985409118,
    "ALL": 0.009983194519958577,
    "DZD": 0.006796112225283118,
    "AOA": 0.0010427164034841861,
    "ARS": 0.0009778409037966783,
    "AMD": 0.0023613830118364753,
    "AWG": 0.5086550194840305,
    "AUD": 0.597964528744155,
    "AZN": 0.5385759029830911,
    "BSD": 0.9157509216211138,
    "BHD": 2.4296201661331023,
    "BDT": 0.0077930175778213465,
    "BBD": 0.4535221015073122,
    "BYN": 0.2798100436432344,
    "BZD": 0.4542971086945143,
    "BMD": 0.9155790350712548,
    "BTN": 0.0109062331349419,
    "BOB": 0.13253140565972632,
    "BAM": 0.5111919517333867,
    "BWP": 0.0675825783888502,
    "BRL": 0.16305948977226267,
    "BND": 0.6898903693627297,
    "BGN": 0.511318134801968,
    "BIF": 0.0003176960455055413,
    "CVE": 0.00906723071031581,
    "KHR": 0.00022291848149757446,
    "XAF": 0.0015241690793017185,
    "CAD": 0.6662802760764038,
    "KYD": 1.0988206791135833,
    "CLP": 0.0009698314040819885,
    "CNY": 0.12748945470975367,
    "COP": 0.00022123451375438778,
    "KMF": 0.0020312346869977654,
    "CDF": 0.0003190170853906812,
    "CRC": 0.0017333857535301546,
    "HRK": null,
    "CUP": 0.0381555334168926,
    "CZK": 0.039566431048569765,
    "DKK": 0.13401450176042903,
    "DJF": 0.005151806409358851,
    "DOP": 0.015388477793108214,
    "EGP": 0.018581156115367602,
    "ERN": null,
    "ETB": 0.0113978613851659,
    "EUR": 1
  }
}