{
  "meta": {
    "code": "EUR",
    "createdAt": "2024-08-16T11:04:24Z"
  },
  "data": {
    "FJD": 0.406548438,
    "GMD": 0.012995785449999998,
    "GEL": null,
    "GHS": 0.058133115129999996,
    "GIP": null,
    "GTQ": 0.11716372700000001,
    "GNF": 0.0001051919182,
    "GYD": 0.004343426549,
    "HTG": null,
    "HNL": 0.03661979269,
    "HKD": 0.1166941373,
    "HUF": 0.002525827772,
    "ISK": 0.006540405425,
    "INR": 0.01083483,
    "IDR": 0.000057946662,
    "IRR": 0.00002161204453,
    "IQD": 0.0006926007177,
    "ILS": 0.24734333120000002,
    "JMD": null,
    "JPY": 0.006133807862,
    "JOD": 1.283641059,
    "KZT": 0.001892927809,
    "KES": 0.007051976667,
    "KWD": 2.972962334,
    "KGS": 0.01061499376,
    "LAK": 0.00004107645568,
    "LBP": 0.00001012729091,
    "LSL": null,
    "LRD": 0.004658398,
    "LYD": 0.1891528683,
    "MOP": 0.1130417627,
    "MKD": 0.016246576239999998,
    "MGA": 0.0001977040953,
    "MWK": 0.0005229993202,
    "MYR": null,
    "MVR": 0.05907736163,
    "MRU": 0.022907080559999998,
    "MUR": 0.019687016869999997,
    "MXN": null,
    "MDL": null,
    "MNT": null,
    "MAD": 0.09293182398,
    "MZN": 0.014249009609999998,
    "MMK": 0.0002800849514,
    "NAD": null,
    "NPR": 0.006752402714,
    "ANG": 0.5035228091,
    "TWD": 0.0281734092,
    "NZD": 0.5480062920000001,
    "NIO": 0.024639742,
    "NGN": 0.0005712576695,
    "KPW": null,
    "NOK": 0.08472355576,
    "OMR": 2.3631706980000002,
    "PKR": 0.003254993627,
    "PAB": 0.9073636012,
    "PGK": null,
    "PYG": 0.00011986909870000001,
    "PEN": 0.2426679024,
    "PHP": 0.015907692929999998,
    "PLN": null,
    "QAR": null,
    "RON": 0.20097785070000002,
    "RUB": 0.01023785,
    "RWF": 0.0006870869957,
    "SHP": 1.1671060290000002,
    "WST": null,
    "STN": null,
    "SAR": 0.24241707850000002,
    "RSD": 0.008546164218,
    "SCR": 0.06843434164,
    "SLL": 0.00004746769265,
    "SGD": 0.6898247529,
    "SBD": 0.1068903375,
    "SOS": null,
    "ZAR": null,
    "KRW": 0.0006707774406000001,
    "SSP": null,
    "LKR": 0.003033839793,
    "SDG": 0.001512393932,
    "SRD": 0.0316865489,
    "SZL": 0.0503812914,
    "SEK": 0.08663201678,
    "CHF": 1.0480749999999999,
    "SYP": null,
    "TJS": 0.08536452481,
    "TZS": 0.00033568450180000004,
    "THB": 0.0260173,
    "TOP": 0.3836225985,
    "TTD": null,
    "TND": 0.2955558586,
    "TRY": 0.02700469299,
    "TMT": 0.2603939592,
    "UGX": 0.0002435640528,
    "UAH": 0.022050485039999998,
    "AED": 0.2476755555,
    "GBP": 1.1743108930000001,
    "USD": 0.909705,
    "UYU": 0.022587975149999998,
    "UZS": 0.00007184577178,
    "VUV": null,
    "VES": 0.02483442796,
    "VND": 0.000036297499999999996,
    "XOF": 0.001522212105,
    "YER": 0.003634473429,
    "ZMW": 0.034515845159999996,
    "ZWL": null,
    "AFN": 0.012783085359275678,
    "ALL": 0.009995395690942738,
    "DZD": 0.006768952813534494,
    "AOA": 0.00102938648796929,
    "ARS": 0.0009669225466032494,
    "AMD": 0.0023367046168791617,
    "AWG": 0.5045452317956148,
    "AUD": 0.6034347506004176,
    "AZN": null,
    "BSD": 0.9066668018688201,
    "BHD": 2.4130521915825027,
    "BDT": 0.007716055925883846,
    "BBD": 0.4490308104169943,
    "BYN": 0.2771119852121583,
    "BZD": null,
    "BMD": 0.9094629621208676,
    "BTN": 0.010802426431043498,
    "BOB": 0.13124030643429865,
    "BAM": null,
    "BWP": 0.06756139063048042,
    "BRL": 0.16588385599488958,
    "BND": 0.6882751238298144,
    "BGN": 0.5109056374433635,
    "BIF": 0.00031450190764151296,
    "CVE": null,
    "KHR": 0.00022149087240489265,
    "XAF": null,
    "CAD": 0.6628078207441445,
    "KYD": 1.0882723848827351,
    "CLP": 0.0009727957380028775,
    "CNY": 0.12696839754248948,
    "COP": 0.00022690640740269158,
    "KMF": 0.002035329405766863,
    "CDF": 0.00031696532328046116,
    "CRC": 0.0017241783775837718,
    "HRK": null,
    "CUP": 0.03778722780840027,
    "CZK": 0.03964000199639735,
    "DKK": 0.1340382032496793,
    "DJF": 0.005092775918850625,
    "DOP": 0.015169732487856706,
    "EGP": 0.01860395229104543,
    "ERN": null,
    "ETB": 0.008224900799163028,
    "EUR": 1
  }
}