{
  "meta": {
    "code": "EUR",
    "createdAt": "2024-08-08T12:06:23Z"
  },
  "data": {
    "FJD": 0.4070643658,
    "GMD": 0.01316474801,
    "GEL": 0.338217386,
    "GHS": 0.058697510159999994,
    "GIP": null,
    "GTQ": 0.11813788650000001,
    "GNF": 0.0001061643696,
    "GYD": 0.004380185898,
    "HTG": 0.00694987099,
    "HNL": 0.036961899379999996,
    "HKD": 0.11740155320000001,
    "HUF": 0.0025235928939999997,
    "ISK": 0.00661699814,
    "INR": 0.0108966402,
    "IDR": 0.00005753076572,
    "IRR": 0.00002173665105,
    "IQD": 0.0006987080480000001,
    "ILS": 0.24087399999999998,
    "JMD": 0.005839764444,
    "JPY": 0.006257,
    "JOD": 1.2906483240000002,
    "KZT": 0.00191717342,
    "KES": 0.007078916821,
    "KWD": null,
    "KGS": 0.01074468787,
    "LAK": 0.00004127659932,
    "LBP": 0.00001021676084,
    "LSL": 0.049673404049999995,
    "LRD": 0.004683932,
    "LYD": 0.190143467,
    "MOP": 0.1140444568,
    "MKD": 0.01624788172,
    "MGA": 0.00020121831020000002,
    "MWK": null,
    "MYR": 0.20437809999999998,
    "MVR": 0.05937941324,
    "MRU": 0.0230726647,
    "MUR": 0.019749214039999997,
    "MXN": 0.047458913969999995,
    "MDL": 0.051769737489999995,
    "MNT": null,
    "MAD": 0.09303909364,
    "MZN": 0.01431865085,
    "MMK": 0.0002816648159,
    "NAD": 0.04966526043,
    "NPR": 0.006811565122,
    "ANG": 0.5079718821,
    "TWD": 0.028212807059999997,
    "NZD": 0.5485033755000001,
    "NIO": 0.0248600241,
    "NGN": 0.0005721254522,
    "KPW": null,
    "NOK": 0.08416970991999999,
    "OMR": 2.376789403,
    "PKR": 0.0032837166799999998,
    "PAB": 0.9154174900000001,
    "PGK": 0.2325725129,
    "PYG": 0.0001209239357,
    "PEN": 0.2447761463,
    "PHP": 0.01595003971,
    "PLN": 0.2314950799,
    "QAR": 0.2514974929,
    "RON": 0.2009138648,
    "RUB": 0.010517446449999999,
    "RWF": 0.000695041804,
    "SHP": 1.1621161800000002,
    "WST": null,
    "STN": null,
    "SAR": 0.24378271010000002,
    "RSD": 0.008545220166,
    "SCR": 0.06793427383,
    "SLL": 0.00004746769265,
    "SGD": 0.6908415,
    "SBD": 0.10750662500000001,
    "SOS": 0.001607445394,
    "ZAR": 0.0497435,
    "KRW": 0.0006648545933,
    "SSP": null,
    "LKR": 0.003040287355,
    "SDG": 0.001521113798,
    "SRD": 0.03171953509,
    "SZL": 0.04968515201,
    "SEK": 0.08698818503,
    "CHF": 1.0668149999999998,
    "SYP": null,
    "TJS": 0.08689649522,
    "TZS": 0.0003394817036,
    "THB": 0.02591078,
    "TOP": 0.38501096,
    "TTD": 0.1349514652,
    "TND": 0.297724816,
    "TRY": 0.02730855471,
    "TMT": 0.261895288,
    "UGX": 0.0002453187142,
    "UAH": 0.02228667233,
    "AED": 0.24905905690000002,
    "GBP": 1.161427465,
    "USD": 0.9148,
    "UYU": 0.0225877842,
    "UZS": 0.00007237925044,
    "VUV": null,
    "VES": 0.02497431965,
    "VND": 0.00003638838495,
    "XOF": 0.001524056918,
    "YER": 0.003654700983,
    "ZMW": 0.03508751077,
    "ZWL": null,
    "AFN": 0.012924123527189727,
    "ALL": 0.009980729098468656,
    "DZD": 0.0067937090162115445,
    "AOA": 0.001041829297847919,
    "ARS": 0.000977219069062026,
    "AMD": 0.0023580324231396487,
    "AWG": 0.5082222740608942,
    "AUD": 0.5996282304970918,
    "AZN": 0.5381177019468291,
    "BSD": 0.9149215042180534,
    "BHD": 2.4271847140399916,
    "BDT": 0.007786486971241599,
    "BBD": 0.4566249259109505,
    "BYN": 0.27960275310235716,
    "BZD": 0.45388786242930496,
    "BMD": 0.9148000933096095,
    "BTN": 0.010897066134904716,
    "BOB": 0.13241092852724687,
    "BAM": 0.5110706412782396,
    "BWP": 0.06738431991619072,
    "BRL": 0.1623587478893363,
    "BND": 0.690549105375369,
    "BGN": 0.5113257372486226,
    "BIF": 0.00031739437338857964,
    "CVE": 0.009064992795683093,
    "KHR": 0.00022286958779941003,
    "XAF": 0.0015238348084376824,
    "CAD": 0.6658109526702018,
    "KYD": 1.0978355114030338,
    "CLP": 0.0009687862026321553,
    "CNY": 0.12756371597547425,
    "COP": 0.00022118210741476317,
    "KMF": 0.0020298408272181744,
    "CDF": 0.0003187981716988613,
    "CRC": null,
    "HRK": null,
    "CUP": 0.03812655417202928,
    "CZK": 0.03957724696125087,
    "DKK": null,
    "DJF": null,
    "DOP": 0.015361345196488954,
    "EGP": 0.01857666184635977,
    "ERN": null,
    "ETB": 0.01139004002312563,
    "EUR": 1
  }
}