{
  "meta": {
    "code": "EUR",
    "createdAt": "2024-08-26T14:04:31Z"
  },
  "data": {
    "FJD": 0.4064004289,
    "GMD": 0.01280499974,
    "GEL": 0.3326259836,
    "GHS": 0.057453077039999995,
    "GIP": null,
    "GTQ": 0.11579174780000001,
    "GNF": 0.0001039856531,
    "GYD": 0.00429181702,
    "HTG": 0.006796523679,
    "HNL": 0.03618443942,
    "HKD": 0.11496558200000001,
    "HUF": 0.0025315559259999998,
    "ISK": 0.006540313684,
    "INR": 0.01068468,
    "IDR": 0.0000580233,
    "IRR": 0.00002129476711,
    "IQD": 0.0006844595826,
    "ILS": 0.244243812,
    "JMD": 0.005727199641,
    "JPY": null,
    "JOD": 1.2647964600000001,
    "KZT": 0.001854702322,
    "KES": 0.006961941665,
    "KWD": 2.9344688370000003,
    "KGS": 0.010519304549999999,
    "LAK": 0.00004058735544,
    "LBP": 0.00001000846483,
    "LSL": 0.05052850439,
    "LRD": 0.00459102,
    "LYD": 0.1882900596,
    "MOP": 0.1116721232,
    "MKD": 0.01625379241,
    "MGA": 0.00019643080000000002,
    "MWK": 0.0005168656169,
    "MYR": 0.2056054,
    "MVR": 0.0583966109,
    "MRU": 0.022656802309999998,
    "MUR": 0.01944852723,
    "MXN": 0.04656224527,
    "MDL": 0.051505,
    "MNT": null,
    "MAD": 0.09318831067,
    "MZN": 0.01402883659,
    "MMK": 0.0002759841033,
    "NAD": 0.05052805621,
    "NPR": 0.006678157972,
    "ANG": 0.49761775560000004,
    "TWD": 0.02814285691,
    "NZD": 0.5562434377000001,
    "NIO": 0.024354152179999998,
    "NGN": 0.0005637110192,
    "KPW": null,
    "NOK": 0.085121,
    "OMR": 2.328799764,
    "PKR": 0.003219856817,
    "PAB": 0.8966744787,
    "PGK": 0.23015471380000002,
    "PYG": 0.0001179241645,
    "PEN": 0.23960896550000002,
    "PHP": 0.015972598459999997,
    "PLN": 0.23351,
    "QAR": 0.24581039999999998,
    "RON": 0.2009485832,
    "RUB": 0.009742849434,
    "RWF": 0.0006766625925,
    "SHP": 1.1837198100000001,
    "WST": null,
    "STN": null,
    "SAR": 0.2388675406,
    "RSD": 0.008546026511,
    "SCR": 0.06671256257,
    "SLL": 0.00004746769265,
    "SGD": 0.6874553,
    "SBD": 0.10603820500000001,
    "SOS": 0.001574327627,
    "ZAR": 0.050591000000000004,
    "KRW": 0.0006750614,
    "SSP": null,
    "LKR": 0.002979103481,
    "SDG": 0.0014901911069999999,
    "SRD": 0.031156800619999998,
    "SZL": 0.050549613429999994,
    "SEK": 0.08767438,
    "CHF": 1.05663,
    "SYP": null,
    "TJS": 0.08416687955999999,
    "TZS": 0.0003308219,
    "THB": null,
    "TOP": 0.383010355,
    "TTD": 0.13200922910000001,
    "TND": 0.2943339833,
    "TRY": 0.026345,
    "TMT": 0.256571224,
    "UGX": 0.00024147669,
    "UAH": 0.021689590459999998,
    "AED": 0.2440475114,
    "GBP": 1.18193,
    "USD": 0.89635,
    "UYU": 0.02221051323,
    "UZS": 0.00007063847518,
    "VUV": null,
    "VES": 0.02452372,
    "VND": 0.0000360306,
    "XOF": 0.00152646433,
    "YER": 0.003581117239,
    "ZMW": 0.034078698149999996,
    "ZWL": null,
    "AFN": 0.01265272323921417,
    "ALL": 0.009998876836163871,
    "DZD": 0.006679252560379593,
    "AOA": 0.0009909145620186372,
    "ARS": 0.0009452003079504192,
    "AMD": 0.0023093510122023588,
    "AWG": 0.4979345674143652,
    "AUD": 0.6071504831263967,
    "AZN": 0.5272248360857984,
    "BSD": 0.8961782650847865,
    "BHD": 2.3783236860355084,
    "BDT": null,
    "BBD": 0.4438578821105617,
    "BYN": 0.27384905690062594,
    "BZD": 0.44461663478433405,
    "BMD": 0.8962822213458573,
    "BTN": 0.010682903158221754,
    "BOB": 0.12968751553210633,
    "BAM": 0.511922859761265,
    "BWP": 0.06757020047695358,
    "BRL": 0.16345075614951352,
    "BND": 0.6879090632757212,
    "BGN": 0.5117708613358356,
    "BIF": 0.0003112855209989734,
    "CVE": 0.009080115516321588,
    "KHR": 0.00022024073415208422,
    "XAF": 0.0015262936612280183,
    "CAD": 0.6645674787636066,
    "KYD": 1.075418304858495,
    "CLP": 0.0009881614757118102,
    "CNY": 0.12582401714736952,
    "COP": 0.00022283161161582436,
    "KMF": 0.002032155586318688,
    "CDF": 0.0003178305749453395,
    "CRC": 0.001703317423170473,
    "HRK": null,
    "CUP": 0.03734185627246557,
    "CZK": 0.039931310431328935,
    "DKK": 0.13403433269675366,
    "DJF": 0.005032745905980356,
    "DOP": 0.01506258451372345,
    "EGP": 0.01839005779732372,
    "ERN": null,
    "ETB": 0.008076200241470311,
    "EUR": 1
  }
}