{
  "meta": {
    "code": "EUR",
    "createdAt": "2024-08-09T17:33:12Z"
  },
  "data": {
    "FJD": 0.40792409999999996,
    "GMD": 0.013174748009999999,
    "GEL": 0.3404308593,
    "GHS": 0.05858253308,
    "GIP": null,
    "GTQ": 0.11815263320000001,
    "GNF": 0.000106100227,
    "GYD": 0.004382443617,
    "HTG": 0.006941601803,
    "HNL": 0.03667377979,
    "HKD": 0.117425,
    "HUF": 0.002535857767,
    "ISK": 0.00661832308,
    "INR": 0.010908033099999999,
    "IDR": 0.0000574331,
    "IRR": 0.0000217531623,
    "IQD": 0.0006989656409,
    "ILS": 0.24578103850000002,
    "JMD": 0.0058249434249999996,
    "JPY": 0.006242551712,
    "JOD": 1.291944,
    "KZT": 0.001912916089,
    "KES": 0.0070980231779999995,
    "KWD": 2.9915309999999997,
    "KGS": 0.010721837599999999,
    "LAK": 0.00004129176942,
    "LBP": 0.00001022495735,
    "LSL": 0.049980621499999996,
    "LRD": 0.004688471404,
    "LYD": 0.1903627786,
    "MOP": 0.1140281103,
    "MKD": 0.01624551093,
    "MGA": 0.0001999224878,
    "MWK": 0.0005282059336000001,
    "MYR": null,
    "MVR": 0.0594245181,
    "MRU": 0.023026404219999998,
    "MUR": 0.01972945,
    "MXN": 0.048629905949999996,
    "MDL": 0.05201224364,
    "MNT": null,
    "MAD": null,
    "MZN": 0.014328580649999999,
    "MMK": 0.0002819249895,
    "NAD": 0.049980621499999996,
    "NPR": 0.0068170466139999995,
    "ANG": 0.5081150341,
    "TWD": 0.028252107439999997,
    "NZD": 0.5500149999999999,
    "NIO": 0.02488165756,
    "NGN": 0.0005769587007,
    "KPW": null,
    "NOK": 0.08470819,
    "OMR": 2.378548,
    "PKR": 0.0032854143779999997,
    "PAB": 0.9158739112000001,
    "PGK": 0.2325742878,
    "PYG": 0.00012096009230000001,
    "PEN": 0.24539899480000002,
    "PHP": 0.01598832,
    "PLN": 0.2315757769,
    "QAR": 0.2514818076,
    "RON": 0.2009364,
    "RUB": 0.01033473861,
    "RWF": 0.0006949867147,
    "SHP": 1.167493157,
    "WST": null,
    "STN": null,
    "SAR": 0.2439385,
    "RSD": 0.008545704000000001,
    "SCR": 0.06520576,
    "SLL": 0.00004746769265,
    "SGD": 0.6918308999999999,
    "SBD": 0.10804611,
    "SOS": 0.001603581358,
    "ZAR": 0.04998946,
    "KRW": 0.000670861227,
    "SSP": null,
    "LKR": 0.003052125888,
    "SDG": 0.001522269243,
    "SRD": 0.03180482377,
    "SZL": 0.049871731159999995,
    "SEK": 0.08709566,
    "CHF": 1.0584499090000001,
    "SYP": null,
    "TJS": 0.08683384757,
    "TZS": 0.0003390584905,
    "THB": null,
    "TOP": 0.3859443675,
    "TTD": 0.1347304775,
    "TND": 0.2961336939,
    "TRY": 0.02734,
    "TMT": 0.2613447693,
    "UGX": 0.0002457649781,
    "UAH": null,
    "AED": 0.2492896,
    "GBP": 1.168949032,
    "USD": 0.9156449999999999,
    "UYU": 0.022715,
    "UZS": 0.00007216906313,
    "VUV": null,
    "VES": 0.024991970000000002,
    "VND": 0.00003640741866,
    "XOF": 0.001527347777,
    "YER": 0.003657474363,
    "ZMW": 0.03504065368,
    "ZWL": null,
    "AFN": 0.01289642398283486,
    "ALL": 0.009808742402039014,
    "DZD": 0.006809159681603692,
    "AOA": 0.0010399160735732823,
    "ARS": 0.0009774760200695377,
    "AMD": 0.0023585752995241745,
    "AWG": 0.5086922793229305,
    "AUD": 0.602344324109434,
    "AZN": 0.5386153545772205,
    "BSD": 0.9153943696439394,
    "BHD": 2.4295432458697768,
    "BDT": 0.0077889145642755135,
    "BBD": 0.4532551461316777,
    "BYN": 0.27964628265431635,
    "BZD": 0.45401702681077727,
    "BMD": 0.915646102781275,
    "BTN": 0.010905796608989337,
    "BOB": 0.13244470001574174,
    "BAM": 0.5109954495962522,
    "BWP": 0.06760199982399144,
    "BRL": 0.16646900276003107,
    "BND": 0.6912023363656419,
    "BGN": 0.5112997238981491,
    "BIF": 0.00031771204121487683,
    "CVE": 0.00903449534479423,
    "KHR": 0.00022273074745348455,
    "XAF": 0.001523589831558539,
    "CAD": 0.6670535577301502,
    "KYD": 1.0985137014049298,
    "CLP": 0.0009821367620196503,
    "CNY": 0.12775738769870107,
    "COP": 0.00022464164957950366,
    "KMF": 0.0020300323752892465,
    "CDF": 0.0003194857302097959,
    "CRC": null,
    "HRK": null,
    "CUP": 0.03813139355629592,
    "CZK": 0.03961619827114911,
    "DKK": 0.13400744976894904,
    "DJF": 0.005152183787875732,
    "DOP": 0.01535031186557041,
    "EGP": 0.018591912292335467,
    "ERN": null,
    "ETB": 0.011398696297546689,
    "EUR": 1
  }
}