{
  "meta": {
    "code": "EUR",
    "createdAt": "2024-08-14T17:33:05Z"
  },
  "data": {
    "FJD": 0.405284487,
    "GMD": 0.013158115369999999,
    "GEL": 0.3375550365,
    "GHS": 0.058013418,
    "GIP": null,
    "GTQ": 0.1172711938,
    "GNF": 0.000105203935,
    "GYD": 0.004350428715,
    "HTG": 0.006891808623,
    "HNL": 0.03656741895,
    "HKD": 0.1165030112,
    "HUF": 0.002535060854,
    "ISK": 0.006574769992,
    "INR": 0.0108135531,
    "IDR": 0.00005822181694,
    "IRR": 0.00002156299687,
    "IQD": 0.0006930610608,
    "ILS": 0.24405755680000002,
    "JMD": 0.005786866719,
    "JPY": 0.006167657791,
    "JOD": 1.281469569,
    "KZT": 0.001891623221,
    "KES": 0.007038061938,
    "KWD": 2.9657497520000002,
    "KGS": 0.010594073119999999,
    "LAK": 0.00004101230935,
    "LBP": 0.00001013292384,
    "LSL": 0.050188501239999996,
    "LRD": 0.004647105558,
    "LYD": 0.1889510878,
    "MOP": 0.1132209165,
    "MKD": 0.01625708185,
    "MGA": 0.0001973717351,
    "MWK": 0.00052344191,
    "MYR": 0.2054327957,
    "MVR": 0.058960792119999994,
    "MRU": 0.02281180891,
    "MUR": 0.01966612956,
    "MXN": 0.04813829611,
    "MDL": 0.051941531099999994,
    "MNT": null,
    "MAD": 0.09299973620999999,
    "MZN": 0.014209762959999999,
    "MMK": 0.0002795434008,
    "NAD": 0.050188501239999996,
    "NPR": 0.006760769065,
    "ANG": 0.504119388,
    "TWD": 0.02813567694,
    "NZD": 0.544905,
    "NIO": 0.02464467946,
    "NGN": 0.0005710125717,
    "KPW": null,
    "NOK": 0.08472343747,
    "OMR": 2.3584950570000003,
    "PKR": 0.0032582450339999998,
    "PAB": 0.9083893764000001,
    "PGK": 0.2305071363,
    "PYG": 0.0001199920185,
    "PEN": 0.2420125259,
    "PHP": 0.015939994279999998,
    "PLN": 0.2331285902,
    "QAR": 0.24935739070000001,
    "RON": 0.2009541664,
    "RUB": 0.01014384,
    "RWF": 0.0006878105991,
    "SHP": 1.164803134,
    "WST": null,
    "STN": null,
    "SAR": 0.24189916420000002,
    "RSD": 0.008546563573,
    "SCR": 0.0642385819,
    "SLL": 0.00004746769265,
    "SGD": 0.6896103945000001,
    "SBD": 0.10667942500000001,
    "SOS": 0.001590034948,
    "ZAR": 0.05019960589,
    "KRW": 0.0006687367265,
    "SSP": null,
    "LKR": 0.003034733662,
    "SDG": 0.0015094097259999999,
    "SRD": 0.03162567844,
    "SZL": 0.050188501239999996,
    "SEK": 0.08675443213999999,
    "CHF": 1.04901,
    "SYP": null,
    "TJS": 0.08542093932,
    "TZS": 0.0003363670363,
    "THB": 0.02586638313,
    "TOP": 0.383047229,
    "TTD": 0.1336778538,
    "TND": 0.29670435240000004,
    "TRY": 0.0270103225,
    "TMT": 0.259137034,
    "UGX": 0.0002437575834,
    "UAH": 0.02201011712,
    "AED": 0.24718485280000002,
    "GBP": 1.164555,
    "USD": 0.90791,
    "UYU": 0.022466232949999998,
    "UZS": 0.00007179992059,
    "VUV": null,
    "VES": 0.024798245179999998,
    "VND": 0.00003626564783,
    "XOF": 0.001511923366,
    "YER": 0.003626216145,
    "ZMW": 0.034620823599999996,
    "ZWL": null,
    "AFN": 0.012786835083776465,
    "ALL": 0.009979831718161442,
    "DZD": 0.0067614902156479875,
    "AOA": 0.0010339315282943892,
    "ARS": 0.0009650354381857668,
    "AMD": 0.0023373288989962646,
    "AWG": 0.504369606082294,
    "AUD": 0.5993730557836503,
    "AZN": 0.5340384064400759,
    "BSD": 0.9079105964274888,
    "BHD": 2.408674454117038,
    "BDT": 0.007725336238306971,
    "BBD": 0.44965129088244266,
    "BYN": 0.2774608719122275,
    "BZD": 0.4504041793335297,
    "BMD": 0.9078652909481291,
    "BTN": 0.01081528611306651,
    "BOB": 0.13138953486648597,
    "BAM": 0.5116385689533897,
    "BWP": 0.06763520226714063,
    "BRL": 0.16579894644034382,
    "BND": 0.6904326319362629,
    "BGN": 0.5117425622789713,
    "BIF": 0.0003154500663475084,
    "CVE": 0.009033936569930822,
    "KHR": 0.0002211718940994026,
    "XAF": 0.0015255766346187805,
    "CAD": 0.661573669674917,
    "KYD": 1.0895075677077986,
    "CLP": 0.0009728065509073306,
    "CNY": 0.12718863388734677,
    "COP": null,
    "KMF": 0.0020313471871082843,
    "CDF": 0.0003162349791982054,
    "CRC": 0.0017259618105270563,
    "HRK": null,
    "CUP": null,
    "CZK": 0.03978051199570817,
    "DKK": 0.13402240008606853,
    "DJF": 0.005108657580902812,
    "DOP": 0.015144464141418644,
    "EGP": null,
    "ERN": null,
    "ETB": 0.008249638141997358,
    "EUR": 1
  }
}