{
  "meta": {
    "code": "EUR",
    "createdAt": "2024-08-19T14:04:43Z"
  },
  "data": {
    "FJD": 0.4068230454,
    "GMD": 0.013119637109999999,
    "GEL": 0.3371819593,
    "GHS": 0.057838597719999996,
    "GIP": null,
    "GTQ": 0.11694337560000001,
    "GNF": 0.000104988397,
    "GYD": 0.004333362443,
    "HTG": 0.0068683018519999995,
    "HNL": 0.03654716306,
    "HKD": 0.1161595153,
    "HUF": 0.002538938,
    "ISK": 0.006583193872,
    "INR": 0.010792133269999999,
    "IDR": 0.00005809881327,
    "IRR": 0.00002149994022,
    "IQD": 0.0006913231468,
    "ILS": 0.24357879999999998,
    "JMD": 0.005766346709,
    "JPY": 0.006190450529,
    "JOD": 1.2775420240000002,
    "KZT": 0.001891013421,
    "KES": 0.0070174805429999996,
    "KWD": 2.9610872940000004,
    "KGS": 0.01056306845,
    "LAK": 0.000040905124,
    "LBP": 0.00001010807733,
    "LSL": 0.05076775954,
    "LRD": 0.00464714,
    "LYD": 0.1889046302,
    "MOP": 0.1128329747,
    "MKD": 0.01622044961,
    "MGA": 0.0001998287044,
    "MWK": 0.0005220233525,
    "MYR": 0.2068862,
    "MVR": 0.05875021665999999,
    "MRU": 0.02285607286,
    "MUR": 0.0195737676,
    "MXN": 0.048100690019999996,
    "MDL": 0.051889216599999996,
    "MNT": null,
    "MAD": 0.09307071495,
    "MZN": 0.014168209369999999,
    "MMK": 0.0002787259324,
    "NAD": 0.05076775954,
    "NPR": 0.006746308783,
    "ANG": 0.5025973044000001,
    "TWD": 0.02829034,
    "NZD": 0.5505579859,
    "NIO": 0.02459355142,
    "NGN": 0.0005693131495000001,
    "KPW": null,
    "NOK": 0.08532467,
    "OMR": 2.351619839,
    "PKR": null,
    "PAB": 0.9056415438000001,
    "PGK": 0.2296373032,
    "PYG": 0.0001193938103,
    "PEN": 0.24246992650000002,
    "PHP": 0.01597316201,
    "PLN": 0.2342952475,
    "QAR": 0.2483184893,
    "RON": 0.2008912022,
    "RUB": 0.010077706019999999,
    "RWF": 0.0006790456259,
    "SHP": 1.1716262830000002,
    "WST": null,
    "STN": null,
    "SAR": 0.24124764210000002,
    "RSD": 0.008544816912,
    "SCR": 0.06676669,
    "SLL": 0.00004746769265,
    "SGD": 0.69112,
    "SBD": 0.10682009,
    "SOS": 0.001590167311,
    "ZAR": 0.050782560459999994,
    "KRW": 0.0006779303,
    "SSP": null,
    "LKR": 0.003029797959,
    "SDG": 0.001504995761,
    "SRD": 0.03152550899,
    "SZL": 0.050779482599999995,
    "SEK": 0.087141,
    "CHF": 1.046988059,
    "SYP": null,
    "TJS": 0.08504260582999999,
    "TZS": 0.0003339871333,
    "THB": 0.026239850000000002,
    "TOP": 0.382922865,
    "TTD": 0.1333892337,
    "TND": 0.2941771868,
    "TRY": 0.026824552369999997,
    "TMT": 0.2583792399,
    "UGX": 0.000243174577,
    "UAH": 0.02187674537,
    "AED": 0.24646273470000002,
    "GBP": 1.173699317,
    "USD": 0.9052549999999999,
    "UYU": 0.02243937041,
    "UZS": 0.00007151179555,
    "VUV": null,
    "VES": 0.02470702,
    "VND": 0.000036247799999999995,
    "XOF": 0.001523032695,
    "YER": 0.0036152535249999998,
    "ZMW": 0.035255925439999995,
    "ZWL": null,
    "AFN": 0.012761461182726608,
    "ALL": 0.010015578928549759,
    "DZD": 0.006737440841631192,
    "AOA": 0.0010188678793520848,
    "ARS": 0.0009589447005359541,
    "AMD": 0.002332193195600596,
    "AWG": 0.5029245060024039,
    "AUD": 0.6067803578887636,
    "AZN": 0.5325083004731336,
    "BSD": 0.9052233759572755,
    "BHD": 2.401821643948445,
    "BDT": 0.007587870921877906,
    "BBD": 0.45179285033603633,
    "BYN": 0.2766042754568512,
    "BZD": 0.44907359626600474,
    "BMD": 0.905264110804327,
    "BTN": 0.010793194888550475,
    "BOB": 0.1309891207825374,
    "BAM": 0.5108368004448497,
    "BWP": 0.06779684187381688,
    "BRL": 0.16668611337989434,
    "BND": 0.6906701369488996,
    "BGN": 0.510922717374027,
    "BIF": 0.0003143557590449263,
    "CVE": 0.009060481145290046,
    "KHR": 0.00022132341416443178,
    "XAF": 0.0015229749611474278,
    "CAD": 0.6628662335940607,
    "KYD": 1.0861643486682868,
    "CLP": 0.0009710167766413726,
    "CNY": null,
    "COP": 0.00022465898116859085,
    "KMF": 0.0020231785871612923,
    "CDF": 0.00031529804222336623,
    "CRC": 0.0017456696815321819,
    "HRK": null,
    "CUP": 0.03771553252470475,
    "CZK": 0.0397060954812478,
    "DKK": 0.1340147438421789,
    "DJF": 0.005082965096656165,
    "DOP": 0.015169248876833165,
    "EGP": 0.018557247542250577,
    "ERN": null,
    "ETB": 0.008270594279921193,
    "EUR": 1
  }
}