{
  "meta": {
    "code": "EUR",
    "createdAt": "2024-08-19T13:06:27Z"
  },
  "data": {
    "FJD": 0.40709396610000004,
    "GMD": 0.013134274789999999,
    "GEL": 0.33755815580000004,
    "GHS": 0.05790312869,
    "GIP": null,
    "GTQ": 0.11707385020000001,
    "GNF": 0.0001051055333,
    "GYD": 0.004338197209,
    "HTG": 0.006875964869,
    "HNL": 0.036587939019999995,
    "HKD": 0.1162790558,
    "HUF": null,
    "ISK": 0.0065828793119999994,
    "INR": 0.01080159,
    "IDR": 0.0000581344,
    "IRR": 0.00002152392787,
    "IQD": 0.0006920944614,
    "ILS": 0.2445895045,
    "JMD": 0.005772780266,
    "JPY": 0.006188249299,
    "JOD": 1.27878704,
    "KZT": 0.00189312324,
    "KES": 0.0070318513309999995,
    "KWD": 2.9649175420000002,
    "KGS": 0.01057485374,
    "LAK": 0.00004095076216,
    "LBP": 0.00001011935499,
    "LSL": 0.050824401529999993,
    "LRD": 0.004647145757,
    "LYD": 0.18911539260000002,
    "MOP": 0.1129588633,
    "MKD": 0.01626562609,
    "MGA": 0.0002000516548,
    "MWK": 0.000522605778,
    "MYR": 0.2068390359,
    "MVR": 0.05881576473,
    "MRU": 0.02288157356,
    "MUR": 0.019595606209999998,
    "MXN": 0.0482895,
    "MDL": 0.051783982099999994,
    "MNT": null,
    "MAD": 0.09317455466999999,
    "MZN": 0.01418401695,
    "MMK": 0.00027903690900000003,
    "NAD": 0.050824401529999993,
    "NPR": 0.0067538356919999995,
    "ANG": 0.5031580561,
    "TWD": null,
    "NZD": 0.550345,
    "NIO": 0.02462099063,
    "NGN": 0.0005699483365,
    "KPW": null,
    "NOK": 0.08541003865999999,
    "OMR": 2.3547356610000003,
    "PKR": 0.003255202378,
    "PAB": 0.9066519751000001,
    "PGK": 0.22989351130000002,
    "PYG": 0.00011952701890000001,
    "PEN": 0.242740452,
    "PHP": 0.01598675022,
    "PLN": 0.2343596758,
    "QAR": 0.248892,
    "RON": 0.20091209999999998,
    "RUB": 0.01008642131,
    "RWF": 0.0006798032423,
    "SHP": 1.172933476,
    "WST": null,
    "STN": null,
    "SAR": 0.2415218881,
    "RSD": 0.008545477643,
    "SCR": 0.06788528422,
    "SLL": 0.00004746769265,
    "SGD": 0.6913066452000001,
    "SBD": 0.10693927,
    "SOS": 0.001591941473,
    "ZAR": 0.050841919629999996,
    "KRW": 0.000677789159,
    "SSP": null,
    "LKR": 0.003033178328,
    "SDG": 0.001506674897,
    "SRD": 0.03156068225,
    "SZL": 0.050836137659999996,
    "SEK": 0.08712130259999999,
    "CHF": 1.04661826,
    "SYP": null,
    "TJS": null,
    "TZS": 0.0003343597653,
    "THB": 0.026250319159999997,
    "TOP": 0.383350095,
    "TTD": null,
    "TND": 0.2945054026,
    "TRY": 0.02685444448,
    "TMT": 0.2586675156,
    "UGX": 0.0002434458887,
    "UAH": null,
    "AED": 0.2467377151,
    "GBP": 1.17326,
    "USD": 0.906265,
    "UYU": 0.022464406189999998,
    "UZS": 0.00007159158181,
    "VUV": null,
    "VES": 0.024733829689999997,
    "VND": 0.00003629056628,
    "XOF": 0.001524731955,
    "YER": 0.0036192870909999997,
    "ZMW": 0.035295260749999995,
    "ZWL": null,
    "AFN": 0.012775281363595207,
    "ALL": 0.010026425422250955,
    "DZD": 0.006756292453383211,
    "AOA": 0.0010199712747019864,
    "ARS": 0.000960250433313008,
    "AMD": 0.0023347188725595497,
    "AWG": 0.5034691542070637,
    "AUD": 0.6069231726301927,
    "AZN": 0.5330849868074793,
    "BSD": 0.9062036987963589,
    "BHD": 2.4051425320306703,
    "BDT": 0.007596088298923601,
    "BBD": 0.4522821248061352,
    "BYN": 0.27690382745508446,
    "BZD": 0.44955992610302964,
    "BMD": 0.9062444775727148,
    "BTN": 0.01080488351103386,
    "BOB": 0.1311309770345127,
    "BAM": 0.5113900175218278,
    "BWP": 0.06787026330132229,
    "BRL": 0.16636720569641314,
    "BND": 0.6914181064322873,
    "BGN": 0.5117056248746507,
    "BIF": 0.0003146961944259679,
    "CVE": 0.009070293303716287,
    "KHR": 0.00022156309903329627,
    "XAF": 0.0015246974353397282,
    "CAD": 0.6628906800497046,
    "KYD": 1.0873406235143057,
    "CLP": 0.0009659601338342015,
    "CNY": null,
    "COP": 0.00022489465004652443,
    "KMF": 0.002025466788199994,
    "CDF": 0.00031565464213609013,
    "CRC": 0.0017476440218474202,
    "HRK": null,
    "CUP": 0.0377581885392451,
    "CZK": 0.039729965136967506,
    "DKK": 0.13401701197100874,
    "DJF": 0.005088713895232698,
    "DOP": 0.015186405192639538,
    "EGP": 0.018555982128946633,
    "ERN": null,
    "ETB": 0.008279948270261427,
    "EUR": 1
  }
}