{
  "meta": {
    "code": "EUR",
    "createdAt": "2024-08-27T12:06:16Z"
  },
  "data": {
    "FJD": 0.4064743924,
    "GMD": 0.012704964389999998,
    "GEL": 0.3317817007,
    "GHS": 0.05742102505,
    "GIP": null,
    "GTQ": 0.11571987190000001,
    "GNF": 0.000103932012,
    "GYD": 0.00428941773,
    "HTG": 0.006793835236,
    "HNL": 0.03616094064,
    "HKD": 0.1148210369,
    "HUF": 0.002544126574,
    "ISK": 0.00653128183,
    "INR": 0.01067464,
    "IDR": 0.00005762736746,
    "IRR": 0.00002125029619,
    "IQD": 0.000684051912,
    "ILS": null,
    "JMD": 0.005713696275,
    "JPY": 0.0062009758849999996,
    "JOD": 1.2638792760000002,
    "KZT": 0.001864696026,
    "KES": 0.006944729337,
    "KWD": 2.93345064,
    "KGS": 0.010520751569999999,
    "LAK": 0.00004056275977,
    "LBP": null,
    "LSL": 0.050452138679999994,
    "LRD": 0.0045933400000000004,
    "LYD": 0.18818558470000002,
    "MOP": 0.1115342658,
    "MKD": 0.016238655839999998,
    "MGA": 0.00019621643090000001,
    "MWK": 0.0005165887051,
    "MYR": 0.2060549788,
    "MVR": 0.058316277199999995,
    "MRU": 0.02261779542,
    "MUR": 0.019417566799999997,
    "MXN": 0.046098544049999995,
    "MDL": 0.05152173884,
    "MNT": null,
    "MAD": 0.09302014683,
    "MZN": 0.014024046549999999,
    "MMK": null,
    "NAD": 0.050452138679999994,
    "NPR": 0.006671853436,
    "ANG": 0.4973306176,
    "TWD": 0.02804408037,
    "NZD": 0.5581699999999999,
    "NIO": 0.02433961744,
    "NGN": 0.0005633734449,
    "KPW": null,
    "NOK": 0.08528855399999999,
    "OMR": 2.326801987,
    "PKR": 0.003219238952,
    "PAB": 0.8962177146,
    "PGK": 0.2268113036,
    "PYG": 0.00011760245410000001,
    "PEN": 0.23921415110000002,
    "PHP": 0.015911393939999997,
    "PLN": 0.23370353600000002,
    "QAR": 0.24567462920000002,
    "RON": 0.2009199307,
    "RUB": null,
    "RWF": 0.0006693282163,
    "SHP": 1.1808460950000002,
    "WST": null,
    "STN": null,
    "SAR": 0.2386965529,
    "RSD": 0.008544065281,
    "SCR": 0.06546578147,
    "SLL": 0.00004746769265,
    "SGD": 0.687052507,
    "SBD": 0.10614045,
    "SOS": 0.001573666078,
    "ZAR": 0.05051961176,
    "KRW": 0.0006728364045,
    "SSP": null,
    "LKR": 0.002982653233,
    "SDG": 0.001489110475,
    "SRD": 0.031107714739999997,
    "SZL": 0.05043675055,
    "SEK": 0.08791297291,
    "CHF": 1.0591034460000002,
    "SYP": null,
    "TJS": 0.08403903457999999,
    "TZS": 0.0003299079142,
    "THB": 0.02628399,
    "TOP": 0.38237433000000004,
    "TTD": 0.1319364308,
    "TND": 0.29652675170000004,
    "TRY": 0.026317108069999998,
    "TMT": 0.2556520375,
    "UGX": 0.0002413704593,
    "UAH": 0.021661662539999998,
    "AED": 0.24386695430000002,
    "GBP": 1.184169142,
    "USD": 0.8956999999999999,
    "UYU": 0.022254015819999997,
    "UZS": 0.00007071246962,
    "VUV": null,
    "VES": 0.02452028013,
    "VND": 0.00003607333223,
    "XOF": 0.001525043003,
    "YER": 0.0035778055759999997,
    "ZMW": 0.03409173929,
    "ZWL": null,
    "AFN": 0.01266304801328376,
    "ALL": 0.009993813639474707,
    "DZD": 0.006689905843047321,
    "AOA": 0.000988254440814967,
    "ARS": 0.0009435244033151673,
    "AMD": 0.0023099702185449497,
    "AWG": 0.4970056312780717,
    "AUD": 0.607541021150003,
    "AZN": 0.5269721471506483,
    "BSD": 0.8960531869645028,
    "BHD": 2.377342140687026,
    "BDT": 0.00749799881223451,
    "BBD": 0.4437741523832811,
    "BYN": 0.27380355529946404,
    "BZD": 0.44445755613988724,
    "BMD": 0.8958526501561024,
    "BTN": 0.010673779363552618,
    "BOB": 0.12965075953899557,
    "BAM": 0.5115723159835742,
    "BWP": 0.06741563386454912,
    "BRL": 0.16343875132793986,
    "BND": 0.6871321402442222,
    "BGN": 0.5113503927661657,
    "BIF": null,
    "CVE": 0.009073894721655462,
    "KHR": 0.00021986390989028038,
    "XAF": 0.0015248109713262442,
    "CAD": 0.66465338282883,
    "KYD": 1.075100243451365,
    "CLP": 0.000988631557651204,
    "CNY": 0.1256858473708383,
    "COP": null,
    "KMF": 0.0020300304635445594,
    "CDF": 0.00031594363006419435,
    "CRC": 0.0016964221190113088,
    "HRK": null,
    "CUP": 0.037328369197758546,
    "CZK": 0.03994738164445593,
    "DKK": 0.13402485844691497,
    "DJF": 0.005030251654269812,
    "DOP": 0.01500691020192686,
    "EGP": 0.018394580640597964,
    "ERN": null,
    "ETB": 0.00788183317359511,
    "EUR": 1
  }
}