{
  "meta": {
    "code": "EUR",
    "createdAt": "2024-08-26T09:04:40Z"
  },
  "data": {
    "FJD": 0.405518576,
    "GMD": 0.01277721403,
    "GEL": 0.3319042148,
    "GHS": 0.05752687743,
    "GIP": null,
    "GTQ": 0.11632237890000001,
    "GNF": 0.0001044402084,
    "GYD": 0.0043110982849999995,
    "HTG": 0.006830805319,
    "HNL": 0.036346034359999994,
    "HKD": 0.1147298908,
    "HUF": 0.002531829798,
    "ISK": 0.006557221318,
    "INR": 0.010662380879999999,
    "IDR": 0.00005783750428,
    "IRR": 0.00002124855936,
    "IQD": 0.0006875374236,
    "ILS": 0.24444249640000001,
    "JMD": 0.005749300631,
    "JPY": 0.00621624891,
    "JOD": 1.262051964,
    "KZT": 0.001862662809,
    "KES": 0.006946834869,
    "KWD": 2.928674613,
    "KGS": 0.010480525979999999,
    "LAK": 0.00004076796374,
    "LBP": 0.00001005329108,
    "LSL": 0.05017959079,
    "LRD": 0.004616891509,
    "LYD": 0.1883906717,
    "MOP": 0.1121108046,
    "MKD": 0.01623435409,
    "MGA": 0.0001971218533,
    "MWK": null,
    "MYR": 0.2056576968,
    "MVR": 0.05826989544,
    "MRU": 0.02263106978,
    "MUR": 0.019516480569999998,
    "MXN": 0.046524255939999995,
    "MDL": 0.05132990295,
    "MNT": null,
    "MAD": 0.09344287292999999,
    "MZN": 0.01399839526,
    "MMK": 0.0002753852423,
    "NAD": 0.050167713089999996,
    "NPR": 0.006708248579,
    "ANG": 0.4998502192,
    "TWD": 0.02811224926,
    "NZD": 0.5550677430000001,
    "NIO": 0.024461905189999997,
    "NGN": 0.0005670631176,
    "KPW": null,
    "NOK": 0.08490989147,
    "OMR": 2.323502,
    "PKR": 0.003232118503,
    "PAB": 0.9006953503,
    "PGK": null,
    "PYG": 0.0001185547243,
    "PEN": null,
    "PHP": 0.01596553173,
    "PLN": 0.23365293110000002,
    "QAR": 0.2469593,
    "RON": 0.2009828,
    "RUB": 0.009719382,
    "RWF": 0.0006801495667,
    "SHP": 1.1811512430000002,
    "WST": null,
    "STN": null,
    "SAR": 0.2383729836,
    "RSD": 0.008543594471,
    "SCR": 0.06595016011999999,
    "SLL": 0.00004746769265,
    "SGD": 0.6864871416,
    "SBD": 0.10580811150000001,
    "SOS": 0.001581523591,
    "ZAR": 0.050172632319999994,
    "KRW": null,
    "SSP": null,
    "LKR": 0.003002778751,
    "SDG": 0.001486957524,
    "SRD": 0.031089193129999998,
    "SZL": 0.05018201462,
    "SEK": 0.08762796143,
    "CHF": 1.057074909,
    "SYP": null,
    "TJS": 0.08470108368,
    "TZS": 0.0003300387453,
    "THB": 0.026332365429999997,
    "TOP": 0.3821792565,
    "TTD": 0.1326652153,
    "TND": 0.29505744770000003,
    "TRY": null,
    "TMT": 0.25601448720000003,
    "UGX": 0.0002423624681,
    "UAH": null,
    "AED": 0.24351732380000002,
    "GBP": 1.180557939,
    "USD": 0.894405,
    "UYU": 0.02215888387,
    "UZS": 0.00007102201783,
    "VUV": null,
    "VES": 0.02447558065,
    "VND": 0.00003597404238,
    "XOF": 0.001526130406,
    "YER": 0.003573346532,
    "ZMW": 0.03428940373,
    "ZWL": null,
    "AFN": 0.012711223224133844,
    "ALL": 0.009983272148986425,
    "DZD": 0.006670090646531886,
    "AOA": 0.0009888804673301153,
    "ARS": 0.0009455245486538567,
    "AMD": 0.0023207500939637486,
    "AWG": 0.49691243458768936,
    "AUD": 0.6058806778593023,
    "AZN": 0.52614257779873,
    "BSD": null,
    "BHD": 2.3735845676135674,
    "BDT": 0.0075339037610484645,
    "BBD": 0.44589265404297324,
    "BYN": 0.27514455087674006,
    "BZD": 0.4466485877313342,
    "BMD": 0.8944423822578409,
    "BTN": 0.010732769373083342,
    "BOB": 0.13029187439649056,
    "BAM": 0.511903529527485,
    "BWP": 0.0673854008798536,
    "BRL": 0.16301415778139644,
    "BND": 0.6881479992084536,
    "BGN": 0.5113451517303143,
    "BIF": null,
    "CVE": 0.009079281519192016,
    "KHR": 0.00022040168563817485,
    "XAF": 0.0015261263687491465,
    "CAD": 0.662356930902925,
    "KYD": 1.0803236207585794,
    "CLP": 0.0009840492717878926,
    "CNY": 0.1256239300923934,
    "COP": 0.00022226699370972853,
    "KMF": 0.002027893397072067,
    "CDF": 0.00031716396549218,
    "CRC": 0.0017112135516707027,
    "HRK": null,
    "CUP": 0.0375123153212542,
    "CZK": 0.03994071350664157,
    "DKK": 0.13402700054663877,
    "DJF": 0.005055671494826372,
    "DOP": 0.015067126070914311,
    "EGP": 0.018318383110109318,
    "ERN": null,
    "ETB": 0.008240332406175629,
    "EUR": 1
  }
}