{
  "meta": {
    "code": "EUR",
    "createdAt": "2024-07-31T12:06:14Z"
  },
  "data": {
    "FJD": 0.40846735980000004,
    "GMD": 0.01358110261,
    "GEL": null,
    "GHS": 0.05940885184,
    "GIP": null,
    "GTQ": 0.1192672523,
    "GNF": 0.0001072078087,
    "GYD": 0.004424126312,
    "HTG": null,
    "HNL": 0.037332567469999994,
    "HKD": 0.1182163846,
    "HUF": 0.0025258080759999997,
    "ISK": null,
    "INR": 0.01103379704,
    "IDR": 0.0000567165655,
    "IRR": null,
    "IQD": 0.0007055505914,
    "ILS": 0.2451072163,
    "JMD": 0.0059033452229999995,
    "JPY": 0.006150240494,
    "JOD": null,
    "KZT": null,
    "KES": 0.007107176578,
    "KWD": 3.022357988,
    "KGS": 0.010990300409999999,
    "LAK": 0.00004166280924,
    "LBP": 0.00001031640136,
    "LSL": 0.05070259888,
    "LRD": 0.004604763,
    "LYD": null,
    "MOP": 0.1148652257,
    "MKD": 0.0162457463,
    "MGA": 0.00020273490740000002,
    "MWK": 0.0005327675842,
    "MYR": 0.2008631,
    "MVR": 0.06016639273,
    "MRU": 0.02329878643,
    "MUR": 0.01980577657,
    "MXN": 0.04917025,
    "MDL": 0.052180000000000004,
    "MNT": null,
    "MAD": null,
    "MZN": null,
    "MMK": 0.0002843481444,
    "NAD": 0.05070259888,
    "NPR": 0.006902109149,
    "ANG": 0.5129359307,
    "TWD": null,
    "NZD": 0.5467623642,
    "NIO": 0.02509921678,
    "NGN": 0.0005559759594,
    "KPW": null,
    "NOK": 0.08459997684,
    "OMR": 2.39938155,
    "PKR": 0.0033142903139999997,
    "PAB": 0.9243350813000001,
    "PGK": 0.2352865023,
    "PYG": 0.0001219305772,
    "PEN": 0.2477216318,
    "PHP": 0.015813753689999998,
    "PLN": 0.2330117002,
    "QAR": 0.2531317,
    "RON": 0.2010089,
    "RUB": 0.01071623718,
    "RWF": 0.0007041230219,
    "SHP": 1.185377678,
    "WST": null,
    "STN": null,
    "SAR": 0.2461483132,
    "RSD": null,
    "SCR": 0.06811682254,
    "SLL": null,
    "SGD": 0.6901519946,
    "SBD": null,
    "SOS": 0.001623315879,
    "ZAR": 0.05063352919,
    "KRW": 0.0006729883483,
    "SSP": null,
    "LKR": 0.003054266354,
    "SDG": 0.001535353199,
    "SRD": 0.03184918792,
    "SZL": 0.050727395259999995,
    "SEK": 0.08608895823,
    "CHF": 1.0491425920000002,
    "SYP": null,
    "TJS": null,
    "TZS": 0.00034200789570000003,
    "THB": 0.02589066,
    "TOP": null,
    "TTD": 0.13625706540000002,
    "TND": null,
    "TRY": 0.027850774319999997,
    "TMT": 0.2635910365,
    "UGX": 0.0002483065862,
    "UAH": 0.0225283542,
    "AED": 0.2514320565,
    "GBP": 1.1853399999999998,
    "USD": 0.923515,
    "UYU": 0.0229321519,
    "UZS": 0.00007366454338,
    "VUV": null,
    "VES": 0.025251430529999997,
    "VND": 0.00003657848976,
    "XOF": 0.001525694802,
    "YER": 0.00368928358,
    "ZMW": 0.035430403619999995,
    "ZWL": null,
    "AFN": 0.01301936770683265,
    "ALL": 0.009981039319036806,
    "DZD": 0.006861636565671139,
    "AOA": 0.001052438207274653,
    "ARS": null,
    "AMD": 0.0023788898217390786,
    "AWG": 0.5130636260463932,
    "AUD": 0.6010410030172258,
    "AZN": 0.5432438393432399,
    "BSD": 0.9238427682651442,
    "BHD": 2.4503231055957437,
    "BDT": 0.007862354576120731,
    "BBD": 0.4575498638001712,
    "BYN": null,
    "BZD": 0.4583250959900612,
    "BMD": 0.9235145268835078,
    "BTN": 0.011041835846385958,
    "BOB": 0.13368940724424172,
    "BAM": 0.511708168164917,
    "BWP": 0.0682719900729577,
    "BRL": 0.1644874034880235,
    "BND": 0.6901107802193246,
    "BGN": 0.5115681420648958,
    "BIF": null,
    "CVE": 0.009076220646982814,
    "KHR": 0.0002248986333056688,
    "XAF": 0.0015257079429645039,
    "CAD": 0.6677521128618381,
    "KYD": 1.108549908656923,
    "CLP": 0.0009706186503432163,
    "CNY": null,
    "COP": 0.0002265659489249382,
    "KMF": 0.0020274742631910163,
    "CDF": 0.00032178206511620486,
    "CRC": 0.0017613496110869518,
    "HRK": null,
    "CUP": 0.03849226590471298,
    "CZK": 0.03928177485680595,
    "DKK": 0.1339957120498492,
    "DJF": null,
    "DOP": 0.015603349774376506,
    "EGP": 0.0190010663265415,
    "ERN": null,
    "ETB": 0.015954195799968166,
    "EUR": 1
  }
}