{
  "meta": {
    "code": "EUR",
    "createdAt": "2024-07-29T10:04:18Z"
  },
  "data": {
    "FJD": 0.4083078314,
    "GMD": 0.013622582469999998,
    "GEL": 0.34186813110000003,
    "GHS": 0.059585523689999996,
    "GIP": null,
    "GTQ": 0.1192316654,
    "GNF": 0.0001071752462,
    "GYD": 0.004423759465,
    "HTG": 0.006997122729,
    "HNL": 0.03731485361,
    "HKD": 0.11814609999999999,
    "HUF": 0.002554278,
    "ISK": 0.006672426172,
    "INR": 0.01102124,
    "IDR": 0.00005671506372,
    "IRR": null,
    "IQD": 0.0007053117815,
    "ILS": 0.24795779999999998,
    "JMD": null,
    "JPY": 0.006005000000000001,
    "JOD": 1.302485885,
    "KZT": 0.001950071718,
    "KES": 0.007072260491,
    "KWD": 3.0180521650000003,
    "KGS": 0.010981953289999999,
    "LAK": 0.00004165284612,
    "LBP": 0.00001031512714,
    "LSL": 0.05060648539,
    "LRD": 0.004726529235,
    "LYD": 0.1911306812,
    "MOP": 0.1149203825,
    "MKD": 0.01627230804,
    "MGA": 0.0002029430777,
    "MWK": 0.0005326126584,
    "MYR": 0.1977678,
    "MVR": 0.060128280359999994,
    "MRU": 0.023316098719999998,
    "MUR": 0.01983579614,
    "MXN": 0.0500214216,
    "MDL": 0.052053251999999994,
    "MNT": null,
    "MAD": 0.09376633776,
    "MZN": null,
    "MMK": 0.0002841567368,
    "NAD": 0.05060648539,
    "NPR": 0.006895485063,
    "ANG": 0.5127741858,
    "TWD": 0.02808975,
    "NZD": 0.542825,
    "NIO": 0.025094992769999998,
    "NGN": 0.0005697098759,
    "KPW": null,
    "NOK": 0.084025,
    "OMR": 2.3974814170000003,
    "PKR": 0.003318368972,
    "PAB": 0.9240744332,
    "PGK": 0.23550174070000002,
    "PYG": 0.0001219911338,
    "PEN": 0.2458054235,
    "PHP": 0.015773215179999998,
    "PLN": 0.2334329931,
    "QAR": 0.25318757140000003,
    "RON": 0.2011344,
    "RUB": 0.01063779,
    "RWF": 0.0007024516214,
    "SHP": 1.191271897,
    "WST": null,
    "STN": null,
    "SAR": 0.2460192756,
    "RSD": 0.008542405194,
    "SCR": 0.06806396476,
    "SLL": null,
    "SGD": 0.6868698,
    "SBD": 0.10890574,
    "SOS": 0.001622862576,
    "ZAR": 0.05030674541,
    "KRW": 0.000667349,
    "SSP": null,
    "LKR": 0.003048862337,
    "SDG": 0.001574965831,
    "SRD": 0.03182407447,
    "SZL": 0.05060259062,
    "SEK": 0.08535489,
    "CHF": 1.043199,
    "SYP": null,
    "TJS": 0.08713948809,
    "TZS": 0.0003418259255,
    "THB": 0.02567133,
    "TOP": 0.38707684200000003,
    "TTD": 0.13614131200000001,
    "TND": 0.2976806516,
    "TRY": 0.027945,
    "TMT": 0.25380575,
    "UGX": 0.0002476580209,
    "UAH": 0.022496188009999998,
    "AED": 0.2512748913,
    "GBP": 1.184,
    "USD": null,
    "UYU": 0.0229071226,
    "UZS": 0.00007310103982,
    "VUV": null,
    "VES": 0.025243012279999998,
    "VND": 0.00003649892812,
    "XOF": 0.001528513288,
    "YER": 0.003686576511,
    "ZMW": 0.03535159692,
    "ZWL": null,
    "AFN": 0.013053562416501492,
    "ALL": 0.009969523187554691,
    "DZD": 0.006857114101149162,
    "AOA": 0.0010576304611951523,
    "ARS": 0.000993453037191977,
    "AMD": 0.002381011928926908,
    "AWG": 0.5127368972649587,
    "AUD": 0.6044706650386257,
    "AZN": 0.542897891221721,
    "BSD": 0.9235767980780498,
    "BHD": 2.4488387128443048,
    "BDT": 0.007860138135702506,
    "BBD": 0.45734315546483123,
    "BYN": 0.28225784374041724,
    "BZD": 0.45817989051072167,
    "BMD": 0.9227986637875347,
    "BTN": 0.011029803147538392,
    "BOB": 0.13363114100373394,
    "BAM": 0.5125785013782643,
    "BWP": 0.0681506512781551,
    "BRL": 0.16285736085056116,
    "BND": 0.6871588413969524,
    "BGN": null,
    "BIF": 0.00032053206178537944,
    "CVE": 0.009091737860671606,
    "KHR": 0.00022513033547618864,
    "XAF": null,
    "CAD": 0.6671693801289326,
    "KYD": 1.1081081426002202,
    "CLP": 0.0009691736215801447,
    "CNY": null,
    "COP": 0.00022939156060429008,
    "KMF": null,
    "CDF": 0.00032209377444591096,
    "CRC": 0.0017465091321251188,
    "HRK": null,
    "CUP": 0.03848270273435712,
    "CZK": 0.039405528201551396,
    "DKK": null,
    "DJF": 0.00518568385168398,
    "DOP": 0.015600625173712182,
    "EGP": 0.019097654465801632,
    "ERN": null,
    "ETB": 0.01597264816638377,
    "EUR": 1
  }
}