{
  "meta": {
    "code": "EUR",
    "createdAt": "2024-08-01T12:42:47Z"
  },
  "data": {
    "FJD": null,
    "GMD": 0.01332302138,
    "GEL": 0.3410786826,
    "GHS": 0.05959802173,
    "GIP": null,
    "GTQ": 0.1196493145,
    "GNF": 0.0001075257585,
    "GYD": 0.0044383857649999995,
    "HTG": 0.007011998973,
    "HNL": 0.03745051998,
    "HKD": 0.11849749999999999,
    "HUF": 0.002526269385,
    "ISK": 0.0066706288939999995,
    "INR": 0.011059020000000001,
    "IDR": 0.00005693685069,
    "IRR": 0.00002199144954,
    "IQD": 0.0007083072118,
    "ILS": 0.2443437,
    "JMD": 0.005918243222,
    "JPY": null,
    "JOD": 1.306747863,
    "KZT": 0.001952759103,
    "KES": 0.007128724229999999,
    "KWD": null,
    "KGS": 0.01101927816,
    "LAK": 0.00004175164107,
    "LBP": 0.00001034906536,
    "LSL": 0.050836284669999995,
    "LRD": null,
    "LYD": 0.1916952617,
    "MOP": 0.1151870688,
    "MKD": 0.01622673669,
    "MGA": 0.0002033712134,
    "MWK": 0.0005344761182,
    "MYR": 0.20297969999999999,
    "MVR": null,
    "MRU": 0.02340011949,
    "MUR": 0.01985799777,
    "MXN": 0.049881389469999995,
    "MDL": 0.05244811361,
    "MNT": null,
    "MAD": 0.09325964691,
    "MZN": 0.01449767322,
    "MMK": null,
    "NAD": 0.050836284669999995,
    "NPR": 0.006920307701,
    "ANG": 0.5145700451,
    "TWD": 0.028267671969999998,
    "NZD": 0.551195,
    "NIO": 0.02516539502,
    "NGN": 0.0005451447289,
    "KPW": null,
    "NOK": 0.08513247,
    "OMR": 2.4056931010000002,
    "PKR": 0.0033263281479999998,
    "PAB": 0.9273028129,
    "PGK": 0.2359068741,
    "PYG": 0.0001223046613,
    "PEN": 0.24805487510000002,
    "PHP": 0.01587583868,
    "PLN": 0.23273,
    "QAR": 0.254305,
    "RON": null,
    "RUB": 0.010817440000000001,
    "RWF": 0.0007058667779,
    "SHP": 1.187484577,
    "WST": null,
    "STN": null,
    "SAR": 0.2467759437,
    "RSD": 0.008544496502,
    "SCR": 0.06829926647,
    "SLL": 0.00004746769265,
    "SGD": 0.6923889,
    "SBD": 0.109725075,
    "SOS": 0.001628580304,
    "ZAR": 0.05091105,
    "KRW": 0.0006781336,
    "SSP": null,
    "LKR": 0.003061969516,
    "SDG": 0.001539401412,
    "SRD": 0.03194969178,
    "SZL": 0.050861146419999996,
    "SEK": 0.08684854,
    "CHF": 1.057298785,
    "SYP": null,
    "TJS": 0.08744206972999999,
    "TZS": 0.00034334800080000003,
    "THB": 0.02605051,
    "TOP": 0.389176785,
    "TTD": 0.1369146708,
    "TND": 0.2969827306,
    "TRY": 0.027985,
    "TMT": 0.265043928,
    "UGX": 0.000248160526,
    "UAH": 0.02251420572,
    "AED": 0.2520967395,
    "GBP": 1.1861,
    "USD": 0.9259499999999999,
    "UYU": null,
    "UZS": 0.00007388173569,
    "VUV": null,
    "VES": null,
    "VND": 0.0000367108,
    "XOF": 0.0015236757249999999,
    "YER": 0.00369863968,
    "ZMW": 0.03581683862,
    "ZWL": null,
    "AFN": 0.013052930668304732,
    "ALL": 0.009987638359927747,
    "DZD": 0.00687093163592116,
    "AOA": 0.0010456774250622136,
    "ARS": 0.0009949456759660922,
    "AMD": 0.002388774084419663,
    "AWG": 0.5144151999403278,
    "AUD": 0.6058798287780938,
    "AZN": 0.5446749175838765,
    "BSD": 0.9267157932547627,
    "BHD": 2.4565570856171415,
    "BDT": 0.007887175966910395,
    "BBD": 0.45899556551807674,
    "BYN": 0.28319013782007924,
    "BZD": 0.4595324711583577,
    "BMD": 0.92594735989259,
    "BTN": 0.011066288685123363,
    "BOB": 0.13411886068713977,
    "BAM": 0.511025116224729,
    "BWP": 0.06839546350563955,
    "BRL": 0.1629673087578632,
    "BND": 0.6919287529487651,
    "BGN": 0.5107663420822496,
    "BIF": null,
    "CVE": 0.009064194593951008,
    "KHR": 0.00022556150832451,
    "XAF": 0.0015236714999516052,
    "CAD": 0.6699494188188791,
    "KYD": 1.1114701840272265,
    "CLP": 0.000985123743871054,
    "CNY": 0.12778866821205764,
    "COP": 0.0002283476309301502,
    "KMF": 0.002031811640866074,
    "CDF": 0.000323192795774028,
    "CRC": 0.0017730405161176263,
    "HRK": null,
    "CUP": null,
    "CZK": 0.039341579328360556,
    "DKK": 0.13402957228482892,
    "DJF": 0.0052044513520444055,
    "DOP": 0.015602921020784715,
    "EGP": 0.019024738907322678,
    "ERN": null,
    "ETB": 0.015997187077660215,
    "EUR": 1
  }
}