{
  "meta": {
    "code": "EUR",
    "createdAt": "2024-08-15T09:04:01Z"
  },
  "data": {
    "FJD": 0.4056706168,
    "GMD": 0.012982499739999999,
    "GEL": null,
    "GHS": 0.058006772,
    "GIP": null,
    "GTQ": 0.1172508775,
    "GNF": 0.0001053052119,
    "GYD": 0.004349753389,
    "HTG": 0.006890488359,
    "HNL": 0.036656521059999995,
    "HKD": 0.11665149999999999,
    "HUF": 0.002535016048,
    "ISK": 0.006574368794,
    "INR": 0.01082557,
    "IDR": 0.000057817899999999994,
    "IRR": 0.00002158354074,
    "IQD": 0.0006932347444,
    "ILS": 0.244281628,
    "JMD": 0.005785732395,
    "JPY": 0.006167628731,
    "JOD": 1.282509627,
    "KZT": 0.001891278006,
    "KES": 0.006970367864,
    "KWD": 2.970143879,
    "KGS": 0.010604166489999999,
    "LAK": 0.00004103000984,
    "LBP": 0.00001013547669,
    "LSL": 0.050299214939999996,
    "LRD": 0.0046486520000000005,
    "LYD": 0.1888573492,
    "MOP": 0.1132018305,
    "MKD": 0.01625595818,
    "MGA": 0.0001995678987,
    "MWK": 0.0005235131977,
    "MYR": null,
    "MVR": 0.05901696628999999,
    "MRU": 0.022929095729999998,
    "MUR": 0.01968486622,
    "MXN": 0.0483265,
    "MDL": 0.051781999499999995,
    "MNT": null,
    "MAD": 0.0927980142,
    "MZN": 0.01422330113,
    "MMK": 0.0002798097323,
    "NAD": 0.050298533359999995,
    "NPR": 0.006759566597,
    "ANG": 0.5040114315,
    "TWD": 0.02812342,
    "NZD": 0.5451877541,
    "NIO": null,
    "NGN": 0.0005715565968,
    "KPW": null,
    "NOK": 0.08504498205,
    "OMR": null,
    "PKR": 0.003258090147,
    "PAB": 0.9082487283,
    "PGK": 0.2304567066,
    "PYG": 0.0001199684782,
    "PEN": 0.2423858325,
    "PHP": 0.01595531723,
    "PLN": 0.23349499999999998,
    "QAR": 0.2490037,
    "RON": null,
    "RUB": 0.01022371875,
    "RWF": null,
    "SHP": null,
    "WST": null,
    "STN": null,
    "SAR": 0.2421804766,
    "RSD": 0.008545696429,
    "SCR": 0.06802941519,
    "SLL": 0.00004746769265,
    "SGD": 0.689562939,
    "SBD": 0.10678106250000001,
    "SOS": 0.001594832875,
    "ZAR": 0.05040908584,
    "KRW": 0.0006693859438000001,
    "SSP": null,
    "LKR": 0.003034152538,
    "SDG": 0.001510847797,
    "SRD": 0.03165580941,
    "SZL": 0.050295807039999994,
    "SEK": 0.08671976348999999,
    "CHF": 1.0489453640000002,
    "SYP": null,
    "TJS": 0.08540652,
    "TZS": 0.0003353413283,
    "THB": 0.025964257919999997,
    "TOP": 0.38350305,
    "TTD": 0.1336522669,
    "TND": 0.2953968048,
    "TRY": 0.026997769549999998,
    "TMT": 0.2593839236,
    "UGX": null,
    "UAH": 0.02200580487,
    "AED": 0.2474223817,
    "GBP": 1.1671399999999998,
    "USD": 0.908775,
    "UYU": 0.022487637369999997,
    "UZS": 0.00007192981388,
    "VUV": null,
    "VES": 0.02485211543,
    "VND": 0.00003628720399,
    "XOF": 0.001525304317,
    "YER": 0.0036296709779999998,
    "ZMW": 0.03461466722,
    "ZWL": null,
    "AFN": 0.012796864755849825,
    "ALL": 0.010009593959583844,
    "DZD": 0.00676045660391617,
    "AOA": 0.0010320349505447434,
    "ARS": 0.0009664698759390364,
    "AMD": 0.002335894239671187,
    "AWG": 0.5048370966414703,
    "AUD": 0.6013211024621093,
    "AZN": 0.5345333964439096,
    "BSD": 0.9076928813402442,
    "BHD": 2.411194881741193,
    "BDT": 0.0077239392257197215,
    "BBD": 0.4495434964463699,
    "BYN": 0.2774043589926183,
    "BZD": 0.45031228470217854,
    "BMD": 0.9087067739546464,
    "BTN": 0.010814851690703295,
    "BOB": 0.13136576353308083,
    "BAM": 0.5115460229245196,
    "BWP": null,
    "BRL": 0.16612675471384666,
    "BND": 0.6902417951106217,
    "BGN": 0.5116404940468147,
    "BIF": 0.00031478071831535855,
    "CVE": 0.009073267302164782,
    "KHR": 0.00022187742849491047,
    "XAF": null,
    "CAD": 0.6629980773055758,
    "KYD": 1.0892263218747873,
    "CLP": 0.0009727736463945909,
    "CNY": 0.12703539282265275,
    "COP": 0.0002262434393271358,
    "KMF": 0.002033128479800923,
    "CDF": 0.0003165122862955926,
    "CRC": null,
    "HRK": null,
    "CUP": 0.03781973079333197,
    "CZK": 0.039700814660716836,
    "DKK": 0.1340110406922953,
    "DJF": 0.005097498388698601,
    "DOP": 0.015216518451439268,
    "EGP": 0.018550810670426295,
    "ERN": null,
    "ETB": 0.008232546621436342,
    "EUR": 1
  }
}