{
  "meta": {
    "code": "EUR",
    "createdAt": "2024-08-13T11:04:17Z"
  },
  "data": {
    "FJD": 0.40851438900000003,
    "GMD": 0.013265941449999999,
    "GEL": 0.34155324130000003,
    "GHS": 0.058789232479999995,
    "GIP": null,
    "GTQ": 0.1182134249,
    "GNF": 0.0001062189531,
    "GYD": 0.004385683502,
    "HTG": null,
    "HNL": 0.03698091804,
    "HKD": 0.1175415,
    "HUF": 0.0025400180000000002,
    "ISK": 0.006617147348,
    "INR": 0.01090383,
    "IDR": 0.0000577702,
    "IRR": 0.00002173969797,
    "IQD": 0.0006992543550000001,
    "ILS": 0.24412599999999998,
    "JMD": 0.005826149659,
    "JPY": 0.006202797877,
    "JOD": 1.291606448,
    "KZT": 0.0019083784309999999,
    "KES": 0.007109514479,
    "KWD": 2.9897564450000003,
    "KGS": 0.010684266349999999,
    "LAK": 0.00004133601604,
    "LBP": 0.00001022491717,
    "LSL": 0.050232504069999996,
    "LRD": 0.004684590000000001,
    "LYD": 0.1905716593,
    "MOP": 0.1141032288,
    "MKD": 0.01624723366,
    "MGA": 0.0002004746479,
    "MWK": 0.0005280400598,
    "MYR": 0.2058976,
    "MVR": 0.05944395488,
    "MRU": 0.02308748494,
    "MUR": 0.01975784805,
    "MXN": 0.04820126,
    "MDL": 0.0520376475,
    "MNT": null,
    "MAD": 0.09333357121,
    "MZN": null,
    "MMK": 0.0002818341596,
    "NAD": 0.050232504069999996,
    "NPR": 0.0068167286139999995,
    "ANG": null,
    "TWD": 0.02820845079,
    "NZD": 0.5524961065,
    "NIO": 0.024879313679999997,
    "NGN": 0.0005756918169,
    "KPW": null,
    "NOK": 0.08477950000000001,
    "OMR": 2.378231248,
    "PKR": 0.003286648387,
    "PAB": 0.9160767879,
    "PGK": 0.2359397006,
    "PYG": 0.0001210348082,
    "PEN": 0.245609458,
    "PHP": 0.016065958659999997,
    "PLN": 0.2333941672,
    "QAR": null,
    "RON": 0.20091557200000001,
    "RUB": 0.009978327,
    "RWF": 0.0006916295811000001,
    "SHP": 1.168306972,
    "WST": null,
    "STN": null,
    "SAR": 0.24380667620000002,
    "RSD": 0.00854365392,
    "SCR": 0.06751371709,
    "SLL": null,
    "SGD": 0.6920999999999999,
    "SBD": 0.10782823,
    "SOS": 0.00160889788,
    "ZAR": null,
    "KRW": 0.0006674127000000001,
    "SSP": null,
    "LKR": 0.003060743668,
    "SDG": 0.001521778803,
    "SRD": 0.03175982755,
    "SZL": 0.05024703983,
    "SEK": 0.08679935439,
    "CHF": 1.0558349999999999,
    "SYP": null,
    "TJS": 0.08639102590999999,
    "TZS": 0.00033776752760000003,
    "THB": 0.02604915,
    "TOP": 0.386186165,
    "TTD": 0.1347262474,
    "TND": 0.296876271,
    "TRY": 0.027275,
    "TMT": 0.26126057,
    "UGX": 0.0002454845127,
    "UAH": 0.022169868529999998,
    "AED": 0.24921044490000002,
    "GBP": 1.1703216570000001,
    "USD": 0.91535,
    "UYU": 0.022755601,
    "UZS": 0.00007242505498,
    "VUV": null,
    "VES": 0.02502404,
    "VND": 0.0000364354,
    "XOF": 0.001525203768,
    "YER": 0.00365556922,
    "ZMW": 0.034981683799999996,
    "ZWL": null,
    "AFN": 0.012933972971032869,
    "ALL": 0.010013686866426653,
    "DZD": 0.006807313700508744,
    "AOA": 0.0010396828380962687,
    "ARS": 0.0009751698954888092,
    "AMD": 0.0023587274028522166,
    "AWG": 0.5085781883020913,
    "AUD": 0.6036643837043525,
    "AZN": 0.5384945523198614,
    "BSD": 0.915683670021764,
    "BHD": 2.4292538217601107,
    "BDT": 0.007793226814303884,
    "BBD": 0.4535252608093953,
    "BYN": 0.279817719764288,
    "BZD": 0.4542893493377557,
    "BMD": 0.9154407389437644,
    "BTN": 0.010906392894738317,
    "BOB": 0.13252611989997928,
    "BAM": 0.5115923197583621,
    "BWP": 0.06776158657130585,
    "BRL": 0.1666478385716677,
    "BND": 0.6913019743369392,
    "BGN": 0.5109569769989534,
    "BIF": 0.00031763769784625437,
    "CVE": 0.009074245509425403,
    "KHR": 0.0002233979921663126,
    "XAF": 0.001525362376644629,
    "CAD": 0.6663867842172955,
    "KYD": 1.098805302277646,
    "CLP": 0.000980108283872569,
    "CNY": 0.12775569023844324,
    "COP": 0.00022585072384076295,
    "KMF": 0.0020304774069951526,
    "CDF": 0.00031952556333115687,
    "CRC": 0.0017295976248207913,
    "HRK": null,
    "CUP": 0.03815482647179007,
    "CZK": null,
    "DKK": 0.13401125158468305,
    "DJF": 0.005142454590336393,
    "DOP": 0.015336790223355717,
    "EGP": 0.01853086644813205,
    "ERN": null,
    "ETB": 0.008880264738878648,
    "EUR": 1
  }
}