{
  "meta": {
    "code": "EUR",
    "createdAt": "2024-08-05T18:35:55Z"
  },
  "data": {
    "FJD": 0.40466284480000003,
    "GMD": 0.013134532179999998,
    "GEL": 0.3387489587,
    "GHS": 0.05870417945,
    "GIP": null,
    "GTQ": 0.11791995470000001,
    "GNF": 0.0001058683629,
    "GYD": 0.004374003844,
    "HTG": 0.006922472001,
    "HNL": 0.036799010019999995,
    "HKD": 0.11722363270000001,
    "HUF": 0.00252094,
    "ISK": 0.006644708086,
    "INR": null,
    "IDR": 0.000056269899999999995,
    "IRR": 0.0000216803226,
    "IQD": 0.0006968320531,
    "ILS": 0.2386223949,
    "JMD": 0.005823287408,
    "JPY": 0.0063430000000000005,
    "JOD": 1.287897161,
    "KZT": 0.001905207409,
    "KES": 0.007021922992,
    "KWD": 2.9884436,
    "KGS": 0.0108026386,
    "LAK": 0.00004112863201,
    "LBP": 0.00001019374574,
    "LSL": 0.049964422099999996,
    "LRD": 0.004673005123,
    "LYD": 0.18899585230000002,
    "MOP": 0.11401076580000001,
    "MKD": 0.01623511027,
    "MGA": 0.0001997483581,
    "MWK": 0.0005267455234,
    "MYR": 0.2062076,
    "MVR": 0.059432861049999994,
    "MRU": 0.02296477923,
    "MUR": 0.01968263435,
    "MXN": 0.046942,
    "MDL": 0.051776852,
    "MNT": null,
    "MAD": 0.09270806011999999,
    "MZN": 0.01429827079,
    "MMK": 0.0002810644154,
    "NAD": 0.049964422099999996,
    "NPR": 0.0067938897759999995,
    "ANG": 0.507102598,
    "TWD": 0.02791364,
    "NZD": 0.541885,
    "NIO": 0.024758610719999997,
    "NGN": 0.0005724776652000001,
    "KPW": null,
    "NOK": 0.08271596,
    "OMR": 2.371236504,
    "PKR": 0.003271863716,
    "PAB": 0.9138687406,
    "PGK": 0.23560458580000002,
    "PYG": 0.0001205528879,
    "PEN": 0.2441591405,
    "PHP": 0.01575987143,
    "PLN": 0.23260499999999998,
    "QAR": 0.25074866690000003,
    "RON": 0.20093572040000002,
    "RUB": 0.01075513,
    "RWF": 0.0006928652726000001,
    "SHP": 1.1695434200000001,
    "WST": null,
    "STN": null,
    "SAR": 0.2431639788,
    "RSD": 0.008545328516,
    "SCR": 0.0671194597,
    "SLL": 0.00004746769265,
    "SGD": 0.689175,
    "SBD": 0.10753373000000001,
    "SOS": 0.001598686437,
    "ZAR": 0.049327,
    "KRW": 0.000667098,
    "SSP": null,
    "LKR": 0.0030394043639999997,
    "SDG": 0.001517622527,
    "SRD": 0.031823806819999995,
    "SZL": 0.049964422099999996,
    "SEK": 0.08643100000000001,
    "CHF": 1.072064,
    "SYP": null,
    "TJS": 0.08658408722,
    "TZS": 0.0003371302931,
    "THB": 0.02575397,
    "TOP": 0.38376214000000003,
    "TTD": 0.1349327401,
    "TND": 0.2937113132,
    "TRY": 0.02738,
    "TMT": 0.261294184,
    "UGX": 0.0002448809584,
    "UAH": 0.022178585339999998,
    "AED": 0.2485298024,
    "GBP": 1.165211946,
    "USD": 0.9128499999999999,
    "UYU": 0.02256108775,
    "UZS": 0.00007253476341,
    "VUV": null,
    "VES": 0.024934123479999997,
    "VND": 0.0000363704,
    "XOF": 0.0015151036999999999,
    "YER": 0.003646312686,
    "ZMW": 0.035286517989999995,
    "ZWL": null,
    "AFN": 0.013039407697944727,
    "ALL": 0.009955917744940347,
    "DZD": 0.006779554488315678,
    "AOA": 0.001038996629318305,
    "ARS": 0.0009765758516229715,
    "AMD": 0.0023538050927230155,
    "AWG": 0.5063847649687273,
    "AUD": 0.5931761021211978,
    "AZN": 0.53691678756243,
    "BSD": 0.9132920842284502,
    "BHD": 2.421351676080853,
    "BDT": 0.007772708952452272,
    "BBD": 0.4523123033811138,
    "BYN": 0.2791068112248221,
    "BZD": 0.45307049569723906,
    "BMD": 0.912758538856131,
    "BTN": 0.010867684207895582,
    "BOB": 0.13218287579647436,
    "BAM": 0.5112810552643421,
    "BWP": 0.06712968814123327,
    "BRL": 0.1596169193934557,
    "BND": 0.6911551793496544,
    "BGN": 0.5114686965964504,
    "BIF": 0.00031585935174732293,
    "CVE": 0.009051398379273804,
    "KHR": 0.0002220465887982883,
    "XAF": 0.001524434523148137,
    "CAD": 0.6600744991235227,
    "KYD": 1.0959705311489323,
    "CLP": 0.0009569990323285146,
    "CNY": 0.1280232858994257,
    "COP": 0.00021900996318372436,
    "KMF": 0.00202289978182773,
    "CDF": 0.000318615541553146,
    "CRC": 0.0017451209938665658,
    "HRK": null,
    "CUP": 0.03805580368563251,
    "CZK": 0.039545705781300663,
    "DKK": 0.13400974744421817,
    "DJF": 0.005136357903160946,
    "DOP": 0.015315998767613474,
    "EGP": 0.01853326091760633,
    "ERN": null,
    "ETB": 0.011333211577996934,
    "EUR": 1
  }
}