{
  "meta": {
    "code": "EUR",
    "createdAt": "2024-08-22T09:04:11Z"
  },
  "data": {
    "FJD": 0.40589192030000004,
    "GMD": 0.01291776959,
    "GEL": null,
    "GHS": 0.057560228369999994,
    "GIP": null,
    "GTQ": 0.1162296701,
    "GNF": 0.00010436948130000001,
    "GYD": 0.004308082371,
    "HTG": 0.006826495884,
    "HNL": 0.036318419799999994,
    "HKD": 0.1151782741,
    "HUF": 0.00253839,
    "ISK": 0.0065661157,
    "INR": 0.01069346326,
    "IDR": 0.00005730786101,
    "IRR": null,
    "IQD": 0.0006870344601,
    "ILS": 0.2413275,
    "JMD": 0.005730477263,
    "JPY": 0.0061660000000000005,
    "JOD": 1.2668213190000002,
    "KZT": 0.001881913574,
    "KES": 0.006959573567,
    "KWD": 2.939338214,
    "KGS": 0.01048705172,
    "LAK": 0.00004068797531,
    "LBP": 0.00001004549592,
    "LSL": 0.05053872371,
    "LRD": 0.004610284,
    "LYD": 0.18822843590000002,
    "MOP": 0.1121182637,
    "MKD": 0.016252637759999997,
    "MGA": 0.0001971780955,
    "MWK": 0.0005187824586000001,
    "MYR": 0.204973832,
    "MVR": 0.058338069299999996,
    "MRU": 0.02272864736,
    "MUR": 0.0194796631,
    "MXN": null,
    "MDL": 0.05152388115,
    "MNT": null,
    "MAD": 0.09293098224,
    "MZN": 0.014050173639999998,
    "MMK": 0.0002764259365,
    "NAD": 0.05053237637,
    "NPR": 0.006702228973,
    "ANG": 0.49945216000000003,
    "TWD": 0.028082113279999998,
    "NZD": null,
    "NIO": 0.024443785699999998,
    "NGN": 0.0005706127538,
    "KPW": null,
    "NOK": 0.08527102,
    "OMR": 2.332347571,
    "PKR": 0.003219218199,
    "PAB": 0.9000994897000001,
    "PGK": 0.2280671066,
    "PYG": 0.00011866015360000001,
    "PEN": 0.239974878,
    "PHP": null,
    "PLN": 0.2334241,
    "QAR": 0.2467403433,
    "RON": 0.2009548974,
    "RUB": null,
    "RWF": 0.0006659205321,
    "SHP": 1.1746170040000001,
    "WST": null,
    "STN": null,
    "SAR": 0.23926729770000002,
    "RSD": 0.008544474187,
    "SCR": 0.06558851811,
    "SLL": 0.00004746769265,
    "SGD": 0.6865900566,
    "SBD": 0.10504084500000001,
    "SOS": 0.001580301806,
    "ZAR": 0.05002906912,
    "KRW": 0.0006712763582,
    "SSP": null,
    "LKR": 0.00299565896,
    "SDG": 0.001492576809,
    "SRD": null,
    "SZL": 0.05051381915,
    "SEK": 0.08788578,
    "CHF": 1.055070647,
    "SYP": null,
    "TJS": 0.08447757335,
    "TZS": 0.0003312859778,
    "THB": 0.02612498687,
    "TOP": 0.3823666315,
    "TTD": 0.132692623,
    "TND": 0.2951105392,
    "TRY": 0.026445,
    "TMT": null,
    "UGX": 0.00024189793350000002,
    "UAH": 0.02175964197,
    "AED": 0.24443821610000002,
    "GBP": 1.177260981,
    "USD": 0.8977849999999999,
    "UYU": 0.02229200155,
    "UZS": 0.00007126132526,
    "VUV": null,
    "VES": 0.02452790815,
    "VND": 0.00003597262893,
    "XOF": 0.001525677873,
    "YER": 0.0035861366439999998,
    "ZMW": 0.03466600162,
    "ZWL": null,
    "AFN": 0.012717676832905412,
    "ALL": 0.010034605252372266,
    "DZD": 0.006706758367073911,
    "AOA": 0.0009968574100055298,
    "ARS": 0.0009509216128298862,
    "AMD": 0.0023184682398934005,
    "AWG": 0.49870560959030835,
    "AUD": 0.6054293501951122,
    "AZN": 0.5280412336838559,
    "BSD": 0.899461375364698,
    "BHD": 2.38228841423922,
    "BDT": 0.007543547621789267,
    "BBD": 0.44548212754526983,
    "BYN": 0.2748487691852834,
    "BZD": 0.4462370566437215,
    "BMD": 0.897670097262555,
    "BTN": 0.010720699310238278,
    "BOB": 0.13018435793444455,
    "BAM": 0.511671361916585,
    "BWP": 0.06755219894023151,
    "BRL": 0.16369788597772095,
    "BND": 0.6882569182026516,
    "BGN": 0.5115978762765877,
    "BIF": 0.0003116267329831789,
    "CVE": 0.009074962863164723,
    "KHR": 0.0002200999339935485,
    "XAF": 0.001525482364399735,
    "CAD": 0.6610869211693974,
    "KYD": null,
    "CLP": 0.000979903608626248,
    "CNY": 0.12573995283985256,
    "COP": 0.0002229128624938056,
    "KMF": null,
    "CDF": 0.00031212451226097186,
    "CRC": 0.0017288523372807015,
    "HRK": null,
    "CUP": null,
    "CZK": 0.03987701927256341,
    "DKK": 0.13400020770032195,
    "DJF": 0.005050984728239078,
    "DOP": 0.015054306776044147,
    "EGP": 0.018398925502750636,
    "ERN": null,
    "ETB": 0.008245718071167963,
    "EUR": 1
  }
}