{
  "meta": {
    "code": "EUR",
    "createdAt": "2024-08-21T14:34:28Z"
  },
  "data": {
    "FJD": 0.406227277,
    "GMD": 0.012945683259999998,
    "GEL": 0.33327262550000003,
    "GHS": 0.05756397903,
    "GIP": null,
    "GTQ": 0.116155847,
    "GNF": 0.0001042554994,
    "GYD": 0.004305192222,
    "HTG": 0.006821181413,
    "HNL": 0.036252124569999995,
    "HKD": 0.11544549999999999,
    "HUF": 0.002550090567,
    "ISK": 0.006557762356,
    "INR": 0.010723228449999999,
    "IDR": 0.00005799366429,
    "IRR": 0.0000213686019,
    "IQD": 0.0006868129693,
    "ILS": null,
    "JMD": 0.005726837798,
    "JPY": null,
    "JOD": 1.26955876,
    "KZT": 0.001880735655,
    "KES": 0.006974612327,
    "KWD": 2.940277007,
    "KGS": 0.01050971291,
    "LAK": 0.00004066553662,
    "LBP": 0.0000100415734,
    "LSL": 0.0504330151,
    "LRD": 0.004605210922,
    "LYD": 0.188621588,
    "MOP": null,
    "MKD": null,
    "MGA": 0.0001953800163,
    "MWK": 0.0005184240822,
    "MYR": null,
    "MVR": 0.058391324749999994,
    "MRU": 0.02263174383,
    "MUR": 0.019526002889999998,
    "MXN": 0.046812241879999994,
    "MDL": 0.05185565037,
    "MNT": null,
    "MAD": 0.09281256293,
    "MZN": 0.0140870663,
    "MMK": 0.0002770232581,
    "NAD": 0.0504330151,
    "NPR": 0.00669791189,
    "ANG": 0.4991350399,
    "TWD": 0.02819456536,
    "NZD": 0.5530249685,
    "NIO": 0.02441587511,
    "NGN": 0.0005710219337,
    "KPW": null,
    "NOK": 0.08550806455,
    "OMR": 2.3372867100000003,
    "PKR": 0.003229740583,
    "PAB": 0.8994432961000001,
    "PGK": 0.22803248510000002,
    "PYG": 0.0001185858243,
    "PEN": 0.2403753625,
    "PHP": 0.01594848036,
    "PLN": 0.2336135962,
    "QAR": 0.2471262961,
    "RON": 0.200939363,
    "RUB": 0.009832358000000001,
    "RWF": 0.0006831624881,
    "SHP": 1.172296688,
    "WST": null,
    "STN": null,
    "SAR": null,
    "RSD": null,
    "SCR": 0.06634529861999999,
    "SLL": 0.00004746769265,
    "SGD": 0.6882420295,
    "SBD": 0.1057176875,
    "SOS": 0.001575700448,
    "ZAR": 0.05024036091,
    "KRW": 0.0006732894,
    "SSP": null,
    "LKR": 0.002993514635,
    "SDG": 0.001495802079,
    "SRD": 0.031210107959999997,
    "SZL": null,
    "SEK": 0.08794106489999999,
    "CHF": 1.0529499660000001,
    "SYP": null,
    "TJS": 0.08442240238,
    "TZS": 0.0003324396601,
    "THB": 0.026241766229999998,
    "TOP": 0.38292296000000003,
    "TTD": 0.13260713870000002,
    "TND": 0.2947985851,
    "TRY": 0.026528391619999998,
    "TMT": 0.256800859,
    "UGX": 0.00024173343440000002,
    "UAH": null,
    "AED": 0.2449564293,
    "GBP": 1.174869902,
    "USD": 0.899725,
    "UYU": 0.02234017175,
    "UZS": 0.00007118077527,
    "VUV": null,
    "VES": 0.024557287589999997,
    "VND": 0.000036053499999999996,
    "XOF": 0.001498293058,
    "YER": 0.003593525042,
    "ZMW": 0.03464367719,
    "ZWL": null,
    "AFN": 0.0128516500619064,
    "ALL": 0.010022454370916308,
    "DZD": 0.0067173082294985816,
    "AOA": 0.0010028186838471928,
    "ARS": 0.0009527172996964372,
    "AMD": 0.0023164473799013353,
    "AWG": 0.49978639129635993,
    "AUD": 0.6066064102883698,
    "AZN": 0.5291855907843811,
    "BSD": 0.8989242321116611,
    "BHD": 2.3875146081036305,
    "BDT": 0.007538231016805645,
    "BBD": 0.445219983026656,
    "BYN": 0.27467842152898353,
    "BZD": null,
    "BMD": 0.899615504333448,
    "BTN": 0.010714055231233711,
    "BOB": 0.1300902394297002,
    "BAM": 0.5113107681375396,
    "BWP": 0.06750971087866584,
    "BRL": 0.16449360108492372,
    "BND": 0.6877252819960953,
    "BGN": 0.5117194036675677,
    "BIF": 0.0003125835664813926,
    "CVE": 0.009032414191252267,
    "KHR": 0.00021942157401188433,
    "XAF": 0.001524531201220671,
    "CAD": 0.6615669093430373,
    "KYD": 1.078671143980765,
    "CLP": 0.0009784206708657371,
    "CNY": 0.12595886183572447,
    "COP": 0.00022449460455156316,
    "KMF": 0.002031910679726089,
    "CDF": null,
    "CRC": 0.0017278291415834075,
    "HRK": null,
    "CUP": 0.03745452406991899,
    "CZK": null,
    "DKK": 0.13398373859890933,
    "DJF": 0.005048085780889942,
    "DOP": 0.015025109869707317,
    "EGP": 0.01843867435669208,
    "ERN": null,
    "ETB": 0.008152500710908252,
    "EUR": 1
  }
}