{
  "meta": {
    "code": "EUR",
    "createdAt": "2024-07-30T18:04:33Z"
  },
  "data": {
    "FJD": null,
    "GMD": null,
    "GEL": 0.3406753577,
    "GHS": 0.05950965218,
    "GIP": null,
    "GTQ": 0.11934628060000001,
    "GNF": 0.00010731418080000001,
    "GYD": 0.004427283448,
    "HTG": 0.007003739949,
    "HNL": 0.03729497173,
    "HKD": 0.11836949999999999,
    "HUF": 0.0025296755789999997,
    "ISK": 0.00668870236,
    "INR": 0.01104502669,
    "IDR": null,
    "IRR": 0.00002197018434,
    "IQD": 0.0007059389233000001,
    "ILS": null,
    "JMD": 0.005916469629,
    "JPY": 0.006038628444,
    "JOD": 1.304912668,
    "KZT": 0.001946636006,
    "KES": 0.00714115828,
    "KWD": null,
    "KGS": 0.01100535456,
    "LAK": 0.00004166614045,
    "LBP": 0.00001032120509,
    "LSL": 0.050096423839999994,
    "LRD": 0.004730455925,
    "LYD": 0.1912678361,
    "MOP": 0.1149419234,
    "MKD": 0.01625689257,
    "MGA": 0.0002030252394,
    "MWK": 0.0005328608438,
    "MYR": 0.1994167,
    "MVR": 0.06018974093999999,
    "MRU": 0.023256128839999998,
    "MUR": 0.01983290586,
    "MXN": 0.04928028699,
    "MDL": 0.052388787,
    "MNT": null,
    "MAD": 0.09335553297999999,
    "MZN": 0.01448513431,
    "MMK": 0.00028473763500000003,
    "NAD": 0.050096423839999994,
    "NPR": 0.006902209277,
    "ANG": 0.5132878566,
    "TWD": 0.02814682,
    "NZD": 0.5455832088,
    "NIO": 0.02507877959,
    "NGN": 0.0005630319578,
    "KPW": null,
    "NOK": 0.0843584,
    "OMR": 2.402340771,
    "PKR": 0.0033205744379999997,
    "PAB": 0.9249742038000001,
    "PGK": 0.2393322964,
    "PYG": 0.0001222675682,
    "PEN": 0.2474327681,
    "PHP": 0.0157866142,
    "PLN": 0.2331,
    "QAR": 0.2539907345,
    "RON": 0.20098669130000002,
    "RUB": 0.0107782739,
    "RWF": 0.0007019203010000001,
    "SHP": 1.1880186270000002,
    "WST": null,
    "STN": null,
    "SAR": 0.2465024301,
    "RSD": 0.00854252874,
    "SCR": 0.06966149491,
    "SLL": 0.00004746769265,
    "SGD": 0.6887242,
    "SBD": null,
    "SOS": 0.0016195796059999999,
    "ZAR": null,
    "KRW": 0.0006680443,
    "SSP": null,
    "LKR": 0.003058437964,
    "SDG": 0.001542585475,
    "SRD": 0.031892813869999995,
    "SZL": null,
    "SEK": 0.08578,
    "CHF": 1.046219335,
    "SYP": null,
    "TJS": 0.08737945666,
    "TZS": 0.0003418779971,
    "THB": 0.02577424745,
    "TOP": 0.387760254,
    "TTD": 0.1364440757,
    "TND": 0.2974053639,
    "TRY": 0.027955,
    "TMT": 0.2647090272,
    "UGX": null,
    "UAH": null,
    "AED": 0.2517744067,
    "GBP": 1.186557474,
    "USD": 0.9247799999999999,
    "UYU": null,
    "UZS": 0.00007345353403,
    "VUV": null,
    "VES": 0.02529159,
    "VND": 0.00003656709589,
    "XOF": 0.001532361199,
    "YER": 0.003694043882,
    "ZMW": 0.03498423319,
    "ZWL": null,
    "AFN": 0.013025169968699214,
    "ALL": 0.00997290054758594,
    "DZD": 0.006864660023892133,
    "AOA": 0.0010575037939138299,
    "ARS": 0.0009919991794182788,
    "AMD": 0.0023811397800546997,
    "AWG": 0.5137705932098023,
    "AUD": 0.604688934080276,
    "AZN": 0.5439923928103789,
    "BSD": 0.9244625821209124,
    "BHD": 2.453532182891476,
    "BDT": 0.00786773603088503,
    "BBD": null,
    "BYN": 0.28248615356406404,
    "BZD": 0.45862432987825125,
    "BMD": 0.9247870677776441,
    "BTN": 0.011042132123913747,
    "BOB": 0.13378281222371383,
    "BAM": 0.5120515225094954,
    "BWP": 0.06804117459969608,
    "BRL": 0.16439197720694054,
    "BND": null,
    "BGN": 0.5111862626596895,
    "BIF": 0.0003213856013128216,
    "CVE": 0.009044372301003856,
    "KHR": null,
    "XAF": 0.001526774091249007,
    "CAD": 0.6677669195092653,
    "KYD": 1.1093245354419603,
    "CLP": 0.000967593400533082,
    "CNY": 0.12753045132422866,
    "COP": null,
    "KMF": 0.002030267986339504,
    "CDF": 0.00032222307525411013,
    "CRC": 0.001746892493645649,
    "HRK": null,
    "CUP": 0.03851809342256802,
    "CZK": 0.039325866124240695,
    "DKK": 0.13399273922342178,
    "DJF": 0.005203618432239727,
    "DOP": 0.015808325944916993,
    "EGP": null,
    "ERN": null,
    "ETB": 0.01606928006564108,
    "EUR": 1
  }
}