{
  "meta": {
    "code": "EUR",
    "createdAt": "2024-08-20T17:04:13Z"
  },
  "data": {
    "FJD": 0.40627919970000004,
    "GMD": 0.01285485688,
    "GEL": 0.33455466300000003,
    "GHS": 0.057571336669999994,
    "GIP": null,
    "GTQ": 0.1165491664,
    "GNF": 0.0001042567401,
    "GYD": null,
    "HTG": 0.006846864563,
    "HNL": 0.036417757579999994,
    "HKD": 0.11554149999999999,
    "HUF": 0.002545456,
    "ISK": 0.006573933282,
    "INR": 0.01074392,
    "IDR": 0.0000583263,
    "IRR": 0.00002137767974,
    "IQD": 0.0006889534976,
    "ILS": 0.2434750538,
    "JMD": 0.005746191073,
    "JPY": 0.006188891027,
    "JOD": 1.269721031,
    "KZT": 0.0018938779499999999,
    "KES": 0.006975503799,
    "KWD": 2.94466521,
    "KGS": 0.01050324112,
    "LAK": 0.00004078542796,
    "LBP": 0.00001004846378,
    "LSL": 0.050698380349999995,
    "LRD": 0.004608764518,
    "LYD": 0.1884481641,
    "MOP": 0.1124791901,
    "MKD": 0.01624113117,
    "MGA": 0.0001973987106,
    "MWK": 0.0005202362871,
    "MYR": 0.20596129999999999,
    "MVR": 0.0584367164,
    "MRU": 0.02276712719,
    "MUR": 0.019504004999999998,
    "MXN": 0.04731959,
    "MDL": 0.051386559979999996,
    "MNT": null,
    "MAD": 0.09291873817,
    "MZN": 0.014083458819999999,
    "MMK": 0.0002770586663,
    "NAD": 0.050701574779999994,
    "NPR": 0.006729906059,
    "ANG": 0.5008304276000001,
    "TWD": 0.028181170000000002,
    "NZD": 0.5527222208,
    "NIO": 0.024412370349999997,
    "NGN": 0.0005713269796,
    "KPW": null,
    "NOK": 0.08564698,
    "OMR": 2.337517967,
    "PKR": 0.003230153398,
    "PAB": 0.9025773132,
    "PGK": 0.2293141008,
    "PYG": 0.0001189182652,
    "PEN": 0.24019753060000001,
    "PHP": 0.01594669452,
    "PLN": 0.23376999999999998,
    "QAR": 0.24714096600000002,
    "RON": 0.2009381413,
    "RUB": 0.009872555,
    "RWF": 0.0006683071187000001,
    "SHP": 1.16934208,
    "WST": null,
    "STN": null,
    "SAR": 0.2398048134,
    "RSD": null,
    "SCR": 0.06665481474,
    "SLL": 0.00004746769265,
    "SGD": 0.6890309738,
    "SBD": 0.106271104,
    "SOS": 0.001584921486,
    "ZAR": 0.0503405,
    "KRW": 0.0006764579,
    "SSP": null,
    "LKR": 0.00301175998,
    "SDG": 0.001495993268,
    "SRD": 0.03114279741,
    "SZL": 0.050708845489999994,
    "SEK": 0.08804291,
    "CHF": 1.0510249999999999,
    "SYP": null,
    "TJS": 0.0847148339,
    "TZS": 0.0003329884015,
    "THB": 0.02629574,
    "TOP": 0.38063232,
    "TTD": 0.1331370869,
    "TND": 0.2950298209,
    "TRY": 0.026575,
    "TMT": 0.2575702016,
    "UGX": 0.0002423280817,
    "UAH": 0.02180271827,
    "AED": 0.24498773880000002,
    "GBP": 1.171965,
    "USD": 0.89984,
    "UYU": 0.0223565248,
    "UZS": 0.00007110549177,
    "VUV": null,
    "VES": 0.024560277949999997,
    "VND": 0.00003610194073,
    "XOF": 0.001524073405,
    "YER": 0.0035943451909999998,
    "ZMW": 0.03499964573,
    "ZWL": null,
    "AFN": 0.012673787730024496,
    "ALL": 0.010028897633702292,
    "DZD": 0.006719834521548249,
    "AOA": 0.0010116233039142654,
    "ARS": 0.0009534759568604152,
    "AMD": 0.0023248383921371926,
    "AWG": 0.49956359697793334,
    "AUD": 0.606135818331785,
    "AZN": 0.5293170169598465,
    "BSD": 0.9021084535242647,
    "BHD": 2.387762830868499,
    "BDT": 0.007561036289654139,
    "BBD": 0.44676463596513283,
    "BYN": 0.2756422016896824,
    "BZD": 0.4475407852029232,
    "BMD": 0.8998389288317391,
    "BTN": 0.010765373568508535,
    "BOB": 0.13054891265137672,
    "BAM": 0.5111318480027882,
    "BWP": 0.06774798727826398,
    "BRL": 0.1641233204136172,
    "BND": 0.689571377126744,
    "BGN": 0.5110267679827519,
    "BIF": 0.000312824240859287,
    "CVE": 0.009066245606044068,
    "KHR": 0.00022052605586469695,
    "XAF": 0.0015240717359101066,
    "CAD": 0.6601793046991563,
    "KYD": 1.0824813528625665,
    "CLP": 0.0009723468323851893,
    "CNY": null,
    "COP": null,
    "KMF": 0.002022564461298582,
    "CDF": 0.0003129874535066919,
    "CRC": 0.0017405163159046227,
    "HRK": null,
    "CUP": 0.037585875244620856,
    "CZK": 0.039800995024875614,
    "DKK": null,
    "DJF": 0.005063239527524978,
    "DOP": null,
    "EGP": 0.018401124896095057,
    "ERN": null,
    "ETB": null,
    "EUR": 1
  }
}