{
  "meta": {
    "code": "EUR",
    "createdAt": "2024-07-31T14:32:52Z"
  },
  "data": {
    "FJD": 0.4088547396,
    "GMD": 0.013569337899999999,
    "GEL": 0.339914642,
    "GHS": 0.05935738859,
    "GIP": null,
    "GTQ": 0.1191316501,
    "GNF": 0.00010711493930000001,
    "GYD": 0.0044202938879999995,
    "HTG": 0.006987501088,
    "HNL": 0.03730022792,
    "HKD": 0.1181206686,
    "HUF": 0.002537467172,
    "ISK": 0.00666364547,
    "INR": 0.011025,
    "IDR": 0.00005671966013,
    "IRR": 0.00002192112572,
    "IQD": 0.0007049394042,
    "ILS": 0.2448734,
    "JMD": 0.005898231417,
    "JPY": 0.006145789393,
    "JOD": 1.301998846,
    "KZT": 0.001943758201,
    "KES": 0.007101019947,
    "KWD": 3.020380217,
    "KGS": 0.010980779999999999,
    "LAK": 0.0000416267186,
    "LBP": 0.00001030746472,
    "LSL": 0.050658677469999996,
    "LRD": 0.004603741349,
    "LYD": 0.19105007840000002,
    "MOP": 0.114765723,
    "MKD": 0.016231673329999998,
    "MGA": 0.0002025592871,
    "MWK": 0.0005323060713,
    "MYR": 0.200830396,
    "MVR": 0.060114273249999996,
    "MRU": 0.02327860372,
    "MUR": 0.0197886197,
    "MXN": 0.049424057119999996,
    "MDL": 0.05216047918,
    "MNT": null,
    "MAD": 0.09313700667,
    "MZN": 0.014441477049999998,
    "MMK": 0.0002841018262,
    "NAD": 0.050658677469999996,
    "NPR": 0.006896130158,
    "ANG": 0.5124915971,
    "TWD": 0.028237708729999998,
    "NZD": 0.5485448403000001,
    "NIO": 0.025077474449999998,
    "NGN": 0.0005554943421,
    "KPW": null,
    "NOK": null,
    "OMR": 2.397305841,
    "PKR": 0.003311419292,
    "PAB": 0.9235343709,
    "PGK": 0.2350189909,
    "PYG": 0.0001218249541,
    "PEN": 0.2475070416,
    "PHP": 0.01582076989,
    "PLN": 0.2333869185,
    "QAR": 0.2527483488,
    "RON": 0.200988088,
    "RUB": 0.01073484416,
    "RWF": 0.0007033224619000001,
    "SHP": 1.184350838,
    "WST": null,
    "STN": null,
    "SAR": 0.24593029700000002,
    "RSD": 0.008545635561,
    "SCR": 0.06822293581,
    "SLL": null,
    "SGD": 0.6903785002,
    "SBD": 0.10980308500000001,
    "SOS": 0.001621909672,
    "ZAR": 0.05072147838,
    "KRW": 0.0006732935092,
    "SSP": null,
    "LKR": 0.003051620579,
    "SDG": 0.001534023191,
    "SRD": 0.03183806885,
    "SZL": 0.05068345237,
    "SEK": 0.08634642403,
    "CHF": 1.049418532,
    "SYP": null,
    "TJS": 0.08708893278999999,
    "TZS": 0.0003417116295,
    "THB": 0.02593318188,
    "TOP": 0.38689439950000004,
    "TTD": 0.1361390319,
    "TND": 0.2965838257,
    "TRY": 0.027848655179999997,
    "TMT": 0.2633626993,
    "UGX": 0.0002480914893,
    "UAH": 0.022508838889999997,
    "AED": 0.2512156177,
    "GBP": 1.185181281,
    "USD": 0.922715,
    "UYU": 0.02291228679,
    "UZS": 0.00007360073106,
    "VUV": null,
    "VES": 0.02523308111,
    "VND": 0.00003654680344,
    "XOF": 0.0015243731609999999,
    "YER": 0.003686087718,
    "ZMW": 0.03539971184,
    "ZWL": null,
    "AFN": 0.013084633700586289,
    "ALL": 0.009969714489838778,
    "DZD": 0.0068609878409813625,
    "AOA": 0.0010512440750898387,
    "ARS": 0.000989803048989312,
    "AMD": 0.0023768788350717173,
    "AWG": 0.5124814866062963,
    "AUD": 0.6031435843616931,
    "AZN": 0.5426274564066667,
    "BSD": 0.9227945448229026,
    "BHD": 2.447437688311714,
    "BDT": 0.007853433679294208,
    "BBD": 0.45703071214804813,
    "BYN": 0.2820163309430328,
    "BZD": 0.4578050648966697,
    "BMD": 0.9224666758913335,
    "BTN": 0.011029307404750435,
    "BOB": 0.1335377187052764,
    "BAM": 0.5111275665791574,
    "BWP": 0.06819452638679792,
    "BRL": 0.16360723549497783,
    "BND": 0.6893277569419961,
    "BGN": 0.5113876852993333,
    "BIF": 0.0003205792096929048,
    "CVE": 0.009065922460806125,
    "KHR": 0.00022464345569595798,
    "XAF": 0.0015239768226759103,
    "CAD": 0.6689437024197946,
    "KYD": 1.1072921102050937,
    "CLP": 0.0009771064696755926,
    "CNY": 0.12784367479995343,
    "COP": 0.00022686656465901976,
    "KMF": 0.0020251738219348703,
    "CDF": 0.00032197789734426995,
    "CRC": 0.0017593511238596432,
    "HRK": null,
    "CUP": 0.038448591268126914,
    "CZK": 0.03934819695996539,
    "DKK": 0.1340010157276992,
    "DJF": 0.005182018594879843,
    "DOP": 0.015585645684537401,
    "EGP": 0.018988652658595437,
    "ERN": null,
    "ETB": 0.015940387333067997,
    "EUR": 1
  }
}