{
  "meta": {
    "code": "EUR",
    "createdAt": "2024-07-29T14:33:47Z"
  },
  "data": {
    "FJD": 0.4086904209,
    "GMD": 0.013660073239999999,
    "GEL": 0.34280898800000004,
    "GHS": 0.05969173219999999,
    "GIP": null,
    "GTQ": 0.1194465259,
    "GNF": 0.00010736016530000001,
    "GYD": 0.004431119819,
    "HTG": 0.007009663408,
    "HNL": 0.03738505475,
    "HKD": 0.1184872762,
    "HUF": 0.002542940757,
    "ISK": 0.0066874051289999995,
    "INR": null,
    "IDR": 0.0000568188,
    "IRR": 0.00002198004946,
    "IQD": 0.000706580612,
    "ILS": 0.24859869999999998,
    "JMD": 0.005913631137,
    "JPY": 0.006007322018,
    "JOD": null,
    "KZT": 0.0019495155109999999,
    "KES": 0.007064656408,
    "KWD": 3.025682568,
    "KGS": null,
    "LAK": 0.00004171981741,
    "LBP": 0.00001033176198,
    "LSL": 0.05037692292,
    "LRD": 0.004723764,
    "LYD": 0.1914774293,
    "MOP": 0.1150561887,
    "MKD": 0.01627669437,
    "MGA": 0.00020272318540000002,
    "MWK": 0.0005335538153,
    "MYR": null,
    "MVR": 0.060293759679999996,
    "MRU": 0.02337584332,
    "MUR": 0.01989038633,
    "MXN": 0.049590084619999995,
    "MDL": 0.05235,
    "MNT": null,
    "MAD": 0.09389235572999999,
    "MZN": 0.014484595749999999,
    "MMK": 0.0002849387659,
    "NAD": 0.05037692292,
    "NPR": 0.00690665582,
    "ANG": 0.513697949,
    "TWD": 0.02813235376,
    "NZD": 0.542215,
    "NIO": null,
    "NGN": 0.0005712777772,
    "KPW": null,
    "NOK": 0.08378595,
    "OMR": 2.404138767,
    "PKR": 0.0033222022299999997,
    "PAB": 0.9256893363,
    "PGK": 0.23580957090000002,
    "PYG": 0.0001222026681,
    "PEN": 0.2477544271,
    "PHP": 0.01579893899,
    "PLN": 0.2326340982,
    "QAR": 0.2532216,
    "RON": 0.2010232821,
    "RUB": 0.010698877419999999,
    "RWF": 0.0007002515077,
    "SHP": 1.1945504020000002,
    "WST": null,
    "STN": null,
    "SAR": 0.2467008,
    "RSD": 0.008540776431,
    "SCR": 0.06748458755,
    "SLL": 0.00004746769265,
    "SGD": 0.6883330999999999,
    "SBD": 0.10920546,
    "SOS": 0.001625651912,
    "ZAR": null,
    "KRW": 0.0006690404,
    "SSP": null,
    "LKR": 0.00305678854,
    "SDG": 0.001579300302,
    "SRD": 0.03207479118,
    "SZL": 0.05039173969,
    "SEK": 0.0852285,
    "CHF": 1.0433949999999999,
    "SYP": null,
    "TJS": 0.08717374893999999,
    "TZS": 0.00034276666630000003,
    "THB": 0.02570894578,
    "TOP": 0.38814211800000004,
    "TTD": null,
    "TND": 0.2971819288,
    "TRY": 0.028027858949999998,
    "TMT": 0.25450425,
    "UGX": 0.0002484310382,
    "UAH": 0.02255227867,
    "AED": 0.2519656857,
    "GBP": 1.18744,
    "USD": 0.9254699999999999,
    "UYU": 0.022985000000000002,
    "UZS": 0.00007343076932,
    "VUV": null,
    "VES": 0.02531373,
    "VND": 0.00003660154167,
    "XOF": 0.0015283674309999999,
    "YER": 0.003696722355,
    "ZMW": null,
    "ZWL": null,
    "AFN": 0.013077448798513032,
    "ALL": 0.01000017143393891,
    "DZD": 0.006868180143513454,
    "AOA": 0.001060517862043531,
    "ARS": 0.0009940575241208058,
    "AMD": 0.0023873237843501397,
    "AWG": 0.5141367027796286,
    "AUD": 0.6042328573298466,
    "AZN": 0.5443800382372539,
    "BSD": 0.925173139098537,
    "BHD": null,
    "BDT": 0.007873999020433578,
    "BBD": 0.45820989424162356,
    "BYN": 0.28270981773969167,
    "BZD": 0.4589966682037731,
    "BMD": 0.9254460650033316,
    "BTN": 0.011048859519997897,
    "BOB": 0.133883180667168,
    "BAM": 0.5125866975813035,
    "BWP": 0.06804570357726471,
    "BRL": 0.16360453511771347,
    "BND": 0.6885421293411572,
    "BGN": 0.5117525047634229,
    "BIF": 0.0003212550140153395,
    "CVE": 0.009091888593128643,
    "KHR": 0.00022558892136091772,
    "XAF": 0.0015283275885333274,
    "CAD": 0.667634737035368,
    "KYD": 1.1102073227855056,
    "CLP": 0.0009702421455832349,
    "CNY": 0.1274596202850044,
    "COP": 0.00022793957340508898,
    "KMF": 0.002037417722501693,
    "CDF": 0.00032301782373589236,
    "CRC": 0.001748373124776701,
    "HRK": null,
    "CUP": 0.03854945886474674,
    "CZK": null,
    "DKK": 0.1340059538845311,
    "DJF": 0.005195466265932873,
    "DOP": 0.01563014019872983,
    "EGP": 0.019144618447754336,
    "ERN": null,
    "ETB": 0.016003021040070012,
    "EUR": 1
  }
}