{
  "meta": {
    "code": "EUR",
    "createdAt": "2024-08-01T15:04:05Z"
  },
  "data": {
    "FJD": 0.4109713803,
    "GMD": 0.0133333811,
    "GEL": 0.3413438985,
    "GHS": 0.05959292542,
    "GIP": null,
    "GTQ": 0.11974235130000001,
    "GNF": 0.00010750231940000001,
    "GYD": 0.004441836964,
    "HTG": 0.0070174513619999995,
    "HNL": 0.037356124899999996,
    "HKD": 0.1185405,
    "HUF": 0.002523491,
    "ISK": 0.006672931487,
    "INR": 0.01106489,
    "IDR": 0.00005707592197,
    "IRR": 0.00002200854964,
    "IQD": 0.0007073816713,
    "ILS": 0.2443476074,
    "JMD": 0.005922845128,
    "JPY": 0.0061730000000000005,
    "JOD": 1.307579556,
    "KZT": 0.001954277529,
    "KES": 0.007183488293,
    "KWD": 3.033537645,
    "KGS": 0.011027846519999999,
    "LAK": 0.00004174189185,
    "LBP": 0.00001034807292,
    "LSL": 0.05080427594,
    "LRD": 0.004742515432,
    "LYD": 0.1916587358,
    "MOP": 0.11527663590000001,
    "MKD": 0.01623935428,
    "MGA": 0.00020299452310000002,
    "MWK": 0.0005339498672,
    "MYR": 0.20297969999999999,
    "MVR": 0.06033263882,
    "MRU": 0.02328316569,
    "MUR": 0.019877701629999998,
    "MXN": 0.049835087539999996,
    "MDL": 0.05264,
    "MNT": null,
    "MAD": 0.09326857562999999,
    "MZN": 0.014508946319999999,
    "MMK": 0.00028531956160000004,
    "NAD": 0.05083214461,
    "NPR": 0.006925688792,
    "ANG": 0.5149701644,
    "TWD": 0.02827857,
    "NZD": 0.552265,
    "NIO": 0.02512662646,
    "NGN": 0.0005578753375000001,
    "KPW": null,
    "NOK": 0.08507293935,
    "OMR": 2.407220852,
    "PKR": 0.003321397765,
    "PAB": 0.9280238648,
    "PGK": 0.2357938873,
    "PYG": 0.00012239976290000001,
    "PEN": 0.24807120840000002,
    "PHP": 0.01592134893,
    "PLN": 0.23277023730000002,
    "QAR": 0.2545448509,
    "RON": 0.2010045457,
    "RUB": 0.01082265,
    "RWF": 0.0007033548361,
    "SHP": 1.1884079410000001,
    "WST": null,
    "STN": null,
    "SAR": 0.2469393366,
    "RSD": 0.008545935703,
    "SCR": 0.06342710408999999,
    "SLL": 0.00004746769265,
    "SGD": 0.6935841388,
    "SBD": 0.109810395,
    "SOS": 0.001622889588,
    "ZAR": 0.051056000000000004,
    "KRW": 0.0006782526,
    "SSP": null,
    "LKR": 0.003064350442,
    "SDG": 0.001540598419,
    "SRD": 0.03214702,
    "SZL": 0.050860043859999995,
    "SEK": 0.0866234,
    "CHF": 1.059960359,
    "SYP": null,
    "TJS": 0.08751006290999999,
    "TZS": 0.00034361498130000003,
    "THB": 0.026100806839999997,
    "TOP": 0.389479401,
    "TTD": 0.1370211328,
    "TND": 0.2984451935,
    "TRY": 0.028015,
    "TMT": 0.2652500208,
    "UGX": 0.0002483534906,
    "UAH": 0.02253171231,
    "AED": 0.2522923941,
    "GBP": 1.18517,
    "USD": 0.92667,
    "UYU": 0.022999949399999997,
    "UZS": 0.00007365630656,
    "VUV": null,
    "VES": 0.02532535,
    "VND": 0.00003669983868,
    "XOF": 0.0015342218179999999,
    "YER": 0.0037015156679999998,
    "ZMW": 0.03584468907,
    "ZWL": null,
    "AFN": 0.0130481692479077,
    "ALL": 0.009988355974139588,
    "DZD": 0.006891724133170517,
    "AOA": 0.0010533485123381998,
    "ARS": 0.0009935029240440271,
    "AMD": 0.00238872706249054,
    "AWG": 0.5143206199036483,
    "AUD": 0.6046745190892939,
    "AZN": 0.5449529509420274,
    "BSD": 0.9271888421212054,
    "BHD": 2.457673475531096,
    "BDT": 0.0078912020342231,
    "BBD": 0.4592298632073407,
    "BYN": 0.28333469434570435,
    "BZD": 0.45976704285313386,
    "BMD": 0.9264200166014466,
    "BTN": 0.011071937555278405,
    "BOB": 0.1341873226563151,
    "BAM": 0.5112859729249095,
    "BWP": 0.06843037645405235,
    "BRL": 0.16360040558791686,
    "BND": 0.6922819532114194,
    "BGN": 0.5117678184903498,
    "BIF": 0.00032184124252264954,
    "CVE": 0.009051535479352045,
    "KHR": 0.00022559974305380432,
    "XAF": 0.0015248292675849168,
    "CAD": 0.6697390463204503,
    "KYD": 1.1123147388566434,
    "CLP": null,
    "CNY": 0.12793248439895336,
    "COP": 0.00022862037057523965,
    "KMF": null,
    "CDF": 0.0003234383750397819,
    "CRC": 0.0017743877675203473,
    "HRK": null,
    "CUP": 0.03862299240379439,
    "CZK": 0.039416859273963316,
    "DKK": 0.13403935827326482,
    "DJF": 0.005208405974320407,
    "DOP": null,
    "EGP": 0.019031726247544598,
    "ERN": null,
    "ETB": 0.01600837905197523,
    "EUR": 1
  }
}