{
  "meta": {
    "code": "EUR",
    "createdAt": "2024-08-15T14:33:32Z"
  },
  "data": {
    "FJD": 0.4068290061,
    "GMD": 0.01301957116,
    "GEL": 0.338841442,
    "GHS": 0.058428140309999994,
    "GIP": null,
    "GTQ": 0.1177589379,
    "GNF": 0.0001057262109,
    "GYD": 0.00436546959,
    "HTG": null,
    "HNL": null,
    "HKD": 0.11690088300000001,
    "HUF": 0.00253097,
    "ISK": 0.006566066235,
    "INR": 0.01085577,
    "IDR": 0.000057881,
    "IRR": 0.00002164517238,
    "IQD": 0.0006961188967,
    "ILS": 0.2468375,
    "JMD": 0.00580232733,
    "JPY": 0.006119,
    "JOD": 1.2859904610000001,
    "KZT": 0.00190250857,
    "KES": 0.006998728298,
    "KWD": 2.97759252,
    "KGS": 0.010634422,
    "LAK": 0.00004128442304,
    "LBP": 0.0000101785447,
    "LSL": 0.050654719259999995,
    "LRD": 0.0046742412,
    "LYD": 0.1901136958,
    "MOP": 0.1136138448,
    "MKD": 0.016230515419999998,
    "MGA": null,
    "MWK": 0.000525646318,
    "MYR": 0.20478839999999998,
    "MVR": 0.059185488779999997,
    "MRU": 0.02302343996,
    "MUR": 0.01973587228,
    "MXN": 0.048842141039999995,
    "MDL": 0.052225,
    "MNT": null,
    "MAD": 0.09340512650999999,
    "MZN": null,
    "MMK": 0.0002806087268,
    "NAD": 0.050654719259999995,
    "NPR": 0.006786702624,
    "ANG": 0.50608048,
    "TWD": 0.02815223,
    "NZD": 0.54716,
    "NIO": 0.02476490307,
    "NGN": 0.0005732283351,
    "KPW": null,
    "NOK": 0.08514189,
    "OMR": 2.367760221,
    "PKR": 0.003271527572,
    "PAB": 0.91196877,
    "PGK": 0.231317736,
    "PYG": 0.0001204779191,
    "PEN": 0.24390165960000001,
    "PHP": 0.01591913674,
    "PLN": 0.23339,
    "QAR": null,
    "RON": 0.20098160080000002,
    "RUB": 0.01029763,
    "RWF": 0.0006905645523000001,
    "SHP": null,
    "WST": null,
    "STN": null,
    "SAR": 0.242870727,
    "RSD": 0.008544948158999999,
    "SCR": 0.06721649032999999,
    "SLL": 0.00004746769265,
    "SGD": 0.6899799999999999,
    "SBD": null,
    "SOS": 0.001601449338,
    "ZAR": 0.050521,
    "KRW": 0.0006681735,
    "SSP": null,
    "LKR": 0.003049250809,
    "SDG": 0.001515162012,
    "SRD": 0.03174454364,
    "SZL": 0.05063720273,
    "SEK": 0.08674043000000001,
    "CHF": 1.045828,
    "SYP": null,
    "TJS": null,
    "TZS": null,
    "THB": 0.025949780000000002,
    "TOP": 0.38459814000000003,
    "TTD": 0.1342197383,
    "TND": 0.29705709610000003,
    "TRY": 0.027108700649999998,
    "TMT": 0.2601245924,
    "UGX": 0.0002448022754,
    "UAH": 0.02216249515,
    "AED": 0.24812687120000002,
    "GBP": 1.17065,
    "USD": 0.91137,
    "UYU": 0.022629317099999997,
    "UZS": 0.00007221076148,
    "VUV": null,
    "VES": 0.02492634,
    "VND": 0.00003638927249,
    "XOF": null,
    "YER": 0.003640035475,
    "ZMW": 0.03469054261,
    "ZWL": null,
    "AFN": 0.012850900780478293,
    "ALL": 0.010048331548291111,
    "DZD": 0.006777144660839247,
    "AOA": 0.0010355425059328646,
    "ARS": 0.0009684807926046806,
    "AMD": 0.0023472422154152623,
    "AWG": 0.506300145865072,
    "AUD": 0.6036132287875221,
    "AZN": 0.5360825073865468,
    "BSD": 0.9114685975616051,
    "BHD": 2.417673312215721,
    "BDT": 0.007757097416398639,
    "BBD": 0.45141285676423715,
    "BYN": 0.2785098661816519,
    "BZD": 0.4521817750297003,
    "BMD": 0.9113402625571296,
    "BTN": 0.010856920997016956,
    "BOB": 0.13190416630638527,
    "BAM": 0.5131122816205674,
    "BWP": 0.06790222920981429,
    "BRL": 0.16687240448852256,
    "BND": 0.6917534930921008,
    "BGN": 0.5114343787805549,
    "BIF": 0.000316097128224147,
    "CVE": 0.009101125211517772,
    "KHR": 0.0002226102364649923,
    "XAF": 0.0015298667777369124,
    "CAD": 0.6647168306301515,
    "KYD": 1.0937623168745403,
    "CLP": 0.0009766173679659953,
    "CNY": 0.12741431005405934,
    "COP": 0.00022689006850911133,
    "KMF": 0.0020390206122609727,
    "CDF": 0.00031742955853609534,
    "CRC": 0.0017329079234770016,
    "HRK": null,
    "CUP": null,
    "CZK": 0.03966315283709199,
    "DKK": 0.13403955008442248,
    "DJF": 0.005118468598746406,
    "DOP": 0.01524681011727578,
    "EGP": 0.018636897329332613,
    "ERN": null,
    "ETB": 0.008266469737974907,
    "EUR": 1
  }
}