{
  "meta": {
    "code": "EUR",
    "createdAt": "2024-07-25T16:36:24Z"
  },
  "data": {
    "FJD": 0.4077063547,
    "GMD": 0.013585466559999999,
    "GEL": 0.3398036199,
    "GHS": 0.05936524771,
    "GIP": null,
    "GTQ": 0.1187517059,
    "GNF": 0.0001069091392,
    "GYD": 0.0044083650069999996,
    "HTG": 0.006974429087,
    "HNL": 0.03719106229,
    "HKD": 0.1179543321,
    "HUF": 0.002548037445,
    "ISK": 0.006689102765,
    "INR": 0.01099139219,
    "IDR": 0.00005642672074,
    "IRR": 0.0000218745616,
    "IQD": 0.0007028664042,
    "ILS": 0.2510332988,
    "JMD": 0.005881843709,
    "JPY": 0.005970167133,
    "JOD": 1.299233184,
    "KZT": 0.001938849456,
    "KES": 0.006922969839,
    "KWD": 3.0106662830000004,
    "KGS": 0.010935332019999999,
    "LAK": 0.00004151097774,
    "LBP": 0.00001027628321,
    "LSL": 0.050177383449999995,
    "LRD": 0.0047128522409999995,
    "LYD": 0.1902386361,
    "MOP": 0.1145693604,
    "MKD": 0.01621881389,
    "MGA": 0.0002026532034,
    "MWK": 0.0005305416275,
    "MYR": 0.1970583277,
    "MVR": 0.059986580549999995,
    "MRU": 0.023163647149999998,
    "MUR": 0.019683237439999998,
    "MXN": 0.05018897391,
    "MDL": 0.051789126399999996,
    "MNT": null,
    "MAD": null,
    "MZN": 0.014410800949999998,
    "MMK": 0.0002834983467,
    "NAD": 0.050177383449999995,
    "NPR": 0.006874562158,
    "ANG": 0.511132554,
    "TWD": 0.028122822529999997,
    "NZD": 0.5435216765,
    "NIO": 0.025015882099999998,
    "NGN": 0.0005811929861000001,
    "KPW": null,
    "NOK": 0.08364690873,
    "OMR": 2.391754108,
    "PKR": 0.003306122015,
    "PAB": 0.9210358302,
    "PGK": 0.23810834790000002,
    "PYG": 0.0001214127799,
    "PEN": 0.24493049790000002,
    "PHP": 0.01572880649,
    "PLN": 0.233319317,
    "QAR": 0.2529199811,
    "RON": 0.2012450007,
    "RUB": 0.01083182,
    "RWF": 0.0006986001504,
    "SHP": 1.188464516,
    "WST": null,
    "STN": null,
    "SAR": 0.2454290315,
    "RSD": 0.008541722687,
    "SCR": 0.06689573271,
    "SLL": 0.00004746769265,
    "SGD": 0.68569785,
    "SBD": 0.10864909,
    "SOS": 0.001612530569,
    "ZAR": 0.0502275,
    "KRW": 0.0006667885808,
    "SSP": null,
    "LKR": 0.003034465959,
    "SDG": 0.001571254227,
    "SRD": 0.03181819722,
    "SZL": 0.050122754129999995,
    "SEK": 0.08527144281,
    "CHF": 1.045119536,
    "SYP": null,
    "TJS": 0.08669466301999999,
    "TZS": 0.00034232151650000003,
    "THB": 0.02541700902,
    "TOP": 0.3873616285,
    "TTD": 0.1354923208,
    "TND": 0.2966351266,
    "TRY": null,
    "TMT": 0.253207625,
    "UGX": 0.00024638740850000003,
    "UAH": 0.02233695463,
    "AED": 0.250681994,
    "GBP": 1.186222477,
    "USD": 0.920755,
    "UYU": 0.022876157969999998,
    "UZS": 0.00007291854769,
    "VUV": null,
    "VES": 0.025217997029999998,
    "VND": 0.00003630748738,
    "XOF": 0.001522931532,
    "YER": 0.003677888632,
    "ZMW": 0.035258563289999996,
    "ZWL": null,
    "AFN": 0.012969338473600944,
    "ALL": 0.009955670178327885,
    "DZD": 0.006850138605293531,
    "AOA": 0.0010552200822381468,
    "ARS": 0.0009918322613279643,
    "AMD": 0.0023739282573280195,
    "AWG": 0.5115683509031483,
    "AUD": 0.603576796093651,
    "AZN": 0.5416606068386276,
    "BSD": 0.9206149731588444,
    "BHD": 2.4432181742399854,
    "BDT": 0.007835084711255273,
    "BBD": 0.45596576656080323,
    "BYN": 0.28135638813044866,
    "BZD": 0.4567372335558035,
    "BMD": 0.9207950512790762,
    "BTN": 0.010998273153323421,
    "BOB": 0.13323810516386456,
    "BAM": 0.5107984365295524,
    "BWP": 0.06757436911045196,
    "BRL": 0.1637402606126338,
    "BND": 0.6859511276270673,
    "BGN": 0.5114643470064559,
    "BIF": 0.00031933183823656887,
    "CVE": 0.009015894992217237,
    "KHR": 0.00022360207759959845,
    "XAF": 0.0015229952870149347,
    "CAD": 0.6668694683406837,
    "KYD": 1.1047432743965766,
    "CLP": 0.0009751171316793057,
    "CNY": 0.12733250872800683,
    "COP": 0.0002290200308616355,
    "KMF": 0.002027174540272214,
    "CDF": 0.0003213938413805048,
    "CRC": 0.0017410425488416095,
    "HRK": null,
    "CUP": 0.038358909832678485,
    "CZK": 0.03940408283473492,
    "DKK": 0.13399624586764639,
    "DJF": 0.005169622184645342,
    "DOP": 0.015500929350468744,
    "EGP": 0.019047835053696716,
    "ERN": null,
    "ETB": 0.015924285822450063,
    "EUR": 1
  }
}