{
  "meta": {
    "code": "EUR",
    "createdAt": "2024-07-25T08:34:57Z"
  },
  "data": {
    "FJD": 0.40837235050000004,
    "GMD": 0.01360464767,
    "GEL": 0.3383973199,
    "GHS": 0.059470924679999995,
    "GIP": null,
    "GTQ": 0.1188673657,
    "GNF": 0.00010697239520000001,
    "GYD": 0.004414424063,
    "HTG": 0.00698368975,
    "HNL": 0.03723908201,
    "HKD": null,
    "HUF": 0.002536821337,
    "ISK": 0.006689799011,
    "INR": 0.01101529,
    "IDR": 0.0000567038,
    "IRR": 0.00002190544596,
    "IQD": 0.0007039652034,
    "ILS": 0.2519752,
    "JMD": 0.005890561276,
    "JPY": 0.006053,
    "JOD": 1.3008840620000002,
    "KZT": 0.001944931181,
    "KES": 0.006932744275,
    "KWD": 3.0172055380000002,
    "KGS": 0.01094722246,
    "LAK": 0.0000415914115,
    "LBP": 0.00001029345319,
    "LSL": 0.050355203109999996,
    "LRD": 0.004727173225,
    "LYD": 0.1907414608,
    "MOP": 0.114651638,
    "MKD": 0.01622425848,
    "MGA": 0.0002028730306,
    "MWK": 0.000531597717,
    "MYR": 0.1977386595,
    "MVR": 0.060071274689999996,
    "MRU": 0.02328911581,
    "MUR": 0.019711027909999998,
    "MXN": null,
    "MDL": 0.051855,
    "MNT": null,
    "MAD": 0.09333467453,
    "MZN": null,
    "MMK": 0.0002838986137,
    "NAD": 0.05035567336,
    "NPR": 0.006883449463,
    "ANG": 0.5118064519000001,
    "TWD": 0.02818834625,
    "NZD": 0.545495,
    "NIO": 0.02504670202,
    "NGN": null,
    "KPW": null,
    "NOK": 0.08331227951999999,
    "OMR": 2.3955560570000003,
    "PKR": 0.003309860263,
    "PAB": 0.9222606182,
    "PGK": 0.2385069525,
    "PYG": 0.00012173855280000001,
    "PEN": null,
    "PHP": 0.01573553245,
    "PLN": 0.232515,
    "QAR": 0.2531638,
    "RON": 0.20127409999999998,
    "RUB": 0.01079535,
    "RWF": 0.0007018943601000001,
    "SHP": 1.190142491,
    "WST": null,
    "STN": null,
    "SAR": 0.24576434600000002,
    "RSD": 0.008540788555,
    "SCR": 0.06800872982999999,
    "SLL": 0.00004746769265,
    "SGD": 0.6868848722,
    "SBD": 0.10880249,
    "SOS": 0.001619555491,
    "ZAR": 0.04988133139,
    "KRW": 0.0006675802,
    "SSP": null,
    "LKR": 0.003036914464,
    "SDG": 0.001573472657,
    "SRD": null,
    "SZL": 0.05036550247,
    "SEK": 0.085116,
    "CHF": 1.047115,
    "SYP": null,
    "TJS": 0.08656274469,
    "TZS": 0.00034150185150000004,
    "THB": 0.025492257429999998,
    "TOP": 0.3879085385,
    "TTD": 0.1356689597,
    "TND": 0.2967800632,
    "TRY": 0.027955,
    "TMT": 0.2635194463,
    "UGX": 0.0002478784385,
    "UAH": 0.022352070039999998,
    "AED": 0.2510352826,
    "GBP": 1.18871,
    "USD": null,
    "UYU": 0.0229407284,
    "UZS": 0.00007324897125,
    "VUV": null,
    "VES": 0.02525270754,
    "VND": 0.000036442699999999996,
    "XOF": 0.0015236553169999999,
    "YER": 0.003683081387,
    "ZMW": 0.035385704729999995,
    "ZWL": null,
    "AFN": 0.013027271042594327,
    "ALL": 0.009941867514593966,
    "DZD": 0.006854912776180743,
    "AOA": 0.0010531792155102884,
    "ARS": 0.0009936614485247823,
    "AMD": 0.002375730750457297,
    "AWG": 0.5115423037031926,
    "AUD": 0.6027356735299679,
    "AZN": 0.5423852955441204,
    "BSD": 0.9217523822042787,
    "BHD": 2.4464752116523623,
    "BDT": 0.007845202382905538,
    "BBD": 0.456524898778957,
    "BYN": 0.28166512914028735,
    "BZD": 0.4572976528687165,
    "BMD": 0.9220584031792574,
    "BTN": 0.011012142963406104,
    "BOB": 0.1334049415840852,
    "BAM": 0.5110332988643417,
    "BWP": 0.0679347310576803,
    "BRL": 0.1630547672247533,
    "BND": 0.6855009402728487,
    "BGN": 0.5110574725175983,
    "BIF": 0.00032001784061059266,
    "CVE": 0.009064252870146726,
    "KHR": 0.0002244465754185384,
    "XAF": 0.0015236678265325926,
    "CAD": 0.6668294366202749,
    "KYD": 1.106097682929219,
    "CLP": 0.0009730357461913828,
    "CNY": 0.1277000766123201,
    "COP": 0.00022796143274803635,
    "KMF": 0.0020299596087244086,
    "CDF": 0.0003218353937798455,
    "CRC": null,
    "HRK": null,
    "CUP": 0.03840717791686637,
    "CZK": 0.039386531828061795,
    "DKK": 0.13399841211881638,
    "DJF": 0.005176383955542631,
    "DOP": 0.015570347816414766,
    "EGP": 0.01907282177622535,
    "ERN": null,
    "ETB": 0.015946489655690205,
    "EUR": 1
  }
}