{
  "meta": {
    "code": "EUR",
    "createdAt": "2024-08-27T09:33:19Z"
  },
  "data": {
    "FJD": 0.4059951275,
    "GMD": null,
    "GEL": 0.33154093030000004,
    "GHS": 0.057319422669999995,
    "GIP": null,
    "GTQ": 0.1155218658,
    "GNF": 0.0001037470356,
    "GYD": null,
    "HTG": 0.0067809856189999995,
    "HNL": 0.03610074978,
    "HKD": 0.1147348,
    "HUF": 0.002538335,
    "ISK": 0.00654037264,
    "INR": 0.01066201,
    "IDR": 0.0000576592,
    "IRR": 0.00002123487507,
    "IQD": null,
    "ILS": 0.2428727125,
    "JMD": null,
    "JPY": 0.0061799174769999994,
    "JOD": 1.262962092,
    "KZT": 0.0018504120489999999,
    "KES": 0.006951844578,
    "KWD": 2.9314561240000003,
    "KGS": 0.010504048129999999,
    "LAK": null,
    "LBP": 0.00000999484434,
    "LSL": 0.05041118511,
    "LRD": null,
    "LYD": 0.1878554211,
    "MOP": 0.1114127808,
    "MKD": 0.01621590726,
    "MGA": 0.00019597218200000002,
    "MWK": 0.000515684042,
    "MYR": 0.2056054,
    "MVR": 0.058273957689999996,
    "MRU": 0.02260439555,
    "MUR": null,
    "MXN": 0.046121,
    "MDL": 0.05146985025,
    "MNT": null,
    "MAD": null,
    "MZN": 0.014013869449999999,
    "MMK": null,
    "NAD": 0.05041118511,
    "NPR": 0.006662890932,
    "ANG": 0.49647125670000003,
    "TWD": 0.028024167649999997,
    "NZD": 0.5571462487000001,
    "NIO": 0.0242980387,
    "NGN": 0.0005626555858,
    "KPW": null,
    "NOK": 0.08502,
    "OMR": 2.3251752100000003,
    "PKR": 0.003212308493,
    "PAB": null,
    "PGK": 0.2296243614,
    "PYG": 0.00011764922070000001,
    "PEN": 0.2390836973,
    "PHP": 0.01590705236,
    "PLN": null,
    "QAR": 0.245221995,
    "RON": 0.2009408731,
    "RUB": 0.009775582000000001,
    "RWF": 0.000675109632,
    "SHP": 1.179989167,
    "WST": null,
    "STN": null,
    "SAR": 0.23853089660000001,
    "RSD": 0.008543325107,
    "SCR": 0.0677249965,
    "SLL": 0.00004746769265,
    "SGD": 0.6866976,
    "SBD": 0.106063425,
    "SOS": 0.001570757256,
    "ZAR": 0.05040642,
    "KRW": 0.0006722425,
    "SSP": null,
    "LKR": 0.002972093184,
    "SDG": 0.001488029844,
    "SRD": 0.031085140199999996,
    "SZL": 0.05043269316,
    "SEK": 0.08775956,
    "CHF": 1.057338675,
    "SYP": null,
    "TJS": 0.08397145183,
    "TZS": 0.0003300331827,
    "THB": 0.02627824732,
    "TOP": 0.382096845,
    "TTD": 0.1317015057,
    "TND": 0.29364790550000003,
    "TRY": 0.026295,
    "TMT": 0.2554665135,
    "UGX": null,
    "UAH": 0.021639230019999997,
    "AED": 0.2436919518,
    "GBP": null,
    "USD": 0.89505,
    "UYU": 0.022233041999999998,
    "UZS": 0.00007047382036,
    "VUV": null,
    "VES": 0.02450965,
    "VND": 0.00003605220227,
    "XOF": 0.001522940105,
    "YER": null,
    "ZMW": 0.034000327,
    "ZWL": null,
    "AFN": 0.012624423947456376,
    "ALL": 0.009976558728432122,
    "DZD": 0.00667911492053273,
    "AOA": 0.0009873522282619887,
    "ARS": 0.0009426624837275835,
    "AMD": 0.0023043687448358334,
    "AWG": 0.49655189719825293,
    "AUD": 0.607159011909424,
    "AZN": 0.5264910555750796,
    "BSD": 0.894157626466306,
    "BHD": null,
    "BDT": 0.0074837624954810795,
    "BBD": 0.4428530476874608,
    "BYN": 0.2732365842298959,
    "BZD": 0.4436004057552581,
    "BMD": 0.8950347944776353,
    "BTN": 0.01065891435923511,
    "BOB": 0.12939687131628336,
    "BAM": 0.510830786825259,
    "BWP": 0.06741938386166701,
    "BRL": 0.1628054637513635,
    "BND": 0.6863953257444761,
    "BGN": 0.5108529454108555,
    "BIF": null,
    "CVE": 0.009059483012665775,
    "KHR": 0.00021974915555662513,
    "XAF": 0.0015229279278096953,
    "CAD": 0.6646350987149281,
    "KYD": 1.0729890653732683,
    "CLP": 0.0009869602749259172,
    "CNY": 0.1254984642125442,
    "COP": null,
    "KMF": 0.002028522396994289,
    "CDF": 0.0003157089222143335,
    "CRC": 0.0016994927440391824,
    "HRK": null,
    "CUP": 0.03725734938949088,
    "CZK": null,
    "DKK": null,
    "DJF": 0.005021444351772963,
    "DOP": null,
    "EGP": 0.01839148106597024,
    "ERN": null,
    "ETB": 0.008059470231211525,
    "EUR": 1
  }
}