{
  "meta": {
    "code": "EUR",
    "createdAt": "2024-07-26T13:05:42Z"
  },
  "data": {
    "FJD": 0.40762479999999995,
    "GMD": 0.01358892933,
    "GEL": 0.3410235824,
    "GHS": null,
    "GIP": null,
    "GTQ": 0.1188691723,
    "GNF": 0.0001068489818,
    "GYD": 0.0044102716319999995,
    "HTG": 0.006975917877,
    "HNL": 0.037201597579999995,
    "HKD": 0.1179205346,
    "HUF": 0.002560466668,
    "ISK": 0.006671860234,
    "INR": 0.010996179149999999,
    "IDR": 0.0000565492,
    "IRR": 0.00002186557375,
    "IQD": 0.0007031678886,
    "ILS": 0.25155679999999997,
    "JMD": 0.005887215188,
    "JPY": 0.005985605975,
    "JOD": 1.2990850230000002,
    "KZT": 0.001943830949,
    "KES": 0.007048308035,
    "KWD": 3.0100725400000004,
    "KGS": 0.01095482355,
    "LAK": 0.00004152011815,
    "LBP": 0.00001028191126,
    "LSL": 0.050443601129999995,
    "LRD": 0.004714854,
    "LYD": null,
    "MOP": 0.11456844790000001,
    "MKD": 0.01622620767,
    "MGA": 0.0002023308822,
    "MWK": 0.0005310058783,
    "MYR": 0.1977678,
    "MVR": 0.05997973987,
    "MRU": 0.02324533257,
    "MUR": 0.01967257809,
    "MXN": 0.050099471369999996,
    "MDL": 0.052005,
    "MNT": null,
    "MAD": 0.09357505012999999,
    "MZN": 0.014409157589999999,
    "MMK": 0.0002834660175,
    "NAD": 0.05044430083,
    "NPR": 0.006874619679,
    "ANG": null,
    "TWD": 0.02807056,
    "NZD": 0.5429649999999999,
    "NIO": 0.02501847962,
    "NGN": 0.0005768483653,
    "KPW": null,
    "NOK": 0.08387443726999999,
    "OMR": 2.391346,
    "PKR": 0.003308312504,
    "PAB": 0.9212824865,
    "PGK": 0.23478480740000002,
    "PYG": 0.00012162099520000001,
    "PEN": 0.2450537375,
    "PHP": null,
    "PLN": 0.234225669,
    "QAR": 0.2528817,
    "RON": 0.20113412930000002,
    "RUB": null,
    "RWF": 0.0007003066005,
    "SHP": 1.188328987,
    "WST": null,
    "STN": null,
    "SAR": 0.24542446480000002,
    "RSD": 0.008541178,
    "SCR": 0.06713294179,
    "SLL": 0.00004746769265,
    "SGD": 0.6857038946,
    "SBD": 0.1086367,
    "SOS": 0.001617952151,
    "ZAR": null,
    "KRW": 0.000664729,
    "SSP": null,
    "LKR": 0.003039104317,
    "SDG": 0.001571075046,
    "SRD": 0.031814568769999996,
    "SZL": 0.050449244719999994,
    "SEK": 0.08526600000000001,
    "CHF": 1.043445,
    "SYP": null,
    "TJS": 0.08687261685,
    "TZS": 0.0003411153712,
    "THB": null,
    "TOP": 0.38612061000000003,
    "TTD": 0.1357056513,
    "TND": 0.29677450110000003,
    "TRY": null,
    "TMT": 0.25317875,
    "UGX": 0.0002469051647,
    "UAH": 0.02242790861,
    "AED": 0.2506267,
    "GBP": 1.1847246420000002,
    "USD": 0.92065,
    "UYU": 0.02287354925,
    "UZS": 0.00007287856193,
    "VUV": null,
    "VES": 0.02520298,
    "VND": 0.0000363659,
    "XOF": 0.00152385988,
    "YER": 0.003677469217,
    "ZMW": 0.03524397345,
    "ZWL": null,
    "AFN": 0.013014643067484403,
    "ALL": 0.009939843826605134,
    "DZD": 0.006851844055975948,
    "AOA": 0.0010550792087812375,
    "ARS": 0.000990803363182936,
    "AMD": 0.002370494594120265,
    "AWG": 0.511500055753506,
    "AUD": 0.6043318507058596,
    "AZN": 0.5415882943272416,
    "BSD": 0.9208315956473763,
    "BHD": 2.442408559972001,
    "BDT": 0.007836705949991644,
    "BBD": 0.4560447597351441,
    "BYN": 0.28137483402904934,
    "BZD": null,
    "BMD": 0.9207001003563109,
    "BTN": 0.010998490057004623,
    "BOB": 0.13324992737126096,
    "BAM": 0.5111209745078705,
    "BWP": 0.067957173804966,
    "BRL": 0.1636875531984548,
    "BND": null,
    "BGN": 0.511272823387556,
    "BIF": 0.0003196250526068078,
    "CVE": 0.00906580115680602,
    "KHR": 0.00022448708363335333,
    "XAF": null,
    "CAD": 0.6661988254325788,
    "KYD": 1.1049418635451738,
    "CLP": 0.0009724541083614424,
    "CNY": 0.12697946703924137,
    "COP": 0.00022833578040941423,
    "KMF": 0.0020269692342993507,
    "CDF": 0.00032136129157288345,
    "CRC": 0.0017415587288869075,
    "HRK": null,
    "CUP": null,
    "CZK": 0.03942191700898031,
    "DKK": 0.1339998485801711,
    "DJF": 0.0051698646718852746,
    "DOP": 0.015553544044046352,
    "EGP": 0.019046498119483814,
    "ERN": null,
    "ETB": 0.015924663601434335,
    "EUR": 1
  }
}