{
  "meta": {
    "code": "EUR",
    "createdAt": "2024-07-23T17:04:10Z"
  },
  "data": {
    "FJD": 0.40958947630000003,
    "GMD": 0.013592622589999999,
    "GEL": 0.3393437286,
    "GHS": 0.059734242599999994,
    "GIP": null,
    "GTQ": 0.1188899833,
    "GNF": 0.0001069633339,
    "GYD": 0.00441395103,
    "HTG": 0.006982859171,
    "HNL": 0.03723203436,
    "HKD": 0.1179733495,
    "HUF": 0.002563059188,
    "ISK": 0.006680008615,
    "INR": 0.01100632,
    "IDR": 0.00005677556058,
    "IRR": 0.0000218864402,
    "IQD": 0.0007038646702,
    "ILS": 0.253918728,
    "JMD": 0.005900846209,
    "JPY": 0.005915737132,
    "JOD": null,
    "KZT": 0.001945126403,
    "KES": 0.006952754706,
    "KWD": 3.0129504270000003,
    "KGS": 0.01091947338,
    "LAK": 0.00004160715973,
    "LBP": 0.00001029236965,
    "LSL": 0.050219804849999994,
    "LRD": 0.0047244319409999996,
    "LYD": 0.1906888494,
    "MOP": 0.1146687695,
    "MKD": 0.016253004329999998,
    "MGA": 0.0002032042633,
    "MWK": 0.0005315325411,
    "MYR": 0.197183315,
    "MVR": 0.06001817798,
    "MRU": 0.02330107071,
    "MUR": 0.019790962069999998,
    "MXN": 0.05091186798,
    "MDL": 0.052077697199999995,
    "MNT": null,
    "MAD": 0.09363188563,
    "MZN": 0.01441839172,
    "MMK": 0.00028364767710000003,
    "NAD": 0.050219804849999994,
    "NPR": 0.006882328856,
    "ANG": 0.5117432925000001,
    "TWD": 0.02810712,
    "NZD": 0.548735,
    "NIO": 0.02504353169,
    "NGN": 0.0005732669517000001,
    "KPW": null,
    "NOK": 0.08359597,
    "OMR": 2.3930986990000003,
    "PKR": 0.003310728359,
    "PAB": 0.9222119082,
    "PGK": 0.2353001728,
    "PYG": 0.0001218315947,
    "PEN": 0.2453798281,
    "PHP": 0.01575900781,
    "PLN": 0.2338180819,
    "QAR": 0.25301847380000003,
    "RON": 0.2011004275,
    "RUB": 0.010486705229999999,
    "RWF": 0.0007037288794,
    "SHP": 1.18955115,
    "WST": null,
    "STN": null,
    "SAR": 0.24558331160000002,
    "RSD": 0.008542259715,
    "SCR": 0.06696321288,
    "SLL": 0.00004746769265,
    "SGD": 0.6846563556,
    "SBD": 0.10893663,
    "SOS": 0.001619556502,
    "ZAR": 0.05016555303,
    "KRW": 0.000664896,
    "SSP": null,
    "LKR": 0.003034113152,
    "SDG": 0.001572081872,
    "SRD": 0.031419118659999995,
    "SZL": 0.0502274972,
    "SEK": 0.08559324671999999,
    "CHF": 1.0333613560000001,
    "SYP": null,
    "TJS": 0.08655291164,
    "TZS": 0.0003431061373,
    "THB": 0.02548292,
    "TOP": 0.388394784,
    "TTD": 0.1358332451,
    "TND": 0.29655249910000003,
    "TRY": 0.028055,
    "TMT": 0.2629417026,
    "UGX": 0.0002493672312,
    "UAH": 0.02233719573,
    "AED": 0.2508140386,
    "GBP": 1.189362295,
    "USD": null,
    "UYU": 0.0229573008,
    "UZS": 0.0000731898464,
    "VUV": null,
    "VES": 0.025250469829999997,
    "VND": 0.00003631933425,
    "XOF": 0.001526142766,
    "YER": 0.003679829614,
    "ZMW": 0.03555249408,
    "ZWL": null,
    "AFN": 0.013161462185802995,
    "ALL": 0.009979581108420238,
    "DZD": 0.006836768058491647,
    "AOA": 0.001055769362054354,
    "ARS": 0.0009946491763391234,
    "AMD": 0.0023750415122224472,
    "AWG": 0.5118346405590053,
    "AUD": 0.6095981224377829,
    "AZN": 0.541942560591888,
    "BSD": 0.921700989405918,
    "BHD": 2.444096970436953,
    "BDT": null,
    "BBD": 0.45652148329976533,
    "BYN": 0.2816575328367829,
    "BZD": 0.45727216388598496,
    "BMD": 0.9213023530062096,
    "BTN": 0.011010947134621925,
    "BOB": 0.1333979427415426,
    "BAM": 0.511860378771623,
    "BWP": 0.06783873871611971,
    "BRL": 0.16517186132170525,
    "BND": 0.6850726365047134,
    "BGN": 0.5119098684799374,
    "BIF": 0.00031932458507442403,
    "CVE": 0.009079007477781969,
    "KHR": 0.0002243604617825435,
    "XAF": 0.0015261613518247662,
    "CAD": 0.6691591148491707,
    "KYD": 1.1060614691991353,
    "CLP": 0.0009739622661422369,
    "CNY": 0.1266590595235517,
    "COP": 0.00023000694777617017,
    "KMF": 0.0020347905641959433,
    "CDF": 0.00032099352889885483,
    "CRC": 0.0017398266389692019,
    "HRK": null,
    "CUP": 0.03840326968264559,
    "CZK": 0.039390255949036106,
    "DKK": 0.13400927612209318,
    "DJF": 0.005183723992458436,
    "DOP": 0.015561703452033379,
    "EGP": 0.01905042381793152,
    "ERN": null,
    "ETB": 0.015945353660610926,
    "EUR": 1
  }
}