{
  "meta": {
    "code": "EUR",
    "createdAt": "2024-07-26T15:33:06Z"
  },
  "data": {
    "FJD": 0.4078662449,
    "GMD": 0.013598818629999999,
    "GEL": 0.3412717612,
    "GHS": 0.05944708584,
    "GIP": null,
    "GTQ": 0.11895567900000001,
    "GNF": 0.00010692674080000001,
    "GYD": 0.004413481193,
    "HTG": 0.006980994579,
    "HNL": 0.03722867092,
    "HKD": 0.11801149999999999,
    "HUF": 0.002557867165,
    "ISK": 0.006670914474,
    "INR": 0.011002762749999999,
    "IDR": 0.0000565993,
    "IRR": 0.00002188148635,
    "IQD": 0.0007036643412,
    "ILS": 0.2517828348,
    "JMD": 0.005891371697,
    "JPY": 0.005991159696,
    "JOD": 1.3000304280000001,
    "KZT": 0.0019452455649999999,
    "KES": 0.007019580934,
    "KWD": 3.012405915,
    "KGS": 0.01096279589,
    "LAK": 0.00004155033428,
    "LBP": null,
    "LSL": 0.0504803113,
    "LRD": 0.004715482795,
    "LYD": 0.1906875351,
    "MOP": 0.1146518247,
    "MKD": 0.01623801624,
    "MGA": 0.00020247812780000002,
    "MWK": 0.000531392316,
    "MYR": 0.1978143139,
    "MVR": 0.060023389919999996,
    "MRU": null,
    "MUR": 0.01968689474,
    "MXN": 0.049881,
    "MDL": 0.052054579999999996,
    "MNT": null,
    "MAD": 0.09364314906,
    "MZN": 0.014419643809999999,
    "MMK": 0.0002836723089,
    "NAD": 0.0504810115,
    "NPR": 0.00687962266,
    "ANG": null,
    "TWD": null,
    "NZD": 0.5426160206,
    "NIO": 0.025036686729999997,
    "NGN": 0.0005772681648000001,
    "KPW": null,
    "NOK": 0.0835515,
    "OMR": 2.393364557,
    "PKR": 0.003310720117,
    "PAB": 0.9219529468000001,
    "PGK": 0.2349556713,
    "PYG": 0.00012170950440000001,
    "PEN": 0.24523207460000002,
    "PHP": 0.01575801654,
    "PLN": 0.2338816886,
    "QAR": 0.25307517960000003,
    "RON": 0.20118376540000002,
    "RUB": null,
    "RWF": 0.0007008162463,
    "SHP": 1.18919379,
    "WST": null,
    "STN": null,
    "SAR": 0.2455808771,
    "RSD": 0.00854300152,
    "SCR": 0.06718179757,
    "SLL": 0.00004746769265,
    "SGD": 0.6861714964000001,
    "SBD": 0.10871576000000001,
    "SOS": 0.00161912961,
    "ZAR": 0.0504334069,
    "KRW": 0.0006659606823,
    "SSP": null,
    "LKR": null,
    "SDG": 0.001572218391,
    "SRD": 0.03176855915,
    "SZL": 0.050485958989999996,
    "SEK": 0.08518478654,
    "CHF": 1.043700778,
    "SYP": null,
    "TJS": 0.08693583811,
    "TZS": 0.00034136361680000004,
    "THB": 0.0256420861,
    "TOP": 0.386401608,
    "TTD": 0.1358044106,
    "TND": 0.2968171499,
    "TRY": 0.02793765623,
    "TMT": 0.253363,
    "UGX": 0.0002470848491,
    "UAH": 0.022444230449999998,
    "AED": 0.25083581920000003,
    "GBP": null,
    "USD": 0.9213199999999999,
    "UYU": null,
    "UZS": 0.00007293001587,
    "VUV": null,
    "VES": 0.025219826719999998,
    "VND": 0.00003639425903,
    "XOF": 0.001524968864,
    "YER": 0.003680145483,
    "ZMW": 0.03526962213,
    "ZWL": null,
    "AFN": 0.013023156267612183,
    "ALL": 0.009946345721086198,
    "DZD": 0.0068560811048341596,
    "AOA": 0.001055769362054354,
    "ARS": 0.0009913467513127298,
    "AMD": 0.002372045193115885,
    "AWG": 0.5118346405590053,
    "AUD": 0.6035912396732767,
    "AZN": 0.541942560591888,
    "BSD": 0.9214339337923291,
    "BHD": 2.444580763720208,
    "BDT": 0.00784183213416703,
    "BBD": 0.4563430697572656,
    "BYN": 0.2815588882433538,
    "BZD": null,
    "BMD": 0.9213023530062096,
    "BTN": 0.011005684440085407,
    "BOB": 0.13333708943914283,
    "BAM": 0.5114553113863068,
    "BWP": 0.06800162626705236,
    "BRL": 0.162771391495947,
    "BND": 0.6856688309643326,
    "BGN": null,
    "BIF": 0.0003198341272667027,
    "CVE": 0.00907173131894838,
    "KHR": 0.00022463392614778294,
    "XAF": 0.0015249818015457973,
    "CAD": 0.665302795935,
    "KYD": 1.1056646332948967,
    "CLP": 0.0009731621649560318,
    "CNY": 0.1270987660362102,
    "COP": 0.0002285627976744879,
    "KMF": null,
    "CDF": 0.0003215715019218882,
    "CRC": 0.0017426979253440862,
    "HRK": null,
    "CUP": null,
    "CZK": 0.039450208886173434,
    "DKK": 0.13402307395198845,
    "DJF": 0.005174299119465148,
    "DOP": 0.01556688508193671,
    "EGP": 0.019059081200835035,
    "ERN": null,
    "ETB": null,
    "EUR": 1
  }
}