{
  "meta": {
    "code": "EUR",
    "createdAt": "2024-08-26T16:04:44Z"
  },
  "data": {
    "FJD": 0.4059174648,
    "GMD": 0.012795285449999999,
    "GEL": 0.33237364280000004,
    "GHS": 0.057409491279999995,
    "GIP": null,
    "GTQ": 0.11570390450000001,
    "GNF": 0.000103773598,
    "GYD": 0.004288561109,
    "HTG": 0.006791367617,
    "HNL": 0.03600861205,
    "HKD": 0.1148772,
    "HUF": null,
    "ISK": 0.00655688139,
    "INR": 0.010680327339999999,
    "IDR": 0.00005794891302,
    "IRR": null,
    "IQD": 0.0006837175495,
    "ILS": 0.24332609560000001,
    "JMD": 0.005722854803,
    "JPY": 0.006200230791,
    "JOD": 1.2638369440000001,
    "KZT": 0.001853295285,
    "KES": 0.0069431782179999995,
    "KWD": 2.93185662,
    "KGS": 0.010511324269999999,
    "LAK": 0.00004055558022,
    "LBP": 0.00001000189762,
    "LSL": 0.05057425106,
    "LRD": 0.004593300287,
    "LYD": 0.1879685126,
    "MOP": 0.1115874052,
    "MKD": 0.01624146176,
    "MGA": 0.0001955611341,
    "MWK": 0.0005160875797000001,
    "MYR": 0.2047714789,
    "MVR": 0.05835230935,
    "MRU": null,
    "MUR": 0.019433772949999997,
    "MXN": null,
    "MDL": 0.05133532605,
    "MNT": null,
    "MAD": 0.09284921854,
    "MZN": 0.01401819386,
    "MMK": 0.0002757747329,
    "NAD": 0.05057425106,
    "NPR": 0.006673091706,
    "ANG": 0.4972402467,
    "TWD": 0.028105623019999998,
    "NZD": 0.55579,
    "NIO": 0.02433885865,
    "NGN": 0.0005633144585,
    "KPW": null,
    "NOK": 0.08497176506,
    "OMR": 2.3271781600000003,
    "PKR": 0.003214607369,
    "PAB": 0.8959942325,
    "PGK": null,
    "PYG": 0.0001178347034,
    "PEN": null,
    "PHP": 0.01596360702,
    "PLN": 0.2334832556,
    "QAR": 0.246012604,
    "RON": 0.20093120420000002,
    "RUB": 0.00973561,
    "RWF": 0.000672172605,
    "SHP": 1.182821802,
    "WST": null,
    "STN": null,
    "SAR": 0.23870178720000002,
    "RSD": 0.008543795234,
    "SCR": 0.06699507702,
    "SLL": 0.00004746769265,
    "SGD": 0.6870346902000001,
    "SBD": 0.105957761,
    "SOS": 0.001568598872,
    "ZAR": 0.050586,
    "KRW": 0.0006739123813000001,
    "SSP": null,
    "LKR": 0.002976843437,
    "SDG": 0.0014890606,
    "SRD": 0.03110667284,
    "SZL": 0.05057425106,
    "SEK": 0.0877,
    "CHF": 1.056635,
    "SYP": null,
    "TJS": 0.08410302786,
    "TZS": 0.0003305709278,
    "THB": 0.02634285,
    "TOP": 0.38271979100000003,
    "TTD": 0.1319090827,
    "TND": 0.2947499497,
    "TRY": 0.026346491309999998,
    "TMT": 0.25637658080000003,
    "UGX": null,
    "UAH": 0.02167313604,
    "AED": 0.24385242710000002,
    "GBP": 1.181155855,
    "USD": 0.89567,
    "UYU": 0.022193663619999998,
    "UZS": 0.00007060859225,
    "VUV": null,
    "VES": 0.024510448419999997,
    "VND": null,
    "XOF": 0.001494028344,
    "YER": 0.003578400488,
    "ZMW": 0.03405284495,
    "ZWL": null,
    "AFN": 0.012615269661165843,
    "ALL": 0.009990899569327489,
    "DZD": 0.006674646375499619,
    "AOA": 0.0009902095496401113,
    "ARS": 0.0009445611224590843,
    "AMD": 0.002307810017897318,
    "AWG": null,
    "AUD": 0.6066467131867429,
    "AZN": 0.5268730270251616,
    "BSD": 0.8955802593867135,
    "BHD": 2.3768419949076347,
    "BDT": null,
    "BBD": 0.44356170264023187,
    "BYN": 0.2736663216156709,
    "BZD": null,
    "BMD": 0.8956841459427747,
    "BTN": 0.010675774621510372,
    "BOB": 0.12960097703522358,
    "BAM": 0.5115812615207972,
    "BWP": 0.06752511192906845,
    "BRL": 0.16298204853751633,
    "BND": 0.6874500318351234,
    "BGN": 0.5115169862788397,
    "BIF": 0.00031073170722703677,
    "CVE": 0.009042747565348279,
    "KHR": 0.00022001575680245022,
    "XAF": 0.0015252751888035086,
    "CAD": 0.6642816378455256,
    "KYD": null,
    "CLP": 0.0009866536086613512,
    "CNY": 0.12576300841656482,
    "COP": 0.0002226762761221158,
    "KMF": 0.002030799560217033,
    "CDF": 0.0003159379703501851,
    "CRC": 0.001702180825562807,
    "HRK": null,
    "CUP": 0.03731693862296221,
    "CZK": null,
    "DKK": 0.1340343328943709,
    "DJF": null,
    "DOP": 0.01501566045168105,
    "EGP": 0.018380812899361575,
    "ERN": null,
    "ETB": 0.0080746824081459,
    "EUR": 1
  }
}