{
  "meta": {
    "code": "EUR",
    "createdAt": "2024-08-14T09:04:24Z"
  },
  "data": {
    "FJD": 0.4054768292,
    "GMD": 0.01315231827,
    "GEL": null,
    "GHS": 0.05842642853,
    "GIP": null,
    "GTQ": 0.1179752109,
    "GNF": 0.0001059354573,
    "GYD": 0.004374049368,
    "HTG": 0.006936949266,
    "HNL": 0.03687966363,
    "HKD": 0.1164785,
    "HUF": 0.00253716,
    "ISK": 0.0065938385209999995,
    "INR": 0.01080743,
    "IDR": 0.0000579991,
    "IRR": 0.00002155989747,
    "IQD": 0.0006974352291,
    "ILS": 0.2439266,
    "JMD": 0.005816699865,
    "JPY": 0.006169343731,
    "JOD": 1.2809049890000002,
    "KZT": 0.00190193314,
    "KES": 0.007021353958,
    "KWD": null,
    "KGS": 0.010592755289999999,
    "LAK": 0.00004123580238,
    "LBP": 0.00001013253065,
    "LSL": 0.050202082849999996,
    "LRD": 0.004671053342,
    "LYD": 0.1899000067,
    "MOP": 0.11388615240000001,
    "MKD": 0.01624762343,
    "MGA": 0.0001998822537,
    "MWK": 0.0005266442066000001,
    "MYR": 0.2056858,
    "MVR": 0.05889656409,
    "MRU": null,
    "MUR": null,
    "MXN": 0.0479172,
    "MDL": 0.051665,
    "MNT": null,
    "MAD": 0.0930608852,
    "MZN": 0.01420127913,
    "MMK": 0.0002794202417,
    "NAD": 0.050202082849999996,
    "NPR": 0.006797668262,
    "ANG": 0.5070386328,
    "TWD": 0.02816386499,
    "NZD": 0.5456999836,
    "NIO": 0.024811178189999998,
    "NGN": 0.0005707609993,
    "KPW": null,
    "NOK": 0.08490428,
    "OMR": null,
    "PKR": 0.003276743634,
    "PAB": 0.9137001257,
    "PGK": 0.2319498456,
    "PYG": 0.00012079411850000001,
    "PEN": 0.2439062898,
    "PHP": 0.015936610679999998,
    "PLN": 0.233005,
    "QAR": 0.2503293552,
    "RON": 0.2009723,
    "RUB": 0.009890502,
    "RWF": 0.000692840143,
    "SHP": 1.165923472,
    "WST": null,
    "STN": null,
    "SAR": 0.2417293458,
    "RSD": 0.008548672688,
    "SCR": 0.06820248925,
    "SLL": 0.00004746769265,
    "SGD": 0.6894317,
    "SBD": 0.106632425,
    "SOS": 0.0016043960039999999,
    "ZAR": 0.050207881839999996,
    "KRW": 0.0006689661,
    "SSP": null,
    "LKR": 0.003052460705,
    "SDG": null,
    "SRD": 0.03165585275,
    "SZL": 0.05021161171,
    "SEK": 0.087095,
    "CHF": 1.0521534810000002,
    "SYP": null,
    "TJS": 0.08608188826999999,
    "TZS": 0.0003361148144,
    "THB": 0.02594444038,
    "TOP": 0.382878469,
    "TTD": 0.1346007034,
    "TND": 0.29610316140000004,
    "TRY": 0.027025,
    "TMT": 0.2597656624,
    "UGX": 0.0002448782331,
    "UAH": 0.02208521781,
    "AED": 0.24700519999999998,
    "GBP": 1.165335,
    "USD": 0.9075099999999999,
    "UYU": 0.022519860649999997,
    "UZS": 0.00007229968818,
    "VUV": null,
    "VES": null,
    "VND": 0.000036229599999999996,
    "XOF": 0.001520698171,
    "YER": 0.003624622165,
    "ZMW": 0.03495516162,
    "ZWL": null,
    "AFN": 0.01287078973729834,
    "ALL": 0.009984937721447198,
    "DZD": 0.0067619017187269944,
    "AOA": 0.0010294889888701714,
    "ARS": 0.0009656853372269765,
    "AMD": 0.0023536935154963635,
    "AWG": 0.5034643794271854,
    "AUD": 0.60182231797884,
    "AZN": 0.5338203198170918,
    "BSD": 0.913206375736241,
    "BHD": 2.408074152035421,
    "BDT": 0.007771681145203723,
    "BBD": 0.45227624339878686,
    "BYN": 0.2790431188759228,
    "BZD": 0.45303623167727974,
    "BMD": 0.907494543689056,
    "BTN": 0.010874621318200096,
    "BOB": 0.1321536002058915,
    "BAM": null,
    "BWP": 0.06762158688949318,
    "BRL": 0.16623722051367304,
    "BND": 0.69024481904879,
    "BGN": 0.510472221491467,
    "BIF": null,
    "CVE": 0.009046349929156587,
    "KHR": null,
    "XAF": 0.0015206718673806737,
    "CAD": null,
    "KYD": 1.0957874221921773,
    "CLP": 0.0009738319787913185,
    "CNY": 0.12685458227927748,
    "COP": 0.00022479595931672943,
    "KMF": 0.00202137107424162,
    "CDF": 0.0003162001894386955,
    "CRC": 0.0017245770984580366,
    "HRK": null,
    "CUP": 0.038050899360859654,
    "CZK": 0.03971825228603783,
    "DKK": 0.13400640282592702,
    "DJF": 0.005128246743269982,
    "DOP": 0.015306051075145403,
    "EGP": null,
    "ERN": null,
    "ETB": 0.008809189799654138,
    "EUR": 1
  }
}