{
  "meta": {
    "code": "EUR",
    "createdAt": "2024-08-15T17:04:07Z"
  },
  "data": {
    "FJD": 0.4065812581,
    "GMD": 0.013011642589999999,
    "GEL": 0.3386350967,
    "GHS": 0.05819904099999999,
    "GIP": null,
    "GTQ": 0.1176872258,
    "GNF": 0.0001055405515,
    "GYD": 0.004362811136,
    "HTG": 0.006907812231,
    "HNL": 0.03670648207,
    "HKD": 0.11683160620000001,
    "HUF": 0.002527932421,
    "ISK": 0.00655734337,
    "INR": 0.01084953,
    "IDR": 0.00005788851411,
    "IRR": 0.00002163199105,
    "IQD": 0.000695278618,
    "ILS": 0.2470838039,
    "JMD": 0.005798793868,
    "JPY": 0.006114255554,
    "JOD": 1.2852073270000002,
    "KZT": 0.001901349993,
    "KES": 0.007060581318,
    "KWD": 2.975685,
    "KGS": 0.01062794592,
    "LAK": 0.00004114353464,
    "LBP": 0.00001016534572,
    "LSL": 0.050349087199999996,
    "LRD": 0.004661974698,
    "LYD": 0.1895556663,
    "MOP": 0.1135446571,
    "MKD": 0.01626030657,
    "MGA": 0.0001977882681,
    "MWK": 0.0005251167442,
    "MYR": 0.2060902922,
    "MVR": 0.0591494464,
    "MRU": 0.02288479886,
    "MUR": 0.01972385366,
    "MXN": 0.048825148889999996,
    "MDL": null,
    "MNT": null,
    "MAD": null,
    "MZN": 0.01425522932,
    "MMK": 0.0002804378436,
    "NAD": 0.050349087199999996,
    "NPR": 0.006782569703,
    "ANG": 0.5057722905,
    "TWD": 0.028108716359999997,
    "NZD": 0.546743187,
    "NIO": 0.024730246669999997,
    "NGN": 0.0005728792543,
    "KPW": null,
    "NOK": 0.08480132,
    "OMR": 2.36616348,
    "PKR": 0.003268670299,
    "PAB": 0.9114134054,
    "PGK": 0.2344319404,
    "PYG": 0.0001204045513,
    "PEN": 0.2435334141,
    "PHP": 0.01591961622,
    "PLN": 0.2332803059,
    "QAR": 0.2501552486,
    "RON": 0.2009522937,
    "RUB": 0.0102482,
    "RWF": 0.0006900113567,
    "SHP": 1.168530104,
    "WST": null,
    "STN": null,
    "SAR": 0.24271334360000002,
    "RSD": 0.008544626026999999,
    "SCR": 0.06088828331,
    "SLL": 0.00004746769265,
    "SGD": 0.6892091564,
    "SBD": 0.1070207625,
    "SOS": 0.001595122514,
    "ZAR": 0.050587,
    "KRW": 0.0006666241,
    "SSP": null,
    "LKR": 0.003047393897,
    "SDG": 0.001514239318,
    "SRD": 0.03172521206,
    "SZL": 0.050349087199999996,
    "SEK": 0.08650168618,
    "CHF": 1.044334103,
    "SYP": null,
    "TJS": 0.08574434268999999,
    "TZS": 0.00033597011570000003,
    "THB": 0.025963938309999997,
    "TOP": 0.38436393,
    "TTD": 0.134138002,
    "TND": 0.2976537044,
    "TRY": 0.027095981159999998,
    "TMT": 0.2599661835,
    "UGX": 0.0002446531974,
    "UAH": 0.02214899879,
    "AED": 0.2479757594,
    "GBP": 1.17064,
    "USD": 0.9108149999999999,
    "UYU": 0.022615536449999998,
    "UZS": 0.00007205814868,
    "VUV": null,
    "VES": 0.02490944,
    "VND": 0.000036366,
    "XOF": 0.001516761001,
    "YER": 0.003637818791,
    "ZMW": 0.03466941699,
    "ZWL": null,
    "AFN": 0.012921101107809984,
    "ALL": 0.010054499206408432,
    "DZD": 0.006774012179673898,
    "AOA": 0.0010345685725163022,
    "ARS": 0.0009677122797849743,
    "AMD": 0.0023462051926559624,
    "AWG": 0.5053633364412925,
    "AUD": 0.6033914301993804,
    "AZN": 0.5358456635885905,
    "BSD": 0.9110659069969544,
    "BHD": 2.416626389560174,
    "BDT": 0.007752632157583432,
    "BBD": 0.4512134204342665,
    "BYN": 0.27834954601836204,
    "BZD": 0.4519214831741671,
    "BMD": 0.9109376281006039,
    "BTN": 0.010850671367929816,
    "BOB": 0.13182823760124363,
    "BAM": 0.5128169160015589,
    "BWP": 0.06786314227399876,
    "BRL": 0.16648674103265448,
    "BND": 0.6913552951865116,
    "BGN": 0.5116996546701239,
    "BIF": 0.00031642024071376173,
    "CVE": 0.00899571025343343,
    "KHR": 0.0002221501616464544,
    "XAF": 0.0015289861321840037,
    "CAD": 0.6643319146698021,
    "KYD": 1.0931327084719318,
    "CLP": 0.0009765575151697933,
    "CNY": 0.12696241413807757,
    "COP": 0.00022735776352009461,
    "KMF": 0.002037846879613532,
    "CDF": 0.0003173573737806491,
    "CRC": 0.001731910400020722,
    "HRK": null,
    "CUP": 0.03795667824624841,
    "CZK": 0.03964032132460322,
    "DKK": 0.13403276931122074,
    "DJF": 0.005125003730233965,
    "DOP": 0.015192921814019399,
    "EGP": 0.018620032806419808,
    "ERN": null,
    "ETB": 0.00835610699771067,
    "EUR": 1
  }
}