{
  "meta": {
    "code": "EUR",
    "createdAt": "2024-07-23T12:06:13Z"
  },
  "data": {
    "FJD": 0.4096514791,
    "GMD": 0.013585614099999999,
    "GEL": 0.3391687598,
    "GHS": 0.05970344305999999,
    "GIP": null,
    "GTQ": 0.1188286825,
    "GNF": 0.00010690818260000001,
    "GYD": 0.004411675155,
    "HTG": 0.0069792587429999995,
    "HNL": 0.03721283717,
    "HKD": 0.117938,
    "HUF": 0.002561444847,
    "ISK": 0.006678985859,
    "INR": 0.0109988694,
    "IDR": 0.000056770499999999995,
    "IRR": 0.00002187479917,
    "IQD": null,
    "ILS": 0.2545519296,
    "JMD": 0.0058978036769999995,
    "JPY": 0.005894291879,
    "JOD": 1.299331,
    "KZT": 0.001944123477,
    "KES": null,
    "KWD": 3.011746812,
    "KGS": null,
    "LAK": null,
    "LBP": 0.0000102870628,
    "LSL": 0.05019391105,
    "LRD": 0.004722203,
    "LYD": 0.19059052840000001,
    "MOP": 0.1146096452,
    "MKD": 0.01624462413,
    "MGA": 0.0002030994893,
    "MWK": 0.0005312584779,
    "MYR": null,
    "MVR": 0.05998723204,
    "MRU": 0.02328905646,
    "MUR": 0.01978075766,
    "MXN": 0.05122618069,
    "MDL": 0.051941578259999996,
    "MNT": null,
    "MAD": 0.09358360815,
    "MZN": 0.014410957459999998,
    "MMK": 0.0002835014257,
    "NAD": 0.05019391105,
    "NPR": 0.0068787802629999995,
    "ANG": 0.5114794329,
    "TWD": 0.028064401569999998,
    "NZD": 0.54914,
    "NIO": 0.025030619009999998,
    "NGN": 0.0005729713699,
    "KPW": null,
    "NOK": 0.08355389916,
    "OMR": 2.392433,
    "PKR": null,
    "PAB": 0.921736407,
    "PGK": null,
    "PYG": 0.0001217687772,
    "PEN": 0.245253308,
    "PHP": 0.01574093,
    "PLN": 0.2338096722,
    "QAR": 0.2527643656,
    "RON": 0.201094,
    "RUB": 0.010557561589999999,
    "RWF": 0.0007033660302,
    "SHP": 1.188937806,
    "WST": null,
    "STN": null,
    "SAR": 0.2454581966,
    "RSD": 0.008541397000000001,
    "SCR": 0.06804914000000001,
    "SLL": 0.00004746769265,
    "SGD": 0.68417,
    "SBD": 0.1088804612,
    "SOS": 0.001618721443,
    "ZAR": 0.04997656026,
    "KRW": 0.0006640885893,
    "SSP": null,
    "LKR": 0.003032548735,
    "SDG": 0.0015712712919999999,
    "SRD": 0.03137723577,
    "SZL": 0.05020159943,
    "SEK": 0.08567630852,
    "CHF": 1.03288,
    "SYP": null,
    "TJS": null,
    "TZS": 0.0003425611343,
    "THB": 0.02541864779,
    "TOP": 0.38819452400000004,
    "TTD": 0.1357632082,
    "TND": 0.2963679012,
    "TRY": 0.027965,
    "TMT": 0.26280612740000003,
    "UGX": 0.0002492386551,
    "UAH": 0.022325678459999998,
    "AED": 0.2507021,
    "GBP": 1.189564847,
    "USD": 0.920765,
    "UYU": 0.02276,
    "UZS": null,
    "VUV": null,
    "VES": null,
    "VND": 0.00003630060766,
    "XOF": null,
    "YER": 0.003677932259,
    "ZMW": 0.03553416288,
    "ZWL": null,
    "AFN": 0.01303286122180199,
    "ALL": 0.009974710547789688,
    "DZD": 0.006841691736905755,
    "AOA": 0.001055255301079701,
    "ARS": 0.000994691332359199,
    "AMD": 0.0023757429829708394,
    "AWG": 0.5108752896583068,
    "AUD": 0.6097839840236596,
    "AZN": 0.5416780644759399,
    "BSD": 0.9212511512622292,
    "BHD": 2.443162084261926,
    "BDT": 0.007840954806615971,
    "BBD": null,
    "BYN": 0.2815200693372895,
    "BZD": 0.4570489912939046,
    "BMD": 0.920852709609098,
    "BTN": 0.01100557322051798,
    "BOB": 0.13333283761962075,
    "BAM": 0.5116388451251354,
    "BWP": 0.06780937805475103,
    "BRL": 0.16498340132438713,
    "BND": 0.6847761367721784,
    "BGN": 0.5118191381517762,
    "BIF": 0.0003198133624480502,
    "CVE": 0.009074217406211196,
    "KHR": 0.00022424208952101388,
    "XAF": 0.0015253561515029027,
    "CAD": 0.6691146883271509,
    "KYD": 1.105477912694519,
    "CLP": 0.0009755317287870705,
    "CNY": 0.12658465202335495,
    "COP": 0.00023047136698616712,
    "KMF": 0.0020337170118290807,
    "CDF": 0.00032524386330342193,
    "CRC": 0.001738908708801291,
    "HRK": null,
    "CUP": 0.03838300817022746,
    "CZK": 0.03943033599333745,
    "DKK": 0.13403029084573115,
    "DJF": 0.005173033913219503,
    "DOP": 0.015553679392978777,
    "EGP": 0.019041090673673784,
    "ERN": null,
    "ETB": 0.015937307962461428,
    "EUR": 1
  }
}