{
  "meta": {
    "code": "EUR",
    "createdAt": "2024-07-30T11:04:03Z"
  },
  "data": {
    "FJD": 0.4082904412,
    "GMD": 0.01362028765,
    "GEL": 0.340034395,
    "GHS": 0.059446553359999994,
    "GIP": null,
    "GTQ": 0.1189584145,
    "GNF": 0.0001069222872,
    "GYD": 0.004412846945,
    "HTG": 0.006981079342,
    "HNL": 0.03722782481,
    "HKD": 0.1181754,
    "HUF": 0.0025355580000000003,
    "ISK": 0.006688754392,
    "INR": 0.01102773487,
    "IDR": 0.00005652085446,
    "IRR": 0.00002192411787,
    "IQD": 0.0007036928722000001,
    "ILS": 0.2470754,
    "JMD": 0.005889462622,
    "JPY": 0.0059640000000000006,
    "JOD": null,
    "KZT": 0.001941548085,
    "KES": 0.00710088453,
    "KWD": 3.0190042210000003,
    "KGS": null,
    "LAK": 0.00004154931383,
    "LBP": 0.00001028950134,
    "LSL": 0.05017103254,
    "LRD": 0.004723764,
    "LYD": 0.19092347210000002,
    "MOP": 0.11458589570000001,
    "MKD": 0.016205449979999998,
    "MGA": 0.000202659707,
    "MWK": 0.0005319014661000001,
    "MYR": 0.1989366,
    "MVR": 0.06008137363,
    "MRU": 0.02328089826,
    "MUR": 0.01979719813,
    "MXN": 0.049574,
    "MDL": 0.0520821483,
    "MNT": null,
    "MAD": 0.09341395778,
    "MZN": 0.01445905487,
    "MMK": 0.00028422498530000003,
    "NAD": 0.05000622882,
    "NPR": 0.0068784289539999995,
    "ANG": 0.5115985487,
    "TWD": 0.028097340000000002,
    "NZD": 0.5437449999999999,
    "NIO": 0.02503362705,
    "NGN": null,
    "KPW": null,
    "NOK": 0.08422414,
    "OMR": 2.397975835,
    "PKR": 0.003314595982,
    "PAB": 0.9219061809,
    "PGK": 0.2348479332,
    "PYG": 0.0001217032046,
    "PEN": 0.2469872831,
    "PHP": 0.015725577879999997,
    "PLN": 0.233545,
    "QAR": 0.2532216,
    "RON": null,
    "RUB": 0.01066581,
    "RWF": 0.0007006565439,
    "SHP": 1.185879684,
    "WST": null,
    "STN": null,
    "SAR": 0.24606366970000002,
    "RSD": 0.008542029292,
    "SCR": 0.07049881872,
    "SLL": 0.00004746769265,
    "SGD": 0.686815,
    "SBD": 0.10966606200000001,
    "SOS": 0.001618970164,
    "ZAR": 0.050382,
    "KRW": 0.0006667654000000001,
    "SSP": null,
    "LKR": 0.003044295725,
    "SDG": 0.00153980816,
    "SRD": 0.03199317197,
    "SZL": 0.05018579315,
    "SEK": 0.0855895,
    "CHF": 1.042085,
    "SYP": null,
    "TJS": 0.08681426709,
    "TZS": 0.00034126727050000003,
    "THB": 0.02565289,
    "TOP": 0.3870621195,
    "TTD": 0.1357332603,
    "TND": null,
    "TRY": 0.027895,
    "TMT": 0.2751511741,
    "UGX": 0.0002474156823,
    "UAH": 0.022460117209999998,
    "AED": null,
    "GBP": 1.1866299999999999,
    "USD": 0.9231149999999999,
    "UYU": 0.022920945449999997,
    "UZS": 0.00007332128622,
    "VUV": null,
    "VES": 0.02524708,
    "VND": 0.0000365086,
    "XOF": 0.001529602293,
    "YER": 0.003687393021,
    "ZMW": 0.0352025105,
    "ZWL": null,
    "AFN": 0.013024442123031844,
    "ALL": 0.009954856547296758,
    "DZD": 0.0068515682677251066,
    "AOA": 0.0010555904489775053,
    "ARS": 0.000990763161610177,
    "AMD": 0.0023749872589058523,
    "AWG": 0.51248513413872,
    "AUD": 0.6036382853748189,
    "AZN": 0.5430081456651931,
    "BSD": 0.9214147594608163,
    "BHD": 2.449213211588424,
    "BDT": 0.007842005607363374,
    "BBD": 0.4563483916224548,
    "BYN": 0.281561276038879,
    "BZD": 0.45712147430635036,
    "BMD": 0.9231138476308283,
    "BTN": 0.011003974504313542,
    "BOB": 0.133339281723141,
    "BAM": 0.5105043347571404,
    "BWP": 0.06776928159791226,
    "BRL": 0.16437505077206294,
    "BND": 0.6857513159718619,
    "BGN": 0.5114317479720726,
    "BIF": 0.00031994540728003004,
    "CVE": 0.009054956197994053,
    "KHR": 0.00022467455966982864,
    "XAF": 0.001522118949839036,
    "CAD": 0.6666444451851605,
    "KYD": null,
    "CLP": 0.0009654588743966005,
    "CNY": 0.12730864682875434,
    "COP": null,
    "KMF": 0.0020277075181347136,
    "CDF": 0.00032192287624440395,
    "CRC": 0.0017412705250001662,
    "HRK": null,
    "CUP": 0.0383928500645182,
    "CZK": 0.03934010901144207,
    "DKK": 0.1340169089133976,
    "DJF": 0.005174361470043731,
    "DOP": 0.015566644468579766,
    "EGP": 0.01907668828691339,
    "ERN": null,
    "ETB": 0.01604020586673898,
    "EUR": 1
  }
}