{
  "meta": {
    "code": "EUR",
    "createdAt": "2024-08-09T16:36:02Z"
  },
  "data": {
    "FJD": 0.4079051958,
    "GMD": 0.01317697822,
    "GEL": 0.3398436725,
    "GHS": 0.05874278305,
    "GIP": null,
    "GTQ": null,
    "GNF": 0.00010617970190000001,
    "GYD": 0.004383185475,
    "HTG": 0.0069427768739999994,
    "HNL": 0.03667998792,
    "HKD": 0.1174315,
    "HUF": 0.002535947,
    "ISK": 0.006618008369,
    "INR": 0.010908580000000001,
    "IDR": 0.00005743183276,
    "IRR": 0.00002175038553,
    "IQD": 0.0006990839615,
    "ILS": 0.2458226442,
    "JMD": 0.005825929469,
    "JPY": 0.006246010000000001,
    "JOD": 1.292059177,
    "KZT": 0.001913239906,
    "KES": 0.007099224728,
    "KWD": 2.992107254,
    "KGS": 0.010723652589999999,
    "LAK": 0.00004128014381,
    "LBP": 0.00001022098188,
    "LSL": 0.049880173429999994,
    "LRD": 0.0046857081,
    "LYD": 0.1905931273,
    "MOP": 0.1140474129,
    "MKD": 0.01627092702,
    "MGA": 0.0001999563306,
    "MWK": 0.000528600282,
    "MYR": 0.20626719999999998,
    "MVR": 0.059473178429999995,
    "MRU": 0.02303899306,
    "MUR": 0.01972496745,
    "MXN": 0.04862960274,
    "MDL": 0.05202104825,
    "MNT": null,
    "MAD": 0.09299821703,
    "MZN": 0.0143332499,
    "MMK": 0.0002819727136,
    "NAD": 0.049880173429999994,
    "NPR": 0.0068182006,
    "ANG": 0.5082010476000001,
    "TWD": 0.02825061,
    "NZD": 0.5499649999999999,
    "NIO": 0.02488586952,
    "NGN": 0.0005770563681,
    "KPW": null,
    "NOK": 0.08462837000000001,
    "OMR": 2.378915964,
    "PKR": 0.003285970532,
    "PAB": 0.9160289500000001,
    "PGK": 0.23261365790000002,
    "PYG": 0.0001209805684,
    "PEN": 0.24581934730000002,
    "PHP": 0.01599291761,
    "PLN": 0.231505082,
    "QAR": 0.2515243784,
    "RON": 0.20091727040000001,
    "RUB": 0.010335790000000001,
    "RWF": 0.0006951043618,
    "SHP": 1.16769079,
    "WST": null,
    "STN": null,
    "SAR": 0.2439806682,
    "RSD": 0.00854574191,
    "SCR": 0.0688458969,
    "SLL": 0.00004746769265,
    "SGD": 0.6918548,
    "SBD": 0.1080644,
    "SOS": 0.001603852811,
    "ZAR": 0.05000495118,
    "KRW": 0.0006712581,
    "SSP": null,
    "LKR": 0.00305264255,
    "SDG": 0.001522526932,
    "SRD": 0.03181020768,
    "SZL": 0.049880173429999994,
    "SEK": 0.0870095,
    "CHF": 1.059721,
    "SYP": null,
    "TJS": 0.08684854676999999,
    "TZS": 0.0003391158862,
    "THB": 0.02599228,
    "TOP": 0.3860097,
    "TTD": 0.1347532846,
    "TND": 0.2961359269,
    "TRY": 0.02735,
    "TMT": 0.2613890097,
    "UGX": 0.0002458065811,
    "UAH": 0.022256614129999998,
    "AED": 0.24933296060000001,
    "GBP": 1.1681761640000001,
    "USD": 0.9158,
    "UYU": 0.022720998,
    "UZS": 0.00007218127988,
    "VUV": null,
    "VES": 0.02499481,
    "VND": 0.0000364132,
    "XOF": 0.001527606325,
    "YER": 0.003658093499,
    "ZMW": 0.03504658535,
    "ZWL": null,
    "AFN": 0.012898597124069452,
    "ALL": 0.009810269466990557,
    "DZD": 0.006810250264854208,
    "AOA": 0.0010400779719413537,
    "ARS": 0.0009775830432355653,
    "AMD": 0.002358942492129107,
    "AWG": 0.5087714746079789,
    "AUD": 0.60177885830515,
    "AZN": 0.5386992084084482,
    "BSD": 0.9155368821757875,
    "BHD": 2.4298669164222546,
    "BDT": 0.007790127174690832,
    "BBD": 0.4533257108367915,
    "BYN": null,
    "BZD": 0.45408770998458,
    "BMD": 0.915788654294362,
    "BTN": 0.010907494467972132,
    "BOB": 0.13246531953287027,
    "BAM": 0.5110750032419148,
    "BWP": 0.0676125243684919,
    "BRL": 0.16631186801490155,
    "BND": 0.6913099457744981,
    "BGN": 0.5111175041574949,
    "BIF": 0.000317761503918932,
    "CVE": 0.009033673533920447,
    "KHR": 0.00022281962391590315,
    "XAF": 0.001523827030231054,
    "CAD": 0.667149237948783,
    "KYD": 1.098684722483038,
    "CLP": null,
    "CNY": 0.12777196486322076,
    "COP": 0.00022404450959996345,
    "KMF": 0.0020294485415784805,
    "CDF": null,
    "CRC": 0.0017286950594263242,
    "HRK": null,
    "CUP": 0.038137330012123605,
    "CZK": 0.03961314865410364,
    "DKK": 0.13401008425884048,
    "DJF": 0.005140037473381519,
    "DOP": 0.01531419154338398,
    "EGP": 0.018595675191250095,
    "ERN": null,
    "ETB": 0.011400470892551256,
    "EUR": 1
  }
}