{
  "meta": {
    "code": "EUR",
    "createdAt": "2024-08-15T12:06:49Z"
  },
  "data": {
    "FJD": 0.40575742260000003,
    "GMD": 0.012970499739999999,
    "GEL": 0.33756433140000003,
    "GHS": 0.058207921669999996,
    "GIP": null,
    "GTQ": 0.1173150984,
    "GNF": 0.00010532772340000001,
    "GYD": 0.004349015913,
    "HTG": 0.006885969706,
    "HNL": 0.036667082079999996,
    "HKD": 0.1165184763,
    "HUF": 0.002534469682,
    "ISK": 0.006573998973,
    "INR": 0.0108162,
    "IDR": 0.0000578381,
    "IRR": 0.00002156359062,
    "IQD": 0.0006934951891,
    "ILS": 0.24525439999999998,
    "JMD": 0.005780458063,
    "JPY": 0.006166558329,
    "JOD": 1.2811434970000002,
    "KZT": 0.001895337918,
    "KES": 0.006972349734,
    "KWD": 2.96827013,
    "KGS": 0.01059434032,
    "LAK": 0.00004112881994,
    "LBP": 0.00001014018125,
    "LSL": 0.05046379904,
    "LRD": 0.004656623746,
    "LYD": 0.1893971476,
    "MOP": 0.11318562850000001,
    "MKD": 0.016252209,
    "MGA": 0.0001979558877,
    "MWK": 0.0005236651302000001,
    "MYR": 0.2047204574,
    "MVR": 0.058962415659999996,
    "MRU": 0.022936663439999998,
    "MUR": 0.01966148677,
    "MXN": 0.04825158,
    "MDL": 0.051752739879999995,
    "MNT": null,
    "MAD": 0.09305307783,
    "MZN": 0.01421015424,
    "MMK": null,
    "NAD": 0.05046379904,
    "NPR": 0.006761123196,
    "ANG": 0.5041730369,
    "TWD": 0.02811640447,
    "NZD": 0.5458822997,
    "NIO": 0.02467156289,
    "NGN": null,
    "KPW": null,
    "NOK": 0.08507123965999999,
    "OMR": 2.358957675,
    "PKR": 0.003259197018,
    "PAB": 0.9085315132,
    "PGK": 0.23044588770000002,
    "PYG": 0.00012002383170000001,
    "PEN": 0.2429823818,
    "PHP": 0.01593371448,
    "PLN": null,
    "QAR": 0.249302,
    "RON": 0.2009437202,
    "RUB": 0.010201421459999999,
    "RWF": 0.0006879617793,
    "SHP": 1.1648352080000002,
    "WST": null,
    "STN": null,
    "SAR": 0.241949406,
    "RSD": 0.008543662357,
    "SCR": 0.06796398286,
    "SLL": null,
    "SGD": null,
    "SBD": 0.1066823625,
    "SOS": 0.001595413394,
    "ZAR": 0.05044532256,
    "KRW": 0.0006688141,
    "SSP": null,
    "LKR": 0.003037758027,
    "SDG": 0.001509451289,
    "SRD": 0.03162654928,
    "SZL": 0.05044634853,
    "SEK": 0.08689786868999999,
    "CHF": 1.047871389,
    "SYP": null,
    "TJS": 0.0854732188,
    "TZS": 0.0003344143598,
    "THB": 0.0259855464,
    "TOP": 0.38314857,
    "TTD": 0.1337138572,
    "TND": 0.2959374728,
    "TRY": 0.027005,
    "TMT": 0.25914416960000003,
    "UGX": 0.0002438796032,
    "UAH": 0.02207896358,
    "AED": 0.24719302110000002,
    "GBP": 1.1678313930000002,
    "USD": 0.9079349999999999,
    "UYU": 0.022471400319999998,
    "UZS": 0.00007193859544,
    "VUV": null,
    "VES": 0.02483271228,
    "VND": 0.0000362528,
    "XOF": 0.001524177722,
    "YER": 0.003626315996,
    "ZMW": 0.03455979218,
    "ZWL": null,
    "AFN": 0.012803294695382024,
    "ALL": 0.010011107564108961,
    "DZD": 0.006765890283485546,
    "AOA": null,
    "ARS": 0.0009656536316301779,
    "AMD": 0.0023403775326141245,
    "AWG": 0.5044245600282881,
    "AUD": 0.6019907835211044,
    "AZN": 0.5340965929711285,
    "BSD": 0.9080920680803125,
    "BHD": 2.4090698372636514,
    "BDT": 0.007728361294361591,
    "BBD": 0.44974060055029913,
    "BYN": 0.27747812806819533,
    "BZD": 0.4505066704360259,
    "BMD": 0.9079642080509185,
    "BTN": 0.01081670159936493,
    "BOB": 0.13141552813026763,
    "BAM": 0.5112114603303383,
    "BWP": 0.06765068580561394,
    "BRL": 0.16619801886161203,
    "BND": 0.6891908963522929,
    "BGN": 0.5111426788513254,
    "BIF": 0.00031492614833491335,
    "CVE": null,
    "KHR": 0.00022178557816877615,
    "XAF": null,
    "CAD": 0.662762992640017,
    "KYD": 1.0897104809443114,
    "CLP": 0.0009724055224189304,
    "CNY": 0.12692355825626325,
    "COP": 0.00022602085748454253,
    "KMF": 0.0020314670726997285,
    "CDF": 0.00031625364265096435,
    "CRC": 0.0017264883764776051,
    "HRK": null,
    "CUP": 0.037837848773998775,
    "CZK": 0.039689548352784515,
    "DKK": 0.1340147536842331,
    "DJF": 0.005099507261436736,
    "DOP": 0.015190328401514323,
    "EGP": 0.018557756306452493,
    "ERN": null,
    "ETB": 0.008235846652847613,
    "EUR": 1
  }
}