{
  "meta": {
    "code": "EUR",
    "createdAt": "2024-08-06T15:33:20Z"
  },
  "data": {
    "FJD": 0.4059761696,
    "GMD": 0.013164891889999999,
    "GEL": 0.33953195740000003,
    "GHS": 0.058839870759999996,
    "GIP": null,
    "GTQ": 0.1181033112,
    "GNF": 0.00010614385080000001,
    "GYD": 0.0043811395659999995,
    "HTG": 0.006932106603,
    "HNL": 0.036963761819999996,
    "HKD": 0.11738849999999999,
    "HUF": null,
    "ISK": 0.006626783445,
    "INR": 0.0109024,
    "IDR": 0.000056628299999999994,
    "IRR": 0.00002173043541,
    "IQD": 0.0006984427401,
    "ILS": 0.2387679524,
    "JMD": 0.0058338975,
    "JPY": 0.006313727228,
    "JOD": 1.2908740600000002,
    "KZT": 0.001912614999,
    "KES": 0.007038153761,
    "KWD": 2.99452775,
    "KGS": 0.01081706061,
    "LAK": 0.00004122369847,
    "LBP": 0.00001021160688,
    "LSL": 0.049457297239999996,
    "LRD": 0.0046814102239999995,
    "LYD": 0.18962901000000001,
    "MOP": 0.11401362300000001,
    "MKD": 0.016252956,
    "MGA": 0.00020021006490000002,
    "MWK": 0.0005278107792,
    "MYR": 0.2047003,
    "MVR": 0.05960904012,
    "MRU": 0.022988944589999998,
    "MUR": 0.01979216768,
    "MXN": 0.047309500000000004,
    "MDL": 0.051988027199999995,
    "MNT": null,
    "MAD": 0.0930191888,
    "MZN": 0.01432560191,
    "MMK": 0.00028171407950000003,
    "NAD": 0.049430577669999996,
    "NPR": 0.006810505674,
    "ANG": 0.5078404048,
    "TWD": 0.02790958666,
    "NZD": 0.5443874756,
    "NIO": 0.024815838819999998,
    "NGN": 0.0005740205138,
    "KPW": null,
    "NOK": 0.08385078,
    "OMR": 2.376780612,
    "PKR": 0.00327707728,
    "PAB": 0.9152015494,
    "PGK": 0.266131469,
    "PYG": 0.0001208412375,
    "PEN": 0.2447235002,
    "PHP": 0.01584895541,
    "PLN": 0.23207999999999998,
    "QAR": 0.2512936725,
    "RON": 0.20091817080000002,
    "RUB": 0.010680740000000001,
    "RWF": 0.0006944667906,
    "SHP": 1.16909014,
    "WST": null,
    "STN": null,
    "SAR": 0.2436998155,
    "RSD": 0.008544878872,
    "SCR": 0.06878349044,
    "SLL": 0.00004746769265,
    "SGD": 0.690105,
    "SBD": 0.107782288,
    "SOS": 0.001602381708,
    "ZAR": 0.049472,
    "KRW": 0.0006641819,
    "SSP": null,
    "LKR": 0.003027487355,
    "SDG": 0.001521130424,
    "SRD": 0.031863485649999995,
    "SZL": 0.049430577669999996,
    "SEK": 0.0867646,
    "CHF": 1.072933,
    "SYP": null,
    "TJS": 0.08666869848,
    "TZS": 0.0003387547538,
    "THB": 0.02573276,
    "TOP": 0.384100208,
    "TTD": 0.1349084731,
    "TND": 0.2950352567,
    "TRY": 0.027235000000000002,
    "TMT": 0.2611492556,
    "UGX": 0.0002456067386,
    "UAH": 0.02230428185,
    "AED": 0.24910426470000002,
    "GBP": 1.1621949999999999,
    "USD": 0.91496,
    "UYU": 0.0225125908,
    "UZS": 0.00007270242332,
    "VUV": null,
    "VES": 0.0249955,
    "VND": null,
    "XOF": 0.001528755151,
    "YER": 0.003654374028,
    "ZMW": null,
    "ZWL": null,
    "AFN": 0.012887840819258162,
    "ALL": 0.009980103266922932,
    "DZD": 0.00679329908760613,
    "AOA": 0.001042029480056854,
    "ARS": 0.0009778306240906176,
    "AMD": 0.0023569095788859643,
    "AWG": 0.5083199263952747,
    "AUD": 0.5958854112354195,
    "AZN": 0.5382210985361732,
    "BSD": 0.9147371214784974,
    "BHD": 2.4276729851221868,
    "BDT": 0.007784862151978428,
    "BBD": 0.4530283230267736,
    "BYN": 0.2794996328592045,
    "BZD": 0.4537906744175832,
    "BMD": 0.9149758675114943,
    "BTN": 0.010895707556186287,
    "BOB": 0.1323662292003119,
    "BAM": 0.5101721347056362,
    "BWP": 0.06723171214012041,
    "BRL": 0.16187516187516188,
    "BND": 0.6891674096643683,
    "BGN": 0.5113882559308598,
    "BIF": 0.00031660064619774895,
    "CVE": 0.009072641228820592,
    "KHR": 0.0002225677128463864,
    "XAF": 0.001521100746672702,
    "CAD": 0.6633477169229953,
    "KYD": 1.0975533122382188,
    "CLP": 0.0009635483399916934,
    "CNY": 0.1283342027975573,
    "COP": 0.00022001858007624582,
    "KMF": 0.0020355414182680635,
    "CDF": null,
    "CRC": 0.0017298802392596946,
    "HRK": null,
    "CUP": 0.0381128623539417,
    "CZK": 0.0395623611608388,
    "DKK": 0.1340029011628102,
    "DJF": 0.005136605696478869,
    "DOP": 0.01535194408576333,
    "EGP": 0.018596347677316175,
    "ERN": null,
    "ETB": 0.011390352671400336,
    "EUR": 1
  }
}