{
  "meta": {
    "code": "EUR",
    "createdAt": "2024-08-16T08:05:03Z"
  },
  "data": {
    "FJD": 0.4064971404,
    "GMD": 0.013002856879999998,
    "GEL": 0.33838305150000003,
    "GHS": null,
    "GIP": null,
    "GTQ": 0.1172274796,
    "GNF": 0.0001052491566,
    "GYD": 0.004345789948,
    "HTG": 0.006880767944,
    "HNL": 0.03663971871,
    "HKD": 0.11678749999999999,
    "HUF": 0.00252811,
    "ISK": 0.006557636841,
    "INR": 0.01083988,
    "IDR": 0.0000579551,
    "IRR": 0.00002162380435,
    "IQD": null,
    "ILS": 0.2474698,
    "JMD": 0.005776143763,
    "JPY": 0.006109519000000001,
    "JOD": 1.28433953,
    "KZT": 0.001893957813,
    "KES": 0.007055813876,
    "KWD": 2.9736042850000004,
    "KGS": 0.01062076973,
    "LAK": 0.00004109880672,
    "LBP": 0.0000101328015,
    "LSL": null,
    "LRD": 0.004658398,
    "LYD": 0.18925579250000002,
    "MOP": 0.11310327240000001,
    "MKD": 0.01624387519,
    "MGA": 0.00019781167250000002,
    "MWK": 0.0005232839011,
    "MYR": 0.20478839999999998,
    "MVR": 0.059109507539999995,
    "MRU": 0.02291954504,
    "MUR": 0.01970291736,
    "MXN": 0.048811750499999994,
    "MDL": 0.051863196,
    "MNT": null,
    "MAD": 0.0929823912,
    "MZN": null,
    "MMK": 0.0002802373547,
    "NAD": 0.050426135829999996,
    "NPR": 0.006756076915,
    "ANG": 0.5037967922000001,
    "TWD": 0.028186896109999998,
    "NZD": 0.5475949999999999,
    "NIO": 0.024653149279999998,
    "NGN": 0.0005715685093,
    "KPW": null,
    "NOK": 0.08494358,
    "OMR": 2.364443833,
    "PKR": 0.003256764775,
    "PAB": 0.9078573272,
    "PGK": 0.23027177100000001,
    "PYG": 0.0001199343234,
    "PEN": 0.2427999459,
    "PHP": 0.01589993792,
    "PLN": 0.2336391469,
    "QAR": null,
    "RON": 0.20097679999999998,
    "RUB": 0.01027280846,
    "RWF": 0.0006874608621,
    "SHP": 1.16774109,
    "WST": null,
    "STN": null,
    "SAR": 0.2425454903,
    "RSD": 0.008544152255,
    "SCR": 0.06511830207,
    "SLL": 0.00004746769265,
    "SGD": null,
    "SBD": 0.1069485,
    "SOS": 0.0015942517079999999,
    "ZAR": 0.05066380725,
    "KRW": 0.000670917704,
    "SSP": null,
    "LKR": 0.003035490604,
    "SDG": 0.001513216875,
    "SRD": 0.031703790579999995,
    "SZL": 0.0504087055,
    "SEK": null,
    "CHF": 1.0465661640000001,
    "SYP": null,
    "TJS": 0.08541097440999999,
    "TZS": 0.0003371111107,
    "THB": 0.025980484839999998,
    "TOP": 0.38383134,
    "TTD": 0.1336164498,
    "TND": null,
    "TRY": 0.027005,
    "TMT": 0.260535648,
    "UGX": 0.0002436965839,
    "UAH": 0.022062483429999998,
    "AED": 0.247811325,
    "GBP": 1.172525,
    "USD": 0.9102,
    "UYU": 0.022600265999999997,
    "UZS": 0.0000718848654,
    "VUV": null,
    "VES": 0.024847613509999998,
    "VND": 0.00003632,
    "XOF": 0.00152304039,
    "YER": 0.003636451064,
    "ZMW": 0.03453462636,
    "ZWL": null,
    "AFN": 0.012793615323551322,
    "ALL": 0.010003629316716105,
    "DZD": 0.006768896250794603,
    "AOA": 0.0010302344368259381,
    "ARS": 0.00096749506819389,
    "AMD": 0.0023386294586192216,
    "AWG": 0.5049608469568513,
    "AUD": 0.6037134413779156,
    "AZN": 0.5354188970210095,
    "BSD": 0.9074136613527732,
    "BHD": null,
    "BDT": 0.0077224119649302635,
    "BBD": 0.44940069597202764,
    "BYN": 0.2772708905446464,
    "BZD": 0.45017017166266227,
    "BMD": 0.9102121249357162,
    "BTN": 0.0108086209059258,
    "BOB": 0.1313155640268043,
    "BAM": 0.510813320079083,
    "BWP": 0.06760013260685373,
    "BRL": 0.16589729977321405,
    "BND": 0.6886698041852324,
    "BGN": 0.5113637450284322,
    "BIF": 0.0003146822536742079,
    "CVE": null,
    "KHR": 0.00022161788276502028,
    "XAF": null,
    "CAD": 0.6631685696216929,
    "KYD": null,
    "CLP": 0.0009708407410625816,
    "CNY": 0.1269012805587536,
    "COP": null,
    "KMF": 0.0020364965321141033,
    "CDF": null,
    "CRC": null,
    "HRK": null,
    "CUP": null,
    "CZK": 0.03958407808961989,
    "DKK": 0.13402759628207447,
    "DJF": 0.0050956962896688265,
    "DOP": null,
    "EGP": null,
    "ERN": null,
    "ETB": null,
    "EUR": 1
  }
}