{
  "meta": {
    "code": "EUR",
    "createdAt": "2024-08-01T13:06:16Z"
  },
  "data": {
    "FJD": 0.4108004776,
    "GMD": 0.01333079117,
    "GEL": 0.3412775945,
    "GHS": 0.059632778389999995,
    "GIP": null,
    "GTQ": 0.11971909210000001,
    "GNF": 0.0001075884659,
    "GYD": 0.004440974164,
    "HTG": 0.0070160882649999996,
    "HNL": 0.03747236055,
    "HKD": 0.11855051030000001,
    "HUF": 0.0025270680000000004,
    "ISK": 0.006671154926,
    "INR": 0.01106257,
    "IDR": 0.000056971499999999995,
    "IRR": 0.00002200427462,
    "IQD": 0.0007087202858,
    "ILS": 0.24451979999999998,
    "JMD": 0.0059216946509999995,
    "JPY": 0.006151,
    "JOD": 1.3075099380000001,
    "KZT": 0.001953897923,
    "KES": 0.007132881594,
    "KWD": 3.031307585,
    "KGS": 0.01102570443,
    "LAK": 0.00004177598999,
    "LBP": 0.00001035510078,
    "LSL": 0.05086593162,
    "LRD": 0.0046248882659999995,
    "LYD": 0.1918070554,
    "MOP": 0.11525424420000001,
    "MKD": 0.01623619988,
    "MGA": 0.00020348981640000001,
    "MWK": 0.0005347878166,
    "MYR": 0.20297969999999999,
    "MVR": 0.06032091957,
    "MRU": 0.02341376609,
    "MUR": 0.019869578649999997,
    "MXN": 0.05008805,
    "MDL": 0.052478700559999994,
    "MNT": null,
    "MAD": 0.09331403451999999,
    "MZN": 0.01450612804,
    "MMK": 0.00028526414,
    "NAD": 0.05086593162,
    "NPR": 0.0069243435189999996,
    "ANG": 0.5148701345,
    "TWD": 0.02828798,
    "NZD": 0.551935,
    "NIO": null,
    "NGN": 0.0005577669736,
    "KPW": null,
    "NOK": 0.08511863,
    "OMR": 2.4071905670000002,
    "PKR": 0.003328268013,
    "PAB": 0.9278436018,
    "PGK": 0.23604445140000002,
    "PYG": 0.0001223759875,
    "PEN": 0.248199537,
    "PHP": 0.015890952649999998,
    "PLN": 0.23298,
    "QAR": 0.254305,
    "RON": 0.20097879999999999,
    "RUB": 0.01082366,
    "RWF": 0.0007062784287,
    "SHP": 1.1881771,
    "WST": null,
    "STN": null,
    "SAR": 0.2469134114,
    "RSD": 0.008542621274,
    "SCR": 0.06834323898,
    "SLL": 0.00004746769265,
    "SGD": 0.6926983,
    "SBD": 0.109789065,
    "SOS": 0.001629530068,
    "ZAR": 0.050933,
    "KRW": null,
    "SSP": null,
    "LKR": 0.00306375521,
    "SDG": 0.001540299167,
    "SRD": null,
    "SZL": 0.05089080787,
    "SEK": 0.0869075,
    "CHF": 1.057446582,
    "SYP": null,
    "TJS": 0.08749306461999999,
    "TZS": 0.0003435482362,
    "THB": 0.02605662,
    "TOP": 0.389403747,
    "TTD": 0.1369945173,
    "TND": 0.2971559264,
    "TRY": 0.028005000000000002,
    "TMT": 0.2651984976,
    "UGX": 0.0002483052495,
    "UAH": 0.022527335659999998,
    "AED": 0.2522451482,
    "GBP": 1.1857,
    "USD": 0.9264899999999999,
    "UYU": null,
    "UZS": 0.00007392482239,
    "VUV": null,
    "VES": 0.02531846,
    "VND": 0.000036734,
    "XOF": 0.00152456431,
    "YER": 0.003700796671,
    "ZMW": 0.035837726449999996,
    "ZWL": null,
    "AFN": 0.013061033534713502,
    "ALL": 0.009993838378898199,
    "DZD": 0.0068716326676457745,
    "AOA": 0.0010463265500776555,
    "ARS": 0.0009933051234678268,
    "AMD": 0.0023889904344801503,
    "AWG": 0.5147345333854244,
    "AUD": 0.6060808087542312,
    "AZN": 0.5450130353492729,
    "BSD": 0.9272910701016841,
    "BHD": 2.4583579254963546,
    "BDT": 0.007892072088118433,
    "BBD": 0.4592804961716692,
    "BYN": 0.2833659336914018,
    "BZD": 0.4598177351470537,
    "BMD": 0.9265221600937641,
    "BTN": 0.011073158303950652,
    "BOB": 0.13420211763595405,
    "BAM": 0.511342345085261,
    "BWP": 0.06843792132929406,
    "BRL": 0.16336399130903567,
    "BND": 0.6923582814360836,
    "BGN": 0.5111860504749247,
    "BIF": 0.0003218259688702903,
    "CVE": 0.009069821376924303,
    "KHR": 0.00022570153012846923,
    "XAF": 0.0015246173493688874,
    "CAD": 0.6706053554543686,
    "KYD": 1.1121601512308255,
    "CLP": 0.0009873424553428858,
    "CNY": 0.12789355981748055,
    "COP": 0.00022895463279245387,
    "KMF": 0.0020330729280615637,
    "CDF": 0.0003233934241164971,
    "CRC": 0.0017741411662396298,
    "HRK": null,
    "CUP": 0.03861762464727815,
    "CZK": null,
    "DKK": 0.13402139919680978,
    "DJF": 0.0052076821181091335,
    "DOP": 0.015611667175200333,
    "EGP": 0.019038622105587173,
    "ERN": null,
    "ETB": 0.016006154235693407,
    "EUR": 1
  }
}