{
  "meta": {
    "code": "EUR",
    "createdAt": "2024-08-13T15:04:52Z"
  },
  "data": {
    "FJD": 0.40806748670000004,
    "GMD": 0.01323043421,
    "GEL": 0.3406390495,
    "GHS": 0.058422943459999994,
    "GIP": null,
    "GTQ": 0.1179692286,
    "GNF": 0.0001059310902,
    "GYD": 0.004373768715,
    "HTG": 0.006936724511,
    "HNL": 0.03687780052,
    "HKD": 0.11719349999999999,
    "HUF": 0.00254192,
    "ISK": 0.006592287614,
    "INR": 0.010876874849999999,
    "IDR": 0.0000576622,
    "IRR": 0.0000216815101,
    "IQD": 0.0006973872237,
    "ILS": 0.2453283732,
    "JMD": 0.005816406327,
    "JPY": 0.006208,
    "JOD": 1.287967703,
    "KZT": 0.001901819921,
    "KES": 0.007076744108,
    "KWD": 2.981758712,
    "KGS": 0.010655669139999999,
    "LAK": 0.00004123341075,
    "LBP": 0.00001019672784,
    "LSL": 0.050199549389999994,
    "LRD": 0.004670817064,
    "LYD": 0.1898904119,
    "MOP": 0.1138783411,
    "MKD": 0.01625200266,
    "MGA": 0.0001998704172,
    "MWK": 0.0005266127553,
    "MYR": null,
    "MVR": 0.059284848859999996,
    "MRU": 0.023048315849999997,
    "MUR": 0.019704964749999998,
    "MXN": 0.04795107,
    "MDL": 0.052199621999999994,
    "MNT": null,
    "MAD": 0.09305618763,
    "MZN": 0.0142878618,
    "MMK": 0.0002810798103,
    "NAD": 0.050199549389999994,
    "NPR": 0.006797262603,
    "ANG": 0.5070084103,
    "TWD": 0.02818114996,
    "NZD": 0.552975,
    "NIO": 0.02481003849,
    "NGN": 0.0005741509364,
    "KPW": null,
    "NOK": 0.08471666355,
    "OMR": 2.3714399999999998,
    "PKR": 0.003276577941,
    "PAB": 0.9136458393,
    "PGK": 0.2319402291,
    "PYG": 0.0001207879899,
    "PEN": 0.24389282880000002,
    "PHP": 0.01600427812,
    "PLN": 0.23318499999999998,
    "QAR": 0.2503166961,
    "RON": 0.2009600547,
    "RUB": 0.01003128,
    "RWF": 0.0006927988058,
    "SHP": 1.1651799150000002,
    "WST": null,
    "STN": null,
    "SAR": 0.24316875300000002,
    "RSD": 0.008545745451,
    "SCR": 0.06826319298,
    "SLL": 0.00004746769265,
    "SGD": null,
    "SBD": 0.10753962,
    "SOS": 0.001604299421,
    "ZAR": 0.050262904649999995,
    "KRW": 0.0006671905001,
    "SSP": null,
    "LKR": 0.003052251024,
    "SDG": 0.001517705652,
    "SRD": 0.03184386726,
    "SZL": 0.050209070929999995,
    "SEK": 0.086891,
    "CHF": 1.0542908640000002,
    "SYP": null,
    "TJS": 0.0860755791,
    "TZS": 0.0003370507135,
    "THB": 0.02603694,
    "TOP": 0.38515251,
    "TTD": 0.1345914944,
    "TND": 0.2960881875,
    "TRY": 0.027205,
    "TMT": 0.2605612873,
    "UGX": 0.0002448636066,
    "UAH": 0.022084109959999997,
    "AED": 0.24854341530000001,
    "GBP": 1.1706349999999999,
    "USD": 0.9128999999999999,
    "UYU": 0.0226536135,
    "UZS": 0.00007229602002,
    "VUV": null,
    "VES": 0.02495515307,
    "VND": 0.000036330899999999995,
    "XOF": 0.001520621181,
    "YER": 0.0036457848269999997,
    "ZMW": 0.03495306955,
    "ZWL": null,
    "AFN": 0.012869950933581047,
    "ALL": 0.009984196115810246,
    "DZD": 0.006799125784724502,
    "AOA": 0.0010396323590089983,
    "ARS": 0.0009716740165627764,
    "AMD": 0.002349006806178865,
    "AWG": 0.5071505694540169,
    "AUD": 0.6032240538930937,
    "AZN": 0.5369829558924885,
    "BSD": 0.9131384834119773,
    "BHD": null,
    "BDT": 0.007771138914526135,
    "BBD": 0.452242545875606,
    "BYN": 0.2790223561447933,
    "BZD": 0.4530026584497251,
    "BMD": 0.9128710250172304,
    "BTN": 0.01087381254157134,
    "BOB": 0.1321437593019882,
    "BAM": 0.5099858074468689,
    "BWP": 0.06761717093022737,
    "BRL": 0.16636372376024755,
    "BND": 0.6902089332290028,
    "BGN": 0.5112691264355037,
    "BIF": 0.0003167609016464379,
    "CVE": 0.009045751662460353,
    "KHR": 0.00022318662751074524,
    "XAF": 0.0015205586336328725,
    "CAD": 0.6651276163463241,
    "KYD": 1.0957060081406353,
    "CLP": 0.000978908170464876,
    "CNY": 0.12758861533756785,
    "COP": 0.00022520340864501276,
    "KMF": 0.00202477769792536,
    "CDF": 0.0003186286300234661,
    "CRC": 0.0017244486276195895,
    "HRK": null,
    "CUP": 0.0380477228813767,
    "CZK": 0.03967848605282646,
    "DKK": 0.13399921983724622,
    "DJF": 0.00512784072280607,
    "DOP": 0.015304913001655525,
    "EGP": 0.01848605604214892,
    "ERN": null,
    "ETB": 0.008808537534773663,
    "EUR": 1
  }
}