{
  "meta": {
    "code": "EUR",
    "createdAt": "2024-08-26T11:33:17Z"
  },
  "data": {
    "FJD": 0.4060003841,
    "GMD": 0.012794999739999998,
    "GEL": 0.3323662211,
    "GHS": 0.057408209349999996,
    "GIP": null,
    "GTQ": 0.1157013209,
    "GNF": 0.000103904446,
    "GYD": 0.004288465347,
    "HTG": 0.006791215968,
    "HNL": 0.03615618137,
    "HKD": 0.11488511500000001,
    "HUF": 0.002530042867,
    "ISK": 0.0065313935459999995,
    "INR": null,
    "IDR": null,
    "IRR": 0.00002127813707,
    "IQD": 0.0006839250573,
    "ILS": 0.24433839999999998,
    "JMD": 0.005722727014,
    "JPY": 0.00621,
    "JOD": 1.2638087230000001,
    "KZT": 0.0018532539009999999,
    "KES": 0.006943454077,
    "KWD": 2.9322407690000003,
    "KGS": 0.01051108955,
    "LAK": 0.00004055565895,
    "LBP": 0.00001000064877,
    "LSL": 0.050489044409999996,
    "LRD": 0.004592544613,
    "LYD": null,
    "MOP": 0.11158491350000001,
    "MKD": 0.0162410991,
    "MGA": 0.00019627739830000002,
    "MWK": null,
    "MYR": 0.2056054,
    "MVR": null,
    "MRU": 0.02263910859,
    "MUR": 0.019433338999999997,
    "MXN": 0.046704117069999995,
    "MDL": 0.05140730061,
    "MNT": null,
    "MAD": null,
    "MZN": 0.014017880839999998,
    "MMK": 0.000275768575,
    "NAD": 0.050488596579999996,
    "NPR": 0.006672942699,
    "ANG": 0.4972291435,
    "TWD": 0.02810947,
    "NZD": 0.555285087,
    "NIO": 0.02433513293,
    "NGN": 0.0005632707919,
    "KPW": null,
    "NOK": 0.08484927,
    "OMR": 2.3270142380000003,
    "PKR": 0.003217342286,
    "PAB": 0.8959742253,
    "PGK": 0.2299749757,
    "PYG": 0.0001178320722,
    "PEN": null,
    "PHP": null,
    "PLN": 0.233705,
    "QAR": 0.2456029217,
    "RON": 0.2009808,
    "RUB": 0.009791156235,
    "RWF": 0.0006761341562,
    "SHP": 1.1827953900000001,
    "WST": null,
    "STN": null,
    "SAR": 0.2387007831,
    "RSD": 0.008543751339999999,
    "SCR": null,
    "SLL": 0.00004746769265,
    "SGD": 0.6871195722,
    "SBD": null,
    "SOS": 0.001573098164,
    "ZAR": null,
    "KRW": 0.0006753255634,
    "SSP": null,
    "LKR": 0.002976776966,
    "SDG": 0.0014890273499999999,
    "SRD": 0.03113246887,
    "SZL": 0.05051013696,
    "SEK": 0.08764487866,
    "CHF": 1.0568893910000001,
    "SYP": null,
    "TJS": 0.08410114986999999,
    "TZS": 0.0003305635463,
    "THB": 0.026340717189999998,
    "TOP": 0.38271124500000003,
    "TTD": 0.1319061372,
    "TND": 0.2941041247,
    "TRY": 0.026325,
    "TMT": 0.25637085600000004,
    "UGX": 0.00024128811,
    "UAH": 0.021672652089999998,
    "AED": 0.2438553115,
    "GBP": 1.180833916,
    "USD": null,
    "UYU": 0.02219316804,
    "UZS": 0.00007058331042,
    "VUV": null,
    "VES": 0.02450925625,
    "VND": 0.0000360109,
    "XOF": 0.001525272245,
    "YER": 0.003578320584,
    "ZMW": 0.03405208456,
    "ZWL": null,
    "AFN": 0.012642864770152968,
    "ALL": 0.009991086132791874,
    "DZD": 0.006676675470564326,
    "AOA": 0.00099014248303803,
    "ARS": 0.0009467867949752132,
    "AMD": 0.0023078067583978297,
    "AWG": 0.4975465977266101,
    "AUD": 0.6063068033686406,
    "AZN": 0.5268140446517048,
    "BSD": 0.8954800005807008,
    "BHD": 2.376744941994008,
    "BDT": null,
    "BBD": 0.44351204670326255,
    "BYN": 0.27363568524126036,
    "BZD": 0.44427020818475743,
    "BMD": null,
    "BTN": 0.010674579489346362,
    "BOB": 0.1295864684733534,
    "BAM": 0.5115239909969322,
    "BWP": 0.0675175526174871,
    "BRL": 0.163225172397007,
    "BND": 0.6873730734258522,
    "BGN": 0.5118324090682458,
    "BIF": 0.00031104298039492674,
    "CVE": 0.009073040669359511,
    "KHR": 0.00022006913185687414,
    "XAF": 0.0015251044372912384,
    "CAD": 0.6629826928368036,
    "KYD": null,
    "CLP": 0.000985381711545816,
    "CNY": 0.125777003159141,
    "COP": 0.0002223550485304858,
    "KMF": 0.0020305722160931824,
    "CDF": 0.00031758293471911283,
    "CRC": 0.0017019902697052891,
    "HRK": null,
    "CUP": 0.03731276106689497,
    "CZK": 0.03995502417953604,
    "DKK": 0.1340160768250827,
    "DJF": null,
    "DOP": 0.015050848382187981,
    "EGP": 0.01836164806666635,
    "ERN": null,
    "ETB": null,
    "EUR": 1
  }
}