{
  "meta": {
    "code": "EUR",
    "createdAt": "2024-08-15T12:42:39Z"
  },
  "data": {
    "FJD": 0.4068792787,
    "GMD": 0.013035714019999999,
    "GEL": 0.3392615687,
    "GHS": 0.05850058487,
    "GIP": null,
    "GTQ": null,
    "GNF": 0.00010585730000000001,
    "GYD": 0.0043708823,
    "HTG": null,
    "HNL": null,
    "HKD": 0.1170648075,
    "HUF": 0.0025357450000000003,
    "ISK": 0.0065756286649999995,
    "INR": 0.01087087,
    "IDR": 0.00005787722875,
    "IRR": 0.00002167201005,
    "IQD": 0.0006969820087,
    "ILS": 0.24612969999999998,
    "JMD": 0.005809521587,
    "JPY": 0.0061387525,
    "JOD": 1.28758495,
    "KZT": 0.001904867475,
    "KES": 0.007007405962,
    "KWD": 2.9809002500000004,
    "KGS": null,
    "LAK": null,
    "LBP": 0.000010191165,
    "LSL": 0.050717525619999995,
    "LRD": 0.004658398,
    "LYD": 0.1903494162,
    "MOP": 0.11375471370000001,
    "MKD": 0.01626030287,
    "MGA": 0.00019895118870000002,
    "MWK": 0.0005262980625,
    "MYR": 0.20574977,
    "MVR": null,
    "MRU": 0.02305198653,
    "MUR": null,
    "MXN": 0.04864934,
    "MDL": 0.05201294712,
    "MNT": null,
    "MAD": 0.09352093874999999,
    "MZN": 0.014281601369999999,
    "MMK": 0.0002809566512,
    "NAD": 0.050717525619999995,
    "NPR": 0.0067951174,
    "ANG": 0.506707965,
    "TWD": 0.028155333499999997,
    "NZD": 0.54624075,
    "NIO": 0.02479560887,
    "NGN": 0.0005739390761,
    "KPW": null,
    "NOK": 0.08502493239999999,
    "OMR": 2.370768075,
    "PKR": 0.003275583912,
    "PAB": 0.9130995125,
    "PGK": 0.231604545,
    "PYG": 0.0001206272987,
    "PEN": null,
    "PHP": 0.015973203,
    "PLN": 0.23346312500000002,
    "QAR": null,
    "RON": 0.2009548562,
    "RUB": 0.01025196487,
    "RWF": null,
    "SHP": 1.1706918750000002,
    "WST": null,
    "STN": null,
    "SAR": 0.2431378,
    "RSD": 0.008546328087,
    "SCR": 0.0683108085,
    "SLL": null,
    "SGD": 0.6903199375,
    "SBD": 0.10721875,
    "SOS": 0.001603434962,
    "ZAR": null,
    "KRW": 0.0006682791000000001,
    "SSP": null,
    "LKR": 0.00305303155,
    "SDG": 0.001517040648,
    "SRD": 0.031785564179999996,
    "SZL": 0.05069998737,
    "SEK": 0.08677922449999999,
    "CHF": 1.045536112,
    "SYP": null,
    "TJS": 0.085902969,
    "TZS": 0.0003360957595,
    "THB": 0.025970927119999997,
    "TOP": null,
    "TTD": 0.1343861562,
    "TND": 0.2974254147,
    "TRY": 0.027145,
    "TMT": 0.26044711870000004,
    "UGX": 0.0002451058037,
    "UAH": 0.022189974249999998,
    "AED": null,
    "GBP": 1.16936875,
    "USD": 0.9125,
    "UYU": 0.022575,
    "UZS": null,
    "VUV": null,
    "VES": 0.02495149125,
    "VND": 0.000036444,
    "XOF": 0.0015318411249999999,
    "YER": 0.0036445487249999998,
    "ZMW": 0.034733555119999995,
    "ZWL": null,
    "AFN": 0.012867200472591891,
    "ALL": 0.010061076546923748,
    "DZD": 0.00679952443310172,
    "AOA": 0.0010363386472711537,
    "ARS": 0.0009704028338961199,
    "AMD": 0.0023502193862933365,
    "AWG": 0.5069423216234726,
    "AUD": 0.6030548600272582,
    "AZN": 0.5367624581895593,
    "BSD": 0.9126246772962563,
    "BHD": 2.4207976145653967,
    "BDT": 0.007766936281646191,
    "BBD": null,
    "BYN": 0.2788631197013856,
    "BZD": 0.4527553088284415,
    "BMD": 0.9124961789222507,
    "BTN": null,
    "BOB": 0.13207146956129023,
    "BAM": 0.5137630976407224,
    "BWP": 0.06798835433733484,
    "BRL": 0.1664865585940648,
    "BND": 0.6926308919435555,
    "BGN": 0.5136829839162365,
    "BIF": 0.00031649805626231877,
    "CVE": 0.009112668801960586,
    "KHR": 0.00022289258852297843,
    "XAF": null,
    "CAD": 0.6649886785677475,
    "KYD": 1.0951496117960253,
    "CLP": 0.0009772591426154902,
    "CNY": 0.12755791894867785,
    "COP": null,
    "KMF": 0.002041606844200467,
    "CDF": 0.00031783217656644055,
    "CRC": 0.0017351058913696944,
    "HRK": null,
    "CUP": 0.03802671086218211,
    "CZK": 0.0396910449064482,
    "DKK": 0.13402319539442692,
    "DJF": 0.005124960707438752,
    "DOP": 0.015266148708427792,
    "EGP": 0.018656716417910446,
    "ERN": null,
    "ETB": 0.008276954677215464,
    "EUR": 1
  }
}