{
  "meta": {
    "code": "EUR",
    "createdAt": "2024-07-25T13:05:57Z"
  },
  "data": {
    "FJD": 0.4076297244,
    "GMD": 0.013601254089999999,
    "GEL": 0.3383129092,
    "GHS": 0.059461409009999994,
    "GIP": null,
    "GTQ": 0.118889706,
    "GNF": 0.0001069537316,
    "GYD": 0.004413487923,
    "HTG": 0.0069825339999999994,
    "HNL": 0.03723428165,
    "HKD": 0.11810467990000001,
    "HUF": 0.002546717077,
    "ISK": null,
    "INR": 0.01100168639,
    "IDR": 0.000056484273779999997,
    "IRR": 0.00002189998181,
    "IQD": 0.0007038933097,
    "ILS": 0.25224189999999996,
    "JMD": 0.00588867894,
    "JPY": 0.0059837504399999995,
    "JOD": 1.300743009,
    "KZT": 0.001941102573,
    "KES": 0.007090464036,
    "KWD": 3.014311518,
    "KGS": 0.01094988071,
    "LAK": 0.00004158684432,
    "LBP": 0.00001029208394,
    "LSL": 0.04986515545,
    "LRD": 0.004716856,
    "LYD": 0.190581419,
    "MOP": 0.11470250030000001,
    "MKD": 0.01624039188,
    "MGA": 0.0002028887046,
    "MWK": 0.0005315103754,
    "MYR": 0.19765439999999998,
    "MVR": 0.06005629034,
    "MRU": 0.023286111619999997,
    "MUR": 0.01970611113,
    "MXN": 0.050303160599999994,
    "MDL": 0.052035,
    "MNT": null,
    "MAD": 0.09380343708,
    "MZN": 0.0144275476,
    "MMK": 0.0002838277973,
    "NAD": 0.04986515545,
    "NPR": 0.006882551016,
    "ANG": 0.5117265360000001,
    "TWD": 0.02817565,
    "NZD": 0.5432899999999999,
    "NIO": 0.0250449528,
    "NGN": 0.000596534648,
    "KPW": null,
    "NOK": 0.08324402387999999,
    "OMR": 2.394999063,
    "PKR": 0.003310574089,
    "PAB": 0.9221061566000001,
    "PGK": 0.2383850511,
    "PYG": 0.0001215538725,
    "PEN": 0.2463745084,
    "PHP": 0.01570695773,
    "PLN": 0.2330736799,
    "QAR": 0.25299699999999997,
    "RON": 0.2011798254,
    "RUB": 0.010825525629999999,
    "RWF": 0.0007033117303,
    "SHP": 1.189845618,
    "WST": null,
    "STN": null,
    "SAR": 0.24571580910000002,
    "RSD": 0.00854031943,
    "SCR": 0.06804466908,
    "SLL": 0.00004746769265,
    "SGD": 0.6861723,
    "SBD": 0.10877535,
    "SOS": 0.001619342322,
    "ZAR": 0.050093,
    "KRW": 0.0006664076648,
    "SSP": null,
    "LKR": 0.003037992281,
    "SDG": null,
    "SRD": 0.03162132886,
    "SZL": 0.049885627169999995,
    "SEK": 0.08515488414,
    "CHF": 1.0465764990000002,
    "SYP": null,
    "TJS": 0.08679540999999999,
    "TZS": 0.0003427193248,
    "THB": 0.025444044029999998,
    "TOP": 0.3878117775,
    "TTD": 0.1356497751,
    "TND": 0.2969620981,
    "TRY": 0.02790454613,
    "TMT": 0.2634537133,
    "UGX": 0.00024667373280000003,
    "UAH": 0.02236291218,
    "AED": 0.25097330900000003,
    "GBP": 1.1862873740000002,
    "USD": 0.921825,
    "UYU": 0.022898132999999998,
    "UZS": 0.00007300328559,
    "VUV": null,
    "VES": 0.02524917391,
    "VND": 0.000036442599999999996,
    "XOF": null,
    "YER": 0.003682162669,
    "ZMW": 0.0352995369,
    "ZWL": null,
    "AFN": 0.013015734099190893,
    "ALL": 0.009966499495613899,
    "DZD": 0.006842116412206533,
    "AOA": 0.0010529122327029954,
    "ARS": 0.00099330882541144,
    "AMD": 0.0023765105051458115,
    "AWG": 0.5114145131579415,
    "AUD": 0.6023044166982877,
    "AZN": 0.5422497998420426,
    "BSD": 0.9216163752207713,
    "BHD": 2.4456194785724397,
    "BDT": 0.007843607348435712,
    "BBD": 0.4564756152068395,
    "BYN": 0.2816709933270077,
    "BZD": 0.45724794494872284,
    "BMD": 0.9218246597314724,
    "BTN": 0.011010591405748964,
    "BOB": 0.1333873340928722,
    "BAM": 0.5113705394882025,
    "BWP": 0.06765005355212064,
    "BRL": 0.16350288582593483,
    "BND": 0.686719404807876,
    "BGN": 0.5113864258348069,
    "BIF": 0.00031992137868134635,
    "CVE": 0.009070318774648116,
    "KHR": 0.00022449793367982306,
    "XAF": 0.0015247010674632063,
    "CAD": 0.6664844942382415,
    "KYD": 1.1059806056975163,
    "CLP": 0.0009732615323912315,
    "CNY": 0.12749837853937093,
    "COP": 0.00022792731145949952,
    "KMF": 0.0020294450102443552,
    "CDF": 0.00032175380793419636,
    "CRC": 0.0017429925458436527,
    "HRK": null,
    "CUP": 0.03840187246792838,
    "CZK": null,
    "DKK": 0.1340044275062848,
    "DJF": 0.005176581074745715,
    "DOP": 0.015558946878353859,
    "EGP": 0.019073554493177516,
    "ERN": null,
    "ETB": null,
    "EUR": 1
  }
}