{
  "meta": {
    "code": "EUR",
    "createdAt": "2024-08-23T16:36:34Z"
  },
  "data": {
    "FJD": 0.4058804415,
    "GMD": 0.012785714029999999,
    "GEL": 0.3315224095,
    "GHS": 0.05726167577,
    "GIP": null,
    "GTQ": 0.11559596250000001,
    "GNF": 0.0001037079907,
    "GYD": 0.004284981655,
    "HTG": 0.006788325295,
    "HNL": 0.0359672218,
    "HKD": 0.11480907850000001,
    "HUF": 0.002541312,
    "ISK": 0.0065567765329999994,
    "INR": 0.0106767,
    "IDR": 0.0000578609445,
    "IRR": 0.00002125638246,
    "IQD": 0.0006832060991,
    "ILS": 0.2425378937,
    "JMD": 0.00571359766,
    "JPY": 0.0061790000000000005,
    "JOD": 1.26289154,
    "KZT": 0.00185109628,
    "KES": 0.0069379844199999995,
    "KWD": 2.930116335,
    "KGS": 0.01048749812,
    "LAK": 0.0000404337014,
    "LBP": 0.000009988839030000001,
    "LSL": 0.04963948971,
    "LRD": 0.0045868955849999995,
    "LYD": 0.1878279041,
    "MOP": 0.11141667050000001,
    "MKD": 0.01625805985,
    "MGA": 0.0001950953667,
    "MWK": 0.0005157015239,
    "MYR": 0.2056731,
    "MVR": 0.058308659299999996,
    "MRU": 0.022498742699999998,
    "MUR": 0.01939397875,
    "MXN": 0.04701618,
    "MDL": 0.051685,
    "MNT": null,
    "MAD": 0.09246345239999999,
    "MZN": null,
    "MMK": 0.0002755684415,
    "NAD": 0.04963948971,
    "NPR": 0.006666800405,
    "ANG": 0.496746122,
    "TWD": 0.028090335749999997,
    "NZD": 0.556291725,
    "NIO": 0.024314044349999998,
    "NGN": 0.0005681637747,
    "KPW": null,
    "NOK": 0.08529529,
    "OMR": 2.3250327900000003,
    "PKR": 0.003212779262,
    "PAB": 0.895126195,
    "PGK": 0.22686945090000002,
    "PYG": 0.00011781959,
    "PEN": 0.2391130061,
    "PHP": 0.015924305399999998,
    "PLN": 0.23446999999999998,
    "QAR": 0.2458116605,
    "RON": 0.20094772700000002,
    "RUB": 0.009781367000000001,
    "RWF": 0.000672426746,
    "SHP": 1.1711075,
    "WST": null,
    "STN": null,
    "SAR": 0.2385189051,
    "RSD": 0.008543744911,
    "SCR": 0.06676144205,
    "SLL": 0.00004746769265,
    "SGD": 0.6868132,
    "SBD": 0.106326,
    "SOS": 0.0015674254929999999,
    "ZAR": 0.050516485,
    "KRW": 0.0006746865,
    "SSP": null,
    "LKR": 0.00298418597,
    "SDG": 0.001487946718,
    "SRD": 0.031109875109999997,
    "SZL": 0.04963948971,
    "SEK": 0.08784103336999999,
    "CHF": 1.053548355,
    "SYP": null,
    "TJS": 0.08418872094999999,
    "TZS": 0.0003296500874,
    "THB": 0.0263165,
    "TOP": 0.38046450000000004,
    "TTD": 0.131841376,
    "TND": 0.2930823385,
    "TRY": 0.026345,
    "TMT": 0.2554522425,
    "UGX": 0.0002408585515,
    "UAH": null,
    "AED": 0.24367001500000002,
    "GBP": 1.18034,
    "USD": 0.8949999999999999,
    "UYU": 0.022173625,
    "UZS": 0.00007040591516,
    "VUV": null,
    "VES": 0.024422740000000002,
    "VND": 0.000035833,
    "XOF": 0.0014904246149999999,
    "YER": null,
    "ZMW": 0.034077080249999996,
    "ZWL": null,
    "AFN": 0.01260792939156087,
    "ALL": 0.009922535046721229,
    "DZD": 0.0066614797498692965,
    "AOA": 0.0009940732784516943,
    "ARS": 0.0009475130849567256,
    "AMD": 0.002306883276983872,
    "AWG": 0.4966230163789742,
    "AUD": 0.6068309175951777,
    "AZN": 0.5265664628240128,
    "BSD": 0.8948292162200826,
    "BHD": 2.375615987247906,
    "BDT": 0.0074877706995898005,
    "BBD": 0.44318970505486693,
    "BYN": 0.27348043199444894,
    "BZD": 0.4439451389520472,
    "BMD": 0.8951629868008217,
    "BTN": null,
    "BOB": 0.1295155419167067,
    "BAM": 0.5087642049541642,
    "BWP": 0.0669784516269037,
    "BRL": 0.16303107372265155,
    "BND": 0.6839831800984839,
    "BGN": 0.5127852095310874,
    "BIF": 0.0003110364790829819,
    "CVE": 0.008992094296366562,
    "KHR": 0.00021886625594152125,
    "XAF": 0.0015169163618395935,
    "CAD": null,
    "KYD": 1.0737367979953643,
    "CLP": null,
    "CNY": 0.12563867378588545,
    "COP": 0.00022233224718850239,
    "KMF": 0.0020199999704191207,
    "CDF": 0.00031743368326270276,
    "CRC": 0.0017009550726826805,
    "HRK": null,
    "CUP": 0.03728627760157621,
    "CZK": 0.03993921251854677,
    "DKK": 0.13403379394046622,
    "DJF": 0.005025995595145086,
    "DOP": 0.014944290263786674,
    "EGP": 0.01834842932955996,
    "ERN": null,
    "ETB": 0.008156382570987575,
    "EUR": 1
  }
}