{
  "meta": {
    "code": "EUR",
    "createdAt": "2024-08-14T13:06:46Z"
  },
  "data": {
    "FJD": 0.4051417033,
    "GMD": null,
    "GEL": 0.33663931550000004,
    "GHS": 0.05796817007,
    "GIP": null,
    "GTQ": 0.1171749651,
    "GNF": 0.00010523894160000001,
    "GYD": 0.004346858901,
    "HTG": 0.00688615344,
    "HNL": null,
    "HKD": null,
    "HUF": 0.002537105,
    "ISK": null,
    "INR": 0.01080712014,
    "IDR": 0.000058009899999999995,
    "IRR": 0.00002155170124,
    "IQD": 0.0006927922038,
    "ILS": 0.24313179999999998,
    "JMD": 0.005782118213,
    "JPY": 0.0061596503499999995,
    "JOD": 1.280056987,
    "KZT": null,
    "KES": 0.007032286745,
    "KWD": 2.962969622,
    "KGS": 0.01058537999,
    "LAK": 0.00004100358585,
    "LBP": 0.00001012904152,
    "LSL": 0.05026688352,
    "LRD": 0.0046486520000000005,
    "LYD": 0.18873930690000001,
    "MOP": 0.1131280113,
    "MKD": 0.01624175515,
    "MGA": 0.0001994395902,
    "MWK": null,
    "MYR": 0.2053605,
    "MVR": 0.05887417389999999,
    "MRU": 0.02291477471,
    "MUR": null,
    "MXN": 0.0480695,
    "MDL": 0.051885,
    "MNT": null,
    "MAD": 0.09273793576,
    "MZN": 0.01419588036,
    "MMK": 0.000279314017,
    "NAD": 0.05026688352,
    "NPR": null,
    "ANG": 0.5037057248,
    "TWD": 0.028117034869999998,
    "NZD": 0.5457,
    "NIO": 0.024649804879999997,
    "NGN": 0.0005705440182,
    "KPW": null,
    "NOK": 0.08519045,
    "OMR": null,
    "PKR": 0.00325599571,
    "PAB": 0.9076439831,
    "PGK": null,
    "PYG": 0.0001198935571,
    "PEN": 0.24222457590000002,
    "PHP": 0.01591403,
    "PLN": 0.2329398329,
    "QAR": null,
    "RON": 0.20095249999999998,
    "RUB": 0.01013325,
    "RWF": null,
    "SHP": 1.165480233,
    "WST": null,
    "STN": null,
    "SAR": 0.24169590740000002,
    "RSD": 0.008547113589,
    "SCR": 0.06880744015,
    "SLL": 0.00004746769265,
    "SGD": 0.6892963,
    "SBD": 0.10659188750000001,
    "SOS": 0.0015938072599999999,
    "ZAR": 0.050272816379999995,
    "KRW": 0.0006688730000000001,
    "SSP": null,
    "LKR": 0.003032243463,
    "SDG": 0.001508171156,
    "SRD": 0.03164381843,
    "SZL": 0.05026348165,
    "SEK": 0.087261,
    "CHF": 1.0487235620000002,
    "SYP": null,
    "TJS": 0.08535084580999999,
    "TZS": 0.000336091025,
    "THB": null,
    "TOP": 0.3827329135,
    "TTD": 0.13356816230000002,
    "TND": 0.2952055792,
    "TRY": 0.027051206709999998,
    "TMT": 0.2596669096,
    "UGX": null,
    "UAH": null,
    "AED": null,
    "GBP": null,
    "USD": 0.907165,
    "UYU": 0.02251443826,
    "UZS": 0.00007188466175999999,
    "VUV": null,
    "VES": 0.02477481,
    "VND": null,
    "XOF": 0.0015243510789999999,
    "YER": 0.003623244224,
    "ZMW": 0.034592414929999996,
    "ZWL": null,
    "AFN": 0.012789602759351986,
    "ALL": 0.010003913108642968,
    "DZD": 0.006762975504655566,
    "AOA": 0.0010291154222179758,
    "ARS": 0.0009645563478178113,
    "AMD": 0.0023355266069850825,
    "AWG": 0.5032816892723581,
    "AUD": 0.6012162604949813,
    "AZN": 0.5336266145206738,
    "BSD": 0.9072105148877541,
    "BHD": 2.4070138401849195,
    "BDT": 0.007719379306138991,
    "BBD": 0.4493045689716469,
    "BYN": null,
    "BZD": 0.4500568769279469,
    "BMD": 0.9071652446851456,
    "BTN": null,
    "BOB": 0.1312882216421065,
    "BAM": 0.5112440493218463,
    "BWP": 0.06758304942860076,
    "BRL": 0.16624274766013333,
    "BND": null,
    "BGN": 0.5111481242327769,
    "BIF": 0.00031460930862945493,
    "CVE": 0.009068233725163853,
    "KHR": 0.00022175454479469867,
    "XAF": 0.001524324159802782,
    "CAD": 0.6615632106079925,
    "KYD": 1.0886130988432734,
    "CLP": 0.0009721641398706172,
    "CNY": 0.1269685199330419,
    "COP": 0.00022510024561439633,
    "KMF": 0.00202063758720748,
    "CDF": 0.0003160854511098068,
    "CRC": 0.0017245448225185903,
    "HRK": null,
    "CUP": null,
    "CZK": 0.039715557179480554,
    "DKK": null,
    "DJF": null,
    "DOP": 0.015207469459343972,
    "EGP": 0.01847097286614086,
    "ERN": null,
    "ETB": 0.00822764425148549,
    "EUR": 1
  }
}