{
  "meta": {
    "code": "EUR",
    "createdAt": "2024-08-09T18:05:02Z"
  },
  "data": {
    "FJD": 0.4078406116,
    "GMD": 0.013174891889999998,
    "GEL": 0.34043457720000003,
    "GHS": 0.05858317287,
    "GIP": null,
    "GTQ": 0.1181539236,
    "GNF": 0.00010610138570000001,
    "GYD": 0.004382491479,
    "HTG": 0.0069416776139999995,
    "HNL": 0.03667418032,
    "HKD": 0.1174191,
    "HUF": 0.002535931,
    "ISK": 0.006616960529,
    "INR": 0.01090792331,
    "IDR": 0.00005744123572,
    "IRR": 0.00002175339988,
    "IQD": 0.0006989732745000001,
    "ILS": 0.2457837227,
    "JMD": 0.00582500704,
    "JPY": 0.006242939452,
    "JOD": 1.291854603,
    "KZT": 0.00191293698,
    "KES": 0.007098100697,
    "KWD": 2.9914448850000004,
    "KGS": null,
    "LAK": 0.00004129222038,
    "LBP": 0.00001022506902,
    "LSL": 0.049981167349999994,
    "LRD": 0.004688522608,
    "LYD": 0.19036485760000002,
    "MOP": 0.1140293556,
    "MKD": 0.0162529495,
    "MGA": 0.0001990554308,
    "MWK": 0.0005282117022,
    "MYR": 0.20626719999999998,
    "MVR": 0.059425167089999995,
    "MRU": 0.0230266557,
    "MUR": 0.019721844369999998,
    "MXN": 0.04862036484,
    "MDL": 0.05201281168,
    "MNT": null,
    "MAD": 0.09293630877999999,
    "MZN": 0.014328737139999999,
    "MMK": 0.0002819280684,
    "NAD": 0.049981167349999994,
    "NPR": 0.0068171210639999995,
    "ANG": 0.5081205833,
    "TWD": 0.02826337,
    "NZD": 0.549595,
    "NIO": 0.024881929299999998,
    "NGN": 0.0005652191352,
    "KPW": null,
    "NOK": 0.08465175,
    "OMR": 2.37855762,
    "PKR": 0.003284860944,
    "PAB": 0.9158839137,
    "PGK": 0.23584159570000002,
    "PYG": 0.0001209614134,
    "PEN": 0.2454016748,
    "PHP": 0.01599273866,
    "PLN": 0.231560817,
    "QAR": 0.2514672483,
    "RON": 0.2009207116,
    "RUB": 0.010334898169999999,
    "RWF": 0.0006939408804000001,
    "SHP": 1.169245652,
    "WST": null,
    "STN": null,
    "SAR": 0.2439324881,
    "RSD": 0.008545494045,
    "SCR": 0.06561483282,
    "SLL": 0.00004746769265,
    "SGD": 0.6917939258,
    "SBD": 0.1079557245,
    "SOS": 0.001603598871,
    "ZAR": null,
    "KRW": 0.0006709327411,
    "SSP": null,
    "LKR": 0.003052159221,
    "SDG": null,
    "SRD": 0.031805171119999996,
    "SZL": 0.049981167349999994,
    "SEK": 0.08704250000000001,
    "CHF": 1.058929,
    "SYP": null,
    "TJS": 0.08683479591,
    "TZS": 0.0003390621935,
    "THB": 0.02599077469,
    "TOP": 0.3859485825,
    "TTD": 0.1347319489,
    "TND": 0.296136928,
    "TRY": 0.027345,
    "TMT": 0.2620970872,
    "UGX": 0.0002457676621,
    "UAH": 0.02225309021,
    "AED": 0.2492934833,
    "GBP": 1.1685699999999999,
    "USD": 0.915655,
    "UYU": 0.02271740055,
    "UZS": 0.00007216985131,
    "VUV": null,
    "VES": 0.02499299,
    "VND": 0.00003640781628,
    "XOF": 0.001524820951,
    "YER": 0.003656783615,
    "ZMW": 0.03504103637,
    "ZWL": null,
    "AFN": 0.01289642398283486,
    "ALL": 0.009819261160652262,
    "DZD": 0.006802568317559273,
    "AOA": 0.0010399160735732823,
    "ARS": 0.0009774800234606936,
    "AMD": 0.0023585752995241745,
    "AWG": 0.5086922793229305,
    "AUD": 0.6018907086899312,
    "AZN": 0.5386153545772205,
    "BSD": 0.9153943696439394,
    "BHD": 2.4295653958798544,
    "BDT": 0.0077889145642755135,
    "BBD": 0.4532551461316777,
    "BYN": 0.27964628265431635,
    "BZD": 0.45401702681077727,
    "BMD": 0.915646102781275,
    "BTN": 0.010905796608989337,
    "BOB": 0.13244470001574174,
    "BAM": 0.5109954495962522,
    "BWP": 0.06760199982399144,
    "BRL": 0.16623722051367304,
    "BND": 0.6912023363656419,
    "BGN": 0.5110773067544513,
    "BIF": 0.00031771204121487683,
    "CVE": 0.00903449534479423,
    "KHR": 0.00022273074745348455,
    "XAF": 0.001523589831558539,
    "CAD": 0.6668604683222494,
    "KYD": 1.0985137014049298,
    "CLP": 0.0009818208264864626,
    "CNY": 0.12775328266428967,
    "COP": 0.00022493302289154196,
    "KMF": 0.0020300323752892465,
    "CDF": 0.0003194857302097959,
    "CRC": 0.0017284259711060207,
    "HRK": null,
    "CUP": 0.03813139355629592,
    "CZK": 0.03961435073034849,
    "DKK": 0.13400558663474837,
    "DJF": 0.005152183787875732,
    "DOP": 0.01535031186557041,
    "EGP": 0.01859289385383015,
    "ERN": null,
    "ETB": 0.011398696297546689,
    "EUR": 1
  }
}