{
  "meta": {
    "code": "EUR",
    "createdAt": "2024-08-06T18:06:06Z"
  },
  "data": {
    "FJD": 0.4064566632,
    "GMD": 0.013168776779999999,
    "GEL": 0.3383763644,
    "GHS": 0.05885723411,
    "GIP": null,
    "GTQ": 0.11813816290000001,
    "GNF": 0.00010617517330000001,
    "GYD": 0.0043824324179999995,
    "HTG": 0.006934152232,
    "HNL": 0.03697466964,
    "HKD": 0.1174146736,
    "HUF": 0.002513082465,
    "ISK": 0.006627299043,
    "INR": null,
    "IDR": 0.000056696099999999994,
    "IRR": 0.00002174330307,
    "IQD": 0.000698648847,
    "ILS": 0.23883841160000002,
    "JMD": 0.005835619053,
    "JPY": 0.006301,
    "JOD": 1.2912549910000002,
    "KZT": 0.001913179402,
    "KES": 0.007067413107,
    "KWD": 2.993972679,
    "KGS": 0.010820252669999999,
    "LAK": 0.00004128236346,
    "LBP": null,
    "LSL": 0.04955224629,
    "LRD": 0.004682186717,
    "LYD": 0.1904745009,
    "MOP": 0.1140472679,
    "MKD": 0.01625380752,
    "MGA": null,
    "MWK": null,
    "MYR": 0.2068319124,
    "MVR": 0.059397584979999994,
    "MRU": null,
    "MUR": 0.019798008239999998,
    "MXN": 0.0470975,
    "MDL": null,
    "MNT": null,
    "MAD": 0.09304663829,
    "MZN": 0.01432538131,
    "MMK": 0.0002817972119,
    "NAD": 0.049445164379999997,
    "NPR": null,
    "ANG": 0.5079902659000001,
    "TWD": 0.02791207,
    "NZD": null,
    "NIO": 0.02482316184,
    "NGN": 0.0005741899043,
    "KPW": null,
    "NOK": null,
    "OMR": 2.377535071,
    "PKR": 0.003278044329,
    "PAB": 0.9154716207,
    "PGK": null,
    "PYG": 0.0001208768972,
    "PEN": 0.24479571690000002,
    "PHP": 0.015858437319999998,
    "PLN": 0.232065,
    "QAR": 0.2513678279,
    "RON": 0.2009024118,
    "RUB": 0.010682623129999999,
    "RWF": null,
    "SHP": 1.169435132,
    "WST": null,
    "STN": null,
    "SAR": 0.2437742561,
    "RSD": 0.00854518584,
    "SCR": 0.0688022505,
    "SLL": null,
    "SGD": null,
    "SBD": 0.107814094,
    "SOS": 0.001602854563,
    "ZAR": 0.04955629984,
    "KRW": 0.0006643414779,
    "SSP": null,
    "LKR": 0.003028380751,
    "SDG": 0.001521579301,
    "SRD": 0.03187288841,
    "SZL": 0.049445164379999997,
    "SEK": 0.08693835666,
    "CHF": 1.072011644,
    "SYP": null,
    "TJS": 0.08669427397,
    "TZS": 0.00033885471850000003,
    "THB": 0.02577787,
    "TOP": 0.384213554,
    "TTD": 0.1349482839,
    "TND": 0.2951223201,
    "TRY": 0.027247092669999997,
    "TMT": 0.2612263194,
    "UGX": 0.00024567921590000003,
    "UAH": 0.022310863729999998,
    "AED": 0.2491777741,
    "GBP": 1.161797538,
    "USD": 0.91523,
    "UYU": 0.022610757149999997,
    "UZS": 0.00007272387743,
    "VUV": null,
    "VES": 0.025000861989999998,
    "VND": 0.00003640528675,
    "XOF": 0.001529206279,
    "YER": 0.003655452415,
    "ZMW": 0.03522410922,
    "ZWL": null,
    "AFN": 0.012891497396584338,
    "ALL": 0.00998293485171057,
    "DZD": 0.006795232464902624,
    "AOA": 0.0010382705243389963,
    "ARS": 0.0009783922080844549,
    "AMD": 0.002357578288330316,
    "AWG": 0.5084641484471251,
    "AUD": 0.598014591556034,
    "AZN": 0.5383738042381324,
    "BSD": 0.9149966535095394,
    "BHD": 2.4277737314882253,
    "BDT": null,
    "BBD": null,
    "BYN": 0.2795789333704041,
    "BZD": null,
    "BMD": null,
    "BTN": 0.010898798918834439,
    "BOB": null,
    "BAM": 0.5103168824929445,
    "BWP": 0.06725041804944622,
    "BRL": 0.16197479672163012,
    "BND": 0.6893591563624298,
    "BGN": 0.5112779296241984,
    "BIF": 0.0003172393300536656,
    "CVE": 0.009043779064196265,
    "KHR": 0.00022241445132559543,
    "XAF": null,
    "CAD": 0.6650043176901586,
    "KYD": 1.0978647134051995,
    "CLP": 0.0009694210797430211,
    "CNY": 0.1278833371345888,
    "COP": 0.00022116898646183075,
    "KMF": 0.0020304724732063077,
    "CDF": 0.0003188973753326917,
    "CRC": null,
    "HRK": null,
    "CUP": 0.0381236758448866,
    "CZK": 0.0395572229496411,
    "DKK": 0.1340026570049511,
    "DJF": 0.005149873211820984,
    "DOP": 0.01538210869251807,
    "EGP": 0.018600872437947613,
    "ERN": null,
    "ETB": 0.011393584376865896,
    "EUR": 1
  }
}