{
  "meta": {
    "code": "EUR",
    "createdAt": "2024-08-22T14:04:19Z"
  },
  "data": {
    "FJD": 0.4057376575,
    "GMD": 0.01294467607,
    "GEL": 0.33261801750000003,
    "GHS": null,
    "GIP": null,
    "GTQ": 0.1161513082,
    "GNF": 0.0001043042913,
    "GYD": 0.004304832981,
    "HTG": 0.006815901435,
    "HNL": 0.0362939,
    "HKD": 0.1153815,
    "HUF": 0.002539083,
    "ISK": 0.006566345505,
    "INR": 0.01071548,
    "IDR": 0.00005749128322,
    "IRR": 0.00002137328466,
    "IQD": null,
    "ILS": 0.24210779999999998,
    "JMD": 0.005740878486,
    "JPY": 0.006144,
    "JOD": 1.269459987,
    "KZT": 0.001875255276,
    "KES": 0.006969486938,
    "KWD": 2.943104377,
    "KGS": 0.01052266176,
    "LAK": 0.00004072765174,
    "LBP": 0.00001003889028,
    "LSL": 0.0500742575,
    "LRD": 0.0046100809739999995,
    "LYD": null,
    "MOP": 0.11199994020000001,
    "MKD": 0.01623225025,
    "MGA": 0.0001973328467,
    "MWK": 0.0005184512941000001,
    "MYR": 0.2048303,
    "MVR": 0.058459581899999995,
    "MRU": 0.022701734129999998,
    "MUR": 0.0195456976,
    "MXN": 0.04627597,
    "MDL": 0.05191459177,
    "MNT": null,
    "MAD": 0.09314083231999999,
    "MZN": 0.014079438809999999,
    "MMK": 0.0002770017052,
    "NAD": 0.0500742575,
    "NPR": 0.006694126834,
    "ANG": 0.49912130670000004,
    "TWD": 0.02810158,
    "NZD": 0.55225,
    "NIO": 0.024423788949999997,
    "NGN": 0.000570999243,
    "KPW": null,
    "NOK": 0.08500480232999999,
    "OMR": 2.3370949700000003,
    "PKR": null,
    "PAB": 0.8994738994,
    "PGK": 0.2278208951,
    "PYG": 0.0001185475393,
    "PEN": 0.23977380140000001,
    "PHP": 0.01593202638,
    "PLN": 0.23343499999999998,
    "QAR": 0.246534043,
    "RON": 0.20093020720000002,
    "RUB": 0.009773411089,
    "RWF": 0.0006791313864,
    "SHP": 1.1770636190000001,
    "WST": null,
    "STN": null,
    "SAR": 0.2397631765,
    "RSD": 0.008543407631,
    "SCR": 0.06665592296,
    "SLL": 0.00004746769265,
    "SGD": 0.6870018999999999,
    "SBD": 0.105259635,
    "SOS": 0.001579175217,
    "ZAR": 0.04998125117,
    "KRW": 0.000671044,
    "SSP": null,
    "LKR": 0.002985469131,
    "SDG": 0.0014956857029999999,
    "SRD": 0.03120767976,
    "SZL": 0.05008316409,
    "SEK": 0.08782802857,
    "CHF": 1.054941,
    "SYP": null,
    "TJS": 0.08434115382,
    "TZS": 0.0003311207127,
    "THB": 0.02609197,
    "TOP": 0.38316306450000004,
    "TTD": 0.132481306,
    "TND": 0.2963250441,
    "TRY": 0.026535,
    "TMT": 0.2571805962,
    "UGX": 0.0002419882122,
    "UAH": 0.02176055825,
    "AED": 0.2449373713,
    "GBP": 1.1785349999999999,
    "USD": 0.899655,
    "UYU": 0.022297949169999998,
    "UZS": 0.00007109694571,
    "VUV": null,
    "VES": 0.024579,
    "VND": null,
    "XOF": 0.00152748374,
    "YER": 0.003593606222,
    "ZMW": 0.034543117389999996,
    "ZWL": null,
    "AFN": 0.012673086472503479,
    "ALL": 0.01003146931007926,
    "DZD": 0.006708468803956697,
    "AOA": 0.0009990366469440116,
    "ARS": 0.0009517359518622235,
    "AMD": 0.002318640464236339,
    "AWG": 0.49979583340205525,
    "AUD": 0.6040311379477125,
    "AZN": 0.5291955883080585,
    "BSD": 0.8989178605660711,
    "BHD": 2.3878062256689576,
    "BDT": 0.007522627276733866,
    "BBD": 0.44522486862914534,
    "BYN": 0.2746906560052425,
    "BZD": 0.44597794098199794,
    "BMD": 0.8996325001236993,
    "BTN": 0.010708976230260727,
    "BOB": 0.13008695964228773,
    "BAM": 0.512290893096852,
    "BWP": 0.06733035363302199,
    "BRL": 0.16210762940098375,
    "BND": 0.6875275127884791,
    "BGN": 0.5125030621161081,
    "BIF": 0.00031122733869793365,
    "CVE": 0.009086643514801597,
    "KHR": null,
    "XAF": 0.0015274389160482564,
    "CAD": 0.6613712872269364,
    "KYD": 1.0787502395497053,
    "CLP": 0.0009776488808125403,
    "CNY": 0.1259760127960407,
    "COP": 0.00022173017728739433,
    "KMF": 0.0020358282419635654,
    "CDF": 0.00031280684983438787,
    "CRC": 0.0017094936751936756,
    "HRK": null,
    "CUP": 0.03746143021249984,
    "CZK": 0.03987555960742282,
    "DKK": 0.13401168466774266,
    "DJF": 0.005048267120545325,
    "DOP": 0.015046384376855211,
    "EGP": 0.018430975463772207,
    "ERN": null,
    "ETB": 0.008228273293122031,
    "EUR": 1
  }
}