{
  "meta": {
    "code": "EUR",
    "createdAt": "2024-07-30T10:35:08Z"
  },
  "data": {
    "FJD": 0.408197559,
    "GMD": 0.013617189169999998,
    "GEL": 0.3399570404,
    "GHS": 0.059432064099999994,
    "GIP": null,
    "GTQ": 0.1189313526,
    "GNF": 0.0001068979634,
    "GYD": 0.004411843064,
    "HTG": 0.006979491212,
    "HNL": 0.037219355829999995,
    "HKD": 0.11814586810000001,
    "HUF": 0.002535338166,
    "ISK": 0.0066886867069999995,
    "INR": 0.01102423866,
    "IDR": 0.00005650864253,
    "IRR": 0.00002191913033,
    "IQD": 0.0007035327887,
    "ILS": 0.24723877390000001,
    "JMD": 0.005888122825,
    "JPY": 0.005962197026,
    "JOD": 1.3024506040000001,
    "KZT": 0.0019411064009999999,
    "KES": 0.00707206892,
    "KWD": null,
    "KGS": 0.010983041099999999,
    "LAK": 0.00004153986175,
    "LBP": 0.00001028716058,
    "LSL": 0.0501596191,
    "LRD": 0.004723764,
    "LYD": 0.1908800388,
    "MOP": 0.11455982840000001,
    "MKD": null,
    "MGA": 0.0002026125061,
    "MWK": null,
    "MYR": 0.1996549919,
    "MVR": 0.060067705689999994,
    "MRU": 0.02327522387,
    "MUR": 0.01979269446,
    "MXN": 0.04955630688,
    "MDL": 0.052070300099999994,
    "MNT": null,
    "MAD": 0.09339270697999999,
    "MZN": 0.01445576557,
    "MMK": 0.00028416032680000003,
    "NAD": 0.049994852869999995,
    "NPR": 0.006876864176,
    "ANG": 0.5114821648,
    "TWD": 0.02809009,
    "NZD": 0.5438402293,
    "NIO": 0.025027932139999997,
    "NGN": null,
    "KPW": null,
    "NOK": 0.084217,
    "OMR": 2.397733954,
    "PKR": 0.003313841943,
    "PAB": 0.9216964559,
    "PGK": 0.2347945075,
    "PYG": 0.00012167551830000001,
    "PEN": null,
    "PHP": null,
    "PLN": 0.23344771220000002,
    "QAR": 0.2524068573,
    "RON": 0.20099311190000002,
    "RUB": 0.01069125453,
    "RWF": 0.0007004971511,
    "SHP": 1.185609908,
    "WST": null,
    "STN": null,
    "SAR": 0.24600401930000002,
    "RSD": 0.008542521274,
    "SCR": 0.07049524012,
    "SLL": 0.00004746769265,
    "SGD": 0.6866213852,
    "SBD": 0.109641114,
    "SOS": 0.001618601863,
    "ZAR": 0.050404000000000004,
    "KRW": null,
    "SSP": null,
    "LKR": 0.003043603177,
    "SDG": 0.001539457868,
    "SRD": 0.03198589382,
    "SZL": 0.050174376349999994,
    "SEK": 0.0855055,
    "CHF": 1.041918214,
    "SYP": null,
    "TJS": 0.08679451766,
    "TZS": 0.000341289346,
    "THB": 0.02563483077,
    "TOP": 0.3869740665,
    "TTD": 0.1357023822,
    "TND": 0.2958999922,
    "TRY": 0.027892570189999997,
    "TMT": 0.27508410980000003,
    "UGX": 0.0002473593976,
    "UAH": 0.022455007739999998,
    "AED": 0.2512653161,
    "GBP": 1.18689,
    "USD": 0.922905,
    "UYU": 0.02291573115,
    "UZS": 0.00007330460631,
    "VUV": null,
    "VES": 0.02524120256,
    "VND": 0.00003650006213,
    "XOF": 0.0015292543229999999,
    "YER": 0.003686554174,
    "ZMW": 0.035194502259999996,
    "ZWL": null,
    "AFN": 0.013021713463825102,
    "ALL": 0.009952789351774223,
    "DZD": 0.006855292860390382,
    "AOA": 0.001055371247719544,
    "ARS": 0.000990507132183254,
    "AMD": 0.0023744940747988494,
    "AWG": 0.5123787128302042,
    "AUD": 0.6038817604102618,
    "AZN": 0.5428953859592595,
    "BSD": 0.9212234207041063,
    "BHD": 2.4488845923067224,
    "BDT": 0.007840377153126236,
    "BBD": 0.45625362747868425,
    "BYN": 0.28150280770464076,
    "BZD": 0.4570265494747976,
    "BMD": 0.9229221561307411,
    "BTN": 0.01100168944594539,
    "BOB": 0.13331159282545071,
    "BAM": 0.5103983246522064,
    "BWP": 0.06775520879702951,
    "BRL": 0.16434091707590556,
    "BND": 0.6856089147544207,
    "BGN": 0.510756767622044,
    "BIF": 0.0003198789682392678,
    "CVE": 0.009053075867126852,
    "KHR": 0.00022462790431452743,
    "XAF": 0.0015218028704863597,
    "CAD": 0.6666244471183492,
    "KYD": 1.1054675745934648,
    "CLP": 0.0009652583891687693,
    "CNY": 0.1272649502273143,
    "COP": 0.00022799404056865081,
    "KMF": 0.0020272864496964143,
    "CDF": 0.0003218560266013131,
    "CRC": null,
    "HRK": null,
    "CUP": 0.03838487751287704,
    "CZK": 0.039338097176901454,
    "DKK": 0.13401143117507924,
    "DJF": 0.005173286976157126,
    "DOP": 0.015563411938579718,
    "EGP": 0.01906395958440568,
    "ERN": null,
    "ETB": 0.016036874997927737,
    "EUR": 1
  }
}