{
  "meta": {
    "code": "EUR",
    "createdAt": "2024-08-16T12:42:46Z"
  },
  "data": {
    "FJD": 0.4066623979,
    "GMD": 0.01299942831,
    "GEL": 0.3382938272,
    "GHS": 0.05832091062999999,
    "GIP": null,
    "GTQ": 0.11753516530000001,
    "GNF": 0.0001055221464,
    "GYD": 0.004357002225,
    "HTG": 0.006899624286,
    "HNL": 0.03673432083,
    "HKD": 0.11673249999999999,
    "HUF": 0.0025274029799999998,
    "ISK": 0.006539887797,
    "INR": null,
    "IDR": null,
    "IRR": 0.00002161810262,
    "IQD": 0.0006948298956,
    "ILS": 0.24755539999999998,
    "JMD": 0.005795542519,
    "JPY": null,
    "JOD": 1.284000877,
    "KZT": 0.001898087383,
    "KES": 0.007053813368,
    "KWD": 2.9743389340000004,
    "KGS": 0.010617969259999999,
    "LAK": 0.00004109115471,
    "LBP": 0.00001015988539,
    "LSL": 0.0507982986,
    "LRD": 0.004665911168,
    "LYD": 0.1898808072,
    "MOP": 0.1133612698,
    "MKD": 0.01625215858,
    "MGA": 0.0002025845767,
    "MWK": null,
    "MYR": 0.2055294,
    "MVR": 0.05909392165,
    "MRU": 0.022975671939999998,
    "MUR": null,
    "MXN": 0.04856702,
    "MDL": 0.05185559023,
    "MNT": null,
    "MAD": 0.09319039472,
    "MZN": 0.014253003759999999,
    "MMK": 0.0002801634622,
    "NAD": 0.05079876268,
    "NPR": 0.006774836011,
    "ANG": 0.5051464587,
    "TWD": 0.02819343354,
    "NZD": 0.5482509,
    "NIO": 0.024719855059999997,
    "NGN": 0.0005722327138,
    "KPW": null,
    "NOK": 0.08458214693999999,
    "OMR": 2.363871339,
    "PKR": 0.003266989349,
    "PAB": 0.9102939553,
    "PGK": 0.2308211815,
    "PYG": 0.0001202539438,
    "PEN": 0.2430819826,
    "PHP": 0.01591124,
    "PLN": null,
    "QAR": 0.24971349999999998,
    "RON": 0.2009962887,
    "RUB": 0.01022403,
    "RWF": 0.000675008328,
    "SHP": 1.1674331820000001,
    "WST": null,
    "STN": null,
    "SAR": 0.2424890526,
    "RSD": 0.008544880194,
    "SCR": null,
    "SLL": 0.00004746769265,
    "SGD": 0.6901273134,
    "SBD": 0.10692030000000001,
    "SOS": 0.001598510352,
    "ZAR": 0.050789417399999995,
    "KRW": 0.0006712451,
    "SSP": null,
    "LKR": 0.003046139327,
    "SDG": 0.001512817872,
    "SRD": 0.03169543098,
    "SZL": 0.05081080146,
    "SEK": 0.086631,
    "CHF": 1.049198439,
    "SYP": null,
    "TJS": 0.08543923826,
    "TZS": 0.0003356547339,
    "THB": 0.026061427289999998,
    "TOP": 0.383730132,
    "TTD": 0.1339935209,
    "TND": 0.2968404604,
    "TRY": 0.027005,
    "TMT": 0.2604669504,
    "UGX": 0.0002444125261,
    "UAH": 0.022070315429999997,
    "AED": 0.2477449816,
    "GBP": 1.174626415,
    "USD": 0.91009,
    "UYU": null,
    "UZS": 0.00007192596828,
    "VUV": null,
    "VES": 0.024839891519999997,
    "VND": 0.00003631122583,
    "XOF": 0.001524872749,
    "YER": null,
    "ZMW": 0.03469279827,
    "ZWL": null,
    "AFN": 0.012828936989684426,
    "ALL": 0.010016160438841883,
    "DZD": 0.006772681711050307,
    "AOA": 0.0010300937962464634,
    "ARS": 0.0009672483077983602,
    "AMD": 0.002344456680419145,
    "AWG": 0.5048919131456717,
    "AUD": 0.6031246409994812,
    "AZN": 0.5352532510613403,
    "BSD": 0.909794058316418,
    "BHD": 2.4145125054510577,
    "BDT": 0.007742896855931768,
    "BBD": 0.4505936044445226,
    "BYN": 0.2780031758799249,
    "BZD": 0.45134592055351963,
    "BMD": 0.9099305268042784,
    "BTN": null,
    "BOB": 0.13166085147061776,
    "BAM": 0.5114207437541757,
    "BWP": 0.06795947863078246,
    "BRL": 0.16687705666554215,
    "BND": 0.689812157485931,
    "BGN": 0.511311826705034,
    "BIF": 0.00031541550736380336,
    "CVE": null,
    "KHR": null,
    "XAF": 0.0015248368414172671,
    "CAD": 0.6625939226885411,
    "KYD": null,
    "CLP": 0.0009764041194329668,
    "CNY": 0.12702317677979613,
    "COP": 0.0002271005350534253,
    "KMF": null,
    "CDF": 0.0003170489640433026,
    "CRC": null,
    "HRK": null,
    "CUP": null,
    "CZK": null,
    "DKK": null,
    "DJF": null,
    "DOP": null,
    "EGP": 0.01860863316101802,
    "ERN": null,
    "ETB": null,
    "EUR": 1
  }
}