{
  "meta": {
    "code": "EUR",
    "createdAt": "2024-08-01T17:04:14Z"
  },
  "data": {
    "FJD": 0.4104582399,
    "GMD": 0.01334064728,
    "GEL": 0.34152991790000004,
    "GHS": 0.0596254013,
    "GIP": null,
    "GTQ": 0.1198076064,
    "GNF": 0.0001075609041,
    "GYD": 0.004444257597,
    "HTG": 0.007021275607,
    "HNL": 0.03737648257,
    "HKD": 0.1186350082,
    "HUF": 0.0025235830000000002,
    "ISK": 0.00667224373,
    "INR": 0.01107064566,
    "IDR": 0.000056996899999999996,
    "IRR": 0.00002202054347,
    "IQD": 0.0007077671675,
    "ILS": 0.2444807676,
    "JMD": 0.005926072854,
    "JPY": 0.006182,
    "JOD": null,
    "KZT": 0.001955342536,
    "KES": null,
    "KWD": 3.0331871830000003,
    "KGS": 0.011033856279999999,
    "LAK": 0.00004176463959,
    "LBP": null,
    "LSL": 0.050831962339999995,
    "LRD": 0.004745099923,
    "LYD": null,
    "MOP": 0.1153394573,
    "MKD": 0.016248204109999997,
    "MGA": 0.0002031051475,
    "MWK": 0.0005342408496,
    "MYR": 0.20297969999999999,
    "MVR": 0.06036551782,
    "MRU": 0.02329585414,
    "MUR": 0.01988853422,
    "MXN": 0.049349500000000004,
    "MDL": 0.05267,
    "MNT": null,
    "MAD": 0.09331940345999999,
    "MZN": null,
    "MMK": 0.0002854750499,
    "NAD": 0.050859846199999996,
    "NPR": 0.00692946303,
    "ANG": 0.5152508036,
    "TWD": 0.028263650369999997,
    "NZD": 0.5522903322,
    "NIO": 0.02514031952,
    "NGN": 0.0005581793584,
    "KPW": null,
    "NOK": 0.08482955868,
    "OMR": 2.408633758,
    "PKR": 0.0033232078009999997,
    "PAB": 0.9285296026000001,
    "PGK": 0.23592238610000002,
    "PYG": 0.00012246646610000002,
    "PEN": 0.2482063978,
    "PHP": 0.01591061042,
    "PLN": null,
    "QAR": 0.2546835682,
    "RON": 0.2009919766,
    "RUB": 0.010842590000000001,
    "RWF": 0.0007037381378,
    "SHP": 1.189055578,
    "WST": null,
    "STN": null,
    "SAR": 0.24707061770000002,
    "RSD": 0.008543816748,
    "SCR": 0.06326782590999999,
    "SLL": 0.00004746769265,
    "SGD": 0.6934897202,
    "SBD": 0.10987023750000001,
    "SOS": 0.001623774001,
    "ZAR": 0.050864347639999995,
    "KRW": 0.0006770966172000001,
    "SSP": null,
    "LKR": null,
    "SDG": 0.001541437987,
    "SRD": 0.03216453891,
    "SZL": 0.050887760659999996,
    "SEK": 0.08651365154,
    "CHF": 1.060605,
    "SYP": null,
    "TJS": 0.08755775258,
    "TZS": 0.00034380223840000003,
    "THB": 0.026102531539999998,
    "TOP": 0.38969165250000004,
    "TTD": 0.1370958042,
    "TND": 0.2986078348,
    "TRY": 0.028014295919999998,
    "TMT": 0.265394572,
    "UGX": 0.0002484888339,
    "UAH": 0.02254399124,
    "AED": null,
    "GBP": 1.1824,
    "USD": 0.927175,
    "UYU": 0.0230124835,
    "UZS": 0.00007369644646,
    "VUV": null,
    "VES": 0.025341964319999997,
    "VND": 0.00003675618396,
    "XOF": null,
    "YER": 0.003703532853,
    "ZMW": 0.03586422306,
    "ZWL": null,
    "AFN": 0.01305606754561767,
    "ALL": 0.009994402115386368,
    "DZD": 0.006877885664215886,
    "AOA": 0.0010539861236371288,
    "ARS": null,
    "AMD": 0.0023901730031336515,
    "AWG": 0.5146319478676725,
    "AUD": 0.6035015506377894,
    "AZN": 0.5452828210228556,
    "BSD": 0.9277500861849678,
    "BHD": 2.459281848123729,
    "BDT": 0.007895978723716819,
    "BBD": 0.45950784349928936,
    "BYN": 0.2835062020338408,
    "BZD": 0.46004534833534955,
    "BMD": null,
    "BTN": 0.011078639603661261,
    "BOB": 0.13426854872080132,
    "BAM": 0.511595463638822,
    "BWP": 0.06847179864559523,
    "BRL": 0.161932185485878,
    "BND": 0.6927010040480082,
    "BGN": 0.5115646897158855,
    "BIF": 0.0003220360590196683,
    "CVE": 0.009054757469584316,
    "KHR": 0.00022568004767947785,
    "XAF": 0.0015253720468300666,
    "CAD": 0.6689669380256572,
    "KYD": 1.1127106790752266,
    "CLP": 0.0009794292319735551,
    "CNY": 0.1279600231595102,
    "COP": 0.00022800646300462246,
    "KMF": 0.002034128340452604,
    "CDF": 0.0003229976090263491,
    "CRC": 0.001775062161456539,
    "HRK": null,
    "CUP": 0.03863674067036314,
    "CZK": 0.03944358513767431,
    "DKK": 0.134019641394626,
    "DJF": 0.005216087879279889,
    "DOP": 0.015599547967655465,
    "EGP": 0.019042948954817368,
    "ERN": null,
    "ETB": 0.016014463376761198,
    "EUR": 1
  }
}