{
  "meta": {
    "code": "EUR",
    "createdAt": "2024-08-06T10:04:32Z"
  },
  "data": {
    "FJD": 0.405704589,
    "GMD": 0.013189064549999999,
    "GEL": 0.3401553876,
    "GHS": 0.05902420954,
    "GIP": null,
    "GTQ": 0.11849661930000001,
    "GNF": 0.0001064932185,
    "GYD": null,
    "HTG": 0.006956606453,
    "HNL": 0.037089646829999996,
    "HKD": 0.11763241120000001,
    "HUF": 0.002513932865,
    "ISK": 0.0066442446899999995,
    "INR": 0.010917630000000001,
    "IDR": null,
    "IRR": null,
    "IQD": 0.0007009656076,
    "ILS": 0.2383083,
    "JMD": 0.005851841676,
    "JPY": 0.006328528392,
    "JOD": 1.293244293,
    "KZT": 0.0019145667179999999,
    "KES": 0.007078301138,
    "KWD": 2.9992075810000003,
    "KGS": null,
    "LAK": 0.00004135769683,
    "LBP": 0.00001039543091,
    "LSL": 0.049291408519999996,
    "LRD": 0.0045778553469999995,
    "LYD": 0.1900356048,
    "MOP": 0.1145718419,
    "MKD": 0.01626193607,
    "MGA": 0.00020241427800000002,
    "MWK": 0.0005293070765,
    "MYR": 0.2062076,
    "MVR": 0.05971849101,
    "MRU": 0.023154561049999998,
    "MUR": 0.01982850898,
    "MXN": 0.04706167256,
    "MDL": 0.05186349119999999,
    "MNT": null,
    "MAD": 0.0934237838,
    "MZN": 0.01435190581,
    "MMK": 0.0002822313477,
    "NAD": 0.049291188529999995,
    "NPR": 0.0068272034679999994,
    "ANG": 0.5095938166,
    "TWD": 0.027948900000000002,
    "NZD": 0.5425958816,
    "NIO": 0.0249391803,
    "NGN": 0.0005750744992,
    "KPW": null,
    "NOK": 0.08305999005999999,
    "OMR": 2.3815379660000002,
    "PKR": 0.003293969672,
    "PAB": 0.9183495336,
    "PGK": 0.23355767200000002,
    "PYG": 0.0001211445173,
    "PEN": 0.24615459720000002,
    "PHP": 0.01584241744,
    "PLN": 0.23141924260000002,
    "QAR": null,
    "RON": 0.2009428875,
    "RUB": 0.010752277939999999,
    "RWF": 0.000698591785,
    "SHP": 1.17123676,
    "WST": null,
    "STN": null,
    "SAR": 0.244141,
    "RSD": 0.008545325709,
    "SCR": 0.06944833129,
    "SLL": 0.00004746769265,
    "SGD": 0.690535,
    "SBD": 0.107980192,
    "SOS": 0.001612607169,
    "ZAR": 0.04932962,
    "KRW": null,
    "SSP": null,
    "LKR": 0.003054336144,
    "SDG": 0.001523923441,
    "SRD": 0.03195593392,
    "SZL": 0.049314572009999995,
    "SEK": 0.08667765,
    "CHF": 1.072632604,
    "SYP": null,
    "TJS": 0.08701024620999999,
    "TZS": 0.00033949629590000004,
    "THB": 0.02578385,
    "TOP": 0.38480547200000004,
    "TTD": 0.1355943386,
    "TND": 0.29854867630000004,
    "TRY": 0.027295,
    "TMT": 0.2616287637,
    "UGX": 0.0002460840159,
    "UAH": 0.022287340779999998,
    "AED": 0.2495610148,
    "GBP": 1.164800113,
    "USD": 0.91664,
    "UYU": 0.0226547576,
    "UZS": 0.00007295042774,
    "VUV": null,
    "VES": 0.02504018487,
    "VND": 0.00003646503916,
    "XOF": 0.0015319236,
    "YER": 0.003661083992,
    "ZMW": 0.03545970508,
    "ZWL": null,
    "AFN": 0.012933904119145603,
    "ALL": 0.010030295536736103,
    "DZD": 0.006799500941925007,
    "AOA": 0.0010433631017085767,
    "ARS": 0.0009804921286091916,
    "AMD": 0.002365550014459661,
    "AWG": 0.5085408580213336,
    "AUD": 0.5938638278841809,
    "AZN": 0.5392028802061049,
    "BSD": 0.9178714694998681,
    "BHD": 2.431682632096623,
    "BDT": 0.007811608457465058,
    "BBD": 0.4545801175191793,
    "BYN": 0.28050886224046967,
    "BZD": 0.4553422332896126,
    "BMD": 0.9166448963503784,
    "BTN": 0.01092207737108607,
    "BOB": 0.13283414954215214,
    "BAM": 0.5138000037575221,
    "BWP": 0.06746042960257367,
    "BRL": 0.16014061781103742,
    "BND": 0.694566865230808,
    "BGN": 0.5124084402594216,
    "BIF": 0.00031849999497168135,
    "CVE": 0.00911340892938241,
    "KHR": 0.000223362673266086,
    "XAF": 0.0015319454074923505,
    "CAD": 0.6617657990124025,
    "KYD": 1.1013703692113657,
    "CLP": null,
    "CNY": 0.12824333651512446,
    "COP": 0.00022009232007424114,
    "KMF": 0.0020354055655460545,
    "CDF": null,
    "CRC": 0.001753735107047786,
    "HRK": null,
    "CUP": 0.038243652473736026,
    "CZK": 0.03949523445781351,
    "DKK": 0.13400516294689785,
    "DJF": 0.005154294546902803,
    "DOP": 0.01544321848092476,
    "EGP": 0.018598861650311882,
    "ERN": null,
    "ETB": 0.011411130079628509,
    "EUR": 1
  }
}