{
  "meta": {
    "code": "EUR",
    "createdAt": "2024-08-08T16:36:00Z"
  },
  "data": {
    "FJD": 0.4083728749,
    "GMD": 0.013192086129999999,
    "GEL": null,
    "GHS": 0.05896141417,
    "GIP": null,
    "GTQ": 0.1183832135,
    "GNF": null,
    "GYD": 0.004390001574,
    "HTG": 0.006965445143,
    "HNL": 0.036751180429999995,
    "HKD": 0.11763873130000001,
    "HUF": null,
    "ISK": 0.006618899773,
    "INR": 0.01091644,
    "IDR": null,
    "IRR": 0.00002178178973,
    "IQD": 0.0006998854882,
    "ILS": 0.2419914636,
    "JMD": 0.005851891394,
    "JPY": 0.00623,
    "JOD": 1.293540573,
    "KZT": 0.001921154654,
    "KES": 0.007079922759,
    "KWD": 2.994373421,
    "KGS": null,
    "LAK": 0.00004135543518,
    "LBP": 0.00001023841352,
    "LSL": 0.04963995608,
    "LRD": 0.004690474407,
    "LYD": 0.1908116496,
    "MOP": 0.11430002210000001,
    "MKD": 0.016254751129999998,
    "MGA": 0.00020062363170000001,
    "MWK": 0.000528901059,
    "MYR": null,
    "MVR": 0.05950272148999999,
    "MRU": 0.023036432029999998,
    "MUR": 0.0198168234,
    "MXN": 0.0479875,
    "MDL": 0.052187102,
    "MNT": null,
    "MAD": 0.0932113352,
    "MZN": 0.014350737899999999,
    "MMK": 0.0002822960062,
    "NAD": 0.04963995608,
    "NPR": 0.006826829342,
    "ANG": 0.50911021,
    "TWD": 0.02823539,
    "NZD": 0.550025,
    "NIO": 0.02487722111,
    "NGN": 0.0005734075435000001,
    "KPW": null,
    "NOK": 0.08446136,
    "OMR": 2.3816810740000003,
    "PKR": 0.003283258645,
    "PAB": 0.9174688737000001,
    "PGK": 0.2331764918,
    "PYG": 0.00012119491740000001,
    "PEN": 0.246431924,
    "PHP": 0.015962578539999998,
    "PLN": 0.2311618,
    "QAR": 0.2518300892,
    "RON": 0.20090521460000002,
    "RUB": 0.01058075,
    "RWF": 0.0006953735227,
    "SHP": 1.164720397,
    "WST": null,
    "STN": null,
    "SAR": 0.2443168335,
    "RSD": 0.008545824073,
    "SCR": 0.06529197828,
    "SLL": 0.00004746769265,
    "SGD": 0.6911686,
    "SBD": 0.107729875,
    "SOS": 0.0016056916899999999,
    "ZAR": 0.04988936,
    "KRW": 0.000665681693,
    "SSP": null,
    "LKR": 0.003046600865,
    "SDG": 0.001524272568,
    "SRD": 0.03174083814,
    "SZL": 0.04963995608,
    "SEK": 0.08700170268999999,
    "CHF": 1.058,
    "SYP": null,
    "TJS": 0.08709122391999999,
    "TZS": 0.0003402424573,
    "THB": 0.025995182159999998,
    "TOP": 0.38581048,
    "TTD": 0.1352317076,
    "TND": 0.2969074779,
    "TRY": 0.02737964124,
    "TMT": 0.262439144,
    "UGX": 0.0002458684555,
    "UAH": 0.022332953189999998,
    "AED": 0.24961883040000002,
    "GBP": 1.1678697770000002,
    "USD": 0.9168499999999999,
    "UYU": 0.022682868999999998,
    "UZS": 0.00007254994992,
    "VUV": null,
    "VES": 0.02502753,
    "VND": 0.0000364716,
    "XOF": 0.001526810959,
    "YER": 0.003662290394,
    "ZMW": null,
    "ZWL": null,
    "AFN": 0.012913154772811766,
    "ALL": 0.009968837543434113,
    "DZD": 0.006808141170036943,
    "AOA": 0.0010400839351896033,
    "ARS": 0.0009787705921183592,
    "AMD": 0.002359993793584482,
    "AWG": 0.5093522160386863,
    "AUD": 0.6031654120826095,
    "AZN": 0.5393141110997854,
    "BSD": 0.916955669545249,
    "BHD": 2.4325314316623823,
    "BDT": 0.007803798843546778,
    "BBD": 0.4576401503739634,
    "BYN": 0.2802244001239559,
    "BZD": 0.45489700163634683,
    "BMD": 0.9168339888696353,
    "BTN": null,
    "BOB": 0.1327053207084277,
    "BAM": 0.5122069159901885,
    "BWP": 0.0675341369833503,
    "BRL": 0.16402316007020193,
    "BND": 0.6920844187936335,
    "BGN": 0.5109244441728461,
    "BIF": 0.00031812421543013026,
    "CVE": 0.009059624395945013,
    "KHR": 0.00022280291345556146,
    "XAF": 0.0015272227846996466,
    "CAD": 0.6670891564657616,
    "KYD": 1.1002763536610582,
    "CLP": 0.0009791259847367437,
    "CNY": 0.12776856921306443,
    "COP": 0.00022340102872858459,
    "KMF": 0.0020340188327668007,
    "CDF": 0.00032001186347980294,
    "CRC": 0.0017346736235194931,
    "HRK": null,
    "CUP": 0.03820502977408134,
    "CZK": 0.03956470907080302,
    "DKK": 0.13400020770032195,
    "DJF": 0.005149280284759896,
    "DOP": 0.015408974602851015,
    "EGP": 0.018616334355147996,
    "ERN": null,
    "ETB": 0.011413484054873137,
    "EUR": 1
  }
}