{
  "meta": {
    "code": "EUR",
    "createdAt": "2024-08-26T10:04:55Z"
  },
  "data": {
    "FJD": null,
    "GMD": 0.01278749974,
    "GEL": 0.3321713991,
    "GHS": 0.05757318682,
    "GIP": null,
    "GTQ": null,
    "GNF": 0.0001045242833,
    "GYD": 0.004314568739,
    "HTG": 0.0068363041469999995,
    "HNL": 0.036375293079999996,
    "HKD": 0.11483049999999999,
    "HUF": 0.002530331293,
    "ISK": 0.006548097976,
    "INR": 0.01066921865,
    "IDR": 0.0000579819009,
    "IRR": 0.00002126566454,
    "IQD": 0.0006880639689,
    "ILS": 0.24448119999999998,
    "JMD": 0.005753928844,
    "JPY": 0.006214987143,
    "JOD": 1.263067921,
    "KZT": 0.001864162261,
    "KES": 0.006952427102,
    "KWD": 2.931558543,
    "KGS": null,
    "LAK": 0.00004080078213,
    "LBP": 0.00001006138402,
    "LSL": 0.050219985579999994,
    "LRD": 0.004620608127,
    "LYD": 0.188542327,
    "MOP": 0.1122010543,
    "MKD": 0.01624742282,
    "MGA": 0.00019728053730000002,
    "MWK": 0.0005195966997,
    "MYR": 0.2056731,
    "MVR": 0.05831680296,
    "MRU": 0.0226492879,
    "MUR": 0.019532191419999997,
    "MXN": 0.046624,
    "MDL": 0.05137122375,
    "MNT": null,
    "MAD": 0.09351809486,
    "MZN": 0.014009664029999999,
    "MMK": 0.0002756069287,
    "NAD": 0.05020809832,
    "NPR": null,
    "ANG": 0.5002526009,
    "TWD": 0.02812668,
    "NZD": 0.555345,
    "NIO": 0.02448159714,
    "NGN": null,
    "KPW": null,
    "NOK": null,
    "OMR": 2.3256878160000003,
    "PKR": 0.0032347203729999998,
    "PAB": 0.9014204141000001,
    "PGK": 0.2281950218,
    "PYG": 0.0001186501614,
    "PEN": 0.24064164540000002,
    "PHP": 0.01597411431,
    "PLN": 0.23359,
    "QAR": 0.2470987191,
    "RON": 0.2009949,
    "RUB": null,
    "RWF": 0.0006806970901,
    "SHP": 1.182102075,
    "WST": null,
    "STN": null,
    "SAR": 0.2385648749,
    "RSD": null,
    "SCR": 0.06600588196,
    "SLL": 0.00004746769265,
    "SGD": 0.6870487181,
    "SBD": 0.1058932875,
    "SOS": 0.001582796725,
    "ZAR": 0.050435,
    "KRW": 0.0006754846000000001,
    "SSP": null,
    "LKR": 0.003005196001,
    "SDG": null,
    "SRD": 0.03111422006,
    "SZL": 0.05022241137,
    "SEK": 0.08760395923,
    "CHF": 1.05758,
    "SYP": null,
    "TJS": 0.08476926842999999,
    "TZS": 0.000330304428,
    "THB": 0.02633728077,
    "TOP": 0.3824869125,
    "TTD": 0.1327720114,
    "TND": 0.2952949703,
    "TRY": 0.02631257532,
    "TMT": 0.25622058000000003,
    "UGX": null,
    "UAH": 0.0218339069,
    "AED": 0.2437129983,
    "GBP": 1.1804013370000002,
    "USD": 0.895125,
    "UYU": 0.02217672187,
    "UZS": 0.00007107919087,
    "VUV": null,
    "VES": 0.0244949166,
    "VND": 0.0000359907,
    "XOF": 0.001527358948,
    "YER": 0.003576223092,
    "ZMW": 0.03431700685,
    "ZWL": null,
    "AFN": 0.012721122353962298,
    "ALL": 0.009991046823120865,
    "DZD": 0.006676135723713583,
    "AOA": 0.000989650578646912,
    "ARS": 0.0009462698515586485,
    "AMD": 0.002322557426659586,
    "AWG": 0.49729941552399687,
    "AUD": 0.6062498294922355,
    "AZN": 0.5265523223195262,
    "BSD": 0.9009911558636061,
    "BHD": 2.375433045868506,
    "BDT": 0.007539770945890458,
    "BBD": 0.446239902193995,
    "BYN": 0.2753588254549474,
    "BZD": 0.4469964247111658,
    "BMD": 0.8951389479431945,
    "BTN": 0.010741127741106771,
    "BOB": 0.13039334190952334,
    "BAM": null,
    "BWP": 0.06744089465661104,
    "BRL": 0.16314110846128257,
    "BND": 0.6886839086736214,
    "BGN": 0.5116834045633899,
    "BIF": 0.0003119427104484999,
    "CVE": 0.009086758556985085,
    "KHR": 0.00022058319253526537,
    "XAF": 0.0015273831763825032,
    "CAD": 0.6626224609135576,
    "KYD": 1.0811649453510928,
    "CLP": null,
    "CNY": 0.125750890001924,
    "COP": 0.00022245003676520737,
    "KMF": 0.002029563423725273,
    "CDF": 0.0003174251588451044,
    "CRC": 0.0017126227836924792,
    "HRK": null,
    "CUP": 0.037543207745701974,
    "CZK": 0.0399546913799751,
    "DKK": 0.13402939264580724,
    "DJF": 0.005060238116953265,
    "DOP": 0.015080735710940932,
    "EGP": 0.018352445468800216,
    "ERN": null,
    "ETB": 0.008247775623988476,
    "EUR": 1
  }
}