{
  "meta": {
    "code": "EUR",
    "createdAt": "2024-08-12T16:36:02Z"
  },
  "data": {
    "FJD": 0.4082099374,
    "GMD": 0.01326492696,
    "GEL": 0.3421714786,
    "GHS": 0.05855918055,
    "GIP": null,
    "GTQ": 0.1181373862,
    "GNF": 0.0001060579327,
    "GYD": 0.004382940927,
    "HTG": null,
    "HNL": 0.03684211599,
    "HKD": 0.1174836932,
    "HUF": 0.002537192,
    "ISK": 0.0066175981449999996,
    "INR": 0.0109028062,
    "IDR": 0.00005738164904,
    "IRR": 0.00002174449093,
    "IQD": 0.000698687015,
    "ILS": 0.2425305465,
    "JMD": 0.005822399037,
    "JPY": 0.0062120000000000005,
    "JOD": 1.291325533,
    "KZT": 0.00190715063,
    "KES": 0.007095193721,
    "KWD": 2.988141159,
    "KGS": 0.010717563599999999,
    "LAK": 0.00004127530945,
    "LBP": 0.00001022088141,
    "LSL": 0.04996069792,
    "LRD": 0.004686602457,
    "LYD": 0.190286895,
    "MOP": 0.1140318978,
    "MKD": 0.01626934912,
    "MGA": null,
    "MWK": 0.0005279953769,
    "MYR": 0.2071942218,
    "MVR": 0.05940082994,
    "MRU": 0.02301722529,
    "MUR": 0.019735029379999998,
    "MXN": 0.048002774879999995,
    "MDL": 0.0522990992,
    "MNT": null,
    "MAD": 0.09289824737999999,
    "MZN": 0.01432286891,
    "MMK": 0.0002818126068,
    "NAD": null,
    "NPR": 0.006812465651,
    "ANG": 0.5080611276,
    "TWD": 0.02821541893,
    "NZD": 0.550635,
    "NIO": 0.024858228639999997,
    "NGN": 0.0005756477917,
    "KPW": null,
    "NOK": 0.084728,
    "OMR": null,
    "PKR": 0.003283515652,
    "PAB": 0.9155033283,
    "PGK": 0.2357450084,
    "PYG": 0.0001209574554,
    "PEN": 0.2453011723,
    "PHP": 0.01598379366,
    "PLN": 0.2324078976,
    "QAR": 0.2513642616,
    "RON": 0.2009352076,
    "RUB": 0.01005802107,
    "RWF": 0.0006936566818,
    "SHP": 1.168766796,
    "WST": null,
    "STN": null,
    "SAR": 0.24382778200000002,
    "RSD": 0.008546672295,
    "SCR": 0.06157755799,
    "SLL": 0.00004746769265,
    "SGD": 0.6910564,
    "SBD": 0.107911512,
    "SOS": 0.001602942128,
    "ZAR": 0.05013202827,
    "KRW": 0.0006683266556,
    "SSP": null,
    "LKR": 0.003058773316,
    "SDG": 0.001521662427,
    "SRD": 0.03175739876,
    "SZL": 0.04996069792,
    "SEK": 0.08690087,
    "CHF": null,
    "SYP": null,
    "TJS": 0.08633699863,
    "TZS": 0.0003377570832,
    "THB": 0.02602339,
    "TOP": 0.38579052,
    "TTD": 0.1346395185,
    "TND": 0.2960156473,
    "TRY": 0.027280000000000002,
    "TMT": 0.2619897472,
    "UGX": 0.0002453265256,
    "UAH": 0.022157116539999997,
    "AED": 0.2491913869,
    "GBP": 1.168205,
    "USD": 0.91528,
    "UYU": 0.022753860799999998,
    "UZS": 0.00007238275965,
    "VUV": null,
    "VES": 0.024993001789999997,
    "VND": 0.00003642182856,
    "XOF": 0.0015241964709999999,
    "YER": 0.0036552860049999998,
    "ZMW": 0.03495980606,
    "ZWL": null,
    "AFN": 0.01298140990703558,
    "ALL": 0.00999115063805686,
    "DZD": 0.006806912595358932,
    "AOA": 0.0010388074897230517,
    "ARS": 0.0009749249307803299,
    "AMD": 0.002357156025462341,
    "AWG": 0.5084385546922269,
    "AUD": 0.6029908738078957,
    "AZN": 0.5383467049682402,
    "BSD": 0.9149167538060068,
    "BHD": 2.4283967529175583,
    "BDT": 0.007787202348440811,
    "BBD": 0.45314571462173087,
    "BYN": 0.2795821977093548,
    "BZD": 0.45391526211659544,
    "BMD": 0.9151893984460083,
    "BTN": 0.010897213492433618,
    "BOB": 0.13241700416867716,
    "BAM": 0.5111616263634986,
    "BWP": 0.0677060963909094,
    "BRL": 0.1663395322532353,
    "BND": 0.6907199276621728,
    "BGN": 0.5117077989633818,
    "BIF": 0.0003177740966826418,
    "CVE": null,
    "KHR": 0.0002226196542072509,
    "XAF": 0.0015241065396017584,
    "CAD": 0.6659230525912732,
    "KYD": 1.0979005869221734,
    "CLP": 0.0009820155575893273,
    "CNY": 0.12755323306628788,
    "COP": 0.00022527073625603047,
    "KMF": 0.0020290198391442376,
    "CDF": 0.00031943783540872895,
    "CRC": 0.001728141920854278,
    "HRK": null,
    "CUP": 0.038122709668375616,
    "CZK": 0.0396983717712818,
    "DKK": 0.134004337720412,
    "DJF": 0.005138245782193105,
    "DOP": 0.01530417054257539,
    "EGP": 0.018553676305797757,
    "ERN": null,
    "ETB": 0.008609074618248579,
    "EUR": 1
  }
}