{
  "meta": {
    "code": "EUR",
    "createdAt": "2024-07-24T17:03:59Z"
  },
  "data": {
    "FJD": 0.4092698625,
    "GMD": 0.013599409029999999,
    "GEL": 0.3393879313,
    "GHS": 0.05944258061,
    "GIP": null,
    "GTQ": 0.11878385030000001,
    "GNF": 0.0001071972047,
    "GYD": 0.0044114642119999995,
    "HTG": 0.006978844084,
    "HNL": 0.03715538988,
    "HKD": 0.1179921256,
    "HUF": 0.002544247189,
    "ISK": 0.00668863881,
    "INR": 0.01100360899,
    "IDR": 0.00005680110691,
    "IRR": 0.00002188243636,
    "IQD": 0.0007033282363,
    "ILS": 0.25244710260000003,
    "JMD": 0.005886474139,
    "JPY": 0.006000495204,
    "JOD": 1.300176,
    "KZT": 0.0019435637729999999,
    "KES": 0.006953660366,
    "KWD": 3.014382185,
    "KGS": 0.010938970979999999,
    "LAK": 0.00004154012554,
    "LBP": 0.00001028911145,
    "LSL": 0.050101141909999994,
    "LRD": 0.004721991191,
    "LYD": 0.190757757,
    "MOP": 0.114571116,
    "MKD": 0.01621270202,
    "MGA": 0.0002030545409,
    "MWK": 0.0005308902302,
    "MYR": 0.197209,
    "MVR": 0.059988874229999996,
    "MRU": 0.02317012356,
    "MUR": 0.019725700279999998,
    "MXN": 0.05032108713,
    "MDL": 0.051964703999999994,
    "MNT": null,
    "MAD": 0.093458428,
    "MZN": 0.01443156572,
    "MMK": 0.0002836846248,
    "NAD": 0.050101141909999994,
    "NPR": 0.006878673824,
    "ANG": 0.5114465674,
    "TWD": 0.028161257829999998,
    "NZD": 0.5476379568,
    "NIO": 0.02501995923,
    "NGN": 0.0005815748703,
    "KPW": null,
    "NOK": 0.08372075844,
    "OMR": 2.393521,
    "PKR": 0.0033088884599999997,
    "PAB": 0.9216032390000001,
    "PGK": 0.2384472032,
    "PYG": 0.0001216529653,
    "PEN": 0.24523821610000002,
    "PHP": 0.015752436629999998,
    "PLN": 0.2327723904,
    "QAR": 0.2530166965,
    "RON": 0.20114422070000001,
    "RUB": 0.01068300335,
    "RWF": 0.0007006768026,
    "SHP": 1.1893375560000001,
    "WST": null,
    "STN": null,
    "SAR": 0.24562219999999998,
    "RSD": 0.008541543,
    "SCR": 0.06801317359999999,
    "SLL": 0.00004746769265,
    "SGD": 0.6866904372,
    "SBD": 0.10872048000000001,
    "SOS": 0.001613590114,
    "ZAR": 0.05028629934,
    "KRW": 0.0006679236239,
    "SSP": null,
    "LKR": 0.003034806894,
    "SDG": 0.001572286651,
    "SRD": 0.031606407069999995,
    "SZL": 0.05012840035,
    "SEK": 0.08562935567999999,
    "CHF": 1.042118048,
    "SYP": null,
    "TJS": 0.0865018836,
    "TZS": 0.00034124444410000003,
    "THB": 0.025608722089999997,
    "TOP": 0.38780042400000003,
    "TTD": 0.1355736093,
    "TND": 0.2962573191,
    "TRY": 0.028053891749999997,
    "TMT": 0.2637300864,
    "UGX": 0.0002476786131,
    "UAH": 0.02233665947,
    "AED": 0.2508593,
    "GBP": 1.1909407220000001,
    "USD": 0.92136,
    "UYU": 0.02293,
    "UZS": 0.00007315283755,
    "VUV": null,
    "VES": 0.025236253089999997,
    "VND": 0.00003632406518,
    "XOF": 0.001526694257,
    "YER": 0.003679570936,
    "ZMW": 0.03536082937,
    "ZWL": null,
    "AFN": 0.013070466643433911,
    "ALL": 0.009961815117428009,
    "DZD": 0.006850451248677373,
    "AOA": 0.0010525047382776594,
    "ARS": 0.0009932423741964324,
    "AMD": 0.0023725325020505198,
    "AWG": 0.5119266102011616,
    "AUD": 0.6079304527562047,
    "AZN": 0.5420399402129945,
    "BSD": 0.9211573502009771,
    "BHD": 2.444605218850197,
    "BDT": 0.007839963213512768,
    "BBD": 0.45622404298480157,
    "BYN": 0.2814821461546559,
    "BZD": 0.45699632688516767,
    "BMD": 0.9214042200313276,
    "BTN": 0.011004888637961336,
    "BOB": 0.1333170635499806,
    "BAM": 0.5106919584278381,
    "BWP": 0.06789093442773175,
    "BRL": 0.16360160156806244,
    "BND": 0.6850558440157876,
    "BGN": 0.5113940446961719,
    "BIF": 0.00031937754593806854,
    "CVE": 0.00902894875091943,
    "KHR": 0.00022391354071235183,
    "XAF": 0.0015226781496974619,
    "CAD": 0.6680718444461518,
    "KYD": 1.1053690170260204,
    "CLP": 0.0009713613334085283,
    "CNY": 0.12685910431636835,
    "COP": 0.00022884070634594867,
    "KMF": 0.002030642909159951,
    "CDF": 0.0003216070576025577,
    "CRC": 0.0017376677265310315,
    "HRK": null,
    "CUP": 0.03838062547499838,
    "CZK": 0.03935143531599812,
    "DKK": 0.13399745006604452,
    "DJF": 0.005184416534373059,
    "DOP": 0.015517886426278214,
    "EGP": 0.019061052551321882,
    "ERN": null,
    "ETB": 0.016023904460674435,
    "EUR": 1
  }
}