{
  "meta": {
    "code": "EUR",
    "createdAt": "2024-08-09T12:06:07Z"
  },
  "data": {
    "FJD": 0.4081359989,
    "GMD": 0.01317856095,
    "GEL": 0.3398844923,
    "GHS": 0.058817460989999994,
    "GIP": null,
    "GTQ": 0.1182010223,
    "GNF": 0.0001062001308,
    "GYD": 0.004383711955,
    "HTG": 0.006944444718,
    "HNL": 0.0369780619,
    "HKD": null,
    "HUF": 0.002530277853,
    "ISK": 0.0066173685999999995,
    "INR": 0.010909504759999999,
    "IDR": 0.000057428599999999994,
    "IRR": 0.00002175561057,
    "IQD": 0.0006991000895,
    "ILS": 0.24544719999999998,
    "JMD": 0.0058273290149999995,
    "JPY": 0.006234,
    "JOD": 1.2918498390000002,
    "KZT": 0.001913699518,
    "KES": 0.007063936366,
    "KWD": 2.991650786,
    "KGS": 0.010724940649999999,
    "LAK": 0.00004133192162,
    "LBP": 0.00001022369922,
    "LSL": 0.05000165181,
    "LRD": 0.004682729184,
    "LYD": 0.1905437934,
    "MOP": 0.1140748102,
    "MKD": 0.016252648919999998,
    "MGA": 0.0002006176318,
    "MWK": 0.0005279852258,
    "MYR": 0.20626719999999998,
    "MVR": 0.059487465499999996,
    "MRU": 0.02311962828,
    "MUR": 0.01972733669,
    "MXN": 0.04863586513,
    "MDL": 0.052033545109999996,
    "MNT": null,
    "MAD": 0.09341636080999999,
    "MZN": 0.014336693139999999,
    "MMK": 0.0002820404511,
    "NAD": 0.05000651194,
    "NPR": 0.006819019559,
    "ANG": 0.5082620894000001,
    "TWD": 0.028304211019999997,
    "NZD": 0.550875,
    "NIO": 0.024873019819999998,
    "NGN": 0.0005580872002,
    "KPW": null,
    "NOK": 0.08453124161999999,
    "OMR": 2.378765731,
    "PKR": 0.0032870480329999997,
    "PAB": 0.9161389775000001,
    "PGK": 0.2325920472,
    "PYG": 0.0001210096312,
    "PEN": 0.24575559730000002,
    "PHP": 0.01598336222,
    "PLN": 0.231163482,
    "QAR": 0.251150985,
    "RON": 0.2009271,
    "RUB": null,
    "RWF": 0.0006953254998,
    "SHP": 1.167831045,
    "WST": null,
    "STN": null,
    "SAR": 0.2440488331,
    "RSD": 0.008547274896,
    "SCR": 0.06755271306999999,
    "SLL": 0.00004746769265,
    "SGD": 0.6918167183,
    "SBD": 0.10809036000000001,
    "SOS": 0.001608429551,
    "ZAR": 0.04993920506,
    "KRW": 0.0006710652751000001,
    "SSP": null,
    "LKR": 0.003053375878,
    "SDG": 0.001522892685,
    "SRD": 0.031712104,
    "SZL": 0.05001830305,
    "SEK": 0.0869895,
    "CHF": 1.059794,
    "SYP": null,
    "TJS": 0.08686941014999999,
    "TZS": 0.0003391566186,
    "THB": 0.02601053,
    "TOP": 0.386056065,
    "TTD": 0.1347694703,
    "TND": null,
    "TRY": 0.027298953999999997,
    "TMT": 0.261420406,
    "UGX": 0.00024586563050000003,
    "UAH": 0.02226196077,
    "AED": 0.2493608938,
    "GBP": 1.16671,
    "USD": 0.91591,
    "UYU": 0.022657864009999997,
    "UZS": 0.00007238344239,
    "VUV": null,
    "VES": 0.02500420561,
    "VND": 0.0000364872,
    "XOF": null,
    "YER": 0.003658532885,
    "ZMW": null,
    "ZWL": null,
    "AFN": 0.012930657744701092,
    "ALL": 0.009993217103890733,
    "DZD": 0.00680459054090562,
    "AOA": 0.0010403256787392275,
    "ARS": 0.0009783828759304192,
    "AMD": 0.0023566239303545273,
    "AWG": 0.5088926445166054,
    "AUD": 0.6022516947820402,
    "AZN": 0.5388275059587586,
    "BSD": 0.9157549276296462,
    "BHD": 2.4293872002387302,
    "BDT": 0.0077919824865282225,
    "BBD": 0.4534336755697758,
    "BYN": 0.27975643051138555,
    "BZD": 0.4541958562787289,
    "BMD": 0.9160067601298897,
    "BTN": 0.010910092215931033,
    "BOB": 0.13249686771111127,
    "BAM": 0.5111967218622773,
    "BWP": 0.06762862712455239,
    "BRL": 0.16500833292081252,
    "BND": 0.6914745894141611,
    "BGN": null,
    "BIF": 0.00031760630635855024,
    "CVE": 0.00906785657160161,
    "KHR": 0.00022330403185391107,
    "XAF": 0.0015241899476850151,
    "CAD": 0.6664400770404729,
    "KYD": 1.0989463870855274,
    "CLP": 0.0009785665182224968,
    "CNY": 0.12773160422209154,
    "COP": 0.00022341846266081143,
    "KMF": 0.0020299318786102193,
    "CDF": 0.0003197231274449877,
    "CRC": 0.001729106768563823,
    "HRK": null,
    "CUP": 0.03814641286683785,
    "CZK": 0.03962553865966615,
    "DKK": 0.13400541515882658,
    "DJF": 0.005141261633687956,
    "DOP": 0.01532516566481479,
    "EGP": 0.018599805299284105,
    "ERN": null,
    "ETB": 0.011403186049361162,
    "EUR": 1
  }
}