{
  "meta": {
    "code": "EUR",
    "createdAt": "2024-07-25T10:04:25Z"
  },
  "data": {
    "FJD": 0.40766363320000004,
    "GMD": 0.01359306523,
    "GEL": 0.3381092223,
    "GHS": null,
    "GIP": null,
    "GTQ": 0.1187661669,
    "GNF": 0.00010688132330000001,
    "GYD": 0.004410665803,
    "HTG": 0.006977744122,
    "HNL": 0.037203545069999996,
    "HKD": 0.1180464708,
    "HUF": 0.002540236104,
    "ISK": 0.0066905037769999995,
    "INR": 0.01100595205,
    "IDR": 0.00005664124575,
    "IRR": 0.00002188679656,
    "IQD": 0.0007033658762,
    "ILS": 0.2524744,
    "JMD": 0.005885546292,
    "JPY": 0.006050855296,
    "JOD": 1.2999598760000002,
    "KZT": 0.0019432753459999999,
    "KES": 0.0069529811209999995,
    "KWD": 3.0140803650000003,
    "KGS": 0.01093790244,
    "LAK": 0.00004155600227,
    "LBP": 0.00001028468977,
    "LSL": 0.050312332749999994,
    "LRD": 0.004730469,
    "LYD": 0.1905790713,
    "MOP": 0.1145540283,
    "MKD": null,
    "MGA": 0.0002027003128,
    "MWK": 0.0005311451364,
    "MYR": 0.1974319,
    "MVR": 0.06002013245999999,
    "MRU": null,
    "MUR": 0.019694246739999997,
    "MXN": 0.04977550872,
    "MDL": 0.05181683115,
    "MNT": null,
    "MAD": 0.09324560603,
    "MZN": 0.01441886125,
    "MMK": 0.000283656914,
    "NAD": 0.05031280259,
    "NPR": 0.006877589175,
    "ANG": 0.5113707208,
    "TWD": null,
    "NZD": 0.544215,
    "NIO": 0.02502537828,
    "NGN": null,
    "KPW": null,
    "NOK": 0.08288435872,
    "OMR": 2.393616997,
    "PKR": 0.003307042383,
    "PAB": 0.9214754432000001,
    "PGK": 0.2383038975,
    "PYG": 0.0001216349095,
    "PEN": 0.2451556588,
    "PHP": 0.0157245588,
    "PLN": 0.2327634718,
    "QAR": null,
    "RON": 0.2012457,
    "RUB": 0.010830017119999999,
    "RWF": 0.0007012967959,
    "SHP": 1.189129252,
    "WST": null,
    "STN": null,
    "SAR": 0.2455769095,
    "RSD": 0.008541429050999999,
    "SCR": 0.06799864389,
    "SLL": 0.00004746769265,
    "SGD": 0.6863771,
    "SBD": 0.10870986,
    "SOS": 0.001618176668,
    "ZAR": 0.04984862992,
    "KRW": 0.0006673742,
    "SSP": null,
    "LKR": 0.003034328958,
    "SDG": 0.001572133067,
    "SRD": 0.031602290719999995,
    "SZL": 0.050322623329999996,
    "SEK": 0.0850458,
    "CHF": 1.048994872,
    "SYP": null,
    "TJS": 0.0864890487,
    "TZS": 0.0003424795521,
    "THB": 0.02549064726,
    "TOP": 0.387578289,
    "TTD": 0.1355534567,
    "TND": null,
    "TRY": 0.027855,
    "TMT": 0.2632950966,
    "UGX": 0.00024764189020000003,
    "UAH": 0.0223330404,
    "AED": 0.2508232197,
    "GBP": 1.187236042,
    "USD": 0.9212699999999999,
    "UYU": 0.0229211976,
    "UZS": 0.00007318661007,
    "VUV": null,
    "VES": 0.02523109787,
    "VND": 0.00003642102754,
    "XOF": 0.001522358139,
    "YER": 0.003679945762,
    "ZMW": 0.035355578789999995,
    "ZWL": null,
    "AFN": 0.01301903611472924,
    "ALL": 0.00993554632260691,
    "DZD": 0.006848303771032169,
    "AOA": 0.0010525095875466477,
    "ARS": 0.0009927647306430733,
    "AMD": 0.002373706207010841,
    "AWG": 0.5112189425226574,
    "AUD": 0.6011567023230961,
    "AZN": 0.5419250859019001,
    "BSD": 0.9209668850782919,
    "BHD": 2.4441199594939125,
    "BDT": 0.007838516876479294,
    "BBD": 0.45613585867520423,
    "BYN": 0.28142510047249675,
    "BZD": 0.45690795423632774,
    "BMD": 0.9212726460332302,
    "BTN": 0.011002758666336534,
    "BOB": 0.1332912569268159,
    "BAM": null,
    "BWP": 0.0678768386139508,
    "BRL": 0.16291005395276345,
    "BND": 0.6849167722254117,
    "BGN": 0.5105378215089659,
    "BIF": 0.00031970827576403697,
    "CVE": 0.009056528516225227,
    "KHR": 0.00022425530718248214,
    "XAF": 0.0015223693915945677,
    "CAD": 0.6657532283825386,
    "KYD": 1.105155091653552,
    "CLP": 0.000972206547552102,
    "CNY": 0.12761587010542091,
    "COP": 0.00022776716921312065,
    "KMF": 0.0020282297235365114,
    "CDF": 0.0003215611329958919,
    "CRC": 0.0017373154033694812,
    "HRK": null,
    "CUP": 0.03837444819745226,
    "CZK": 0.03938411126799115,
    "DKK": 0.1339974468161323,
    "DJF": 0.00517197275936843,
    "DOP": 0.015557079122196596,
    "EGP": 0.019061773031333176,
    "ERN": null,
    "ETB": 0.01593290042025171,
    "EUR": 1
  }
}