{
  "meta": {
    "code": "EUR",
    "createdAt": "2024-08-15T08:05:34Z"
  },
  "data": {
    "FJD": 0.40578829120000004,
    "GMD": 0.012977285449999999,
    "GEL": 0.3377409333,
    "GHS": null,
    "GIP": null,
    "GTQ": 0.11720378490000001,
    "GNF": 0.00010526291710000001,
    "GYD": 0.004348006356,
    "HTG": 0.006887720866,
    "HNL": 0.03664179835,
    "HKD": 0.11662349999999999,
    "HUF": 0.002534662,
    "ISK": 0.006574581947,
    "INR": 0.01082112526,
    "IDR": 0.00005782679999999999,
    "IRR": 0.00002157487194,
    "IQD": null,
    "ILS": 0.24503499999999998,
    "JMD": 0.005783408616,
    "JPY": 0.006168000000000001,
    "JOD": 1.28199452,
    "KZT": 0.001890518394,
    "KES": 0.006967568288,
    "KWD": 2.968376837,
    "KGS": null,
    "LAK": 0.00004101353056,
    "LBP": 0.00001013140588,
    "LSL": 0.050279012789999994,
    "LRD": 0.004648533911,
    "LYD": 0.18878149660000001,
    "MOP": 0.1131563641,
    "MKD": 0.01626366393,
    "MGA": 0.0001994877444,
    "MWK": 0.0005233029341,
    "MYR": 0.2051745726,
    "MVR": 0.058993262739999996,
    "MRU": 0.0229198865,
    "MUR": 0.01967696,
    "MXN": 0.04835465,
    "MDL": 0.0517612018,
    "MNT": null,
    "MAD": 0.09276074285,
    "MZN": 0.014217588489999999,
    "MMK": 0.0002796973496,
    "NAD": 0.050278331479999994,
    "NPR": null,
    "ANG": 0.5038090005,
    "TWD": 0.028123369189999997,
    "NZD": 0.5455002050000001,
    "NIO": 0.024655419239999997,
    "NGN": 0.0005769880574,
    "KPW": null,
    "NOK": 0.08480847,
    "OMR": 2.359887483,
    "PKR": 0.0032567815689999997,
    "PAB": 0.9078839397,
    "PGK": 0.2303641461,
    "PYG": 0.0001199202941,
    "PEN": null,
    "PHP": 0.01595045324,
    "PLN": 0.2334522859,
    "QAR": null,
    "RON": 0.2009580968,
    "RUB": 0.01016420857,
    "RWF": 0.0006879219965,
    "SHP": 1.1654446090000001,
    "WST": null,
    "STN": null,
    "SAR": 0.24209578880000002,
    "RSD": 0.00854571964,
    "SCR": null,
    "SLL": 0.00004746769265,
    "SGD": null,
    "SBD": 0.106738175,
    "SOS": 0.001594192327,
    "ZAR": 0.050422220000000004,
    "KRW": 0.0006698670753000001,
    "SSP": null,
    "LKR": 0.003032933902,
    "SDG": 0.001510240981,
    "SRD": 0.03164309519,
    "SZL": 0.05027560625,
    "SEK": 0.08670177533,
    "CHF": 1.048911,
    "SYP": null,
    "TJS": 0.08537221736999999,
    "TZS": 0.000335206642,
    "THB": 0.025976092949999998,
    "TOP": 0.38334902000000004,
    "TTD": 0.1335985869,
    "TND": 0.2952781617,
    "TRY": 0.027010444919999998,
    "TMT": 0.2592797448,
    "UGX": 0.0002436130334,
    "UAH": 0.02199696646,
    "AED": 0.2473239791,
    "GBP": 1.166970738,
    "USD": 0.9084099999999999,
    "UYU": 0.022478605449999998,
    "UZS": 0.00007190092402,
    "VUV": null,
    "VES": 0.024837047919999997,
    "VND": 0.0000362681,
    "XOF": 0.001524691695,
    "YER": 0.0036282131579999997,
    "ZMW": 0.0346007646,
    "ZWL": null,
    "AFN": 0.012792331209894705,
    "ALL": 0.010006047859449628,
    "DZD": 0.006773027087174876,
    "AOA": 0.0010316693314298623,
    "ARS": 0.0009660967624509227,
    "AMD": 0.002335066702382913,
    "AWG": 0.5046582479577741,
    "AUD": 0.601662996522388,
    "AZN": 0.534344027249408,
    "BSD": 0.9073713125966716,
    "BHD": 2.410514003530976,
    "BDT": 0.007721202862628858,
    "BBD": 0.44938423655259774,
    "BYN": 0.2773060829038192,
    "BZD": 0.45015275247172176,
    "BMD": 0.9083848463239935,
    "BTN": 0.010811020312021833,
    "BOB": 0.1313192245689244,
    "BAM": 0.5113647972779455,
    "BWP": 0.06759746295662579,
    "BRL": 0.16605227325562089,
    "BND": 0.6899972630637562,
    "BGN": null,
    "BIF": 0.0003146692008496215,
    "CVE": 0.009070052916502726,
    "KHR": 0.00022179882394110222,
    "XAF": 0.0015246493220302296,
    "CAD": 0.6628376743677358,
    "KYD": 1.0888404415189976,
    "CLP": 0.0009724290223546057,
    "CNY": 0.12698927105745617,
    "COP": 0.0002261632880434994,
    "KMF": 0.0020324082031911938,
    "CDF": 0.0003164001554594196,
    "CRC": 0.0017249129058527998,
    "HRK": null,
    "CUP": 0.03780633240075634,
    "CZK": 0.03974847167126424,
    "DKK": null,
    "DJF": 0.005095553581269732,
    "DOP": 0.015210713022608525,
    "EGP": 0.018529332477147234,
    "ERN": null,
    "ETB": 0.008229405731931856,
    "EUR": 1
  }
}