{
  "meta": {
    "code": "EUR",
    "createdAt": "2024-07-31T17:33:37Z"
  },
  "data": {
    "FJD": 0.4097125,
    "GMD": 0.01331438829,
    "GEL": 0.34088533730000004,
    "GHS": 0.05949839166,
    "GIP": null,
    "GTQ": 0.1195042332,
    "GNF": 0.0001073317858,
    "GYD": 0.0044321983559999995,
    "HTG": 0.007006319402,
    "HNL": 0.037266815439999997,
    "HKD": 0.1184241196,
    "HUF": 0.00253583664,
    "ISK": 0.0066786976629999995,
    "INR": 0.01105601702,
    "IDR": 0.00005684447304,
    "IRR": 0.00002197719945,
    "IQD": 0.0007063740378000001,
    "ILS": 0.24603601190000002,
    "JMD": 0.005914116176,
    "JPY": 0.006136580516,
    "JOD": 1.3056079999999999,
    "KZT": 0.001949308997,
    "KES": 0.007172092945,
    "KWD": 3.0282115760000003,
    "KGS": 0.011010352769999999,
    "LAK": 0.00004168506363,
    "LBP": 0.00001032756669,
    "LSL": 0.050502182629999996,
    "LRD": 0.004732604319,
    "LYD": 0.191583844,
    "MOP": null,
    "MKD": 0.016278026169999998,
    "MGA": 0.00020311744570000002,
    "MWK": 0.000533102849,
    "MYR": 0.2008631,
    "MVR": 0.060285941759999996,
    "MRU": 0.02321706317,
    "MUR": 0.01985097,
    "MXN": 0.04978887,
    "MDL": 0.05230943402,
    "MNT": null,
    "MAD": 0.09334140180999999,
    "MZN": 0.01448036996,
    "MMK": 0.000284866952,
    "NAD": 0.050502182629999996,
    "NPR": 0.006915823458,
    "ANG": 0.5139551209000001,
    "TWD": 0.028272250000000002,
    "NZD": 0.549670572,
    "NIO": null,
    "NGN": 0.0005569903658,
    "KPW": null,
    "NOK": 0.0845498646,
    "OMR": 2.403531,
    "PKR": 0.003316128948,
    "PAB": 0.9260215776,
    "PGK": 0.23898501800000002,
    "PYG": 0.0001221530457,
    "PEN": 0.2482425492,
    "PHP": 0.01585930654,
    "PLN": 0.23328918,
    "QAR": 0.2541473775,
    "RON": 0.2009606,
    "RUB": 0.01088611351,
    "RWF": 0.0007009090839,
    "SHP": 1.1875404600000001,
    "WST": null,
    "STN": null,
    "SAR": 0.2466101078,
    "RSD": 0.008544816075,
    "SCR": 0.06852698,
    "SLL": 0.00004746769265,
    "SGD": 0.6915196071,
    "SBD": 0.11009880000000001,
    "SOS": 0.001620315157,
    "ZAR": 0.0507532338,
    "KRW": 0.0006743396,
    "SSP": null,
    "LKR": 0.003059839018,
    "SDG": 0.001538154529,
    "SRD": 0.0319238132,
    "SZL": 0.050502182629999996,
    "SEK": 0.0863132958,
    "CHF": 1.0504369999999998,
    "SYP": null,
    "TJS": 0.08733763291999999,
    "TZS": 0.0003426319065,
    "THB": 0.026002366659999998,
    "TOP": 0.38793636000000004,
    "TTD": 0.1365278046,
    "TND": 0.2982598298,
    "TRY": 0.027935,
    "TMT": 0.2640719718,
    "UGX": 0.0002487596342,
    "UAH": 0.02257311744,
    "AED": 0.25193301490000003,
    "GBP": 1.187591346,
    "USD": 0.9251999999999999,
    "UYU": 0.022965,
    "UZS": 0.00007354530912,
    "VUV": null,
    "VES": 0.02530772,
    "VND": 0.0000365981364,
    "XOF": 0.001529256141,
    "YER": 0.003696614089,
    "ZMW": 0.035495048189999996,
    "ZWL": null,
    "AFN": 0.013125558369456511,
    "ALL": 0.00997146406300306,
    "DZD": 0.006870727266481157,
    "AOA": 0.001054532039939241,
    "ARS": 0.0009931285436067846,
    "AMD": 0.002384312973580737,
    "AWG": 0.5140843694703799,
    "AUD": 0.6038738507525778,
    "AZN": 0.5443246264980494,
    "BSD": 0.9256807602336898,
    "BHD": 2.455441698019946,
    "BDT": 0.007877996778945516,
    "BBD": 0.45846016230660647,
    "BYN": 0.28289839038734194,
    "BZD": 0.4592369368471242,
    "BMD": 0.925351865046684,
    "BTN": 0.011063803651234216,
    "BOB": 0.1339553831965333,
    "BAM": 0.5127262148444438,
    "BWP": 0.06840781764868446,
    "BRL": 0.16339869281045752,
    "BND": 0.6914837597273665,
    "BGN": 0.511328874977446,
    "BIF": 0.00032158188185810047,
    "CVE": 0.009038846060707102,
    "KHR": null,
    "XAF": 0.0015287433487443938,
    "CAD": 0.6696555626613452,
    "KYD": 1.1107553759045679,
    "CLP": 0.0009817015330433737,
    "CNY": 0.12817615710705388,
    "COP": 0.00022784566191555686,
    "KMF": 0.0020305049429823483,
    "CDF": 0.0003229849441698723,
    "CRC": 0.001764853827557747,
    "HRK": null,
    "CUP": 0.03856884651608446,
    "CZK": null,
    "DKK": 0.13401044343385682,
    "DJF": 0.005198226337934791,
    "DOP": 0.015571760455139822,
    "EGP": 0.01905378884591201,
    "ERN": null,
    "ETB": 0.01598593677752333,
    "EUR": 1
  }
}