{
  "meta": {
    "code": "EUR",
    "createdAt": "2024-08-06T16:35:43Z"
  },
  "data": {
    "FJD": 0.4062620804,
    "GMD": 0.013165395489999999,
    "GEL": 0.3382894809,
    "GHS": null,
    "GIP": null,
    "GTQ": 0.118107829,
    "GNF": 0.00010614791110000001,
    "GYD": 0.004381307158,
    "HTG": 0.006931159553,
    "HNL": 0.0369651758,
    "HKD": 0.1173915,
    "HUF": null,
    "ISK": 0.006627516946,
    "INR": 0.01090120468,
    "IDR": 0.00005662199508,
    "IRR": 0.00002173772012,
    "IQD": 0.0006984694577,
    "ILS": 0.238777086,
    "JMD": 0.005834120664,
    "JPY": 0.006295353173,
    "JOD": 1.29092344,
    "KZT": 0.001912688163,
    "KES": 0.007065598435,
    "KWD": 2.9935605950000004,
    "KGS": 0.01081558281,
    "LAK": 0.00004127176355,
    "LBP": 0.00001021769884,
    "LSL": 0.04953952295,
    "LRD": 0.004680165953,
    "LYD": 0.19042559350000002,
    "MOP": 0.11401798440000001,
    "MKD": 0.01625480382,
    "MGA": 0.0002002177236,
    "MWK": 0.0005278309696,
    "MYR": 0.206778805,
    "MVR": 0.059371949849999994,
    "MRU": 0.02298580389,
    "MUR": 0.01979292479,
    "MXN": 0.047410923419999994,
    "MDL": 0.051985,
    "MNT": null,
    "MAD": 0.09302274707,
    "MZN": 0.014321703029999999,
    "MMK": 0.000281724856,
    "NAD": 0.049432468539999996,
    "NPR": 0.006810766197,
    "ANG": 0.5078598312,
    "TWD": 0.02790613,
    "NZD": 0.5452455205,
    "NIO": 0.024816788099999997,
    "NGN": 0.0005740424718,
    "KPW": null,
    "NOK": 0.08404183324999999,
    "OMR": 2.376897151,
    "PKR": 0.003277202638,
    "PAB": 0.9152365586000001,
    "PGK": 0.2661416493,
    "PYG": 0.00012084586010000001,
    "PEN": 0.2447328617,
    "PHP": 0.01585035802,
    "PLN": 0.23209580170000002,
    "QAR": 0.2513032852,
    "RON": 0.2009479079,
    "RUB": 0.01067968439,
    "RWF": 0.0006944933561,
    "SHP": 1.169134861,
    "WST": null,
    "STN": null,
    "SAR": 0.24370264130000002,
    "RSD": 0.008546199699,
    "SCR": 0.06878532557,
    "SLL": 0.00004746769265,
    "SGD": 0.6901950024,
    "SBD": 0.107786411,
    "SOS": 0.001602443004,
    "ZAR": 0.0495561292,
    "KRW": 0.0006640384063,
    "SSP": null,
    "LKR": 0.003027603165,
    "SDG": 0.0015211886109999999,
    "SRD": 0.031864704529999996,
    "SZL": 0.049432468539999996,
    "SEK": 0.08690668258999999,
    "CHF": 1.07231192,
    "SYP": null,
    "TJS": 0.08667201381999999,
    "TZS": 0.0003387084738,
    "THB": 0.02577451245,
    "TOP": 0.384114901,
    "TTD": 0.1349136337,
    "TND": 0.2950465427,
    "TRY": 0.02724545841,
    "TMT": 0.2611592453,
    "UGX": 0.0002456161338,
    "UAH": 0.022305135059999998,
    "AED": 0.2491137937,
    "GBP": 1.162651206,
    "USD": 0.914995,
    "UYU": 0.022513451969999997,
    "UZS": 0.00007270520441,
    "VUV": null,
    "VES": 0.02498669,
    "VND": 0.000036389799999999995,
    "XOF": 0.001528813631,
    "YER": 0.003654513819,
    "ZMW": 0.03521506486,
    "ZWL": null,
    "AFN": 0.012885541777037286,
    "ALL": 0.009978322931610203,
    "DZD": 0.006791885536027051,
    "AOA": 0.0010377908637209568,
    "ARS": 0.0009777006046100538,
    "AMD": 0.002356489133123885,
    "AWG": 0.5082292479833463,
    "AUD": 0.5971790708256265,
    "AZN": 0.5381250861000137,
    "BSD": 0.9145739428386749,
    "BHD": 2.4271510461525008,
    "BDT": 0.007783473420936587,
    "BBD": 0.4529475080319664,
    "BYN": 0.27944977335585225,
    "BZD": 0.4537097232974575,
    "BMD": 0.9148126463700234,
    "BTN": 0.010893763887978893,
    "BOB": 0.132342616593741,
    "BAM": 0.5100811260567262,
    "BWP": null,
    "BRL": 0.16214813853936957,
    "BND": 0.6890444699240839,
    "BGN": 0.5110756554533015,
    "BIF": 0.00031709277170538074,
    "CVE": 0.00903965065583027,
    "KHR": 0.00022231170021142733,
    "XAF": 0.0015208293999108677,
    "CAD": 0.6635722082687734,
    "KYD": 1.0973575214436457,
    "CLP": 0.0009694919948813305,
    "CNY": 0.12783506208948966,
    "COP": 0.00022132314147054103,
    "KMF": 0.0020295344345424814,
    "CDF": 0.00031875005100000817,
    "CRC": 0.0017295716484516993,
    "HRK": null,
    "CUP": 0.03810606345445998,
    "CZK": 0.039569405726880086,
    "DKK": 0.13400604367256963,
    "DJF": 0.005135689384146766,
    "DOP": 0.015378069295394857,
    "EGP": 0.018593752975000478,
    "ERN": null,
    "ETB": 0.011390613225389626,
    "EUR": 1
  }
}