{
  "meta": {
    "code": "EUR",
    "createdAt": "2024-08-23T18:35:46Z"
  },
  "data": {
    "FJD": 0.4058032031,
    "GMD": 0.01276357117,
    "GEL": 0.33094826450000003,
    "GHS": 0.05708945635,
    "GIP": null,
    "GTQ": 0.1153957683,
    "GNF": 0.0001035163856,
    "GYD": 0.004277560737,
    "HTG": 0.006776568977,
    "HNL": 0.035904932189999995,
    "HKD": 0.114605,
    "HUF": 0.002539623583,
    "ISK": 0.006557431155,
    "INR": 0.01066133,
    "IDR": 0.000057925,
    "IRR": 0.00002122587123,
    "IQD": 0.000682022893,
    "ILS": 0.24211785600000002,
    "JMD": 0.005703702602,
    "JPY": 0.006193352514,
    "JOD": 1.2607044090000001,
    "KZT": 0.00184789047,
    "KES": null,
    "KWD": 2.925742296,
    "KGS": 0.010469335409999999,
    "LAK": 0.00004045505951,
    "LBP": 0.00000997710701,
    "LSL": 0.04955352188,
    "LRD": 0.004581915373,
    "LYD": 0.1875026155,
    "MOP": 0.1112237142,
    "MKD": 0.01625839555,
    "MGA": 0.000194757492,
    "MWK": 0.0005148084095,
    "MYR": 0.2056731,
    "MVR": 0.05820767782,
    "MRU": 0.022459778389999997,
    "MUR": 0.01936039141,
    "MXN": 0.04683113,
    "MDL": null,
    "MNT": null,
    "MAD": 0.09230332016,
    "MZN": 0.013982376349999999,
    "MMK": 0.0002750912,
    "NAD": 0.04955352188,
    "NPR": 0.006655254549,
    "ANG": 0.49588583540000003,
    "TWD": 0.02808796839,
    "NZD": 0.5566863587,
    "NIO": 0.02427193622,
    "NGN": 0.0005671798039,
    "KPW": null,
    "NOK": 0.08538102,
    "OMR": 2.320964204,
    "PKR": 0.0032072152309999997,
    "PAB": null,
    "PGK": 0.2264765484,
    "PYG": 0.0001176155449,
    "PEN": 0.2386988998,
    "PHP": 0.01591434582,
    "PLN": 0.2343356742,
    "QAR": 0.2453859531,
    "RON": 0.20097880780000002,
    "RUB": 0.009764843,
    "RWF": null,
    "SHP": 1.169079325,
    "WST": null,
    "STN": null,
    "SAR": 0.23810983030000002,
    "RSD": 0.008544200834,
    "SCR": 0.06692240699,
    "SLL": 0.00004746769265,
    "SGD": 0.6867259,
    "SBD": 0.10614186,
    "SOS": null,
    "ZAR": 0.0504515,
    "KRW": 0.0006746587,
    "SSP": null,
    "LKR": null,
    "SDG": 0.001485369827,
    "SRD": 0.03105599767,
    "SZL": 0.04955352188,
    "SEK": 0.08778986092999999,
    "CHF": 1.0540806950000001,
    "SYP": null,
    "TJS": 0.08404291925,
    "TZS": null,
    "THB": 0.02631789,
    "TOP": 0.379805595,
    "TTD": 0.1316130473,
    "TND": 0.2925747657,
    "TRY": 0.0263,
    "TMT": 0.2550098391,
    "UGX": 0.0002404414221,
    "UAH": 0.0216429328,
    "AED": 0.2432480166,
    "GBP": 1.180528886,
    "USD": 0.89345,
    "UYU": null,
    "UZS": 0.00007028398313,
    "VUV": null,
    "VES": 0.024376952339999997,
    "VND": 0.0000357698,
    "XOF": 0.001487843433,
    "YER": 0.003568818122,
    "ZMW": 0.03401806407,
    "ZWL": null,
    "AFN": 0.012584160505933589,
    "ALL": 0.009903828752057205,
    "DZD": 0.006648970785532747,
    "AOA": 0.0009921992186169215,
    "ARS": 0.0009444859493547744,
    "AMD": 0.0023025342643059605,
    "AWG": 0.4956867662372964,
    "AUD": 0.6071184639902861,
    "AZN": 0.5255737623066381,
    "BSD": 0.8931422545984701,
    "BHD": 2.370907739033017,
    "BDT": null,
    "BBD": 0.44235418917733405,
    "BYN": 0.27296485761709455,
    "BZD": 0.443108198891577,
    "BMD": 0.8934753959212847,
    "BTN": 0.01064750907548475,
    "BOB": 0.1292713749296418,
    "BAM": 0.50780506567433,
    "BWP": null,
    "BRL": 0.1629804994425666,
    "BND": 0.6826937126103245,
    "BGN": null,
    "BIF": null,
    "CVE": 0.009020448221345404,
    "KHR": 0.00021813364158234494,
    "XAF": 0.0015140566209768105,
    "CAD": 0.6615397337302572,
    "KYD": 1.0717125537827972,
    "CLP": 0.0009827698664235708,
    "CNY": 0.1254050444677246,
    "COP": 0.00022183155629519553,
    "KMF": 0.0020257916245590853,
    "CDF": 0.0003167944878570107,
    "CRC": 0.0016975299708723837,
    "HRK": null,
    "CUP": 0.037211196669719955,
    "CZK": 0.03992884679501129,
    "DKK": 0.13401344931933454,
    "DJF": null,
    "DOP": 0.014966087033857366,
    "EGP": 0.01831471075869693,
    "ERN": null,
    "ETB": 0.008139958597907662,
    "EUR": 1
  }
}