{
  "meta": {
    "code": "EUR",
    "createdAt": "2024-07-23T14:04:06Z"
  },
  "data": {
    "FJD": null,
    "GMD": 0.013595794849999999,
    "GEL": 0.3394229251,
    "GHS": 0.05974818344,
    "GIP": null,
    "GTQ": 0.11891773,
    "GNF": 0.0001069882971,
    "GYD": 0.004414981163,
    "HTG": 0.006984488838,
    "HNL": 0.03724072361,
    "HKD": 0.1180225364,
    "HUF": 0.0025550810000000003,
    "ISK": 0.006680114468,
    "INR": 0.01100982999,
    "IDR": 0.00005679581398,
    "IRR": 0.00002189261707,
    "IQD": 0.0007040289389,
    "ILS": 0.2542548666,
    "JMD": 0.005902223355,
    "JPY": 0.0059050000000000005,
    "JOD": 1.3004042900000001,
    "KZT": 0.001945580359,
    "KES": 0.006954377348,
    "KWD": 3.01348128,
    "KGS": 0.01092202177,
    "LAK": 0.00004161687005,
    "LBP": 0.00001029477169,
    "LSL": 0.050231525199999995,
    "LRD": 0.004727655263,
    "LYD": 0.19073335260000002,
    "MOP": 0.114695531,
    "MKD": 0.016256797479999998,
    "MGA": 0.0002032516873,
    "MWK": 0.0005316565907,
    "MYR": 0.1972293339,
    "MVR": 0.060032185079999995,
    "MRU": 0.02330650874,
    "MUR": 0.019795580899999998,
    "MXN": 0.050947707669999995,
    "MDL": 0.05208985115,
    "MNT": null,
    "MAD": 0.09365373753999999,
    "MZN": 0.0144217567,
    "MMK": 0.0002837138751,
    "NAD": 0.050231525199999995,
    "NPR": null,
    "ANG": 0.5118627237,
    "TWD": 0.028082410000000002,
    "NZD": 0.549055,
    "NIO": 0.025049376369999998,
    "NGN": 0.0005734007414,
    "KPW": null,
    "NOK": 0.08353035647,
    "OMR": 2.3941170090000004,
    "PKR": null,
    "PAB": 0.9224271350000001,
    "PGK": null,
    "PYG": 0.00012186002790000001,
    "PEN": 0.2454370951,
    "PHP": 0.01575312096,
    "PLN": 0.2334954991,
    "QAR": 0.2529842,
    "RON": 0.2011163176,
    "RUB": 0.010560990000000001,
    "RWF": 0.0007038931164,
    "SHP": 1.1898287680000001,
    "WST": null,
    "STN": null,
    "SAR": null,
    "RSD": 0.00854322531,
    "SCR": 0.06808776584,
    "SLL": 0.00004746769265,
    "SGD": 0.6845991792,
    "SBD": 0.1089620537,
    "SOS": 0.001619934476,
    "ZAR": 0.049941,
    "KRW": null,
    "SSP": null,
    "LKR": 0.003034821257,
    "SDG": 0.001572448767,
    "SRD": 0.031428497609999995,
    "SZL": 0.050239219349999996,
    "SEK": 0.08563041,
    "CHF": 1.034228264,
    "SYP": null,
    "TJS": 0.08657311145999999,
    "TZS": 0.0003431862118,
    "THB": 0.02545244,
    "TOP": null,
    "TTD": 0.13586494600000001,
    "TND": 0.2965899924,
    "TRY": 0.028024533419999997,
    "TMT": null,
    "UGX": 0.0002494254288,
    "UAH": 0.02234240881,
    "AED": 0.2508725739,
    "GBP": 1.19002604,
    "USD": 0.9214549999999999,
    "UYU": 0.022962658599999998,
    "UZS": 0.00007320692753,
    "VUV": null,
    "VES": 0.025258777019999998,
    "VND": null,
    "XOF": 0.001526498939,
    "YER": 0.0036806884169999997,
    "ZMW": 0.035560791359999996,
    "ZWL": null,
    "AFN": 0.013041808361643321,
    "ALL": 0.00998155825264047,
    "DZD": 0.006836854185275629,
    "AOA": 0.001055979740452537,
    "ARS": 0.0009946102072867133,
    "AMD": 0.002375411364060227,
    "AWG": 0.5112260088612276,
    "AUD": 0.6098360608270464,
    "AZN": 0.5420269542415966,
    "BSD": 0.9218835961035918,
    "BHD": 2.444941982314031,
    "BDT": 0.007846005095915973,
    "BBD": null,
    "BYN": null,
    "BZD": 0.45732061698723225,
    "BMD": 0.9213999751222007,
    "BTN": 0.011012661806921368,
    "BOB": 0.13341207771318683,
    "BAM": 0.5119429134996393,
    "BWP": 0.06784967735714324,
    "BRL": 0.16482415210944162,
    "BND": null,
    "BGN": 0.511550683475911,
    "BIF": 0.00032003378010314663,
    "CVE": null,
    "KHR": 0.00022439663876660756,
    "XAF": 0.0015264074378683943,
    "CAD": 0.6693350784969306,
    "KYD": 1.1062398160392215,
    "CLP": 0.0009747685536596019,
    "CNY": 0.12665639950544352,
    "COP": 0.0002301204486833464,
    "KMF": 0.002035118664198694,
    "CDF": 0.00032546802370971413,
    "CRC": 0.0017401071772172123,
    "HRK": null,
    "CUP": 0.03840946202655066,
    "CZK": 0.039373206879439,
    "DKK": 0.1340155767580694,
    "DJF": 0.0051765992056537515,
    "DOP": 0.015564399100127144,
    "EGP": 0.019051247856734614,
    "ERN": null,
    "ETB": null,
    "EUR": 1
  }
}