{
  "meta": {
    "code": "EUR",
    "createdAt": "2024-08-16T14:33:32Z"
  },
  "data": {
    "FJD": 0.4064672778,
    "GMD": 0.01299899974,
    "GEL": 0.3382826742,
    "GHS": 0.05831898787,
    "GIP": null,
    "GTQ": 0.1175312904,
    "GNF": null,
    "GYD": null,
    "HTG": null,
    "HNL": 0.03673310975,
    "HKD": 0.1167267303,
    "HUF": 0.002527865613,
    "ISK": 0.006522795624,
    "INR": 0.01084564,
    "IDR": null,
    "IRR": 0.0000216173899,
    "IQD": 0.0006948069881,
    "ILS": 0.24778858880000001,
    "JMD": 0.005795351449,
    "JPY": 0.006141000000000001,
    "JOD": 1.2843206980000001,
    "KZT": 0.001898024806,
    "KES": 0.007053580815,
    "KWD": 2.973378261,
    "KGS": 0.0106176192,
    "LAK": 0.0000410898,
    "LBP": 0.00001015955043,
    "LSL": 0.050796623859999994,
    "LRD": 0.004665354,
    "LYD": 0.1898745471,
    "MOP": 0.11335753250000001,
    "MKD": 0.016250294279999997,
    "MGA": 0.00020257789780000002,
    "MWK": 0.0005246702786,
    "MYR": 0.2055294,
    "MVR": 0.05909197341,
    "MRU": 0.02297491447,
    "MUR": 0.019691886119999998,
    "MXN": 0.048773500000000004,
    "MDL": 0.0521753862,
    "MNT": null,
    "MAD": 0.09317401120999999,
    "MZN": 0.01425253386,
    "MMK": 0.0002801542257,
    "NAD": null,
    "NPR": 0.006774612655,
    "ANG": 0.5051298048,
    "TWD": 0.02818080416,
    "NZD": 0.547505,
    "NIO": 0.024719040079999997,
    "NGN": 0.0005722470242,
    "KPW": null,
    "NOK": 0.08456027,
    "OMR": 2.363767927,
    "PKR": 0.0032668816419999997,
    "PAB": 0.9102639443,
    "PGK": 0.2308135717,
    "PYG": 0.00012024997920000001,
    "PEN": null,
    "PHP": 0.015927778689999998,
    "PLN": 0.234085,
    "QAR": 0.2494206666,
    "RON": null,
    "RUB": 0.01018996,
    "RWF": 0.0006749860740000001,
    "SHP": 1.167394693,
    "WST": null,
    "STN": null,
    "SAR": 0.24247709990000002,
    "RSD": 0.008544023861,
    "SCR": 0.06943189017,
    "SLL": 0.00004746769265,
    "SGD": 0.6900263999999999,
    "SBD": 0.106916775,
    "SOS": 0.001598457652,
    "ZAR": 0.05077861635,
    "KRW": 0.0006706663,
    "SSP": null,
    "LKR": 0.003046038901,
    "SDG": 0.001512767997,
    "SRD": 0.03168831588,
    "SZL": 0.0508091263,
    "SEK": 0.08652121,
    "CHF": 1.046529,
    "SYP": null,
    "TJS": 0.08543642146,
    "TZS": 0.0003356436679,
    "THB": 0.026098780000000002,
    "TOP": null,
    "TTD": 0.1339891033,
    "TND": 0.2967882738,
    "TRY": 0.027015,
    "TMT": 0.2604583632,
    "UGX": 0.0002444044682,
    "UAH": 0.0220695878,
    "AED": null,
    "GBP": 1.17264,
    "USD": 0.9099299999999999,
    "UYU": 0.0225571647,
    "UZS": 0.00007192359699,
    "VUV": null,
    "VES": 0.024842470000000002,
    "VND": 0.0000363165,
    "XOF": 0.001524822476,
    "YER": 0.003635372354,
    "ZMW": 0.034691654499999995,
    "ZWL": null,
    "AFN": 0.01282718591072818,
    "ALL": 0.010014793287810412,
    "DZD": 0.00677267931209108,
    "AOA": 0.0010269846447141465,
    "ARS": 0.0009667168270893607,
    "AMD": 0.0023445420152331865,
    "AWG": 0.5048229981526708,
    "AUD": 0.6032377575334189,
    "AZN": 0.5352727335013554,
    "BSD": 0.909827173497212,
    "BHD": 2.4141609384948675,
    "BDT": 0.007743178684679307,
    "BBD": 0.4506100053640254,
    "BYN": 0.27801329480982806,
    "BZD": 0.4513623489865084,
    "BMD": 0.9099636469523043,
    "BTN": 0.010838186755913486,
    "BOB": 0.13166564373762782,
    "BAM": 0.511439358767438,
    "BWP": 0.0679619522920864,
    "BRL": 0.1662759182587586,
    "BND": 0.6898372656644365,
    "BGN": 0.511756038478042,
    "BIF": 0.0003154269880773762,
    "CVE": null,
    "KHR": 0.00022223147065648986,
    "XAF": 0.0015248923432982014,
    "CAD": 0.6630728120254885,
    "KYD": 1.0917528299707766,
    "CLP": 0.0009750544117170042,
    "CNY": 0.12703603834557411,
    "COP": 0.00022673192664201066,
    "KMF": null,
    "CDF": 0.0003170605041645659,
    "CRC": 0.0017296627670604912,
    "HRK": null,
    "CUP": 0.03790922864476027,
    "CZK": 0.03964493991809356,
    "DKK": null,
    "DJF": 0.00510912142258475,
    "DOP": 0.015215452678383498,
    "EGP": 0.018610353312722674,
    "ERN": null,
    "ETB": 0.008628977520284794,
    "EUR": 1
  }
}