{
  "meta": {
    "code": "EUR",
    "createdAt": "2024-08-20T17:33:11Z"
  },
  "data": {
    "FJD": null,
    "GMD": 0.01285335688,
    "GEL": 0.3345156247,
    "GHS": null,
    "GIP": null,
    "GTQ": 0.1165355666,
    "GNF": 0.0001042445747,
    "GYD": 0.00432004881,
    "HTG": 0.00684606562,
    "HNL": 0.03641350808,
    "HKD": 0.11551832620000001,
    "HUF": 0.002543923875,
    "ISK": 0.006574126834,
    "INR": 0.01073816627,
    "IDR": 0.00005825784125,
    "IRR": 0.00002137518524,
    "IQD": 0.0006888731054,
    "ILS": 0.24344664330000002,
    "JMD": 0.0057455205649999995,
    "JPY": 0.006186487886,
    "JOD": 1.269572871,
    "KZT": 0.001893656959,
    "KES": 0.006974689846,
    "KWD": 2.944529444,
    "KGS": 0.01050201552,
    "LAK": 0.00004078066882,
    "LBP": 0.00001004729125,
    "LSL": 0.05069246448,
    "LRD": null,
    "LYD": 0.1884261746,
    "MOP": 0.1124660652,
    "MKD": 0.01625042874,
    "MGA": 0.0001973756767,
    "MWK": 0.0005201755820000001,
    "MYR": 0.2053486784,
    "MVR": 0.05842989756999999,
    "MRU": 0.02276447055,
    "MUR": 0.01950172913,
    "MXN": 0.047355943889999995,
    "MDL": null,
    "MNT": null,
    "MAD": 0.09290789572,
    "MZN": 0.01408181546,
    "MMK": 0.00027702633710000003,
    "NAD": 0.050695658539999994,
    "NPR": 0.0067291207639999994,
    "ANG": 0.500771987,
    "TWD": 0.028176596109999997,
    "NZD": 0.5528016826000001,
    "NIO": 0.024409521729999998,
    "NGN": 0.000571260313,
    "KPW": null,
    "NOK": 0.08561428391999999,
    "OMR": 2.337309989,
    "PKR": 0.00322977648,
    "PAB": 0.9024719938,
    "PGK": null,
    "PYG": 0.0001189043889,
    "PEN": 0.24016950250000002,
    "PHP": 0.015944833739999997,
    "PLN": 0.2338951106,
    "QAR": 0.2471290427,
    "RON": 0.20092369170000002,
    "RUB": null,
    "RWF": 0.0006682291356,
    "SHP": 1.1692056320000002,
    "WST": null,
    "STN": null,
    "SAR": 0.2397869262,
    "RSD": 0.008544163377,
    "SCR": 0.06664703696999999,
    "SLL": 0.00004746769265,
    "SGD": 0.6890719468000001,
    "SBD": 0.10625870350000001,
    "SOS": null,
    "ZAR": 0.05033739306,
    "KRW": 0.0006763759661,
    "SSP": null,
    "LKR": 0.003011408546,
    "SDG": 0.001495818704,
    "SRD": 0.03113916344,
    "SZL": 0.0507029284,
    "SEK": null,
    "CHF": 1.050967857,
    "SYP": null,
    "TJS": 0.08470494875,
    "TZS": 0.00033294954590000004,
    "THB": 0.026327406749999997,
    "TOP": 0.380587905,
    "TTD": 0.13312155150000002,
    "TND": 0.2949953946,
    "TRY": 0.02656570157,
    "TMT": 0.2575401464,
    "UGX": 0.0002422998051,
    "UAH": 0.021800174159999998,
    "AED": 0.2449591518,
    "GBP": 1.171288519,
    "USD": 0.899735,
    "UYU": 0.02235391607,
    "UZS": 0.00007109719466,
    "VUV": null,
    "VES": 0.02455554962,
    "VND": 0.00003609772809,
    "XOF": 0.001523895565,
    "YER": 0.003593925776,
    "ZMW": null,
    "ZWL": null,
    "AFN": 0.012673502627248777,
    "ALL": 0.01002867202848714,
    "DZD": 0.006709852174381176,
    "AOA": 0.0010116005469754507,
    "ARS": 0.0009534669966933764,
    "AMD": 0.002324786093595289,
    "AWG": 0.49955235912382684,
    "AUD": 0.6060997281450585,
    "AZN": 0.5293051097262724,
    "BSD": 0.9020881602586102,
    "BHD": 2.388096936414824,
    "BDT": 0.007560866203468899,
    "BBD": 0.4467545858009033,
    "BYN": 0.27563600098578567,
    "BZD": null,
    "BMD": 0.8998186865346633,
    "BTN": 0.010765131396429876,
    "BOB": 0.13054597589856354,
    "BAM": 0.5111203498726743,
    "BWP": 0.06774646322695521,
    "BRL": 0.16388348933352698,
    "BND": 0.6895558649559009,
    "BGN": 0.5111996220312682,
    "BIF": 0.00031281720378077617,
    "CVE": 0.009066041655689012,
    "KHR": 0.00022052109505236311,
    "XAF": 0.0015240374510708578,
    "CAD": 0.6602991815591644,
    "KYD": 1.082457002006211,
    "CLP": 0.0009726297504402952,
    "CNY": null,
    "COP": 0.00022390790221599063,
    "KMF": 0.0020225189627661572,
    "CDF": 0.00031298041270770897,
    "CRC": 0.0017404771621315472,
    "HRK": null,
    "CUP": 0.037585029735623665,
    "CZK": 0.03979933176921959,
    "DKK": 0.13402310558340258,
    "DJF": null,
    "DOP": null,
    "EGP": 0.0184009254383319,
    "ERN": null,
    "ETB": 0.008269936277494602,
    "EUR": 1
  }
}