{
  "meta": {
    "code": "EUR",
    "createdAt": "2024-08-22T17:03:58Z"
  },
  "data": {
    "FJD": 0.4057272515,
    "GMD": 0.01285999974,
    "GEL": 0.3328195134,
    "GHS": 0.057594369299999996,
    "GIP": null,
    "GTQ": 0.11622167130000001,
    "GNF": 0.0001043105399,
    "GYD": 0.004307440796,
    "HTG": 0.006820030425,
    "HNL": null,
    "HKD": 0.1154524504,
    "HUF": 0.00254148965,
    "ISK": 0.006566010189,
    "INR": 0.01072372252,
    "IDR": null,
    "IRR": 0.00002137988322,
    "IQD": 0.0006871755647,
    "ILS": 0.24269678260000002,
    "JMD": null,
    "JPY": 0.006152794984,
    "JOD": 1.27022901,
    "KZT": 0.001876391283,
    "KES": 0.006978294497,
    "KWD": 2.944426371,
    "KGS": 0.01052903626,
    "LAK": 0.00004066862346,
    "LBP": 0.00001004687474,
    "LSL": 0.050374930039999995,
    "LRD": 0.004613545704,
    "LYD": 0.18852355680000002,
    "MOP": 0.1120677884,
    "MKD": 0.0162612308,
    "MGA": 0.00019622888170000002,
    "MWK": 0.0005186977785,
    "MYR": 0.20552538210000001,
    "MVR": 0.05857111691,
    "MRU": 0.02264654024,
    "MUR": 0.019557538149999998,
    "MXN": 0.0462855,
    "MDL": 0.051946041,
    "MNT": null,
    "MAD": 0.09298145094999999,
    "MZN": 0.01408801297,
    "MMK": 0.0002771695095,
    "NAD": 0.050374930039999995,
    "NPR": 0.006698182054,
    "ANG": null,
    "TWD": 0.02809876178,
    "NZD": null,
    "NIO": 0.024461956479999998,
    "NGN": 0.0005713451473,
    "KPW": null,
    "NOK": 0.0849329698,
    "OMR": 2.338502651,
    "PKR": 0.00323086578,
    "PAB": 0.9000187897,
    "PGK": 0.2282164985,
    "PYG": 0.000118619354,
    "PEN": 0.23951362140000002,
    "PHP": 0.01591120603,
    "PLN": 0.2335277235,
    "QAR": 0.2472737775,
    "RON": 0.20095119590000002,
    "RUB": 0.009837673663999999,
    "RWF": 0.0006768420969,
    "SHP": 1.17777667,
    "WST": null,
    "STN": null,
    "SAR": 0.2399130311,
    "RSD": 0.008544769335,
    "SCR": 0.06699910617999999,
    "SLL": 0.00004746769265,
    "SGD": 0.6867771632,
    "SBD": 0.1053234,
    "SOS": 0.0015765323219999999,
    "ZAR": 0.04992829,
    "KRW": 0.0006699839000000001,
    "SSP": null,
    "LKR": 0.002987277692,
    "SDG": 0.001496591772,
    "SRD": 0.031248263609999997,
    "SZL": 0.05034675558,
    "SEK": 0.0878154372,
    "CHF": 1.056012917,
    "SYP": null,
    "TJS": 0.08439224665999999,
    "TZS": 0.0003313213015,
    "THB": 0.026082682859999998,
    "TOP": 0.38339518,
    "TTD": 0.1325615615,
    "TND": 0.2946067436,
    "TRY": 0.026537896,
    "TMT": null,
    "UGX": 0.0002421348057,
    "UAH": 0.02177374053,
    "AED": 0.2450857514,
    "GBP": 1.1778081770000002,
    "USD": 0.9002,
    "UYU": 0.022311457,
    "UZS": 0.00007107777285,
    "VUV": null,
    "VES": 0.02459275284,
    "VND": 0.00003604769882,
    "XOF": 0.0014990840649999999,
    "YER": 0.003595783185,
    "ZMW": 0.03456404319,
    "ZWL": null,
    "AFN": 0.012678408182746067,
    "ALL": 0.010080257345744354,
    "DZD": 0.006716025130734733,
    "AOA": 0.0009996301848138678,
    "ARS": 0.0009523142831254058,
    "AMD": 0.002320017992203533,
    "AWG": 0.49939915739236734,
    "AUD": 0.6036519407934772,
    "AZN": 0.5295099888088064,
    "BSD": 0.8994519170854749,
    "BHD": 2.388484390273081,
    "BDT": 0.007527096544574855,
    "BBD": 0.4454893813674507,
    "BYN": 0.27485385256565376,
    "BZD": 0.44624290111270654,
    "BMD": 0.9001669809749708,
    "BTN": 0.010715338542603096,
    "BOB": 0.13016424563558296,
    "BAM": 0.5125952503404917,
    "BWP": 0.06737035528247988,
    "BRL": 0.16160049126549347,
    "BND": 0.6879359795990548,
    "BGN": 0.5119582530400407,
    "BIF": 0.00031310155859998987,
    "CVE": 0.009042360435780538,
    "KHR": 0.00022008972639974838,
    "XAF": 0.0015283463829594667,
    "CAD": 0.6616776174312352,
    "KYD": 1.0793911361412367,
    "CLP": 0.0009801149582519201,
    "CNY": 0.12599087169953632,
    "COP": 0.00022122560358195403,
    "KMF": 0.0020312918448976555,
    "CDF": 0.00031310155859998987,
    "CRC": 0.0017105093027713614,
    "HRK": null,
    "CUP": 0.0374836864249615,
    "CZK": 0.03987264676622866,
    "DKK": 0.13402373426310066,
    "DJF": 0.005065085420745953,
    "DOP": 0.01502782939858048,
    "EGP": 0.018453115867821102,
    "ERN": null,
    "ETB": 0.008162928873507783,
    "EUR": 1
  }
}