{
  "meta": {
    "code": "EUR",
    "createdAt": "2024-08-08T18:36:29Z"
  },
  "data": {
    "FJD": 0.4083562036,
    "GMD": 0.01318273362,
    "GEL": null,
    "GHS": null,
    "GIP": null,
    "GTQ": 0.11829928590000001,
    "GNF": 0.0001062260787,
    "GYD": 0.004386889287,
    "HTG": 0.006960506997,
    "HNL": 0.03672512571,
    "HKD": 0.1175498343,
    "HUF": 0.00252408,
    "ISK": 0.006618029421,
    "INR": 0.010907031159999999,
    "IDR": 0.00005735219598,
    "IRR": 0.00002175988559,
    "IQD": 0.000699389305,
    "ILS": 0.24181990390000002,
    "JMD": 0.005847742701,
    "JPY": 0.0062211210000000005,
    "JOD": 1.292623518,
    "KZT": 0.001919792653,
    "KES": 0.0070749034539999995,
    "KWD": 2.9923174450000003,
    "KGS": 0.010759367209999999,
    "LAK": 0.00004129817401,
    "LBP": 0.00001022544616,
    "LSL": 0.049901959919999996,
    "LRD": 0.004687754707,
    "LYD": 0.1906763739,
    "MOP": 0.11421898920000001,
    "MKD": 0.016251042519999998,
    "MGA": 0.0002004813997,
    "MWK": 0.0005288311622,
    "MYR": null,
    "MVR": 0.05949915492,
    "MRU": 0.023049055949999998,
    "MUR": 0.019802774279999998,
    "MXN": 0.0481735,
    "MDL": 0.052150103999999996,
    "MNT": null,
    "MAD": 0.09314525310999999,
    "MZN": 0.01433951033,
    "MMK": 0.0002820958727,
    "NAD": 0.049901959919999996,
    "NPR": 0.0068219894679999995,
    "ANG": 0.5087492767,
    "TWD": 0.02823203417,
    "NZD": null,
    "NIO": null,
    "NGN": 0.0005730010268,
    "KPW": null,
    "NOK": 0.08444877,
    "OMR": 2.38002465,
    "PKR": 0.003280930982,
    "PAB": 0.916818435,
    "PGK": 0.2330111815,
    "PYG": 0.0001211089964,
    "PEN": 0.2462572163,
    "PHP": 0.01596446433,
    "PLN": 0.2311800733,
    "QAR": 0.25163423830000003,
    "RON": 0.2008684209,
    "RUB": 0.01056207,
    "RWF": null,
    "SHP": null,
    "WST": null,
    "STN": null,
    "SAR": 0.244135,
    "RSD": 0.008545206922,
    "SCR": 0.062284160129999995,
    "SLL": 0.00004746769265,
    "SGD": 0.6910611,
    "SBD": 0.1076535,
    "SOS": 0.001604553337,
    "ZAR": 0.049922,
    "KRW": 0.000666176,
    "SSP": null,
    "LKR": 0.00304444098,
    "SDG": 0.001523191936,
    "SRD": 0.0317183355,
    "SZL": 0.049901959919999996,
    "SEK": 0.087061,
    "CHF": 1.05776,
    "SYP": null,
    "TJS": 0.08702948068,
    "TZS": 0.0003400012427,
    "THB": 0.025998869969999998,
    "TOP": 0.38553696000000004,
    "TTD": 0.1351358352,
    "TND": null,
    "TRY": 0.027355,
    "TMT": 0.2615031783,
    "UGX": 0.0002456941473,
    "UAH": 0.022317120269999997,
    "AED": null,
    "GBP": 1.167848073,
    "USD": 0.9161999999999999,
    "UYU": 0.022666788,
    "UZS": 0.00007249851569,
    "VUV": null,
    "VES": 0.025013176199999997,
    "VND": 0.00003644396226,
    "XOF": 0.001525728528,
    "YER": 0.003659691268,
    "ZMW": 0.03514120831,
    "ZWL": null,
    "AFN": 0.01290423416828546,
    "ALL": 0.009961950926154609,
    "DZD": 0.006808362242654996,
    "AOA": 0.0010393654293230491,
    "ARS": 0.0009785854482758534,
    "AMD": 0.002358363474163844,
    "AWG": 0.5090003477490376,
    "AUD": 0.6038218472694118,
    "AZN": 0.5389415446754515,
    "BSD": 0.9163222225177056,
    "BHD": 2.4306149728669273,
    "BDT": 0.007798407856620164,
    "BBD": 0.45732400553340097,
    "BYN": 0.28003081682012815,
    "BZD": null,
    "BMD": 0.9162006259482677,
    "BTN": 0.010913749229833906,
    "BOB": 0.13262081477921606,
    "BAM": 0.5118530755966305,
    "BWP": 0.0674911316720474,
    "BRL": 0.16439108558511797,
    "BND": null,
    "BGN": 0.5112412887417644,
    "BIF": 0.00031790445036372926,
    "CVE": null,
    "KHR": 0.00022293191109907875,
    "XAF": 0.001526250258569306,
    "CAD": 0.6671910659454725,
    "KYD": 1.0995757044248202,
    "CLP": 0.0009791717306572658,
    "CNY": 0.1276756725123004,
    "COP": 0.00022433743151584768,
    "KMF": 0.002030471256975589,
    "CDF": 0.000319808081890825,
    "CRC": 0.0017335689941014212,
    "HRK": null,
    "CUP": 0.03818070103463755,
    "CZK": 0.03957319927841374,
    "DKK": 0.1340036789292291,
    "DJF": 0.005155582684094158,
    "DOP": 0.015321908940087184,
    "EGP": 0.018604630692504946,
    "ERN": null,
    "ETB": 0.011406216018191327,
    "EUR": 1
  }
}