{
  "meta": {
    "code": "EUR",
    "createdAt": "2024-07-23T15:04:33Z"
  },
  "data": {
    "FJD": 0.40975182720000003,
    "GMD": 0.013601032769999999,
    "GEL": 0.3395536912,
    "GHS": 0.05977120204,
    "GIP": null,
    "GTQ": 0.11896354420000001,
    "GNF": 0.0001070295154,
    "GYD": 0.00441668208,
    "HTG": 0.0069871796839999995,
    "HNL": 0.03725507098,
    "HKD": 0.1180608157,
    "HUF": 0.00256038627,
    "ISK": 0.006679298555,
    "INR": 0.01101456,
    "IDR": 0.00005681419227,
    "IRR": 0.00002189962545,
    "IQD": 0.0007043001733,
    "ILS": 0.2540758354,
    "JMD": 0.005904497247,
    "JPY": 0.005907511566,
    "JOD": 1.3009052840000002,
    "KZT": 0.001946329913,
    "KES": 0.0069570565929999995,
    "KWD": 3.014667144,
    "KGS": 0.0109262296,
    "LAK": 0.00004163290338,
    "LBP": 0.00001029873786,
    "LSL": 0.05025087741,
    "LRD": null,
    "LYD": 0.1908068346,
    "MOP": 0.1147397186,
    "MKD": 0.016263060569999998,
    "MGA": 0.0002033299921,
    "MWK": 0.0005318614169,
    "MYR": 0.19730531850000002,
    "MVR": 0.06005531309999999,
    "MRU": 0.023315487809999997,
    "MUR": 0.019803207349999997,
    "MXN": 0.050972,
    "MDL": 0.052109919299999995,
    "MNT": null,
    "MAD": 0.09368981859999999,
    "MZN": 0.014427312829999999,
    "MMK": 0.00028382317880000003,
    "NAD": 0.05025087741,
    "NPR": 0.006886587168,
    "ANG": 0.5120599241,
    "TWD": 0.02810801,
    "NZD": 0.54885,
    "NIO": 0.0250590269,
    "NGN": 0.0005736216499,
    "KPW": null,
    "NOK": 0.08344454572,
    "OMR": 2.3945913670000003,
    "PKR": 0.00331277681,
    "PAB": 0.9227825095000001,
    "PGK": 0.2354457604,
    "PYG": 0.00012190697570000001,
    "PEN": 0.24553165230000001,
    "PHP": 0.01575864614,
    "PLN": 0.23361596750000002,
    "QAR": 0.2529842,
    "RON": 0.20109755270000002,
    "RUB": 0.01057456,
    "RWF": 0.0007041642985000001,
    "SHP": 1.1902871620000002,
    "WST": null,
    "STN": null,
    "SAR": 0.2457420093,
    "RSD": 0.008541683196,
    "SCR": 0.06700384313999999,
    "SLL": 0.00004746769265,
    "SGD": 0.6848283,
    "SBD": 0.1090040325,
    "SOS": 0.001620558572,
    "ZAR": 0.05008721005,
    "KRW": null,
    "SSP": null,
    "LKR": 0.003035990453,
    "SDG": 0.001573054569,
    "SRD": 0.03143855865,
    "SZL": 0.050258574529999996,
    "SEK": 0.08555871695999999,
    "CHF": 1.033488203,
    "SYP": null,
    "TJS": 0.08660646463999999,
    "TZS": 0.0003433184278,
    "THB": 0.02548747,
    "TOP": 0.388635096,
    "TTD": 0.1359172894,
    "TND": 0.2967042567,
    "TRY": 0.02808376206,
    "TMT": 0.2631043929,
    "UGX": 0.0002495215225,
    "UAH": 0.022351016449999997,
    "AED": 0.2509692251,
    "GBP": 1.189872348,
    "USD": 0.9218099999999999,
    "UYU": 0.0229715052,
    "UZS": 0.00007323513125,
    "VUV": null,
    "VES": 0.025264101969999998,
    "VND": 0.00003634180616,
    "XOF": 0.001527087038,
    "YER": 0.00368210644,
    "ZMW": 0.03557449152,
    "ZWL": null,
    "AFN": 0.01304641281489514,
    "ALL": 0.009985082277092942,
    "DZD": 0.006833868653044488,
    "AOA": 0.0010563513470857047,
    "ARS": 0.0009951717421764024,
    "AMD": 0.0023762674982914745,
    "AWG": 0.5113885854436869,
    "AUD": 0.6097467390639214,
    "AZN": 0.5422223089777917,
    "BSD": 0.9221767667563701,
    "BHD": 2.4455857177794083,
    "BDT": 0.007848832909784671,
    "BBD": 0.4567571375897478,
    "BYN": 0.28180292321718936,
    "BZD": 0.45750820594152686,
    "BMD": 0.9217779252622457,
    "BTN": 0.011016630936971035,
    "BOB": 0.1334668021641929,
    "BAM": 0.512152908110023,
    "BWP": 0.06787750870121953,
    "BRL": 0.16545707764395642,
    "BND": 0.6854641571015028,
    "BGN": 0.5112735824939926,
    "BIF": 0.00032019722653192927,
    "CVE": 0.009085108967382944,
    "KHR": 0.00022451124180491734,
    "XAF": 0.0015271869989137673,
    "CAD": 0.6694848161362551,
    "KYD": 1.1068047906951841,
    "CLP": 0.0009756173068996056,
    "CNY": 0.12672805305461424,
    "COP": 0.0002303962144597,
    "KMF": 0.002036158032440881,
    "CDF": 0.0003256342455294084,
    "CRC": 0.0017409958782573715,
    "HRK": null,
    "CUP": 0.0384290783649901,
    "CZK": 0.03934962932649174,
    "DKK": 0.13403046013980113,
    "DJF": 0.005179242979482148,
    "DOP": 0.015571357612173568,
    "EGP": 0.01906027156084548,
    "ERN": null,
    "ETB": 0.015955422212255734,
    "EUR": 1
  }
}