{
  "meta": {
    "code": "EUR",
    "createdAt": "2024-08-15T09:33:04Z"
  },
  "data": {
    "FJD": 0.40544188870000003,
    "GMD": null,
    "GEL": 0.3376108056,
    "GHS": 0.057961133809999996,
    "GIP": null,
    "GTQ": null,
    "GNF": 0.0001052223605,
    "GYD": 0.004346331119,
    "HTG": null,
    "HNL": 0.03662768069,
    "HKD": 0.1165442342,
    "HUF": 0.002534715097,
    "ISK": null,
    "INR": null,
    "IDR": 0.0000577671,
    "IRR": 0.00002156655939,
    "IQD": 0.0006926893257,
    "ILS": 0.24454969999999998,
    "JMD": null,
    "JPY": 0.006159,
    "JOD": 1.2815005830000001,
    "KZT": 0.001889789999,
    "KES": 0.006964883764,
    "KWD": 2.9676281610000004,
    "KGS": 0.010595823419999999,
    "LAK": 0.00004099772852,
    "LBP": 0.00001012750237,
    "LSL": 0.050259640859999996,
    "LRD": null,
    "LYD": 0.1887087613,
    "MOP": null,
    "MKD": 0.016251413609999998,
    "MGA": 0.000199410884,
    "MWK": null,
    "MYR": 0.2053605,
    "MVR": 0.058970533309999996,
    "MRU": null,
    "MUR": 0.01966937869,
    "MXN": 0.048316510509999994,
    "MDL": null,
    "MNT": null,
    "MAD": null,
    "MZN": 0.01421211062,
    "MMK": 0.0002795895854,
    "NAD": 0.050258959809999997,
    "NPR": 0.0067542483499999995,
    "ANG": 0.5036148887,
    "TWD": 0.0281016,
    "NZD": 0.5453944569,
    "NIO": 0.024645919789999998,
    "NGN": 0.0005711069113,
    "KPW": null,
    "NOK": 0.08507050000000001,
    "OMR": 2.358918313,
    "PKR": 0.003255526768,
    "PAB": 0.9075341424000001,
    "PGK": 0.2302753894,
    "PYG": 0.0001198740902,
    "PEN": 0.24219512980000002,
    "PHP": 0.01594991044,
    "PLN": 0.23354999999999998,
    "QAR": 0.2490037,
    "RON": 0.200948502,
    "RUB": 0.01023165685,
    "RWF": 0.000687656948,
    "SHP": 1.164995577,
    "WST": null,
    "STN": null,
    "SAR": 0.24199432140000002,
    "RSD": 0.008545079787,
    "SCR": 0.06797613662999999,
    "SLL": 0.00004746769265,
    "SGD": 0.6890962231000001,
    "SBD": 0.10669705,
    "SOS": null,
    "ZAR": null,
    "KRW": 0.0006687032,
    "SSP": null,
    "LKR": 0.003031765347,
    "SDG": 0.001509659103,
    "SRD": 0.03163090346,
    "SZL": 0.05025623563,
    "SEK": 0.08677053,
    "CHF": 1.048143692,
    "SYP": null,
    "TJS": 0.08533932442,
    "TZS": 0.00033507749070000003,
    "THB": 0.02595941042,
    "TOP": 0.38320132,
    "TTD": 0.13354711290000001,
    "TND": 0.29516439440000003,
    "TRY": 0.02697670096,
    "TMT": 0.25917984720000004,
    "UGX": 0.0002435191721,
    "UAH": 0.021988491279999998,
    "AED": 0.2472284156,
    "GBP": 1.1672166910000001,
    "USD": 0.90806,
    "UYU": 0.022469944699999998,
    "UZS": 0.00007187322141,
    "VUV": null,
    "VES": 0.024832480719999998,
    "VND": 0.0000362524,
    "XOF": 0.001524104249,
    "YER": 0.003626815249,
    "ZMW": 0.03458743332,
    "ZWL": null,
    "AFN": 0.012788033121473313,
    "ALL": 0.010002685933230015,
    "DZD": 0.0067558814090710245,
    "AOA": 0.0010313227014018217,
    "ARS": 0.0009658028759146848,
    "AMD": 0.002334282144327974,
    "AWG": 0.504488688102391,
    "AUD": 0.6012458460871456,
    "AZN": 0.5341644932848846,
    "BSD": null,
    "BHD": 2.409474556669596,
    "BDT": null,
    "BBD": 0.4492332483099363,
    "BYN": 0.277212910962572,
    "BZD": 0.45000150584003895,
    "BMD": 0.9080796385843037,
    "BTN": 0.010807387922948644,
    "BOB": null,
    "BAM": 0.5111929841997748,
    "BWP": null,
    "BRL": null,
    "BND": 0.6897654311801171,
    "BGN": 0.5112643612286564,
    "BIF": 0.0003145634753533435,
    "CVE": null,
    "KHR": 0.00022172430187016045,
    "XAF": 0.0015241370559275417,
    "CAD": null,
    "KYD": 1.0884746025966274,
    "CLP": null,
    "CNY": 0.12693963766349825,
    "COP": 0.0002260872995610498,
    "KMF": null,
    "CDF": null,
    "CRC": 0.0017243333533009987,
    "HRK": null,
    "CUP": 0.03779362986902165,
    "CZK": null,
    "DKK": null,
    "DJF": 0.005093841529901317,
    "DOP": 0.015205602382309653,
    "EGP": 0.018539804789389623,
    "ERN": null,
    "ETB": 0.008226640733958707,
    "EUR": 1
  }
}