{
  "meta": {
    "code": "EUR",
    "createdAt": "2024-07-25T09:04:22Z"
  },
  "data": {
    "FJD": 0.4080946273,
    "GMD": 0.013604426349999999,
    "GEL": 0.33839181490000003,
    "GHS": 0.0594699572,
    "GIP": null,
    "GTQ": 0.11886543200000001,
    "GNF": 0.000106970655,
    "GYD": 0.004414352249,
    "HTG": 0.006983576139,
    "HNL": 0.03723463989,
    "HKD": 0.1181391,
    "HUF": 0.002541012,
    "ISK": 0.006688406793,
    "INR": 0.01101504,
    "IDR": 0.000056668399999999994,
    "IRR": 0.00002190508961,
    "IQD": 0.0007039537513,
    "ILS": 0.2526110221,
    "JMD": 0.005890465448,
    "JPY": null,
    "JOD": 1.3012298720000002,
    "KZT": 0.001944899541,
    "KES": 0.006932631493,
    "KWD": 3.015242299,
    "KGS": 0.010945738379999998,
    "LAK": 0.00004159073489,
    "LBP": 0.00001029328574,
    "LSL": 0.050354383929999996,
    "LRD": 0.004730469,
    "LYD": null,
    "MOP": 0.1146497729,
    "MKD": 0.01622399455,
    "MGA": 0.0002028697303,
    "MWK": 0.000531589069,
    "MYR": 0.1977778566,
    "MVR": 0.06007029745,
    "MRU": 0.02328873694,
    "MUR": 0.019710707249999997,
    "MXN": 0.049958,
    "MDL": 0.051860139799999996,
    "MNT": null,
    "MAD": 0.09332354095999999,
    "MZN": 0.014430912579999998,
    "MMK": 0.0002838939953,
    "NAD": 0.05035485417,
    "NPR": 0.006883337483,
    "ANG": 0.5117981258000001,
    "TWD": 0.02816459,
    "NZD": 0.5452549999999999,
    "NIO": 0.025046294559999998,
    "NGN": 0.0005820040955000001,
    "KPW": null,
    "NOK": 0.08322517448,
    "OMR": 2.395589927,
    "PKR": null,
    "PAB": 0.9222456149,
    "PGK": 0.2385030725,
    "PYG": 0.00012173657230000001,
    "PEN": 0.2453605606,
    "PHP": 0.01573232317,
    "PLN": 0.23273,
    "QAR": null,
    "RON": 0.2012531175,
    "RUB": 0.0107996,
    "RWF": 0.0007018829417,
    "SHP": 1.1901231300000001,
    "WST": null,
    "STN": null,
    "SAR": 0.245793108,
    "RSD": 0.008542861034,
    "SCR": 0.06804626616,
    "SLL": 0.00004746769265,
    "SGD": 0.6864680004,
    "SBD": 0.10880072,
    "SOS": 0.001619529144,
    "ZAR": 0.04988420808,
    "KRW": 0.0006670381,
    "SSP": null,
    "LKR": 0.003036865059,
    "SDG": 0.00157344706,
    "SRD": 0.031628704,
    "SZL": 0.050364683119999996,
    "SEK": 0.08498800000000001,
    "CHF": 1.0470329999999999,
    "SYP": null,
    "TJS": null,
    "TZS": null,
    "THB": 0.02548357,
    "TOP": null,
    "TTD": 0.1356667527,
    "TND": 0.2967752352,
    "TRY": 0.027945,
    "TMT": 0.26351515940000003,
    "UGX": 0.0002478488699,
    "UAH": 0.02235170642,
    "AED": 0.2510328585,
    "GBP": 1.1882006760000001,
    "USD": 0.92204,
    "UYU": 0.0229403552,
    "UZS": 0.00007324777964,
    "VUV": null,
    "VES": 0.02525229673,
    "VND": 0.000036429899999999995,
    "XOF": 0.00152363053,
    "YER": 0.0036830214709999997,
    "ZMW": 0.03538512908,
    "ZWL": null,
    "AFN": 0.013025577589595251,
    "ALL": 0.009940538482150551,
    "DZD": 0.0068426317201166235,
    "AOA": 0.0010530384258855168,
    "ARS": 0.0009934690891888504,
    "AMD": 0.0023754131617873043,
    "AWG": 0.5114758069894833,
    "AUD": 0.6025723821017648,
    "AZN": 0.5423147893310412,
    "BSD": 0.921629161066264,
    "BHD": 2.4462403308543963,
    "BDT": 0.007844153629578092,
    "BBD": 0.4564638703179644,
    "BYN": 0.2816274759550615,
    "BZD": 0.45723652092067224,
    "BMD": 0.9219351418627699,
    "BTN": 0.011010670854024792,
    "BOB": 0.13338710791905214,
    "BAM": 0.5109649838348486,
    "BWP": 0.06792564951597972,
    "BRL": 0.16303008697838547,
    "BND": 0.6854914594687613,
    "BGN": 0.5112205511050072,
    "BIF": 0.0003199381809815795,
    "CVE": 0.00906304115390408,
    "KHR": 0.00022444347117525748,
    "XAF": 0.0015236467530622218,
    "CAD": 0.6667478854490861,
    "KYD": 1.1060823848512538,
    "CLP": 0.0009730222885827316,
    "CNY": 0.12756088034355717,
    "COP": null,
    "KMF": 0.002029931532889972,
    "CDF": 0.00032183094257597045,
    "CRC": 0.0017387731178140839,
    "HRK": null,
    "CUP": 0.03840664670712668,
    "CZK": 0.0393767360129892,
    "DKK": 0.13399886100968142,
    "DJF": 0.005176312360424199,
    "DOP": 0.015570132468581962,
    "EGP": 0.019073777370870525,
    "ERN": null,
    "ETB": 0.015946269104933197,
    "EUR": 1
  }
}