{
  "meta": {
    "code": "EUR",
    "createdAt": "2024-08-02T13:32:53Z"
  },
  "data": {
    "FJD": 0.40779067020000004,
    "GMD": 0.013304782029999998,
    "GEL": 0.33879796160000003,
    "GHS": 0.059066637729999996,
    "GIP": null,
    "GTQ": 0.1185877186,
    "GNF": 0.0001065742863,
    "GYD": 0.004399308087,
    "HTG": 0.006977313507,
    "HNL": 0.03711736666,
    "HKD": 0.1175793,
    "HUF": 0.002520360571,
    "ISK": 0.006644687277,
    "INR": 0.01095987,
    "IDR": 0.00005680597417,
    "IRR": 0.00002180982323,
    "IQD": 0.0007014725983,
    "ILS": 0.2414762,
    "JMD": 0.0058715987,
    "JPY": 0.0062222696349999995,
    "JOD": 1.295388067,
    "KZT": 0.0019353945179999999,
    "KES": 0.007061769146,
    "KWD": 3.00669697,
    "KGS": 0.01092502611,
    "LAK": 0.00004139470712,
    "LBP": 0.00001025733279,
    "LSL": 0.050495928009999996,
    "LRD": 0.004609008,
    "LYD": 0.1902081045,
    "MOP": 0.11423442040000001,
    "MKD": 0.01613950903,
    "MGA": 0.0002015434799,
    "MWK": 0.0005297053296000001,
    "MYR": 0.20575349999999998,
    "MVR": 0.0598090486,
    "MRU": 0.02308376979,
    "MUR": null,
    "MXN": 0.048347590929999996,
    "MDL": 0.05195590785,
    "MNT": null,
    "MAD": 0.09306593386999999,
    "MZN": 0.014368151789999999,
    "MMK": 0.0002826593255,
    "NAD": 0.050495928009999996,
    "NPR": 0.00685713879,
    "ANG": 0.5099697043,
    "TWD": 0.028061872839999998,
    "NZD": 0.548545,
    "NIO": 0.02495607637,
    "NGN": 0.0005677260103000001,
    "KPW": null,
    "NOK": 0.08393640092999999,
    "OMR": 2.384879448,
    "PKR": 0.003298083364,
    "PAB": 0.9190077019,
    "PGK": 0.23383931630000002,
    "PYG": 0.00012131133,
    "PEN": 0.2455084874,
    "PHP": 0.015844518449999997,
    "PLN": 0.23319127890000002,
    "QAR": 0.2537492,
    "RON": 0.2009656,
    "RUB": 0.0107557221,
    "RWF": 0.0006991420874,
    "SHP": 1.1693407120000001,
    "WST": null,
    "STN": null,
    "SAR": 0.24455919850000002,
    "RSD": 0.008545139738,
    "SCR": 0.06770431773999999,
    "SLL": 0.00004746769265,
    "SGD": 0.6923026,
    "SBD": 0.10832754,
    "SOS": 0.00161404546,
    "ZAR": 0.05056,
    "KRW": 0.0006744933000000001,
    "SSP": null,
    "LKR": 0.0030426231559999998,
    "SDG": 0.00152623433,
    "SRD": null,
    "SZL": 0.05051389386,
    "SEK": 0.08658797910999999,
    "CHF": 1.062263529,
    "SYP": null,
    "TJS": 0.08686969037999999,
    "TZS": 0.00034001111070000004,
    "THB": 0.026051190000000002,
    "TOP": 0.38548079700000004,
    "TTD": 0.1356958503,
    "TND": 0.2960719457,
    "TRY": 0.027665000000000002,
    "TMT": 0.2620254996,
    "UGX": 0.0002465815727,
    "UAH": 0.0222634852,
    "AED": 0.2499400937,
    "GBP": 1.176588559,
    "USD": 0.91803,
    "UYU": 0.02274419325,
    "UZS": 0.00007304259793,
    "VUV": null,
    "VES": 0.02508063,
    "VND": 0.000036402499999999996,
    "XOF": 0.001515597759,
    "YER": 0.0036670010639999998,
    "ZMW": 0.03549907256,
    "ZWL": null,
    "AFN": 0.012945105757477107,
    "ALL": 0.00992658385931588,
    "DZD": 0.006816816093865834,
    "AOA": 0.0010450345899917822,
    "ARS": 0.0009842087001320865,
    "AMD": 0.0023670565613195323,
    "AWG": 0.5096809923895851,
    "AUD": 0.6000183572016276,
    "AZN": 0.5400369925339885,
    "BSD": 0.9184488196282673,
    "BHD": 2.4360866586787937,
    "BDT": 0.007817326264553582,
    "BBD": 0.45491649664014755,
    "BYN": 0.28073197146915135,
    "BZD": 0.4556964293877111,
    "BMD": 0.9180628873077805,
    "BTN": 0.010970206307400199,
    "BOB": 0.13293008478118631,
    "BAM": 0.508312042031119,
    "BWP": 0.0678809139386332,
    "BRL": 0.16009477610745562,
    "BND": 0.6898915920771629,
    "BGN": 0.5117977964699412,
    "BIF": 0.00031876840475927783,
    "CVE": 0.009016395239989608,
    "KHR": 0.0002236007551632528,
    "XAF": 0.0015155399680228917,
    "CAD": 0.6630503915990199,
    "KYD": 1.1023116308577372,
    "CLP": 0.0009695048126679416,
    "CNY": 0.1277804057947903,
    "COP": 0.00022453387646856587,
    "KMF": 0.0020107448862159475,
    "CDF": 0.00031988253913163084,
    "CRC": 0.0017549585891187744,
    "HRK": null,
    "CUP": 0.03827282517043884,
    "CZK": 0.03954040280805549,
    "DKK": 0.13399115748992185,
    "DJF": 0.005157821513910422,
    "DOP": 0.01544076087024763,
    "EGP": 0.01885381762527323,
    "ERN": null,
    "ETB": 0.015859025828346786,
    "EUR": 1
  }
}