{
  "meta": {
    "code": "EUR",
    "createdAt": "2024-08-12T15:05:06Z"
  },
  "data": {
    "FJD": 0.40817966920000004,
    "GMD": 0.01325507189,
    "GEL": 0.34191726510000003,
    "GHS": null,
    "GIP": null,
    "GTQ": 0.11804961700000001,
    "GNF": 0.0001059791378,
    "GYD": null,
    "HTG": 0.006937950729,
    "HNL": null,
    "HKD": 0.11738739999999999,
    "HUF": 0.002537709523,
    "ISK": 0.006616987407,
    "INR": 0.01089466032,
    "IDR": 0.000057332499999999994,
    "IRR": 0.00002172833603,
    "IQD": 0.000698167931,
    "ILS": 0.24235036040000002,
    "JMD": 0.0058180733319999995,
    "JPY": 0.006186355314,
    "JOD": 1.290548159,
    "KZT": 0.0019057337279999999,
    "KES": 0.007089922403,
    "KWD": 2.987716503,
    "KGS": 0.01070960107,
    "LAK": 0.00004124464428,
    "LBP": 0.00001021328789,
    "LSL": 0.049923580009999996,
    "LRD": 0.004683120583,
    "LYD": 0.1901455229,
    "MOP": 0.1139471787,
    "MKD": 0.016243735,
    "MGA": 0.0001988260829,
    "MWK": 0.0005276031069,
    "MYR": 0.2058976,
    "MVR": 0.05935669856,
    "MRU": 0.02300012483,
    "MUR": 0.019720367399999997,
    "MXN": 0.048431,
    "MDL": 0.052260244,
    "MNT": null,
    "MAD": 0.09282922936,
    "MZN": 0.01431222785,
    "MMK": 0.0002816032364,
    "NAD": 0.049923580009999996,
    "NPR": 0.006807404384,
    "ANG": 0.5076836677000001,
    "TWD": 0.02818978,
    "NZD": 0.551233993,
    "NIO": null,
    "NGN": 0.0005752201188,
    "KPW": null,
    "NOK": 0.08490231799999999,
    "OMR": 2.375796056,
    "PKR": 0.00328107619,
    "PAB": 0.9148231624000001,
    "PGK": null,
    "PYG": 0.00012086759110000001,
    "PEN": null,
    "PHP": 0.01597192503,
    "PLN": 0.232505,
    "QAR": 0.2511775126,
    "RON": 0.2009141147,
    "RUB": 0.01007268186,
    "RWF": null,
    "SHP": 1.1678984700000001,
    "WST": null,
    "STN": null,
    "SAR": 0.2436524673,
    "RSD": 0.008544389473,
    "SCR": 0.06745424685,
    "SLL": 0.00004746769265,
    "SGD": 0.6904569658,
    "SBD": null,
    "SOS": null,
    "ZAR": 0.050236,
    "KRW": 0.0006673598,
    "SSP": null,
    "LKR": 0.003056500825,
    "SDG": 0.0015205319199999999,
    "SRD": 0.03173380486,
    "SZL": 0.049923580009999996,
    "SEK": 0.08691749,
    "CHF": 1.053107024,
    "SYP": null,
    "TJS": 0.08627285524,
    "TZS": 0.0003375061493,
    "THB": 0.025982267759999997,
    "TOP": 0.3855039,
    "TTD": 0.1345394892,
    "TND": 0.2957957248,
    "TRY": 0.02727437806,
    "TMT": null,
    "UGX": 0.00024514426220000003,
    "UAH": 0.02214065509,
    "AED": 0.2490062522,
    "GBP": 1.169558469,
    "USD": 0.9146,
    "UYU": 0.022736956,
    "UZS": 0.00007232898345,
    "VUV": null,
    "VES": null,
    "VND": null,
    "XOF": 0.0015230640809999999,
    "YER": 0.003652570339,
    "ZMW": 0.03493383295,
    "ZWL": null,
    "AFN": 0.012974819605406543,
    "ALL": 0.00998607840809128,
    "DZD": 0.006801686302090962,
    "AOA": 0.001038280115983157,
    "ARS": 0.0009738710399968837,
    "AMD": 0.002355959362749604,
    "AWG": 0.5075178420003554,
    "AUD": 0.603779053093311,
    "AZN": 0.538073401283036,
    "BSD": 0.9144522754449023,
    "BHD": 2.4267762775373485,
    "BDT": 0.0077832490057479255,
    "BBD": 0.45291566511123316,
    "BYN": null,
    "BZD": 0.45368482206814503,
    "BMD": 0.9147247821811612,
    "BTN": 0.0108916812793774,
    "BOB": 0.1323497797217118,
    "BAM": 0.510902123815786,
    "BWP": 0.06766992880543558,
    "BRL": 0.1666833350001667,
    "BND": 0.6903509552407913,
    "BGN": 0.510716995753768,
    "BIF": 0.0003173839409796785,
    "CVE": 0.009025404860325105,
    "KHR": null,
    "XAF": 0.0015232923845565963,
    "CAD": 0.6659123389267928,
    "KYD": 1.0973141047595714,
    "CLP": 0.0009839192362646506,
    "CNY": 0.12762135224237584,
    "COP": 0.00022532177814456761,
    "KMF": null,
    "CDF": 0.000319155798291498,
    "CRC": 0.0017272187732448943,
    "HRK": null,
    "CUP": 0.038102345089796034,
    "CZK": 0.03971140191369206,
    "DKK": 0.13399064218680715,
    "DJF": null,
    "DOP": null,
    "EGP": 0.018546874739138207,
    "ERN": null,
    "ETB": 0.00860462531669743,
    "EUR": 1
  }
}