{
  "meta": {
    "code": "EUR",
    "createdAt": "2024-08-06T14:03:58Z"
  },
  "data": {
    "FJD": 0.405829669,
    "GMD": 0.013175323539999999,
    "GEL": 0.3398009972,
    "GHS": 0.05894292731,
    "GIP": null,
    "GTQ": 0.11819689450000001,
    "GNF": 0.0001062168045,
    "GYD": 0.004384611112,
    "HTG": 0.006937599496,
    "HNL": 0.03699305133,
    "HKD": 0.1175,
    "HUF": 0.002514847,
    "ISK": 0.0066272344749999995,
    "INR": 0.010911238359999999,
    "IDR": 0.00005670159598,
    "IRR": 0.00002174765427,
    "IQD": 0.0006990898773,
    "ILS": 0.23839929999999998,
    "JMD": 0.0058385201889999995,
    "JPY": 0.006338609648,
    "JOD": 1.291896929,
    "KZT": 0.001914130525,
    "KES": 0.00707092662,
    "KWD": 2.996164357,
    "KGS": 0.010825631879999999,
    "LAK": 0.00004133246423,
    "LBP": 0.00001022215792,
    "LSL": 0.049412624339999996,
    "LRD": 0.004565634345,
    "LYD": 0.1907165825,
    "MOP": 0.11410396560000001,
    "MKD": 0.01623878526,
    "MGA": 0.0002015478541,
    "MWK": 0.0005279215212,
    "MYR": 0.2047003,
    "MVR": 0.05965627338999999,
    "MRU": 0.023110722809999998,
    "MUR": 0.01980785068,
    "MXN": 0.04713030695,
    "MDL": 0.052029221699999996,
    "MNT": null,
    "MAD": 0.0931236994,
    "MZN": 0.01433695329,
    "MMK": 0.0002819373054,
    "NAD": 0.049412624339999996,
    "NPR": 0.006815902213,
    "ANG": 0.5082428096,
    "TWD": 0.027934683249999998,
    "NZD": 0.543884841,
    "NIO": 0.024874564709999998,
    "NGN": 0.0005744753587,
    "KPW": null,
    "NOK": 0.08354114743999999,
    "OMR": 2.3786355500000003,
    "PKR": null,
    "PAB": 0.9159267408,
    "PGK": 0.2328453264,
    "PYG": 0.00012093699020000001,
    "PEN": 0.2458823916,
    "PHP": 0.0158836643,
    "PLN": 0.23213988270000002,
    "QAR": 0.2502528646,
    "RON": 0.20090971330000001,
    "RUB": 0.010703551839999999,
    "RWF": 0.0006898296465,
    "SHP": null,
    "WST": null,
    "STN": null,
    "SAR": 0.24388687590000002,
    "RSD": 0.008545185605,
    "SCR": 0.06884215061,
    "SLL": null,
    "SGD": 0.6908379622,
    "SBD": 0.107867693,
    "SOS": 0.001608417184,
    "ZAR": 0.04947415837,
    "KRW": 0.0006644357785,
    "SSP": null,
    "LKR": 0.003029886288,
    "SDG": 0.001522335744,
    "SRD": 0.03188873378,
    "SZL": null,
    "SEK": 0.08663641912999999,
    "CHF": 1.074618614,
    "SYP": null,
    "TJS": 0.08673737341,
    "TZS": 0.0003390231777,
    "THB": 0.025757302439999998,
    "TOP": 0.38440456300000003,
    "TTD": 0.1350153724,
    "TND": 0.29633741350000004,
    "TRY": 0.027255,
    "TMT": 0.2613561862,
    "UGX": 0.0002458013535,
    "UAH": 0.022321955419999998,
    "AED": 0.2493074198,
    "GBP": 1.1632908020000001,
    "USD": 0.915685,
    "UYU": 0.022530429419999998,
    "UZS": null,
    "VUV": null,
    "VES": 0.02501060803,
    "VND": 0.0000364217,
    "XOF": 0.001522293347,
    "YER": 0.003657269697,
    "ZMW": 0.03524162063,
    "ZWL": null,
    "AFN": 0.01289627766478985,
    "ALL": 0.009967444273708548,
    "DZD": 0.006795173218040282,
    "AOA": 0.0010422024401429658,
    "ARS": 0.0009784350909937396,
    "AMD": 0.0023584524964982752,
    "AWG": 0.5079472086910377,
    "AUD": 0.595628089820716,
    "AZN": 0.5385734374503502,
    "BSD": 0.9153359416636485,
    "BHD": 2.429119790565567,
    "BDT": 0.007789958404286286,
    "BBD": 0.45332489169853,
    "BYN": 0.27968260338340456,
    "BZD": 0.4540877421511034,
    "BMD": 0.9155748436655954,
    "BTN": 0.010902840278249101,
    "BOB": 0.13245288090518723,
    "BAM": 0.5105061118948012,
    "BWP": 0.06727572442949131,
    "BRL": null,
    "BND": 0.6896185631800684,
    "BGN": 0.5104067891681479,
    "BIF": 0.00031758406232584684,
    "CVE": 0.009054903977442814,
    "KHR": 0.00022276640947227293,
    "XAF": 0.001522096514063817,
    "CAD": 0.6630108179444058,
    "KYD": 1.0982718101538032,
    "CLP": 0.0009610215529947037,
    "CNY": 0.12810345019741384,
    "COP": 0.00022083968755182295,
    "KMF": 0.002033029518520252,
    "CDF": 0.00031957237126198796,
    "CRC": null,
    "HRK": null,
    "CUP": 0.0381378124030824,
    "CZK": 0.0395858528079235,
    "DKK": 0.1339836867545867,
    "DJF": 0.005139968304149014,
    "DOP": 0.015389009998157618,
    "EGP": 0.018608261428620012,
    "ERN": null,
    "ETB": 0.011397809206553556,
    "EUR": 1
  }
}