{
  "meta": {
    "code": "EUR",
    "createdAt": "2024-08-09T08:35:03Z"
  },
  "data": {
    "FJD": null,
    "GMD": 0.013174963829999999,
    "GEL": null,
    "GHS": 0.05867048413,
    "GIP": null,
    "GTQ": 0.118086169,
    "GNF": 0.0001061380879,
    "GYD": 0.004378886649,
    "HTG": 0.006948224031,
    "HNL": 0.03695296098,
    "HKD": 0.11746999999999999,
    "HUF": 0.002527867,
    "ISK": 0.006616996662,
    "INR": 0.0109087,
    "IDR": 0.0000575163588,
    "IRR": 0.00002174706051,
    "IQD": 0.0006985296357,
    "ILS": 0.24550149999999998,
    "JMD": 0.005837369126,
    "JPY": 0.006222049,
    "JOD": 1.291861657,
    "KZT": 0.001916422356,
    "KES": 0.0070844100509999995,
    "KWD": 2.9916644960000003,
    "KGS": 0.01075302574,
    "LAK": null,
    "LBP": 0.00001022206197,
    "LSL": 0.049653485659999996,
    "LRD": 0.004683932,
    "LYD": 0.1900984328,
    "MOP": 0.1140116651,
    "MKD": 0.01624667441,
    "MGA": 0.0002011687622,
    "MWK": 0.0005274795863000001,
    "MYR": 0.20437809999999998,
    "MVR": 0.05946408666,
    "MRU": 0.02306330986,
    "MUR": 0.019730449389999998,
    "MXN": 0.048722,
    "MDL": 0.052035,
    "MNT": null,
    "MAD": null,
    "MZN": 0.014331058749999999,
    "MMK": 0.0002819296079,
    "NAD": null,
    "NPR": 0.006809919082,
    "ANG": 0.5078468287,
    "TWD": 0.028298260000000002,
    "NZD": 0.5516249999999999,
    "NIO": 0.024850050949999997,
    "NGN": 0.0005576992048,
    "KPW": null,
    "NOK": 0.08456621,
    "OMR": 2.3786264630000002,
    "PKR": 0.003282908472,
    "PAB": 0.9151585845,
    "PGK": 0.2324771005,
    "PYG": 0.0001208952307,
    "PEN": 0.24471031810000002,
    "PHP": 0.015984149189999998,
    "PLN": 0.231325,
    "QAR": 0.2519692,
    "RON": 0.20092620390000002,
    "RUB": 0.01043601,
    "RWF": 0.0006948579307,
    "SHP": null,
    "WST": null,
    "STN": null,
    "SAR": 0.2441532122,
    "RSD": 0.008544394119,
    "SCR": 0.06753377077,
    "SLL": 0.00004746769265,
    "SGD": null,
    "SBD": 0.10804788,
    "SOS": null,
    "ZAR": 0.04998725289,
    "KRW": 0.00067075,
    "SSP": null,
    "LKR": 0.003039039829,
    "SDG": 0.001522294181,
    "SRD": null,
    "SZL": 0.04966431792,
    "SEK": 0.08709423704,
    "CHF": 1.0577951540000001,
    "SYP": null,
    "TJS": null,
    "TZS": 0.0003391333329,
    "THB": 0.025949299869999998,
    "TOP": 0.38595069000000004,
    "TTD": 0.1348986022,
    "TND": 0.2976420314,
    "TRY": null,
    "TMT": 0.2613490506,
    "UGX": 0.00024525046590000003,
    "UAH": null,
    "AED": 0.2492934711,
    "GBP": 1.1694,
    "USD": 0.9156599999999999,
    "UYU": 0.02265,
    "UZS": 0.00007235984836,
    "VUV": null,
    "VES": 0.02499393,
    "VND": null,
    "XOF": 0.001523445806,
    "YER": 0.003657534279,
    "ZMW": 0.035078550019999995,
    "ZWL": null,
    "AFN": 0.01292098072112564,
    "ALL": 0.009978119291527308,
    "DZD": 0.00680420940046695,
    "AOA": 0.001039935117824038,
    "ARS": 0.0009780155694406165,
    "AMD": 0.00235735122372061,
    "AWG": 0.5087015951355918,
    "AUD": 0.6035131805830207,
    "AZN": 0.5386252183788619,
    "BSD": 0.9146987792918541,
    "BHD": 2.4293546267866506,
    "BDT": 0.007784415331632367,
    "BBD": 0.4565180332758295,
    "BYN": 0.2795372600688683,
    "BZD": 0.4537816612166294,
    "BMD": 0.9156628712440653,
    "BTN": 0.010894066774043209,
    "BOB": 0.13237386764923184,
    "BAM": 0.5109346637194531,
    "BWP": 0.06736579789937273,
    "BRL": 0.1650556765527553,
    "BND": null,
    "BGN": 0.5114577844373718,
    "BIF": 0.00031731136636752245,
    "CVE": 0.009062496565880209,
    "KHR": 0.0002228133612208497,
    "XAF": 0.0015234362330663917,
    "CAD": 0.6667051631117249,
    "KYD": 1.097543368042735,
    "CLP": 0.0009786068651702453,
    "CNY": 0.12764164535769598,
    "COP": null,
    "KMF": 0.0020291697979766586,
    "CDF": 0.0003196030964202672,
    "CRC": null,
    "HRK": null,
    "CUP": null,
    "CZK": 0.03965676780351063,
    "DKK": 0.1340099038818735,
    "DJF": 0.005136560937833132,
    "DOP": 0.015355151902608341,
    "EGP": 0.018593725178538995,
    "ERN": null,
    "ETB": 0.011398905044754336,
    "EUR": 1
  }
}