{
  "meta": {
    "code": "EUR",
    "createdAt": "2024-08-01T12:06:10Z"
  },
  "data": {
    "FJD": null,
    "GMD": 0.013333093329999999,
    "GEL": 0.34133653140000003,
    "GHS": 0.059643076659999995,
    "GIP": null,
    "GTQ": 0.11973976700000001,
    "GNF": 0.0001076070459,
    "GYD": 0.004441741097,
    "HTG": 0.007017299907,
    "HNL": null,
    "HKD": null,
    "HUF": 0.002527900273,
    "ISK": 0.006670865966,
    "INR": 0.01106673,
    "IDR": 0.00005695468895,
    "IRR": 0.00002200807464,
    "IQD": 0.0007088426781,
    "ILS": null,
    "JMD": 0.005922717297,
    "JPY": 0.00615,
    "JOD": 1.3077357390000002,
    "KZT": 0.001954235351,
    "KES": 0.007135063222,
    "KWD": 3.031662426,
    "KGS": 0.01102760851,
    "LAK": 0.00004178320449,
    "LBP": 0.00001035688905,
    "LSL": 0.0508747159,
    "LRD": 0.00462568696,
    "LYD": null,
    "MOP": 0.115274148,
    "MKD": 0.016239003789999998,
    "MGA": 0.000203524958,
    "MWK": 0.0005348801716,
    "MYR": null,
    "MVR": 0.06033133667999999,
    "MRU": null,
    "MUR": 0.01987301003,
    "MXN": 0.05000351,
    "MDL": 0.05244,
    "MNT": null,
    "MAD": 0.09333014936999999,
    "MZN": null,
    "MMK": 0.0002853134037,
    "NAD": 0.0508747159,
    "NPR": 0.006925539317,
    "ANG": 0.5149590499,
    "TWD": 0.02829019,
    "NZD": 0.5510509555,
    "NIO": null,
    "NGN": 0.0005455568476,
    "KPW": null,
    "NOK": 0.085137,
    "OMR": 2.4075970100000004,
    "PKR": 0.0033288427869999997,
    "PAB": null,
    "PGK": 0.2360852151,
    "PYG": 0.00012239712120000002,
    "PEN": 0.2482423997,
    "PHP": 0.01589124131,
    "PLN": 0.23282999999999998,
    "QAR": 0.254305,
    "RON": 0.2009828,
    "RUB": 0.01079534,
    "RWF": 0.0007064003993,
    "SHP": 1.188382292,
    "WST": null,
    "STN": null,
    "SAR": 0.2469557184,
    "RSD": 0.008541970064,
    "SCR": 0.06835127003,
    "SLL": 0.00004746769265,
    "SGD": 0.69263,
    "SBD": 0.109808025,
    "SOS": 0.001629811479,
    "ZAR": 0.0509925,
    "KRW": 0.0006783294,
    "SSP": null,
    "LKR": null,
    "SDG": 0.001540565169,
    "SRD": 0.03197384512,
    "SZL": null,
    "SEK": null,
    "CHF": 1.0561650900000001,
    "SYP": null,
    "TJS": null,
    "TZS": 0.00034360756520000003,
    "THB": 0.02602621622,
    "TOP": 0.389470995,
    "TTD": 0.13701817560000001,
    "TND": 0.2972072437,
    "TRY": 0.028005000000000002,
    "TMT": 0.265244296,
    "UGX": 0.0002483481305,
    "UAH": 0.02253122602,
    "AED": 0.2522873197,
    "GBP": 1.185235,
    "USD": 0.92665,
    "UYU": null,
    "UZS": 0.00007393758883,
    "VUV": null,
    "VES": null,
    "VND": 0.00003673537128,
    "XOF": 0.0015248275939999999,
    "YER": null,
    "ZMW": 0.03584391544,
    "ZWL": null,
    "AFN": 0.0130639385009441,
    "ALL": 0.009996061162055765,
    "DZD": 0.006880555301435625,
    "AOA": 0.0010465592685626576,
    "ARS": 0.0009956698041430276,
    "AMD": 0.0023907885918386927,
    "AWG": 0.5148490179512407,
    "AUD": 0.6058531472556368,
    "AZN": null,
    "BSD": null,
    "BHD": 2.4585746176106924,
    "BDT": null,
    "BBD": 0.45938264690650954,
    "BYN": 0.283428958503775,
    "BZD": 0.4599200053040182,
    "BMD": 0.9267282323122331,
    "BTN": 0.011075621137726494,
    "BOB": 0.1342319661619297,
    "BAM": 0.5114560752201314,
    "BWP": 0.06845314296421179,
    "BRL": 0.16326272966331648,
    "BND": 0.6925122722056104,
    "BGN": 0.511439704301929,
    "BIF": 0.0003218975476215377,
    "CVE": 0.00907183863460497,
    "KHR": null,
    "XAF": 0.00152495644674827,
    "CAD": 0.6705703562317172,
    "KYD": 1.112407512061676,
    "CLP": 0.0009850741757899148,
    "CNY": 0.12785027811910252,
    "COP": 0.00022854020167407602,
    "KMF": 0.002033525113520975,
    "CDF": 0.00032346535159240254,
    "CRC": null,
    "HRK": null,
    "CUP": 0.03862621377700882,
    "CZK": 0.03927984335198471,
    "DKK": null,
    "DJF": 0.0052088403841024115,
    "DOP": 0.015615139439581852,
    "EGP": 0.019043991620643685,
    "ERN": null,
    "ETB": 0.016009714241206455,
    "EUR": 1
  }
}