{
  "meta": {
    "code": "EUR",
    "createdAt": "2024-08-06T17:04:59Z"
  },
  "data": {
    "FJD": 0.4062834629,
    "GMD": 0.013163165269999999,
    "GEL": 0.3382321747,
    "GHS": 0.058832153719999995,
    "GIP": null,
    "GTQ": 0.1180878216,
    "GNF": 0.00010612992970000001,
    "GYD": 0.004380564965,
    "HTG": 0.006931197435,
    "HNL": 0.0369589139,
    "HKD": 0.11736317680000001,
    "HUF": 0.002512958443,
    "ISK": null,
    "INR": 0.01090228,
    "IDR": 0.000056644399999999996,
    "IRR": 0.00002173403776,
    "IQD": 0.0006983511371,
    "ILS": 0.23873663720000002,
    "JMD": 0.005833132365,
    "JPY": null,
    "JOD": 1.2907047580000002,
    "KZT": 0.001912364154,
    "KES": 0.007064401524,
    "KWD": 2.99358153,
    "KGS": 0.010815641919999999,
    "LAK": 0.00004126477212,
    "LBP": 0.00001021596796,
    "LSL": 0.049531130959999996,
    "LRD": 0.004680191532,
    "LYD": 0.1903933354,
    "MOP": 0.11399866980000001,
    "MKD": 0.016252050259999998,
    "MGA": 0.0002001838067,
    "MWK": 0.0005277415551,
    "MYR": 0.2047003,
    "MVR": 0.059372274339999996,
    "MRU": 0.02298592951,
    "MUR": 0.019789571869999998,
    "MXN": 0.047311,
    "MDL": 0.051985,
    "MNT": null,
    "MAD": 0.09300698903,
    "MZN": 0.014319276939999999,
    "MMK": 0.0002816771318,
    "NAD": null,
    "NPR": 0.0068096124539999995,
    "ANG": null,
    "TWD": 0.02790243,
    "NZD": 0.5452766594,
    "NIO": 0.02481258414,
    "NGN": 0.0005739452291,
    "KPW": null,
    "NOK": 0.08400243848,
    "OMR": 2.376572266,
    "PKR": 0.003276647481,
    "PAB": null,
    "PGK": 0.266096565,
    "PYG": 0.0001208253888,
    "PEN": 0.24469140390000002,
    "PHP": null,
    "PLN": 0.232003424,
    "QAR": 0.2512607145,
    "RON": 0.200887337,
    "RUB": 0.01068157,
    "RWF": 0.000694375709,
    "SHP": 1.1689368100000002,
    "WST": null,
    "STN": null,
    "SAR": 0.24366493520000002,
    "RSD": 0.008542242385,
    "SCR": 0.06877223704999999,
    "SLL": 0.00004746769265,
    "SGD": 0.6900573,
    "SBD": 0.107768152,
    "SOS": 0.0016021715499999999,
    "ZAR": 0.0495594,
    "KRW": 0.0006642738,
    "SSP": null,
    "LKR": 0.00302709029,
    "SDG": 0.001520930922,
    "SRD": 0.031859306649999995,
    "SZL": 0.049424094679999996,
    "SEK": 0.08695881,
    "CHF": 1.072639,
    "SYP": null,
    "TJS": 0.0866573316,
    "TZS": 0.000338710325,
    "THB": 0.025851685939999997,
    "TOP": 0.38404983200000004,
    "TTD": 0.1348907794,
    "TND": 0.2949965618,
    "TRY": 0.02725,
    "TMT": 0.261115005,
    "UGX": 0.0002455745264,
    "UAH": 0.02230135657,
    "AED": 0.24907159380000002,
    "GBP": 1.162345,
    "USD": 0.91484,
    "UYU": 0.022509638199999998,
    "UZS": 0.00007269288816,
    "VUV": null,
    "VES": 0.0249919,
    "VND": 0.000036392999999999995,
    "XOF": 0.00152855465,
    "YER": 0.003653894745,
    "ZMW": 0.035209099439999995,
    "ZWL": null,
    "AFN": 0.012886072252819467,
    "ALL": 0.009978733721841361,
    "DZD": 0.006791560069622402,
    "AOA": 0.0010378335877690482,
    "ARS": 0.0009776384531748473,
    "AMD": 0.002356586145967935,
    "AWG": 0.50825017089912,
    "AUD": 0.5980011778338838,
    "AZN": 0.5381472397755388,
    "BSD": 0.9146115944733796,
    "BHD": 2.427263203609863,
    "BDT": 0.007783793854750796,
    "BBD": 0.4529661551026959,
    "BYN": 0.2794612778221497,
    "BZD": 0.45372840168244355,
    "BMD": 0.9148503076184159,
    "BTN": 0.01089421236515282,
    "BOB": 0.13234806489960263,
    "BAM": 0.5101021252306287,
    "BWP": 0.06722248611305445,
    "BRL": 0.16202938394290245,
    "BND": 0.6890728364844574,
    "BGN": 0.5110724265400005,
    "BIF": 0.000317105825864269,
    "CVE": 0.009040022802553518,
    "KHR": 0.000222320852398157,
    "XAF": 0.0015208920098191824,
    "CAD": 0.6642730693733581,
    "KYD": 1.0974026977807394,
    "CLP": 0.0009691108232787358,
    "CNY": 0.12782249647817068,
    "COP": 0.0002212027437541506,
    "KMF": 0.002029617987157528,
    "CDF": 0.00031876317338620764,
    "CRC": 0.0017296428519196446,
    "HRK": null,
    "CUP": 0.03810763222154183,
    "CZK": 0.03955907455500986,
    "DKK": 0.1339713719565507,
    "DJF": 0.005147705984798649,
    "DOP": 0.01537563542215825,
    "EGP": 0.018592251099833677,
    "ERN": null,
    "ETB": null,
    "EUR": 1
  }
}