{
  "meta": {
    "code": "EUR",
    "createdAt": "2024-08-13T16:36:48Z"
  },
  "data": {
    "FJD": 0.40801519480000004,
    "GMD": 0.01322282551,
    "GEL": 0.3385726913,
    "GHS": 0.05829872151,
    "GIP": null,
    "GTQ": 0.1179013856,
    "GNF": 0.0001056600959,
    "GYD": 0.004371253403,
    "HTG": 0.006932735267,
    "HNL": null,
    "HKD": 0.11713106740000001,
    "HUF": 0.002543329,
    "ISK": 0.006591828538,
    "INR": 0.01087047369,
    "IDR": 0.00005773855702,
    "IRR": 0.00002167547626,
    "IQD": 0.0006964694577,
    "ILS": 0.24518728720000002,
    "JMD": 0.005813061368,
    "JPY": 0.0062120000000000005,
    "JOD": 1.287227005,
    "KZT": 0.001900726203,
    "KES": 0.007072674341,
    "KWD": 2.980282061,
    "KGS": 0.010649541169999999,
    "LAK": 0.00004113503086,
    "LBP": 0.00001018275643,
    "LSL": 0.049993150179999994,
    "LRD": 0.004674130882,
    "LYD": 0.1896829449,
    "MOP": 0.1138128508,
    "MKD": 0.01625169793,
    "MGA": 0.0001985582096,
    "MWK": 0.00052662337,
    "MYR": 0.2056858,
    "MVR": 0.05925075472,
    "MRU": 0.022949942789999997,
    "MUR": 0.01969363262,
    "MXN": 0.0478465,
    "MDL": 0.051968879999999995,
    "MNT": null,
    "MAD": 0.09297614917,
    "MZN": 0.01427964499,
    "MMK": 0.000280918164,
    "NAD": 0.049993150179999994,
    "NPR": 0.006793353563,
    "ANG": 0.5067168347000001,
    "TWD": 0.028171028799999998,
    "NZD": 0.5530349999999999,
    "NIO": 0.024759158689999998,
    "NGN": 0.0005738207477000001,
    "KPW": null,
    "NOK": 0.08475163000000001,
    "OMR": 2.370003547,
    "PKR": 0.0032730941279999998,
    "PAB": 0.9131204103,
    "PGK": 0.2349816429,
    "PYG": 0.0001207185259,
    "PEN": 0.2435923097,
    "PHP": 0.01600068532,
    "PLN": 0.23312093620000002,
    "QAR": 0.2505837025,
    "RON": 0.20095944370000002,
    "RUB": 0.01002582428,
    "RWF": 0.0006917172066,
    "SHP": 1.1645098310000002,
    "WST": null,
    "STN": null,
    "SAR": 0.2430334344,
    "RSD": 0.00854641096,
    "SCR": 0.06255570725,
    "SLL": 0.00004746769265,
    "SGD": 0.6913895636,
    "SBD": 0.107477775,
    "SOS": 0.001597854563,
    "ZAR": 0.05025257489,
    "KRW": 0.0006674339,
    "SSP": null,
    "LKR": null,
    "SDG": null,
    "SRD": 0.03182555416,
    "SZL": 0.049993150179999994,
    "SEK": 0.08690350000000001,
    "CHF": 1.05446,
    "SYP": null,
    "TJS": 0.08602607786,
    "TZS": 0.0003368568789,
    "THB": 0.0260383,
    "TOP": 0.3849310125,
    "TTD": 0.1345140921,
    "TND": 0.2958916975,
    "TRY": 0.027195,
    "TMT": 0.260411441,
    "UGX": 0.0002447227879,
    "UAH": 0.022071409599999998,
    "AED": 0.2484004803,
    "GBP": 1.17095,
    "USD": null,
    "UYU": 0.022640585619999997,
    "UZS": 0.00007221013013,
    "VUV": null,
    "VES": 0.02493773,
    "VND": 0.00003630622961,
    "XOF": 0.001516832834,
    "YER": 0.0036436881709999997,
    "ZMW": 0.03493296838,
    "ZWL": null,
    "AFN": 0.01294131878703219,
    "ALL": 0.009984410820197064,
    "DZD": 0.006795291177156683,
    "AOA": 0.001036201545428288,
    "ARS": 0.000971366185130045,
    "AMD": 0.0023476994866084336,
    "AWG": 0.5061653119093884,
    "AUD": 0.6034414055776248,
    "AZN": 0.5366841026386878,
    "BSD": 0.912630284304457,
    "BHD": 2.420998515712683,
    "BDT": 0.007766813949898732,
    "BBD": 0.4519908542163718,
    "BYN": 0.27886706864570066,
    "BZD": 0.4527505437421975,
    "BMD": 0.9123629744857694,
    "BTN": 0.010867760814712557,
    "BOB": 0.1320702158143614,
    "BAM": 0.5097019791539771,
    "BWP": 0.06757953914594172,
    "BRL": 0.16631053693316267,
    "BND": 0.6898248031873443,
    "BGN": 0.5109416598075729,
    "BIF": 0.00031734364329939806,
    "CVE": 0.009024361765437878,
    "KHR": 0.00022239194992985267,
    "XAF": 0.0015197123799279638,
    "CAD": 0.6648131503184369,
    "KYD": 1.0950962023090467,
    "CLP": 0.0009793610653698079,
    "CNY": 0.12747806198161843,
    "COP": 0.00022609433071219567,
    "KMF": 0.0020236508252813234,
    "CDF": 0.0003178965067894667,
    "CRC": 0.0017234889004758014,
    "HRK": null,
    "CUP": 0.038026547750614405,
    "CZK": 0.03967364459952431,
    "DKK": 0.13400785140074659,
    "DJF": 0.00512498686773365,
    "DOP": 0.015269673213150951,
    "EGP": 0.01847711479780002,
    "ERN": null,
    "ETB": 0.008290093957985039,
    "EUR": 1
  }
}