{
  "meta": {
    "code": "EUR",
    "createdAt": "2024-08-13T11:33:27Z"
  },
  "data": {
    "FJD": 0.408507443,
    "GMD": 0.01326275305,
    "GEL": null,
    "GHS": 0.05856565697,
    "GIP": null,
    "GTQ": 0.1182573997,
    "GNF": null,
    "GYD": 0.004384452804,
    "HTG": 0.006953669297,
    "HNL": 0.03696788432,
    "HKD": 0.1174832912,
    "HUF": 0.0025383800000000002,
    "ISK": 0.006616513625,
    "INR": 0.010899094889999999,
    "IDR": 0.00005776959453,
    "IRR": 0.00002173447293,
    "IQD": 0.0006990907767,
    "ILS": 0.24459860020000002,
    "JMD": 0.0058306144399999996,
    "JPY": 0.006207764313,
    "JOD": 1.291113905,
    "KZT": 0.0019064656199999999,
    "KES": 0.0070423243459999995,
    "KWD": 2.988867657,
    "KGS": 0.010681698429999999,
    "LAK": 0.00004133413427,
    "LBP": null,
    "LSL": 0.050322175079999996,
    "LRD": 0.004683493,
    "LYD": null,
    "MOP": 0.1141565191,
    "MKD": 0.01625043012,
    "MGA": 0.0002003586537,
    "MWK": 0.0005278991464000001,
    "MYR": 0.2053703631,
    "MVR": 0.059429667799999995,
    "MRU": 0.023104617469999998,
    "MUR": null,
    "MXN": 0.048188457969999994,
    "MDL": 0.0520523107,
    "MNT": null,
    "MAD": 0.09328350200999999,
    "MZN": 0.01432276368,
    "MMK": 0.00028176642220000003,
    "NAD": 0.050322175079999996,
    "NPR": 0.006813866717,
    "ANG": 0.5082469126,
    "TWD": 0.028224720000000002,
    "NZD": null,
    "NIO": null,
    "NGN": 0.0005581312895,
    "KPW": null,
    "NOK": 0.08480418196999999,
    "OMR": 2.3776148100000003,
    "PKR": 0.00328458185,
    "PAB": 0.9158776612,
    "PGK": 0.2325068045,
    "PYG": 0.0001210830466,
    "PEN": null,
    "PHP": 0.01606139172,
    "PLN": 0.23332999999999998,
    "QAR": 0.25092816090000003,
    "RON": 0.2009686793,
    "RUB": 0.01000147,
    "RWF": null,
    "SHP": 1.168026175,
    "WST": null,
    "STN": null,
    "SAR": 0.2437286685,
    "RSD": 0.008544551331,
    "SCR": 0.06749443396,
    "SLL": 0.00004746769265,
    "SGD": 0.6920037355,
    "SBD": 0.10780231400000001,
    "SOS": 0.001608218347,
    "ZAR": 0.050380194319999995,
    "KRW": 0.0006674788005,
    "SSP": null,
    "LKR": 0.003059706955,
    "SDG": 0.00152141305,
    "SRD": 0.031752194219999995,
    "SZL": 0.05033171988,
    "SEK": 0.086888,
    "CHF": 1.055473421,
    "SYP": null,
    "TJS": 0.08628584149,
    "TZS": null,
    "THB": 0.026063176929999998,
    "TOP": 0.38609334700000003,
    "TTD": 0.1349202697,
    "TND": 0.2968114613,
    "TRY": 0.027273354,
    "TMT": 0.26119777720000004,
    "UGX": null,
    "UAH": 0.02213805625,
    "AED": 0.2491505484,
    "GBP": 1.170205,
    "USD": 0.91513,
    "UYU": 0.022760243979999997,
    "UZS": 0.00007247262219,
    "VUV": null,
    "VES": null,
    "VND": 0.00003642308913,
    "XOF": 0.001524335701,
    "YER": 0.003654690621,
    "ZMW": 0.03503845168,
    "ZWL": null,
    "AFN": 0.012901809578976003,
    "ALL": 0.0100089112760138,
    "DZD": 0.006797669157826837,
    "AOA": 0.0010393308031656394,
    "ARS": 0.0009748485315933583,
    "AMD": 0.0023593445625197437,
    "AWG": 0.5084059845485253,
    "AUD": 0.6035973035159645,
    "AZN": 0.5383122189337327,
    "BSD": 0.9153988929033972,
    "BHD": 2.4287528886105316,
    "BDT": 0.007790375813501911,
    "BBD": 0.45336204010890613,
    "BYN": null,
    "BZD": 0.45412403425352776,
    "BMD": 0.9151307721873455,
    "BTN": 0.010900729889916493,
    "BOB": 0.13247087176092426,
    "BAM": 0.5112482409545679,
    "BWP": 0.06778455242352828,
    "BRL": 0.16658613526398508,
    "BND": 0.6919174963998287,
    "BGN": 0.5104876398057695,
    "BIF": 0.00031754502072965017,
    "CVE": 0.009068143779750574,
    "KHR": 0.00022373911009536052,
    "XAF": 0.0015243226683084171,
    "CAD": 0.6663541239265048,
    "KYD": 1.0984183501921605,
    "CLP": null,
    "CNY": 0.1277063274937336,
    "COP": 0.0002254766417866398,
    "KMF": 0.002029789890622925,
    "CDF": 0.0003194173724912201,
    "CRC": 0.00172871737728448,
    "HRK": null,
    "CUP": 0.03814190731248462,
    "CZK": 0.03966808291732261,
    "DKK": null,
    "DJF": 0.0051405343280908795,
    "DOP": 0.01534279922500434,
    "EGP": 0.018536358929852347,
    "ERN": null,
    "ETB": 0.008830342439099158,
    "EUR": 1
  }
}