{
  "meta": {
    "code": "EUR",
    "createdAt": "2024-08-02T15:04:23Z"
  },
  "data": {
    "FJD": 0.4065529035,
    "GMD": 0.013080714019999998,
    "GEL": 0.3379196252,
    "GHS": 0.058846400849999994,
    "GIP": null,
    "GTQ": 0.118280279,
    "GNF": 0.0001062238972,
    "GYD": 0.004387902846,
    "HTG": 0.006959224767,
    "HNL": null,
    "HKD": 0.1172705918,
    "HUF": 0.002514300732,
    "ISK": 0.00664381072,
    "INR": 0.01092861238,
    "IDR": 0.000056618799999999994,
    "IRR": 0.00002175328109,
    "IQD": 0.0006989694577,
    "ILS": 0.2409434084,
    "JMD": 0.0058563765339999995,
    "JPY": 0.006234889762,
    "JOD": 1.292211978,
    "KZT": 0.0019303769919999999,
    "KES": 0.0070434614529999995,
    "KWD": 3.00006496,
    "KGS": 0.010896702889999998,
    "LAK": 0.00004125478655,
    "LBP": 0.00001021930777,
    "LSL": 0.050090262409999996,
    "LRD": 0.004684991787,
    "LYD": 0.18957556250000002,
    "MOP": 0.1139382667,
    "MKD": 0.016097667229999998,
    "MGA": 0.0002003610496,
    "MWK": 0.0005285137019,
    "MYR": 0.2004049275,
    "MVR": 0.059653993169999996,
    "MRU": 0.023017847759999998,
    "MUR": 0.019595065659999997,
    "MXN": 0.04809804,
    "MDL": 0.05182121175,
    "MNT": null,
    "MAD": 0.09215014613,
    "MZN": 0.014330902239999999,
    "MMK": 0.000281926529,
    "NAD": 0.050090262409999996,
    "NPR": 0.006839361603,
    "ANG": 0.5086476038000001,
    "TWD": 0.02805604,
    "NZD": 0.546605,
    "NIO": 0.024841290569999997,
    "NGN": 0.0005662541761,
    "KPW": null,
    "NOK": 0.08352879777,
    "OMR": 2.378503427,
    "PKR": 0.0032824878629999998,
    "PAB": 0.9166251672,
    "PGK": 0.2330283559,
    "PYG": 0.0001209968295,
    "PEN": 0.244629971,
    "PHP": 0.01583348389,
    "PLN": 0.232975,
    "QAR": 0.2514832725,
    "RON": 0.2009946061,
    "RUB": 0.010714054519999999,
    "RWF": 0.0006944709819,
    "SHP": 1.166309187,
    "WST": null,
    "STN": null,
    "SAR": 0.24391484830000001,
    "RSD": 0.008544460219,
    "SCR": 0.06752879377,
    "SLL": 0.00004746769265,
    "SGD": 0.6910014,
    "SBD": 0.10804670000000001,
    "SOS": 0.001603590114,
    "ZAR": 0.0502263,
    "KRW": 0.0006743905091,
    "SSP": null,
    "LKR": 0.003034735132,
    "SDG": 0.001522277556,
    "SRD": 0.03174600395,
    "SZL": 0.050090262409999996,
    "SEK": 0.08656646664999999,
    "CHF": 1.065211355,
    "SYP": null,
    "TJS": 0.08664448003,
    "TZS": 0.0003391296292,
    "THB": 0.026005815159999997,
    "TOP": 0.38448143500000004,
    "TTD": 0.1353440578,
    "TND": 0.2949432262,
    "TRY": 0.02755657831,
    "TMT": 0.2613461964,
    "UGX": 0.000245942308,
    "UAH": 0.022206009449999998,
    "AED": 0.249292122,
    "GBP": null,
    "USD": 0.91565,
    "UYU": 0.022685228749999998,
    "UZS": 0.00007267063458,
    "VUV": null,
    "VES": 0.02501496282,
    "VND": 0.00003629215401,
    "XOF": 0.001510973582,
    "YER": 0.003657494335,
    "ZMW": 0.035407040929999994,
    "ZWL": null,
    "AFN": 0.012989196268476685,
    "ALL": 0.009865743772113836,
    "DZD": 0.006807957306068856,
    "AOA": 0.0010423885451651752,
    "ARS": 0.0009819931908592145,
    "AMD": 0.0023610631353247705,
    "AWG": 0.5087435205153368,
    "AUD": 0.5967655308229397,
    "AZN": 0.5386696099574154,
    "BSD": 0.916123292184144,
    "BHD": 2.4292719039887687,
    "BDT": 0.007797532666505755,
    "BBD": 0.453764640484138,
    "BYN": 0.28002115348118556,
    "BZD": 0.4545425985716636,
    "BMD": 0.9157383369276063,
    "BTN": 0.01094242956417671,
    "BOB": 0.13259350360651007,
    "BAM": 0.5070249876206934,
    "BWP": 0.0677090383748545,
    "BRL": 0.15959144589849983,
    "BND": 0.6881447748374847,
    "BGN": 0.5093165017417409,
    "BIF": 0.00031824095119837323,
    "CVE": 0.008929676619565759,
    "KHR": 0.00022267193605582028,
    "XAF": 0.0015117025959129917,
    "CAD": 0.6607797678211125,
    "KYD": 1.099520559722464,
    "CLP": 0.0009655205784847802,
    "CNY": 0.12792842558102852,
    "COP": 0.0002236000461538222,
    "KMF": 0.0020057788566847988,
    "CDF": 0.00031907259126397436,
    "CRC": 0.0017505150050155056,
    "HRK": null,
    "CUP": 0.03817591775639264,
    "CZK": 0.039529922995061716,
    "DKK": 0.13399562906257997,
    "DJF": null,
    "DOP": 0.015390560284497586,
    "EGP": 0.018816644276769864,
    "ERN": null,
    "ETB": 0.01581985805628562,
    "EUR": 1
  }
}