{
  "meta": {
    "code": "EUR",
    "createdAt": "2024-08-22T18:36:01Z"
  },
  "data": {
    "FJD": null,
    "GMD": 0.012862214019999998,
    "GEL": 0.3328768196,
    "GHS": 0.057604286129999994,
    "GIP": null,
    "GTQ": 0.11624168280000001,
    "GNF": 0.0001043285005,
    "GYD": 0.004308182468,
    "HTG": 0.006821204725,
    "HNL": 0.03619696306,
    "HKD": 0.11547149999999999,
    "HUF": 0.00254044707,
    "ISK": 0.006566182863,
    "INR": 0.010725992129999999,
    "IDR": 0.00005723196593,
    "IRR": 0.0000213835645,
    "IQD": 0.0006872938853,
    "ILS": 0.24273857110000002,
    "JMD": 0.005745345326,
    "JPY": 0.006154484645,
    "JOD": 1.270447723,
    "KZT": 0.0018767143669999999,
    "KES": 0.006979496047,
    "KWD": 2.945400638,
    "KGS": 0.01053084919,
    "LAK": 0.00004067562594,
    "LBP": 0.00001004860465,
    "LSL": 0.050383603789999995,
    "LRD": 0.004614340083,
    "LYD": 0.1885560175,
    "MOP": 0.1120870846,
    "MKD": 0.016255837489999998,
    "MGA": 0.00019626266910000001,
    "MWK": 0.00051878709,
    "MYR": 0.2055607703,
    "MVR": 0.05858120191,
    "MRU": 0.02265043961,
    "MUR": 0.019560905639999997,
    "MXN": 0.04627102615,
    "MDL": 0.05195498527,
    "MNT": null,
    "MAD": 0.09299746085999999,
    "MZN": 0.0140904387,
    "MMK": 0.00027721723360000003,
    "NAD": 0.050383603789999995,
    "NPR": 0.006699335373,
    "ANG": 0.4995096611,
    "TWD": 0.02812817962,
    "NZD": 0.5526874185,
    "NIO": 0.024466168429999997,
    "NGN": 0.0005714435238,
    "KPW": null,
    "NOK": 0.08491323633999999,
    "OMR": 2.3393005600000003,
    "PKR": 0.003231422083,
    "PAB": 0.9001737585,
    "PGK": 0.22825579370000001,
    "PYG": 0.00011863977830000001,
    "PEN": 0.23955486180000002,
    "PHP": 0.01590508619,
    "PLN": 0.2334462052,
    "QAR": 0.24731635400000002,
    "RON": 0.2009723811,
    "RUB": 0.00983963766,
    "RWF": null,
    "SHP": 1.177979464,
    "WST": null,
    "STN": null,
    "SAR": 0.2399494784,
    "RSD": 0.008544780682,
    "SCR": 0.06629604679,
    "SLL": 0.00004746769265,
    "SGD": 0.6868194252,
    "SBD": 0.105341535,
    "SOS": 0.001576803776,
    "ZAR": 0.0498955,
    "KRW": 0.0006704308934,
    "SSP": null,
    "LKR": 0.0029877920529999998,
    "SDG": 0.001496849461,
    "SRD": 0.031253644059999995,
    "SZL": 0.050355424479999994,
    "SEK": 0.08778340201,
    "CHF": 1.056860108,
    "SYP": null,
    "TJS": 0.08440677765,
    "TZS": 0.0003313783498,
    "THB": 0.02608865946,
    "TOP": 0.3834611945,
    "TTD": 0.1325843865,
    "TND": 0.2946574701,
    "TRY": 0.026555000000000002,
    "TMT": 0.2577176152,
    "UGX": 0.0002421764975,
    "UAH": 0.02177748962,
    "AED": 0.2451279512,
    "GBP": 1.1785196770000002,
    "USD": 0.9003549999999999,
    "UYU": 0.022315298669999997,
    "UZS": 0.0000710900113,
    "VUV": null,
    "VES": null,
    "VND": 0.00003605390565,
    "XOF": 0.001499342184,
    "YER": 0.003596402321,
    "ZMW": 0.03456999456,
    "ZWL": null,
    "AFN": 0.012679035911467363,
    "ALL": 0.010080756435769125,
    "DZD": 0.006704937025763073,
    "AOA": 0.0009996796776392924,
    "ARS": 0.0009523918368590879,
    "AMD": 0.0023201328600881,
    "AWG": 0.4994238833365785,
    "AUD": 0.6035913686434284,
    "AZN": 0.5295362057142251,
    "BSD": 0.8994964506432243,
    "BHD": 2.3891307087089095,
    "BDT": 0.0075274692256432785,
    "BBD": 0.4455114382007777,
    "BYN": 0.27486746101990395,
    "BZD": 0.4462649951860658,
    "BMD": 0.9002115497141827,
    "BTN": 0.010715869076174734,
    "BOB": 0.13017069027481182,
    "BAM": 0.5126206296815283,
    "BWP": 0.06737369094047012,
    "BRL": 0.16102281693315942,
    "BND": 0.687970040566869,
    "BGN": 0.5112351890162028,
    "BIF": 0.00031311706077015054,
    "CVE": 0.009042808133743675,
    "KHR": 0.0002201006234020007,
    "XAF": 0.0015284220539932155,
    "CAD": 0.6617435286297083,
    "KYD": 1.0796166018193227,
    "CLP": 0.0009785855727677015,
    "CNY": 0.12600063681351847,
    "COP": 0.00022138122495806152,
    "KMF": 0.002031716145936813,
    "CDF": 0.00031311706077015054,
    "CRC": 0.0017108712193907103,
    "HRK": null,
    "CUP": 0.03749161737111975,
    "CZK": 0.03987729057445019,
    "DKK": 0.1340416021891374,
    "DJF": 0.00506615711177378,
    "DOP": 0.015031009046818632,
    "EGP": 0.01845838245866468,
    "ERN": null,
    "ETB": 0.008164656016975667,
    "EUR": 1
  }
}