{
  "meta": {
    "code": "EUR",
    "createdAt": "2024-08-15T08:34:52Z"
  },
  "data": {
    "FJD": null,
    "GMD": 0.01297957116,
    "GEL": 0.3378004202,
    "GHS": 0.057993686919999995,
    "GIP": null,
    "GTQ": 0.11722442820000001,
    "GNF": 0.0001052814573,
    "GYD": 0.004348772179,
    "HTG": 0.006888934014,
    "HNL": 0.03664825214,
    "HKD": null,
    "HUF": 0.002533898,
    "ISK": 0.0065752641219999994,
    "INR": 0.01082228,
    "IDR": 0.000057827099999999994,
    "IRR": 0.00002157867196,
    "IQD": 0.0006930783656,
    "ILS": 0.2446866232,
    "JMD": 0.005784427259,
    "JPY": 0.006166510018,
    "JOD": 1.2820395150000001,
    "KZT": 0.001890851375,
    "KES": 0.006968795499,
    "KWD": 2.968690692,
    "KGS": 0.01060177442,
    "LAK": null,
    "LBP": 0.00001013319035,
    "LSL": 0.050287868529999995,
    "LRD": 0.0046486520000000005,
    "LYD": 0.1888147471,
    "MOP": 0.1131762946,
    "MKD": 0.01626652848,
    "MGA": 0.0001995228805,
    "MWK": 0.0005233951044,
    "MYR": 0.2051180363,
    "MVR": 0.05900365334,
    "MRU": 0.02292392342,
    "MUR": 0.01968042574,
    "MXN": null,
    "MDL": 0.051770000000000004,
    "MNT": null,
    "MAD": 0.09277708098,
    "MZN": 0.01422009266,
    "MMK": 0.0002797466132,
    "NAD": 0.0502871871,
    "NPR": 0.006758041785,
    "ANG": 0.5038977374,
    "TWD": 0.02811883321,
    "NZD": null,
    "NIO": 0.02465976185,
    "NGN": 0.0005713710622,
    "KPW": null,
    "NOK": 0.08492812645999999,
    "OMR": 2.360134,
    "PKR": 0.003257355192,
    "PAB": 0.9080438471000001,
    "PGK": 0.23040472050000002,
    "PYG": 0.00011994141590000001,
    "PEN": 0.2423311555,
    "PHP": 0.015952110000000002,
    "PLN": 0.23350249,
    "QAR": null,
    "RON": 0.20097504800000002,
    "RUB": 0.010180336049999999,
    "RWF": 0.0006880431615000001,
    "SHP": 1.165649881,
    "WST": null,
    "STN": null,
    "SAR": 0.24212519999999998,
    "RSD": 0.008545777734,
    "SCR": 0.06801194,
    "SLL": null,
    "SGD": 0.6895546586,
    "SBD": null,
    "SOS": 0.0015944731149999999,
    "ZAR": 0.0504375,
    "KRW": 0.0006690108006,
    "SSP": null,
    "LKR": 0.003033468098,
    "SDG": 0.001510506983,
    "SRD": 0.031648668549999995,
    "SZL": null,
    "SEK": 0.08664001770999999,
    "CHF": null,
    "SYP": null,
    "TJS": 0.08538725414,
    "TZS": 0.0003352656826,
    "THB": 0.025955818779999997,
    "TOP": 0.38341654000000003,
    "TTD": 0.1336221179,
    "TND": 0.29533016970000003,
    "TRY": 0.026996667489999997,
    "TMT": 0.2593254122,
    "UGX": 0.0002436559414,
    "UAH": 0.02200084083,
    "AED": 0.24736654130000002,
    "GBP": 1.166999107,
    "USD": 0.90857,
    "UYU": 0.022485,
    "UZS": 0.00007191358807,
    "VUV": null,
    "VES": 0.02484634579,
    "VND": 0.000036286,
    "XOF": 0.001524960242,
    "YER": 0.0036288522019999997,
    "ZMW": 0.034606858899999995,
    "ZWL": null,
    "AFN": 0.012793551463810537,
    "ALL": 0.010007002331834085,
    "DZD": 0.006764896618613104,
    "AOA": 0.0010317677418589333,
    "ARS": 0.0009661891759758994,
    "AMD": 0.0023352894428412996,
    "AWG": 0.5047063870593282,
    "AUD": 0.6012445504862397,
    "AZN": 0.5343949980628181,
    "BSD": 0.9074578668877769,
    "BHD": 2.410743940727515,
    "BDT": 0.00772193938731631,
    "BBD": 0.4494271031146566,
    "BYN": 0.277332534952869,
    "BZD": 0.4501956922114895,
    "BMD": 0.9084714967067907,
    "BTN": 0.010812051570289515,
    "BOB": 0.1313317510485718,
    "BAM": 0.5114135763061689,
    "BWP": 0.06760391101902653,
    "BRL": 0.16606736069953218,
    "BND": 0.6900630815507481,
    "BGN": 0.511526743641211,
    "BIF": 0.00031469921706239843,
    "CVE": null,
    "KHR": 0.00022181998121299662,
    "XAF": 0.0015247947575404445,
    "CAD": null,
    "KYD": 1.0889443055307837,
    "CLP": 0.0009725217812177949,
    "CNY": 0.12699625411848853,
    "COP": 0.00022618486162250489,
    "KMF": 0.0020326020734014786,
    "CDF": 0.0003164303367143124,
    "CRC": 0.0017250774444968677,
    "HRK": null,
    "CUP": null,
    "CZK": 0.03973070527961477,
    "DKK": 0.13402148900554717,
    "DJF": 0.005096039644640416,
    "DOP": 0.015212163963326572,
    "EGP": 0.018526409396594844,
    "ERN": null,
    "ETB": 0.008230190724522217,
    "EUR": 1
  }
}