{
  "meta": {
    "code": "EUR",
    "createdAt": "2024-08-13T14:33:52Z"
  },
  "data": {
    "FJD": 0.4081121869,
    "GMD": 0.01323188348,
    "GEL": 0.3406763635,
    "GHS": 0.058429343169999995,
    "GIP": null,
    "GTQ": 0.1179821511,
    "GNF": 0.000105942694,
    "GYD": 0.004374247823,
    "HTG": 0.006937484367,
    "HNL": 0.03688184016,
    "HKD": 0.1172221699,
    "HUF": 0.002541550694,
    "ISK": 0.006591581808,
    "INR": 0.010876002939999999,
    "IDR": 0.00005765708851,
    "IRR": 0.00002168388512,
    "IQD": 0.0006974636163,
    "ILS": 0.2454007,
    "JMD": null,
    "JPY": 0.006207082,
    "JOD": 1.288108789,
    "KZT": 0.001902028249,
    "KES": 0.007077519302,
    "KWD": 2.9822816320000003,
    "KGS": 0.010656836369999999,
    "LAK": 0.0000412379275,
    "LBP": 0.0000101978448,
    "LSL": 0.0502050483,
    "LRD": 0.0046713287099999995,
    "LYD": 0.1899112127,
    "MOP": 0.1138908155,
    "MKD": 0.01625895051,
    "MGA": 0.0001998923113,
    "MWK": 0.000526670441,
    "MYR": 0.2056858,
    "MVR": 0.059291342989999996,
    "MRU": 0.02305084059,
    "MUR": 0.019707123259999997,
    "MXN": 0.04786126,
    "MDL": 0.052205339999999996,
    "MNT": null,
    "MAD": 0.0930663811,
    "MZN": 0.01428942691,
    "MMK": 0.0002811106001,
    "NAD": 0.0502050483,
    "NPR": 0.006798007183,
    "ANG": 0.5070639486,
    "TWD": 0.028147744349999997,
    "NZD": 0.5526389,
    "NIO": 0.02481275621,
    "NGN": 0.0005742138295,
    "KPW": null,
    "NOK": 0.08463101,
    "OMR": 2.372099994,
    "PKR": 0.003276936861,
    "PAB": 0.9137459210000001,
    "PGK": 0.2319656361,
    "PYG": 0.0001208012212,
    "PEN": 0.2439195451,
    "PHP": 0.01600687121,
    "PLN": 0.233035,
    "QAR": 0.2503441161,
    "RON": null,
    "RUB": 0.01000562,
    "RWF": 0.0006928746957,
    "SHP": 1.16530755,
    "WST": null,
    "STN": null,
    "SAR": 0.2431915006,
    "RSD": 0.008545968507999999,
    "SCR": 0.0682706706,
    "SLL": 0.00004746769265,
    "SGD": 0.6913681544,
    "SBD": 0.1075514,
    "SOS": 0.001604475158,
    "ZAR": null,
    "KRW": 0.0006670271,
    "SSP": null,
    "LKR": 0.003052585371,
    "SDG": 0.001517871903,
    "SRD": 0.03184735547,
    "SZL": 0.05021457089,
    "SEK": 0.08679210449,
    "CHF": 1.054431917,
    "SYP": null,
    "TJS": 0.08608500791,
    "TZS": 0.0003370876344,
    "THB": 0.02604508,
    "TOP": 0.3851947,
    "TTD": 0.1346062377,
    "TND": 0.2961206213,
    "TRY": 0.027215,
    "TMT": 0.26058982950000004,
    "UGX": 0.0002448904293,
    "UAH": 0.02208652908,
    "AED": 0.248570641,
    "GBP": 1.1704596090000001,
    "USD": 0.9129999999999999,
    "UYU": 0.022656094999999998,
    "UZS": 0.0000723039394,
    "VUV": null,
    "VES": 0.024955914609999998,
    "VND": 0.0000363387,
    "XOF": 0.001520787752,
    "YER": 0.00364618419,
    "ZMW": 0.03495689835,
    "ZWL": null,
    "AFN": 0.01287171346522394,
    "ALL": 0.009985563441553318,
    "DZD": 0.006800056923276505,
    "AOA": 0.0010397747359893177,
    "ARS": 0.0009717848469670443,
    "AMD": 0.002349328501266423,
    "AWG": 0.5072200234234207,
    "AUD": 0.602976290972239,
    "AZN": 0.5370564953895042,
    "BSD": 0.9132635371309774,
    "BHD": 2.42314391764737,
    "BDT": 0.007772203166783558,
    "BBD": 0.45230448013173524,
    "BYN": null,
    "BZD": 0.45306469681276784,
    "BMD": 0.9129960421621571,
    "BTN": 0.010875301703802557,
    "BOB": 0.13216185631312283,
    "BAM": 0.510055649713472,
    "BWP": 0.06762643102963534,
    "BRL": 0.1662017443500315,
    "BND": 0.6903034568611994,
    "BGN": 0.5116979490726097,
    "BIF": null,
    "CVE": 0.009046990475645073,
    "KHR": 0.0002232171928192706,
    "XAF": 0.001520766873327545,
    "CAD": 0.6645644278598699,
    "KYD": 1.0958560643679236,
    "CLP": 0.000978643444796506,
    "CNY": 0.1276173358451828,
    "COP": 0.0002250355035701039,
    "KMF": 0.0020250549900290575,
    "CDF": 0.0003186722660251858,
    "CRC": 0.0017246847899246398,
    "HRK": null,
    "CUP": 0.03805293349660964,
    "CZK": 0.03970014055080459,
    "DKK": 0.13400045824163503,
    "DJF": 0.005128542978206379,
    "DOP": 0.015307428271016006,
    "EGP": 0.018490067635729964,
    "ERN": null,
    "ETB": 0.008809743857208317,
    "EUR": 1
  }
}