{
  "meta": {
    "code": "EUR",
    "createdAt": "2024-08-16T13:32:59Z"
  },
  "data": {
    "FJD": 0.40640464190000003,
    "GMD": 0.01298828545,
    "GEL": 0.33800384840000003,
    "GHS": 0.05827091908,
    "GIP": null,
    "GTQ": 0.1174344165,
    "GNF": 0.0001054316949,
    "GYD": 0.004353267487,
    "HTG": 0.006893710062,
    "HNL": 0.03670283288,
    "HKD": 0.1166276,
    "HUF": 0.002530951,
    "ISK": 0.006522562512,
    "INR": 0.01083448,
    "IDR": 0.000057923199999999995,
    "IRR": 0.000021599572,
    "IQD": 0.000694234301,
    "ILS": null,
    "JMD": 0.005790574693,
    "JPY": 0.00615,
    "JOD": 1.282900257,
    "KZT": null,
    "KES": 0.007047766977,
    "KWD": 2.9716784680000004,
    "KGS": 0.01060886774,
    "LAK": null,
    "LBP": 0.00001015117653,
    "LSL": 0.050754755289999995,
    "LRD": null,
    "LYD": 0.189718045,
    "MOP": null,
    "MKD": 0.016238227549999998,
    "MGA": 0.0002024109252,
    "MWK": 0.0005242378248,
    "MYR": null,
    "MVR": 0.059043267489999995,
    "MRU": 0.02295597764,
    "MUR": null,
    "MXN": 0.048791,
    "MDL": 0.05214,
    "MNT": null,
    "MAD": 0.09309721354,
    "MZN": null,
    "MMK": 0.0002799233116,
    "NAD": 0.050755218969999995,
    "NPR": 0.0067690287539999994,
    "ANG": 0.504713457,
    "TWD": 0.02817279,
    "NZD": 0.548265,
    "NIO": 0.02469866568,
    "NGN": 0.000571742207,
    "KPW": null,
    "NOK": null,
    "OMR": null,
    "PKR": 0.00326418895,
    "PAB": 0.9095136690000001,
    "PGK": 0.2306233261,
    "PYG": 0.00012015086450000001,
    "PEN": 0.24287361740000002,
    "PHP": 0.015909358959999998,
    "PLN": 0.234335,
    "QAR": 0.24971349999999998,
    "RON": 0.2009364,
    "RUB": 0.01022753,
    "RWF": 0.000674429724,
    "SHP": 1.166432481,
    "WST": null,
    "STN": null,
    "SAR": 0.2422308,
    "RSD": 0.008543640012,
    "SCR": 0.06937466167999999,
    "SLL": 0.00004746769265,
    "SGD": null,
    "SBD": 0.10682865,
    "SOS": 0.00159714014,
    "ZAR": 0.05077827578,
    "KRW": null,
    "SSP": null,
    "LKR": 0.003043528236,
    "SDG": 0.001511521114,
    "SRD": null,
    "SZL": 0.050767247429999995,
    "SEK": 0.086643,
    "CHF": 1.048097,
    "SYP": null,
    "TJS": 0.08536600140999999,
    "TZS": 0.0003353670172,
    "THB": 0.02608584,
    "TOP": 0.383401206,
    "TTD": 0.1338786642,
    "TND": 0.2965436493,
    "TRY": 0.026975,
    "TMT": 0.2602436832,
    "UGX": 0.0002442030204,
    "UAH": 0.022051397179999998,
    "AED": 0.2475306192,
    "GBP": 1.17307,
    "USD": 0.90918,
    "UYU": 0.022565,
    "UZS": null,
    "VUV": null,
    "VES": 0.02482123,
    "VND": null,
    "XOF": 0.001523565658,
    "YER": null,
    "ZMW": null,
    "ZWL": null,
    "AFN": 0.012816339874472667,
    "ALL": 0.010006325273379248,
    "DZD": 0.006766892230801173,
    "AOA": 0.0010290823164874488,
    "ARS": 0.0009659522279207094,
    "AMD": 0.0023425595862533776,
    "AWG": 0.5043961447989825,
    "AUD": 0.6029739211644568,
    "AZN": 0.5348201333039182,
    "BSD": 0.909057868143067,
    "BHD": 2.4124255742586085,
    "BDT": 0.007736631437033442,
    "BBD": null,
    "BYN": 0.2777782204482363,
    "BZD": 0.45098069913323463,
    "BMD": 0.9091942266166608,
    "BTN": 0.010829022520019205,
    "BOB": 0.13155431377123805,
    "BAM": 0.5110069107721231,
    "BWP": 0.06790448701258883,
    "BRL": 0.1668215678047187,
    "BND": 0.6892539733623686,
    "BGN": 0.5108708102650853,
    "BIF": null,
    "CVE": null,
    "KHR": 0.0002220435627150228,
    "XAF": 0.0015236029696804496,
    "CAD": null,
    "KYD": null,
    "CLP": null,
    "CNY": 0.12693978268670844,
    "COP": 0.00022677131337633767,
    "KMF": null,
    "CDF": 0.0003167924134552826,
    "CRC": 0.001728200249565838,
    "HRK": null,
    "CUP": null,
    "CZK": 0.03963912540233712,
    "DKK": 0.13403082977146405,
    "DJF": 0.005104801401767439,
    "DOP": 0.015202587243674995,
    "EGP": 0.018595310262751734,
    "ERN": null,
    "ETB": null,
    "EUR": 1
  }
}