{
  "meta": {
    "code": "EUR",
    "createdAt": "2024-07-24T18:36:51Z"
  },
  "data": {
    "FJD": 0.4093128628,
    "GMD": 0.01361091842,
    "GEL": 0.3398004893,
    "GHS": 0.05947646626999999,
    "GIP": null,
    "GTQ": 0.1189282433,
    "GNF": null,
    "GYD": 0.004416682953,
    "HTG": 0.006987327527,
    "HNL": 0.03720055576,
    "HKD": 0.11812689999999999,
    "HUF": 0.00254392863,
    "ISK": 0.006688999986,
    "INR": 0.01101513073,
    "IDR": 0.0000568249,
    "IRR": 0.00002191554277,
    "IQD": 0.0007041831981,
    "ILS": 0.25275397580000003,
    "JMD": 0.005893629704,
    "JPY": 0.005991000000000001,
    "JOD": 1.301667248,
    "KZT": 0.001945926358,
    "KES": 0.006935939764,
    "KWD": 3.017528017,
    "KGS": 0.010952268329999999,
    "LAK": 0.000041588747,
    "LBP": 0.00001029553545,
    "LSL": 0.0502713889,
    "LRD": 0.004721681593,
    "LYD": 0.19059504100000002,
    "MOP": 0.11471038800000001,
    "MKD": 0.01623241009,
    "MGA": 0.00020330137280000001,
    "MWK": 0.0005315355773,
    "MYR": 0.1974319,
    "MVR": 0.06009896316,
    "MRU": 0.02320704337,
    "MUR": 0.019749678729999998,
    "MXN": 0.050261,
    "MDL": 0.051965000000000004,
    "MNT": null,
    "MAD": 0.09319391098999999,
    "MZN": 0.014437799049999998,
    "MMK": 0.0002840294702,
    "NAD": 0.0502713889,
    "NPR": 0.006887035501,
    "ANG": 0.5120682790000001,
    "TWD": 0.02819421,
    "NZD": 0.546975,
    "NIO": 0.02505037335,
    "NGN": 0.0005962100229,
    "KPW": null,
    "NOK": 0.08364402904,
    "OMR": 2.396275559,
    "PKR": 0.003312315911,
    "PAB": 0.9227235347,
    "PGK": 0.2387370583,
    "PYG": 0.000121800846,
    "PEN": 0.24550365200000002,
    "PHP": 0.01576768312,
    "PLN": 0.2326,
    "QAR": 0.2533416971,
    "RON": 0.2011995852,
    "RUB": 0.01069554,
    "RWF": 0.0007015056999,
    "SHP": 1.19069106,
    "WST": null,
    "STN": null,
    "SAR": 0.2459035748,
    "RSD": 0.008541560483,
    "SCR": 0.06726883749,
    "SLL": 0.00004746769265,
    "SGD": 0.6867424,
    "SBD": 0.10885264,
    "SOS": 0.001615551585,
    "ZAR": 0.05019780267,
    "KRW": 0.000667216777,
    "SSP": null,
    "LKR": 0.003038495988,
    "SDG": 0.0015741979129999999,
    "SRD": 0.0316437973,
    "SZL": 0.05021665724,
    "SEK": 0.08555494636,
    "CHF": 1.041423648,
    "SYP": null,
    "TJS": 0.0866070348,
    "TZS": 0.00034165925890000003,
    "THB": 0.02556958,
    "TOP": 0.38827183200000004,
    "TTD": 0.13573841180000001,
    "TND": 0.2969038779,
    "TRY": 0.02811,
    "TMT": 0.2636409095,
    "UGX": 0.0002479796898,
    "UAH": 0.02236381178,
    "AED": 0.2511516373,
    "GBP": 1.190483502,
    "USD": 0.92248,
    "UYU": 0.0230343256,
    "UZS": 0.00007324176173,
    "VUV": null,
    "VES": 0.02526297,
    "VND": 0.000036374699999999996,
    "XOF": 0.0015285500969999999,
    "YER": 0.003684779018,
    "ZMW": 0.035403813789999995,
    "ZWL": null,
    "AFN": 0.013083064770721253,
    "ALL": 0.009971416933360523,
    "DZD": 0.006856967481775237,
    "AOA": 0.001053519207693716,
    "ARS": 0.000993918174930871,
    "AMD": 0.0023748192959032115,
    "AWG": 0.5117093294512334,
    "AUD": 0.607242266388693,
    "AZN": 0.5425623919622636,
    "BSD": 0.9221089413436913,
    "BHD": 2.447233826521699,
    "BDT": 0.007848062200156004,
    "BBD": 0.4566953401785598,
    "BYN": 0.2817729281125295,
    "BZD": 0.45746842178629293,
    "BMD": 0.9223560663358482,
    "BTN": 0.011016257115191436,
    "BOB": 0.13345478524857857,
    "BAM": 0.5112195232314787,
    "BWP": 0.067961068398667,
    "BRL": 0.16311351069209062,
    "BND": 0.6857635329407078,
    "BGN": 0.5116809421590193,
    "BIF": 0.00031970747533304963,
    "CVE": 0.00903119618462595,
    "KHR": 0.00022398156054780194,
    "XAF": 0.0015242511353067156,
    "CAD": 0.6681231751885778,
    "KYD": 1.1065109061125173,
    "CLP": 0.0009735117793275198,
    "CNY": 0.12702315949933404,
    "COP": 0.00022813962476659472,
    "KMF": 0.0020308884171990776,
    "CDF": 0.00032198264963650204,
    "CRC": 0.0017396970792334643,
    "HRK": null,
    "CUP": 0.0384261207070423,
    "CZK": 0.03933927570008671,
    "DKK": null,
    "DJF": 0.005190561984533724,
    "DOP": 0.015529742018372615,
    "EGP": 0.01908091169492881,
    "ERN": null,
    "ETB": 0.016042898711153625,
    "EUR": 1
  }
}