{
  "meta": {
    "code": "EUR",
    "createdAt": "2024-08-12T16:04:32Z"
  },
  "data": {
    "FJD": 0.40813188840000003,
    "GMD": 0.013262390729999999,
    "GEL": 0.342106056,
    "GHS": 0.058547984139999995,
    "GIP": null,
    "GTQ": 0.1181147986,
    "GNF": 0.00010603765460000001,
    "GYD": 0.0043821029159999995,
    "HTG": 0.006941781546,
    "HNL": 0.03683507184,
    "HKD": 0.1174629693,
    "HUF": 0.0025379300000000003,
    "ISK": 0.006617768214,
    "INR": 0.01090087717,
    "IDR": 0.000057365,
    "IRR": 0.00002174033342,
    "IQD": 0.0006985534272000001,
    "ILS": 0.2424841751,
    "JMD": 0.005821285804,
    "JPY": 0.006202,
    "JOD": 1.291078634,
    "KZT": 0.001906785986,
    "KES": 0.0070938371309999994,
    "KWD": 2.987553359,
    "KGS": 0.010715514419999999,
    "LAK": 0.00004126741768,
    "LBP": 0.0000102189272,
    "LSL": 0.04995114552,
    "LRD": 0.004685706387,
    "LYD": 0.1902505125,
    "MOP": 0.1140100951,
    "MKD": 0.016266238449999998,
    "MGA": 0.0001989358655,
    "MWK": 0.000527894425,
    "MYR": 0.2058976,
    "MVR": 0.0593894726,
    "MRU": 0.02301282444,
    "MUR": 0.01973125608,
    "MXN": 0.04814458915,
    "MDL": 0.052289099699999994,
    "MNT": null,
    "MAD": 0.09288048538999999,
    "MZN": 0.014320130399999999,
    "MMK": 0.0002817587247,
    "NAD": 0.04995114552,
    "NPR": 0.006811163119,
    "ANG": 0.5079639872,
    "TWD": 0.02820220004,
    "NZD": 0.550905,
    "NIO": 0.02485347579,
    "NGN": 0.0005755377288,
    "KPW": null,
    "NOK": 0.084806,
    "OMR": 2.377210353,
    "PKR": 0.00328288785,
    "PAB": 0.9153282856,
    "PGK": 0.2356999344,
    "PYG": 0.0001209343286,
    "PEN": 0.2452542712,
    "PHP": 0.01598186042,
    "PLN": 0.23251999999999998,
    "QAR": 0.25131620120000003,
    "RON": 0.2009146886,
    "RUB": 0.01004773,
    "RWF": 0.0006935240558,
    "SHP": 1.168543329,
    "WST": null,
    "STN": null,
    "SAR": 0.24378129070000001,
    "RSD": 0.008545115786,
    "SCR": 0.06749149198,
    "SLL": 0.00004746769265,
    "SGD": 0.690925,
    "SBD": 0.10789087950000001,
    "SOS": 0.001602635648,
    "ZAR": 0.05024474597,
    "KRW": 0.0006679818000000001,
    "SSP": null,
    "LKR": 0.003058188484,
    "SDG": 0.0015213714879999999,
    "SRD": 0.0317513268,
    "SZL": 0.04995114552,
    "SEK": 0.0869295,
    "CHF": 1.055353,
    "SYP": null,
    "TJS": 0.08632049114,
    "TZS": 0.00033769250460000003,
    "THB": 0.02599701,
    "TOP": 0.3857167575,
    "TTD": 0.1346137757,
    "TND": 0.2959590496,
    "TRY": 0.027255496469999998,
    "TMT": 0.2619396552,
    "UGX": 0.0002452796196,
    "UAH": 0.022152880139999997,
    "AED": 0.24914374190000002,
    "GBP": 1.16862,
    "USD": 0.915105,
    "UYU": 0.022749510299999998,
    "UZS": 0.00007236892019,
    "VUV": null,
    "VES": 0.02498858,
    "VND": 0.000036414,
    "XOF": 0.001523905047,
    "YER": 0.00365458712,
    "ZMW": 0.0349531218,
    "ZWL": null,
    "AFN": 0.012979687470542194,
    "ALL": 0.009989824963681494,
    "DZD": 0.006804238146560585,
    "AOA": 0.0010386696557017306,
    "ARS": 0.000974316054487651,
    "AMD": 0.0023568432665564947,
    "AWG": 0.5083710925962359,
    "AUD": 0.6032873125661731,
    "AZN": 0.5382752745136615,
    "BSD": 0.9147953583847029,
    "BHD": 2.427984990350238,
    "BDT": 0.00778616910438242,
    "BBD": 0.4530855890933762,
    "BYN": 0.27954510143361233,
    "BZD": 0.45385503458821047,
    "BMD": 0.9150679666732245,
    "BTN": 0.010895767597358268,
    "BOB": 0.13239943443336086,
    "BAM": 0.5110938031125486,
    "BWP": 0.06769711285420796,
    "BRL": 0.1661874927292972,
    "BND": null,
    "BGN": 0.511525499976111,
    "BIF": null,
    "CVE": 0.00903770831690598,
    "KHR": 0.00022259011595067495,
    "XAF": 0.0015239043137927307,
    "CAD": 0.6660028837924868,
    "KYD": 1.0977549121279395,
    "CLP": 0.000980044947115378,
    "CNY": 0.1275372092996562,
    "COP": 0.0002253040681511317,
    "KMF": null,
    "CDF": 0.0003193954508458027,
    "CRC": 0.0017279126225938002,
    "HRK": null,
    "CUP": null,
    "CZK": 0.03970073585313903,
    "DKK": 0.13400209311269443,
    "DJF": 0.005137564015165049,
    "DOP": 0.015340619726290439,
    "EGP": 0.01855520568220517,
    "ERN": null,
    "ETB": 0.008607932321020464,
    "EUR": 1
  }
}