{
  "meta": {
    "code": "EUR",
    "createdAt": "2024-08-07T15:33:05Z"
  },
  "data": {
    "FJD": 0.4074330627,
    "GMD": 0.013161726419999999,
    "GEL": 0.338195203,
    "GHS": 0.058686489359999996,
    "GIP": null,
    "GTQ": 0.1181082101,
    "GNF": 0.0001061598762,
    "GYD": 0.004381484769,
    "HTG": null,
    "HNL": 0.036964158579999996,
    "HKD": 0.11728949999999999,
    "HUF": 0.002513169,
    "ISK": 0.006626629942,
    "INR": 0.01090059983,
    "IDR": 0.000057144299999999994,
    "IRR": 0.00002173166204,
    "IQD": 0.0006986735638,
    "ILS": 0.2413160866,
    "JMD": 0.0058464564289999995,
    "JPY": 0.006203,
    "JOD": 1.290745706,
    "KZT": 0.001916566906,
    "KES": 0.007091007674,
    "KWD": 2.989624617,
    "KGS": 0.010795022369999999,
    "LAK": 0.00004127279437,
    "LBP": 0.00001021663958,
    "LSL": 0.04992654578,
    "LRD": 0.0046870060000000005,
    "LYD": 0.1905962326,
    "MOP": 0.1139733109,
    "MKD": 0.016255661589999998,
    "MGA": 0.0002014117524,
    "MWK": 0.0005276278863,
    "MYR": 0.20343387670000002,
    "MVR": 0.05936578443,
    "MRU": 0.02309106264,
    "MUR": 0.01970213663,
    "MXN": 0.04779522,
    "MDL": 0.051682809999999996,
    "MNT": null,
    "MAD": 0.09331500572,
    "MZN": 0.01431771172,
    "MMK": 0.000281646342,
    "NAD": 0.04992654578,
    "NPR": 0.00681088785,
    "ANG": 0.5079628972,
    "TWD": 0.02801568069,
    "NZD": 0.5504,
    "NIO": 0.024857620419999997,
    "NGN": 0.0005784185321,
    "KPW": null,
    "NOK": 0.08505481205,
    "OMR": 2.3761853370000003,
    "PKR": 0.0032821584689999997,
    "PAB": null,
    "PGK": 0.2326471963,
    "PYG": 0.00012097473080000001,
    "PEN": 0.245778106,
    "PHP": 0.015864518759999998,
    "PLN": 0.23139069999999998,
    "QAR": 0.251411,
    "RON": 0.2009359962,
    "RUB": 0.01063582833,
    "RWF": 0.0006934673211,
    "SHP": 1.1620399590000001,
    "WST": null,
    "STN": null,
    "SAR": 0.24369177620000002,
    "RSD": 0.00854577724,
    "SCR": 0.06815651816,
    "SLL": 0.00004746769265,
    "SGD": 0.6892275,
    "SBD": 0.10748195,
    "SOS": 0.001607407655,
    "ZAR": 0.049775577099999996,
    "KRW": 0.0006654386000000001,
    "SSP": null,
    "LKR": 0.00303007625,
    "SDG": 0.0015207646709999999,
    "SRD": 0.0317122548,
    "SZL": 0.04991371198,
    "SEK": 0.0876215,
    "CHF": 1.05786,
    "SYP": null,
    "TJS": 0.08640300159,
    "TZS": 0.0003395275218,
    "THB": 0.02571027,
    "TOP": 0.384465222,
    "TTD": 0.1348596608,
    "TND": 0.29767351070000003,
    "TRY": 0.027338724609999997,
    "TMT": 0.2618351776,
    "UGX": 0.00024563449180000003,
    "UAH": 0.022328538119999998,
    "AED": 0.2490443681,
    "GBP": 1.163663622,
    "USD": 0.91474,
    "UYU": 0.022580356899999997,
    "UZS": 0.00007251921509,
    "VUV": null,
    "VES": 0.02498129,
    "VND": 0.00003634966369,
    "XOF": 0.001522785972,
    "YER": 0.0036538621529999997,
    "ZMW": 0.03530443603,
    "ZWL": null,
    "AFN": 0.01289953360041269,
    "ALL": 0.009973332634987286,
    "DZD": 0.006790910913632796,
    "AOA": 0.0010416863575770769,
    "ARS": 0.0009770357516922258,
    "AMD": 0.002359050323056254,
    "AWG": 0.5081525453615073,
    "AUD": 0.5997154317891527,
    "AZN": 0.538043871559243,
    "BSD": 0.914846298640285,
    "BHD": 2.426606399489542,
    "BDT": 0.007785319254778248,
    "BBD": 0.45307409025905515,
    "BYN": 0.2795336336665429,
    "BZD": 0.4538483319550685,
    "BMD": 0.9146745816507131,
    "BTN": 0.010895459429037677,
    "BOB": 0.1324004846932302,
    "BAM": 0.5106869713389218,
    "BWP": 0.06751581701315855,
    "BRL": 0.16315702212328195,
    "BND": 0.6892088621439092,
    "BGN": 0.5107559821362277,
    "BIF": 0.0003173822098999736,
    "CVE": 0.009058273662574563,
    "KHR": 0.0002226982717972515,
    "XAF": 0.001522663431228575,
    "CAD": 0.6664689475455615,
    "KYD": 1.0977352106189833,
    "CLP": 0.0009696745212028905,
    "CNY": 0.1273864193624937,
    "COP": 0.00022102931956775347,
    "KMF": 0.002029228134760993,
    "CDF": 0.0003187456771113622,
    "CRC": 0.0017319110512153768,
    "HRK": null,
    "CUP": 0.038123072062396963,
    "CZK": 0.039583057923487416,
    "DKK": 0.1340162221959802,
    "DJF": 0.005138186152299759,
    "DOP": 0.015375385829086347,
    "EGP": 0.0185645755837953,
    "ERN": null,
    "ETB": 0.011388164493850756,
    "EUR": 1
  }
}