{
  "meta": {
    "code": "EUR",
    "createdAt": "2024-08-26T14:34:03Z"
  },
  "data": {
    "FJD": 0.40576794320000004,
    "GMD": 0.012785071169999999,
    "GEL": 0.3321083139,
    "GHS": 0.057363662139999994,
    "GIP": null,
    "GTQ": 0.11561153980000001,
    "GNF": 0.00010369075710000001,
    "GYD": 0.004285137615,
    "HTG": 0.0067859461699999995,
    "HNL": 0.03597986691,
    "HKD": 0.1147893,
    "HUF": 0.002531671972,
    "ISK": 0.0065406343499999995,
    "INR": 0.010671103329999999,
    "IDR": 0.0000579616,
    "IRR": 0.00002126162582,
    "IQD": 0.000683171748,
    "ILS": 0.2436323467,
    "JMD": 0.0057182863329999995,
    "JPY": 0.006207012488,
    "JOD": 1.262828042,
    "KZT": 0.0018518158269999999,
    "KES": 0.006944095278,
    "KWD": 2.9312031530000002,
    "KGS": 0.010502933229999999,
    "LAK": 0.00004052320531,
    "LBP": 0.000009993913262000001,
    "LSL": 0.050533878389999995,
    "LRD": 0.004589633524,
    "LYD": 0.1878184602,
    "MOP": 0.1114983266,
    "MKD": 0.016228496449999998,
    "MGA": 0.0001954050206,
    "MWK": 0.0005156755947,
    "MYR": 0.2046079234,
    "MVR": 0.05830572756999999,
    "MRU": 0.022497611469999998,
    "MUR": 0.019418259259999997,
    "MXN": 0.046419,
    "MDL": 0.051433063849999995,
    "MNT": null,
    "MAD": 0.09277509838999999,
    "MZN": 0.01400700335,
    "MMK": 0.00027555458610000003,
    "NAD": 0.050533878389999995,
    "NPR": 0.006667764677,
    "ANG": 0.49684330720000003,
    "TWD": 0.02810479988,
    "NZD": 0.5561429361,
    "NIO": 0.024319429299999997,
    "NGN": 0.0005633076236000001,
    "KPW": null,
    "NOK": 0.08511559023,
    "OMR": 2.325156631,
    "PKR": 0.0032120411959999998,
    "PAB": 0.8952789737,
    "PGK": 0.2365415556,
    "PYG": 0.0001177406377,
    "PEN": 0.2387501613,
    "PHP": 0.01595385266,
    "PLN": 0.233475,
    "QAR": 0.2458162159,
    "RON": null,
    "RUB": 0.00972816085,
    "RWF": 0.0006716360196,
    "SHP": 1.1818775730000002,
    "WST": null,
    "STN": null,
    "SAR": null,
    "RSD": 0.008542662915,
    "SCR": 0.06690431202,
    "SLL": 0.00004746769265,
    "SGD": 0.6871240751000001,
    "SBD": 0.1058731765,
    "SOS": 0.001567346683,
    "ZAR": 0.05054518078,
    "KRW": 0.0006742268,
    "SSP": null,
    "LKR": 0.002974467068,
    "SDG": 0.001487871905,
    "SRD": 0.03108184084,
    "SZL": 0.050533878389999995,
    "SEK": 0.0878265,
    "CHF": 1.0568917370000002,
    "SYP": null,
    "TJS": 0.08403588966,
    "TZS": 0.000330307038,
    "THB": 0.0263082,
    "TOP": 0.3824142715,
    "TTD": 0.1318037816,
    "TND": 0.29451465520000003,
    "TRY": 0.026307968299999998,
    "TMT": 0.2561719192,
    "UGX": 0.000241100877,
    "UAH": 0.021655834699999998,
    "AED": 0.2436577634,
    "GBP": 1.1819402190000001,
    "USD": null,
    "UYU": 0.022175946749999998,
    "UZS": 0.00007038576483,
    "VUV": null,
    "VES": 0.024485200000000002,
    "VND": 0.00003598175527,
    "XOF": 0.001492835683,
    "YER": 0.003575543905,
    "ZMW": 0.03402566107,
    "ZWL": null,
    "AFN": 0.012606123865882187,
    "ALL": 0.009983656385102301,
    "DZD": 0.0067124253373154,
    "AOA": 0.0009895354283255607,
    "ARS": 0.000943888978313455,
    "AMD": 0.002306136905982425,
    "AWG": 0.4972415524875752,
    "AUD": 0.6072857856263517,
    "AZN": 0.5264910555750796,
    "BSD": 0.8949309832044785,
    "BHD": 2.375357734813257,
    "BDT": 0.007489329538421155,
    "BBD": 0.44324013008269847,
    "BYN": 0.2734679194924479,
    "BZD": 0.4439978266359666,
    "BMD": 0.8950347944776353,
    "BTN": 0.010668034917532288,
    "BOB": 0.12950701914944154,
    "BAM": 0.5112103760447729,
    "BWP": 0.06747615770790466,
    "BRL": 0.16295877839881204,
    "BND": 0.6869516457862161,
    "BGN": 0.511007527557352,
    "BIF": 0.00031099193692760087,
    "CVE": 0.0090361917706413,
    "KHR": 0.00021888843102901327,
    "XAF": 0.0015241693975653044,
    "CAD": 0.6646355559159505,
    "KYD": 1.0739215600894587,
    "CLP": 0.0009884644547396247,
    "CNY": 0.12564889791723854,
    "COP": 0.00022255357105703416,
    "KMF": 0.0020293272748406104,
    "CDF": 0.0003173882249920693,
    "CRC": 0.0017009467815418448,
    "HRK": null,
    "CUP": 0.0372898846493465,
    "CZK": 0.03994272213645632,
    "DKK": 0.13404142952503761,
    "DJF": 0.005025741435521946,
    "DOP": 0.014992207612690708,
    "EGP": 0.018365810207717312,
    "ERN": null,
    "ETB": null,
    "EUR": 1
  }
}