{
  "meta": {
    "code": "EUR",
    "createdAt": "2024-08-27T10:34:56Z"
  },
  "data": {
    "FJD": null,
    "GMD": 0.012706028219999999,
    "GEL": 0.33180948190000004,
    "GHS": 0.057365852009999996,
    "GIP": null,
    "GTQ": null,
    "GNF": 0.0001038310718,
    "GYD": 0.004285301605,
    "HTG": 0.00678647829,
    "HNL": 0.036129991769999995,
    "HKD": 0.1148295,
    "HUF": 0.002537553,
    "ISK": null,
    "INR": null,
    "IDR": 0.0000576138294,
    "IRR": 0.00002125207555,
    "IQD": 0.0006834296551,
    "ILS": 0.2430219659,
    "JMD": 0.0057186580559999995,
    "JPY": 0.0061852233599999995,
    "JOD": 1.2639851050000002,
    "KZT": 0.0018519109019999999,
    "KES": 0.006943992172,
    "KWD": 2.93368104,
    "KGS": null,
    "LAK": 0.00004052548804,
    "LBP": 0.00001000294027,
    "LSL": 0.0504520187,
    "LRD": 0.004589300409,
    "LYD": 0.188007586,
    "MOP": 0.1115030263,
    "MKD": 0.016229042319999998,
    "MGA": 0.00019613092160000002,
    "MWK": 0.0005161017516,
    "MYR": 0.2060722325,
    "MVR": null,
    "MRU": 0.02262270536,
    "MUR": 0.019424325489999998,
    "MXN": 0.04609321338,
    "MDL": 0.05151154137,
    "MNT": null,
    "MAD": 0.09304638868,
    "MZN": 0.014025220829999999,
    "MMK": 0.0002758070622,
    "NAD": null,
    "NPR": null,
    "ANG": 0.4968734037,
    "TWD": 0.0280454,
    "NZD": 0.5574,
    "NIO": 0.024317720369999997,
    "NGN": 0.0005631113428,
    "KPW": null,
    "NOK": 0.08509369823,
    "OMR": 2.3271571620000002,
    "PKR": 0.003214910497,
    "PAB": 0.8953373243,
    "PGK": 0.2298103596,
    "PYG": 0.00011774451780000001,
    "PEN": 0.2392773577,
    "PHP": 0.015903123539999998,
    "PLN": 0.2338375848,
    "QAR": 0.2454206274,
    "RON": 0.2009130794,
    "RUB": 0.009795156301,
    "RWF": 0.0006756564779,
    "SHP": 1.1809449710000002,
    "WST": null,
    "STN": null,
    "SAR": null,
    "RSD": 0.008543395299,
    "SCR": 0.06777664759,
    "SLL": null,
    "SGD": null,
    "SBD": 0.10614933750000001,
    "SOS": null,
    "ZAR": 0.05042458111,
    "KRW": 0.000671931308,
    "SSP": null,
    "LKR": null,
    "SDG": null,
    "SRD": 0.03111031949,
    "SZL": 0.050473544169999995,
    "SEK": 0.08780231222,
    "CHF": 1.0579246070000001,
    "SYP": null,
    "TJS": null,
    "TZS": null,
    "THB": 0.02628538,
    "TOP": null,
    "TTD": null,
    "TND": 0.2938857634,
    "TRY": 0.026325,
    "TMT": 0.25567344410000004,
    "UGX": 0.0002411110987,
    "UAH": null,
    "AED": 0.2438896136,
    "GBP": 1.1844249999999998,
    "USD": 0.895775,
    "UYU": 0.022251050999999997,
    "UZS": null,
    "VUV": null,
    "VES": null,
    "VND": 0.00003607635277,
    "XOF": 0.001524173703,
    "YER": 0.003578105158,
    "ZMW": 0.03402786762,
    "ZWL": null,
    "AFN": 0.012635054231004712,
    "ALL": 0.009984816289564784,
    "DZD": 0.006690429708142328,
    "AOA": 0.0009881836194617852,
    "ARS": 0.0009434327479428106,
    "AMD": 0.002306309117958918,
    "AWG": 0.4969700143257122,
    "AUD": 0.6074459889839293,
    "AZN": 0.526934382705592,
    "BSD": 0.8949105438650229,
    "BHD": 2.3768614430500783,
    "BDT": 0.007490064132198589,
    "BBD": 0.4432259481546658,
    "BYN": 0.2734666607221213,
    "BZD": 0.44397393546944336,
    "BMD": 0.8957884505995064,
    "BTN": null,
    "BOB": 0.12950582879639988,
    "BAM": 0.5112609273549072,
    "BWP": 0.06747615374676717,
    "BRL": 0.1629506213363817,
    "BND": 0.6869732992459655,
    "BGN": null,
    "BIF": null,
    "CVE": 0.00906711146772262,
    "KHR": 0.0002199341933888264,
    "XAF": 0.0015242102957743293,
    "CAD": 0.6649902758338966,
    "KYD": 1.0738925662599517,
    "CLP": null,
    "CNY": null,
    "COP": 0.0002224069445835393,
    "KMF": null,
    "CDF": null,
    "CRC": 0.0017009237868298398,
    "HRK": null,
    "CUP": 0.03728872161392105,
    "CZK": 0.03995416900424026,
    "DKK": null,
    "DJF": 0.005025672613256262,
    "DOP": 0.015041417334561335,
    "EGP": 0.0183961287266179,
    "ERN": null,
    "ETB": null,
    "EUR": 1
  }
}