{
  "meta": {
    "code": "EUR",
    "createdAt": "2024-07-30T18:35:20Z"
  },
  "data": {
    "FJD": 0.4092831898,
    "GMD": 0.013601911429999999,
    "GEL": 0.3407306155,
    "GHS": 0.05951930469,
    "GIP": null,
    "GTQ": 0.1193656387,
    "GNF": 0.0001073315872,
    "GYD": 0.004428001557,
    "HTG": 0.007004875961,
    "HNL": 0.037301021,
    "HKD": 0.11837966330000001,
    "HUF": 0.002530324526,
    "ISK": 0.006688819703,
    "INR": 0.011047373159999999,
    "IDR": 0.000056681599999999996,
    "IRR": 0.00002197374792,
    "IQD": 0.0007060534271,
    "ILS": 0.2468125388,
    "JMD": 0.005917429285,
    "JPY": null,
    "JOD": 1.305124326,
    "KZT": 0.001946951751,
    "KES": 0.007142316581,
    "KWD": null,
    "KGS": 0.01100713963,
    "LAK": null,
    "LBP": 0.0000103228792,
    "LSL": 0.05010454951,
    "LRD": 0.004731223209,
    "LYD": 0.1912988599,
    "MOP": 0.11496056710000001,
    "MKD": 0.016259529449999997,
    "MGA": 0.0002030581702,
    "MWK": 0.0005329472743,
    "MYR": 0.1991774784,
    "MVR": 0.060199503759999995,
    "MRU": 0.023259901,
    "MUR": null,
    "MXN": 0.04929414435,
    "MDL": 0.052397284499999995,
    "MNT": null,
    "MAD": 0.09337067532,
    "MZN": 0.014487483809999998,
    "MMK": 0.0002847838196,
    "NAD": 0.05010454951,
    "NPR": 0.006903328821,
    "ANG": 0.5133711123,
    "TWD": 0.028151021489999997,
    "NZD": 0.5456624535,
    "NIO": 0.02508284739,
    "NGN": 0.000563123282,
    "KPW": null,
    "NOK": 0.08435269107,
    "OMR": 2.402683261,
    "PKR": 0.003321113038,
    "PAB": 0.9251242353,
    "PGK": 0.23937111630000002,
    "PYG": null,
    "PEN": 0.24747290190000001,
    "PHP": 0.0157891748,
    "PLN": 0.23307999999999998,
    "QAR": 0.254031932,
    "RON": 0.2009889538,
    "RUB": 0.01078635792,
    "RWF": 0.0007020341530000001,
    "SHP": 1.188211324,
    "WST": null,
    "STN": null,
    "SAR": 0.2465438559,
    "RSD": 0.00854320409,
    "SCR": 0.06967279406,
    "SLL": 0.00004746769265,
    "SGD": null,
    "SBD": 0.110529135,
    "SOS": 0.001619842303,
    "ZAR": 0.050547461489999994,
    "KRW": null,
    "SSP": null,
    "LKR": 0.003058934045,
    "SDG": 0.0015428356829999999,
    "SRD": 0.031897986909999995,
    "SZL": 0.05010454951,
    "SEK": 0.08576715876999999,
    "CHF": null,
    "SYP": null,
    "TJS": 0.08739362967,
    "TZS": 0.0003419334499,
    "THB": 0.02577842805,
    "TOP": null,
    "TTD": 0.136466207,
    "TND": 0.2974536032,
    "TRY": 0.027956009249999997,
    "TMT": 0.2647519632,
    "UGX": 0.0002485114873,
    "UAH": 0.022542449449999998,
    "AED": 0.2518152447,
    "GBP": 1.186777683,
    "USD": 0.9249299999999999,
    "UYU": 0.0229567626,
    "UZS": 0.00007346544825,
    "VUV": null,
    "VES": 0.02529698348,
    "VND": 0.0000365736,
    "XOF": 0.001532609749,
    "YER": 0.003694643059,
    "ZMW": 0.03498990766,
    "ZWL": null,
    "AFN": 0.01302715778096176,
    "ALL": 0.009974422548361546,
    "DZD": 0.006869725795499409,
    "AOA": 0.0010576651829025557,
    "ARS": 0.0009921648739901002,
    "AMD": 0.0023815031733052296,
    "AWG": 0.5138490013601582,
    "AUD": 0.6046993709714569,
    "AZN": 0.5440754132048735,
    "BSD": 0.924603667343548,
    "BHD": 2.4542367462567585,
    "BDT": 0.007868936752098874,
    "BBD": 0.4579058773763877,
    "BYN": 0.28252926469908296,
    "BZD": 0.4586943219613765,
    "BMD": 0.9249282024482848,
    "BTN": 0.011043817298877358,
    "BOB": 0.13380322924055854,
    "BAM": 0.5121296682821421,
    "BWP": 0.06805155857467232,
    "BRL": 0.16438784369044848,
    "BND": 0.6878528423697277,
    "BGN": 0.5113222175789733,
    "BIF": 0.00032143464903455673,
    "CVE": 0.009045752595272552,
    "KHR": 0.00022512552088411767,
    "XAF": 0.0015270070971473884,
    "CAD": 0.667817538892024,
    "KYD": 1.1094969115743851,
    "CLP": 0.0009679463032949782,
    "CNY": 0.12755378608011425,
    "COP": 0.0002263669350048384,
    "KMF": 0.0020305778319391547,
    "CDF": 0.00032227552924458036,
    "CRC": 0.0017471639404629013,
    "HRK": null,
    "CUP": 0.038524078687951734,
    "CZK": 0.039326458235237255,
    "DKK": 0.13400218289555937,
    "DJF": 0.0052044270151051925,
    "DOP": 0.01581078237490505,
    "EGP": 0.019092033980881076,
    "ERN": null,
    "ETB": 0.016071777044864385,
    "EUR": 1
  }
}