{
  "meta": {
    "code": "EUR",
    "createdAt": "2024-08-15T15:04:19Z"
  },
  "data": {
    "FJD": 0.4064688212,
    "GMD": 0.01300514259,
    "GEL": 0.3384659306,
    "GHS": 0.05836338897999999,
    "GIP": null,
    "GTQ": 0.11762843490000001,
    "GNF": 0.0001056090428,
    "GYD": 0.004360631682,
    "HTG": 0.006904361415,
    "HNL": 0.036765016049999995,
    "HKD": 0.116776429,
    "HUF": 0.002529296885,
    "ISK": 0.0065668325179999995,
    "INR": 0.010842369389999999,
    "IDR": 0.00005784463854,
    "IRR": 0.00002162118473,
    "IQD": 0.0006953474427,
    "ILS": 0.24695763580000002,
    "JMD": 0.005795897065,
    "JPY": 0.0061113982539999995,
    "JOD": 1.284927622,
    "KZT": 0.001900400169,
    "KES": 0.006990972155,
    "KWD": null,
    "KGS": 0.0106226367,
    "LAK": 0.00004123867074,
    "LBP": 0.00001016726462,
    "LSL": 0.0505985826,
    "LRD": 0.004669061104,
    "LYD": 0.18990300770000001,
    "MOP": 0.1134879355,
    "MKD": 0.01621252841,
    "MGA": 0.0001984846073,
    "MWK": 0.0005250637854,
    "MYR": 0.2052672445,
    "MVR": 0.059119898139999995,
    "MRU": 0.02299792489,
    "MUR": 0.01971400056,
    "MXN": 0.04880399904,
    "MDL": 0.051890966069999996,
    "MNT": null,
    "MAD": 0.09330161293,
    "MZN": 0.014248108079999999,
    "MMK": 0.0002802977501,
    "NAD": 0.0505985826,
    "NPR": 0.006779181453,
    "ANG": 0.5055196307000001,
    "TWD": 0.02810116,
    "NZD": 0.5470499999999999,
    "NIO": 0.02473745807,
    "NGN": 0.000572593071,
    "KPW": null,
    "NOK": 0.0850663143,
    "OMR": 2.364835799,
    "PKR": 0.003267901995,
    "PAB": 0.9109581065000001,
    "PGK": 0.2310613847,
    "PYG": 0.00012034440290000001,
    "PEN": 0.2436313625,
    "PHP": 0.01590330643,
    "PLN": 0.2333402889,
    "QAR": 0.2495682206,
    "RON": 0.200949407,
    "RUB": null,
    "RWF": 0.0006897992537,
    "SHP": 1.1679463620000001,
    "WST": null,
    "STN": null,
    "SAR": 0.24259064800000002,
    "RSD": 0.008545413494,
    "SCR": 0.06714199956,
    "SLL": 0.00004746769265,
    "SGD": 0.6894211811000001,
    "SBD": 0.1069673,
    "SOS": 0.001599674578,
    "ZAR": 0.050547757199999994,
    "KRW": 0.0006678358173,
    "SSP": null,
    "LKR": 0.003045871563,
    "SDG": 0.001513482876,
    "SRD": 0.031709363649999996,
    "SZL": 0.050581085479999996,
    "SEK": null,
    "CHF": 1.045098742,
    "SYP": null,
    "TJS": 0.08570150888,
    "TZS": 0.000335802281,
    "THB": 0.025936183709999998,
    "TOP": 0.38417192,
    "TTD": 0.1340709931,
    "TND": 0.296727891,
    "TRY": 0.027085,
    "TMT": 0.2598363167,
    "UGX": 0.0002445309802,
    "UAH": 0.022137934199999997,
    "AED": 0.2478518916,
    "GBP": 1.170458955,
    "USD": null,
    "UYU": 0.0226042388,
    "UZS": 0.00007213073595,
    "VUV": null,
    "VES": 0.024894176549999997,
    "VND": 0.00003634897151,
    "XOF": 0.0015282486419999999,
    "YER": 0.003636001509,
    "ZMW": 0.0346520978,
    "ZWL": null,
    "AFN": 0.012835460116984143,
    "ALL": 0.010036258239039381,
    "DZD": 0.006774321565582567,
    "AOA": 0.0010342979243387897,
    "ARS": 0.0009674314212051293,
    "AMD": 0.002344421948145089,
    "AWG": 0.5056918142148957,
    "AUD": 0.603360112466325,
    "AZN": 0.5354383915216543,
    "BSD": 0.9103734465128052,
    "BHD": 2.4150208465831136,
    "BDT": 0.007747777079854574,
    "BBD": 0.4508704734628309,
    "BYN": 0.27821068357062984,
    "BZD": 0.45163846794447376,
    "BMD": 0.9103612768727269,
    "BTN": 0.010845258206989615,
    "BOB": 0.13176247139173713,
    "BAM": 0.5125610830511226,
    "BWP": 0.06782928682495104,
    "BRL": 0.16642497887579394,
    "BND": 0.6910103929573154,
    "BGN": 0.5116332254160209,
    "BIF": 0.0003157575684094187,
    "CVE": 0.00909134854190302,
    "KHR": 0.00022237110268983693,
    "XAF": 0.0015282233546871444,
    "CAD": 0.6645045579972411,
    "KYD": 1.092587368596514,
    "CLP": 0.0009755682597067758,
    "CNY": 0.12713599597640002,
    "COP": 0.00022677562777796999,
    "KMF": 0.0020368302426791354,
    "CDF": 0.00031708856735378855,
    "CRC": 0.0017310463882402691,
    "HRK": null,
    "CUP": 0.03793774249833458,
    "CZK": 0.039670654228594206,
    "DKK": 0.1340300213844899,
    "DJF": 0.005112970204916204,
    "DOP": 0.015230431591267763,
    "EGP": 0.018609145872204753,
    "ERN": null,
    "ETB": 0.008257589676806636,
    "EUR": 1
  }
}