{
  "meta": {
    "code": "EUR",
    "createdAt": "2024-08-01T10:04:21Z"
  },
  "data": {
    "FJD": 0.4108769144,
    "GMD": 0.01334834513,
    "GEL": 0.3417269881,
    "GHS": 0.059628049999999995,
    "GIP": null,
    "GTQ": 0.1197072453,
    "GNF": 0.0001076229691,
    "GYD": 0.004440552565,
    "HTG": 0.007025327035,
    "HNL": null,
    "HKD": 0.1186986,
    "HUF": 0.002526953,
    "ISK": 0.006679939488,
    "INR": null,
    "IDR": 0.000057085899999999995,
    "IRR": 0.0000220332498,
    "IQD": 0.0007081537911000001,
    "ILS": 0.24467239999999998,
    "JMD": 0.0059301607409999995,
    "JPY": null,
    "JOD": 1.309231665,
    "KZT": 0.001954280488,
    "KES": 0.007163783763,
    "KWD": 3.03540218,
    "KGS": 0.011040223049999999,
    "LAK": 0.00004178873869,
    "LBP": 0.00001033478217,
    "LSL": 0.05086129348,
    "LRD": 0.004624733522,
    "LYD": 0.1918738341,
    "MOP": 0.1152890265,
    "MKD": 0.016305690709999997,
    "MGA": 0.0002032223435,
    "MWK": 0.0005345491181,
    "MYR": null,
    "MVR": 0.060400350029999994,
    "MRU": 0.023309296349999998,
    "MUR": 0.01989574287,
    "MXN": 0.04964337,
    "MDL": 0.0524898318,
    "MNT": null,
    "MAD": 0.09356261494,
    "MZN": 0.01452522968,
    "MMK": 0.0002856397752,
    "NAD": 0.05088919343,
    "NPR": 0.0069334614789999995,
    "ANG": 0.515265905,
    "TWD": 0.02829850774,
    "NZD": 0.551345,
    "NIO": 0.025154826029999997,
    "NGN": 0.0005585014399,
    "KPW": null,
    "NOK": 0.08507796481999999,
    "OMR": 2.410268507,
    "PKR": 0.003325125363,
    "PAB": 0.9277461806,
    "PGK": 0.2360585184,
    "PYG": 0.000122484438,
    "PEN": 0.24863555710000002,
    "PHP": 0.01591201698,
    "PLN": 0.232798063,
    "QAR": 0.2531317,
    "RON": 0.2009555305,
    "RUB": 0.01082043835,
    "RWF": 0.0007041442099,
    "SHP": 1.189741689,
    "WST": null,
    "STN": null,
    "SAR": 0.24724790700000002,
    "RSD": 0.008543786713,
    "SCR": 0.06842929971,
    "SLL": 0.00004746769265,
    "SGD": 0.6931666361000001,
    "SBD": 0.109933635,
    "SOS": 0.001624710954,
    "ZAR": 0.05090092432,
    "KRW": 0.0006785107,
    "SSP": null,
    "LKR": 0.003068140138,
    "SDG": 0.00154232743,
    "SRD": 0.03201042017,
    "SZL": null,
    "SEK": 0.08673569,
    "CHF": 1.057858435,
    "SYP": null,
    "TJS": 0.08748604021999999,
    "TZS": 0.0003435962959,
    "THB": 0.02604508,
    "TOP": 0.389916513,
    "TTD": 0.1368760032,
    "TND": 0.2979362373,
    "TRY": 0.028005000000000002,
    "TMT": null,
    "UGX": 0.0002492227975,
    "UAH": null,
    "AED": 0.252574892,
    "GBP": 1.183655911,
    "USD": 0.9277099999999999,
    "UYU": 0.023025762199999997,
    "UZS": 0.00007393626049,
    "VUV": null,
    "VES": 0.02535402,
    "VND": 0.00003677516656,
    "XOF": 0.001535943672,
    "YER": 0.003705669872,
    "ZMW": 0.03559134366,
    "ZWL": null,
    "AFN": 0.013158983383000271,
    "ALL": 0.010002246129396434,
    "DZD": 0.006882185844659454,
    "AOA": 0.0010476660965573338,
    "ARS": 0.0009967923223068167,
    "AMD": 0.0023876636560869516,
    "AWG": 0.5153935158341773,
    "AUD": 0.6054569837949438,
    "AZN": 0.5457107814714818,
    "BSD": 0.9280380606375485,
    "BHD": 2.4614287954185916,
    "BDT": 0.007891353692100466,
    "BBD": 0.4596276582631112,
    "BYN": 0.28361880793949185,
    "BZD": 0.46040641099684165,
    "BMD": 0.9277083285015191,
    "BTN": 0.01108256103624765,
    "BOB": 0.1341824869133726,
    "BAM": 0.5135956458552686,
    "BWP": 0.06858202222869668,
    "BRL": 0.1639640029164933,
    "BND": 0.6932446641980732,
    "BGN": 0.5117673598928293,
    "BIF": 0.0003224008092618822,
    "CVE": null,
    "KHR": 0.00022585717068929616,
    "XAF": null,
    "CAD": 0.6707529391833715,
    "KYD": 1.1135839803650003,
    "CLP": 0.0009834711427517294,
    "CNY": 0.12806483154031897,
    "COP": 0.00022886599940981364,
    "KMF": 0.0020356757442508795,
    "CDF": 0.00032380744450314806,
    "CRC": 0.0017693481327056026,
    "HRK": null,
    "CUP": 0.038667064378561794,
    "CZK": 0.03923284102656652,
    "DKK": 0.13400954549992597,
    "DJF": 0.0052114639302881655,
    "DOP": 0.01561141486872416,
    "EGP": 0.01904491596460636,
    "ERN": null,
    "ETB": 0.01602664591431846,
    "EUR": 1
  }
}