{
  "meta": {
    "code": "EUR",
    "createdAt": "2024-08-22T11:04:03Z"
  },
  "data": {
    "FJD": 0.4052303841,
    "GMD": 0.01291129477,
    "GEL": 0.3317602733,
    "GHS": 0.057531377249999995,
    "GIP": null,
    "GTQ": 0.11617141190000001,
    "GNF": 0.00010431716780000001,
    "GYD": 0.004305923016,
    "HTG": 0.006823074215,
    "HNL": 0.03630021579,
    "HKD": 0.1150946996,
    "HUF": 0.002540086,
    "ISK": 0.006565225272,
    "INR": 0.01069234,
    "IDR": 0.00005755892544,
    "IRR": 0.00002131816795,
    "IQD": 0.0006866900954000001,
    "ILS": 0.2411035,
    "JMD": 0.005727604955,
    "JPY": 0.0061558527,
    "JOD": 1.266186346,
    "KZT": 0.001880970296,
    "KES": 0.0069560851949999995,
    "KWD": 2.936540452,
    "KGS": 0.01048179526,
    "LAK": 0.00004066758113,
    "LBP": 0.00001004046078,
    "LSL": 0.050513392,
    "LRD": 0.004610284,
    "LYD": 0.18813408950000002,
    "MOP": 0.1120620662,
    "MKD": 0.016254420000000002,
    "MGA": 0.0001970792632,
    "MWK": 0.0005185224274,
    "MYR": null,
    "MVR": 0.0583088283,
    "MRU": 0.022717255,
    "MUR": 0.01949529382,
    "MXN": 0.04638984,
    "MDL": 0.051500000000000004,
    "MNT": null,
    "MAD": null,
    "MZN": 0.01404313122,
    "MMK": 0.00027628738260000003,
    "NAD": 0.05050704784,
    "NPR": 0.0066988695909999995,
    "ANG": 0.4992018178,
    "TWD": null,
    "NZD": null,
    "NIO": 0.02443153365,
    "NGN": 0.0005703267435,
    "KPW": null,
    "NOK": 0.08512927411,
    "OMR": 2.3310519960000002,
    "PKR": 0.003217604618,
    "PAB": 0.8996483296000001,
    "PGK": 0.22795279170000002,
    "PYG": 0.0001186006772,
    "PEN": 0.23985459450000002,
    "PHP": 0.015901179999999997,
    "PLN": 0.23376,
    "QAR": 0.24661666880000002,
    "RON": null,
    "RUB": 0.009871806668,
    "RWF": 0.0006655867503,
    "SHP": 1.174028247,
    "WST": null,
    "STN": null,
    "SAR": 0.2391615827,
    "RSD": 0.008543118516,
    "SCR": 0.06778641775,
    "SLL": 0.00004746769265,
    "SGD": 0.6863488999999999,
    "SBD": 0.104988195,
    "SOS": 0.001579509705,
    "ZAR": 0.04997090813,
    "KRW": 0.0006713262844,
    "SSP": null,
    "LKR": 0.002994157435,
    "SDG": 0.00149182868,
    "SRD": 0.03112720245,
    "SZL": 0.05048849993,
    "SEK": 0.08784569,
    "CHF": 1.05374049,
    "SYP": null,
    "TJS": 0.08443523035,
    "TZS": 0.0003311199261,
    "THB": 0.02611991,
    "TOP": 0.38217497650000004,
    "TTD": 0.13262611300000002,
    "TND": 0.2949626199,
    "TRY": 0.026445,
    "TMT": 0.25651738760000004,
    "UGX": 0.0002417766861,
    "UAH": 0.02174873531,
    "AED": 0.2443163864,
    "GBP": 1.177150973,
    "USD": 0.897335,
    "UYU": 0.02228082805,
    "UZS": 0.00007122560669,
    "VUV": null,
    "VES": 0.0245175,
    "VND": 0.00003593297247,
    "XOF": 0.001524913152,
    "YER": 0.003584339152,
    "ZMW": 0.03464862586,
    "ZWL": null,
    "AFN": 0.012714366973476072,
    "ALL": 0.010031993680115247,
    "DZD": 0.006699321903881954,
    "AOA": 0.000996597971308028,
    "ARS": 0.000950699809987527,
    "AMD": 0.0023178648432635863,
    "AWG": 0.498575818175382,
    "AUD": 0.6044560500006044,
    "AZN": 0.5279038074798162,
    "BSD": 0.8992272841931155,
    "BHD": 2.381454790799465,
    "BDT": 0.007541584365953524,
    "BBD": 0.4453661877666021,
    "BYN": 0.27477723796952835,
    "BZD": 0.4461209204669836,
    "BMD": 0.8974364727156877,
    "BTN": 0.010717909177938348,
    "BOB": null,
    "BAM": 0.5115381962154039,
    "BWP": 0.06753461802064477,
    "BRL": 0.16365528252623643,
    "BND": 0.6880777948791639,
    "BGN": 0.5113767138352058,
    "BIF": 0.00031154563010155875,
    "CVE": 0.009072601043880413,
    "KHR": 0.0002200426515448803,
    "XAF": 0.0015250853475811388,
    "CAD": 0.6607201850016519,
    "KYD": 1.0790437430227082,
    "CLP": 0.0009796485824589835,
    "CNY": 0.1257142718943362,
    "COP": 0.00022285484795522414,
    "KMF": 0.0020308587298386235,
    "CDF": 0.00031204327980378574,
    "CRC": 0.0017284023920323079,
    "HRK": null,
    "CUP": null,
    "CZK": 0.03987018268517706,
    "DKK": 0.13400404395983417,
    "DJF": 0.005049670174253246,
    "DOP": 0.015050388793487968,
    "EGP": 0.018395120158859125,
    "ERN": null,
    "ETB": 0.00824357206540798,
    "EUR": 1
  }
}