{
  "meta": {
    "code": "EUR",
    "createdAt": "2024-08-23T08:05:55Z"
  },
  "data": {
    "FJD": null,
    "GMD": 0.01284842831,
    "GEL": 0.3331485361,
    "GHS": null,
    "GIP": null,
    "GTQ": 0.1159341591,
    "GNF": 0.000104106461,
    "GYD": 0.00429678356,
    "HTG": 0.006803003048,
    "HNL": 0.036225378589999996,
    "HKD": 0.1153335464,
    "HUF": 0.002542873,
    "ISK": 0.006565849015,
    "INR": 0.0107195,
    "IDR": 0.00005788141265,
    "IRR": 0.0000213606456,
    "IQD": 0.0006852232958,
    "ILS": 0.2425685,
    "JMD": 0.005730040671,
    "JPY": 0.006166442687,
    "JOD": 1.269086058,
    "KZT": 0.001871732221,
    "KES": 0.006972015427,
    "KWD": 2.9429039120000002,
    "KGS": 0.01051956223,
    "LAK": 0.00004065053928,
    "LBP": 0.00001001992411,
    "LSL": 0.04997928217,
    "LRD": 0.004601375924,
    "LYD": 0.1877407371,
    "MOP": 0.1117879712,
    "MKD": 0.01622929468,
    "MGA": null,
    "MWK": 0.0005174725807,
    "MYR": 0.2048303,
    "MVR": 0.05851841461,
    "MRU": 0.022658877299999998,
    "MUR": 0.01954512976,
    "MXN": 0.0461965,
    "MDL": 0.0515440409,
    "MNT": null,
    "MAD": 0.09295501442,
    "MZN": 0.01407533657,
    "MMK": 0.0002769201124,
    "NAD": 0.049979731869999995,
    "NPR": 0.006681549422,
    "ANG": 0.4981745493,
    "TWD": 0.028134071309999998,
    "NZD": 0.55329,
    "NIO": 0.02437779506,
    "NGN": 0.0005703713098000001,
    "KPW": null,
    "NOK": 0.08492759172,
    "OMR": 2.3364236490000003,
    "PKR": 0.003220181352,
    "PAB": 0.8977879165,
    "PGK": 0.227364263,
    "PYG": 0.0001183226691,
    "PEN": 0.2393243512,
    "PHP": 0.01594436883,
    "PLN": 0.233755,
    "QAR": 0.24638649999999998,
    "RON": 0.2009364,
    "RUB": 0.009829838035,
    "RWF": 0.0006778553131,
    "SHP": 1.176851815,
    "WST": null,
    "STN": null,
    "SAR": 0.2396752482,
    "RSD": 0.008543162696,
    "SCR": 0.062286705819999996,
    "SLL": null,
    "SGD": 0.6876241275,
    "SBD": 0.10684753200000001,
    "SOS": 0.00157618727,
    "ZAR": 0.05008298184,
    "KRW": 0.0006726899000000001,
    "SSP": null,
    "LKR": 0.002979805883,
    "SDG": 0.001495245138,
    "SRD": 0.031220146419999997,
    "SZL": null,
    "SEK": 0.08764942107,
    "CHF": 1.056313768,
    "SYP": null,
    "TJS": 0.08418155491,
    "TZS": 0.0003318782287,
    "THB": null,
    "TOP": 0.382330689,
    "TTD": 0.1322305662,
    "TND": 0.295770922,
    "TRY": 0.02645555685,
    "TMT": 0.2567052428,
    "UGX": 0.0002415335229,
    "UAH": 0.021719279169999998,
    "AED": 0.2448755662,
    "GBP": 1.179873765,
    "USD": 0.8993899999999999,
    "UYU": 0.022291381149999998,
    "UZS": 0.000070961871,
    "VUV": null,
    "VES": 0.02454044,
    "VND": 0.000036012,
    "XOF": 0.001524586568,
    "YER": null,
    "ZMW": 0.03447806168,
    "ZWL": null,
    "AFN": 0.012649189904243725,
    "ALL": 0.0100123750943679,
    "DZD": 0.0067098351110425275,
    "AOA": 0.000998740142243787,
    "ARS": 0.0009514620412153985,
    "AMD": 0.002312818809887279,
    "AWG": 0.49895450644426365,
    "AUD": 0.6046866005192335,
    "AZN": 0.5290385280243611,
    "BSD": 0.8972148738429935,
    "BHD": 2.386398275910865,
    "BDT": 0.0075084780233879945,
    "BBD": 0.44438149987876696,
    "BYN": 0.2741702169703752,
    "BZD": 0.44513700977298704,
    "BMD": 0.8993654976414139,
    "BTN": 0.010689023966013489,
    "BOB": 0.12984341785828513,
    "BAM": null,
    "BWP": 0.06720218501937036,
    "BRL": 0.16081060985100715,
    "BND": 0.6863577898338308,
    "BGN": 0.5116717857834123,
    "BIF": 0.0003106978248414392,
    "CVE": 0.009069632195505167,
    "KHR": 0.00021964431536695798,
    "XAF": 0.0015245586386085424,
    "CAD": 0.6617312049129401,
    "KYD": 1.0767064850232075,
    "CLP": null,
    "CNY": 0.12599861271495444,
    "COP": 0.00022100147382744675,
    "KMF": 0.00202948323983454,
    "CDF": 0.00031282278178831793,
    "CRC": 0.0017062702578066764,
    "HRK": null,
    "CUP": 0.03738592356967366,
    "CZK": 0.039871500930655654,
    "DKK": 0.13402391388695487,
    "DJF": 0.005038727518623772,
    "DOP": 0.015017944037249877,
    "EGP": 0.01843755504877764,
    "ERN": null,
    "ETB": 0.008212753521870165,
    "EUR": 1
  }
}