{
  "meta": {
    "code": "EUR",
    "createdAt": "2024-08-07T09:33:08Z"
  },
  "data": {
    "FJD": 0.40792386210000003,
    "GMD": null,
    "GEL": 0.3387608704,
    "GHS": 0.0591141761,
    "GIP": null,
    "GTQ": 0.118539774,
    "GNF": 0.0001065234427,
    "GYD": 0.0043973098399999995,
    "HTG": 0.006957755802,
    "HNL": 0.0370955941,
    "HKD": 0.11751657530000001,
    "HUF": null,
    "ISK": 0.006627151659,
    "INR": 0.010911593709999999,
    "IDR": null,
    "IRR": 0.00002176801056,
    "IQD": 0.0007011209161000001,
    "ILS": null,
    "JMD": 0.005855428932,
    "JPY": 0.006213000000000001,
    "JOD": null,
    "KZT": null,
    "KES": 0.007102868139,
    "KWD": 2.9954011630000004,
    "KGS": 0.01083254801,
    "LAK": null,
    "LBP": 0.0000102520534,
    "LSL": 0.04955663704,
    "LRD": 0.004572962,
    "LYD": 0.1912706294,
    "MOP": null,
    "MKD": 0.0162513862,
    "MGA": 0.0002021316359,
    "MWK": null,
    "MYR": 0.2047003,
    "MVR": 0.05946508003,
    "MRU": 0.02317744456,
    "MUR": 0.019735090549999997,
    "MXN": null,
    "MDL": 0.0518700447,
    "MNT": null,
    "MAD": 0.09339338529999999,
    "MZN": 0.01434165961,
    "MMK": null,
    "NAD": 0.04955663704,
    "NPR": 0.006835892808,
    "ANG": 0.5097194433,
    "TWD": 0.02805438234,
    "NZD": 0.5513155999,
    "NIO": 0.02494638534,
    "NGN": null,
    "KPW": null,
    "NOK": 0.08493287000000001,
    "OMR": 2.380266964,
    "PKR": 0.003294456115,
    "PAB": 0.9185799166,
    "PGK": 0.2335207554,
    "PYG": 0.0001212721828,
    "PEN": 0.24659675290000002,
    "PHP": 0.015888707289999998,
    "PLN": 0.23172468300000001,
    "QAR": 0.2509687,
    "RON": 0.20097631100000002,
    "RUB": 0.01066912118,
    "RWF": 0.000691833695,
    "SHP": 1.163983594,
    "WST": null,
    "STN": null,
    "SAR": 0.2440695,
    "RSD": null,
    "SCR": null,
    "SLL": 0.00004746769265,
    "SGD": 0.6900558747000001,
    "SBD": 0.107661725,
    "SOS": 0.001613089669,
    "ZAR": null,
    "KRW": 0.0006659326663,
    "SSP": null,
    "LKR": 0.003038689423,
    "SDG": 0.001523308312,
    "SRD": 0.03190910641,
    "SZL": 0.049571828789999994,
    "SEK": 0.08780194,
    "CHF": 1.06371067,
    "SYP": null,
    "TJS": 0.08698857554,
    "TZS": 0.0003391080634,
    "THB": 0.025674620000000002,
    "TOP": 0.385108281,
    "TTD": 0.1354076633,
    "TND": null,
    "TRY": 0.02728733608,
    "TMT": 0.26227312480000003,
    "UGX": 0.0002465109901,
    "UAH": 0.02238681258,
    "AED": null,
    "GBP": 1.164125616,
    "USD": 0.9162699999999999,
    "UYU": null,
    "UZS": null,
    "VUV": null,
    "VES": 0.02501988,
    "VND": 0.00003641412745,
    "XOF": 0.001526716562,
    "YER": null,
    "ZMW": 0.035343685859999995,
    "ZWL": null,
    "AFN": 0.012932354267416787,
    "ALL": 0.009995237359355404,
    "DZD": 0.006797228945942914,
    "AOA": 0.0010392026171299495,
    "ARS": 0.0009794405631391463,
    "AMD": null,
    "AWG": 0.5089206150000279,
    "AUD": 0.6010124114171562,
    "AZN": 0.5388571217647354,
    "BSD": 0.9178794656234621,
    "BHD": 2.4307139966678406,
    "BDT": 0.007811714513796931,
    "BBD": 0.4545868762949921,
    "BYN": null,
    "BZD": null,
    "BMD": 0.9160571070000503,
    "BTN": 0.010933341295050775,
    "BOB": 0.1328228055741342,
    "BAM": 0.5119273350846387,
    "BWP": null,
    "BRL": 0.16196954972465177,
    "BND": 0.6915818526819447,
    "BGN": 0.5116522619337833,
    "BIF": null,
    "CVE": 0.009080680579283929,
    "KHR": null,
    "XAF": 0.001526361429632566,
    "CAD": 0.6659569678692625,
    "KYD": 1.1014038392997825,
    "CLP": null,
    "CNY": null,
    "COP": 0.0002212961692081603,
    "KMF": 0.0020324144570646576,
    "CDF": 0.0003192023750622992,
    "CRC": 0.0017359332355175346,
    "HRK": null,
    "CUP": 0.038246581976497815,
    "CZK": 0.03955915090762255,
    "DKK": 0.13396860549421943,
    "DJF": null,
    "DOP": null,
    "EGP": 0.01861200525257515,
    "ERN": null,
    "ETB": 0.011404544112158556,
    "EUR": 1
  }
}