{
  "meta": {
    "code": "EUR",
    "createdAt": "2024-07-26T08:04:50Z"
  },
  "data": {
    "FJD": null,
    "GMD": 0.01360295147,
    "GEL": 0.3413754777,
    "GHS": 0.059471004669999994,
    "GIP": null,
    "GTQ": 0.1189110988,
    "GNF": 0.0001069704806,
    "GYD": 0.004414200422,
    "HTG": 0.006983693107,
    "HNL": 0.03724011417,
    "HKD": 0.1180612915,
    "HUF": 0.0025511540000000004,
    "ISK": 0.00668795351,
    "INR": 0.01100738764,
    "IDR": 0.00005647822848,
    "IRR": 0.00002188813639,
    "IQD": 0.0007040069222,
    "ILS": 0.2504979,
    "JMD": 0.005889601843,
    "JPY": 0.00598652928,
    "JOD": 1.3004255230000001,
    "KZT": 0.0019414158329999999,
    "KES": 0.006981818111999999,
    "KWD": 3.0133509120000004,
    "KGS": 0.01094536765,
    "LAK": 0.00004159355904,
    "LBP": 0.0000102938112,
    "LSL": 0.049873204219999995,
    "LRD": 0.004717505064,
    "LYD": 0.190612224,
    "MOP": 0.1147210444,
    "MKD": null,
    "MGA": 0.0002029205606,
    "MWK": 0.0005315938099000001,
    "MYR": 0.1980019814,
    "MVR": 0.06004163174,
    "MRU": 0.02328976465,
    "MUR": 0.01970130124,
    "MXN": 0.05025482,
    "MDL": 0.051925,
    "MNT": null,
    "MAD": 0.09372335616,
    "MZN": 0.01442402611,
    "MMK": 0.00028375852030000003,
    "NAD": 0.049873204219999995,
    "NPR": 0.006884010086,
    "ANG": 0.5118114816,
    "TWD": 0.02808960307,
    "NZD": 0.543688704,
    "NIO": 0.02504887603,
    "NGN": 0.0005918885038,
    "KPW": null,
    "NOK": 0.0837825795,
    "OMR": 2.394066124,
    "PKR": 0.0033111843839999998,
    "PAB": 0.9222552576,
    "PGK": null,
    "PYG": 0.0001215734169,
    "PEN": 0.2464142745,
    "PHP": 0.01578271334,
    "PLN": 0.233765,
    "QAR": 0.2527117977,
    "RON": 0.20123172860000002,
    "RUB": 0.01079562,
    "RWF": 0.0007034219827,
    "SHP": 1.1895552,
    "WST": null,
    "STN": null,
    "SAR": 0.2456543324,
    "RSD": 0.008540371169,
    "SCR": 0.06586753535999999,
    "SLL": 0.00004746769265,
    "SGD": 0.6861934,
    "SBD": 0.1087488,
    "SOS": 0.001619595878,
    "ZAR": 0.05052437913,
    "KRW": 0.0006648322,
    "SSP": null,
    "LKR": 0.003038552985,
    "SDG": 0.001572696207,
    "SRD": 0.03184739758,
    "SZL": 0.0498852864,
    "SEK": 0.08527794277999999,
    "CHF": 1.0440336380000002,
    "SYP": null,
    "TJS": 0.08680941158,
    "TZS": 0.0003413333329,
    "THB": 0.0255415,
    "TOP": 0.38651904000000004,
    "TTD": 0.1356715929,
    "TND": 0.2970127503,
    "TRY": 0.027867902969999997,
    "TMT": 0.25344,
    "UGX": 0.000246713518,
    "UAH": 0.02236642099,
    "AED": 0.25091376530000004,
    "GBP": 1.1856890880000002,
    "USD": 0.9216,
    "UYU": 0.022892543999999997,
    "UZS": 0.00007301505024,
    "VUV": null,
    "VES": null,
    "VND": 0.00003642909696,
    "XOF": 0.001524947558,
    "YER": 0.003681263923,
    "ZMW": 0.0353052334,
    "ZWL": null,
    "AFN": 0.013019212924459091,
    "ALL": 0.00996911751821531,
    "DZD": 0.006851411370427874,
    "AOA": 0.001056216985888385,
    "ARS": 0.0009916326040867163,
    "AMD": 0.0023762708473226628,
    "AWG": 0.5120516475773812,
    "AUD": 0.6046095431570292,
    "AZN": 0.5421723327289919,
    "BSD": 0.9218586242186317,
    "BHD": 2.445394005826639,
    "BDT": 0.007845664432640918,
    "BBD": 0.45659557803026546,
    "BYN": 0.28174749145966016,
    "BZD": 0.4573679708354885,
    "BMD": null,
    "BTN": 0.01101358450844851,
    "BOB": 0.1334223738040808,
    "BAM": 0.5115046218012882,
    "BWP": 0.06766780090915764,
    "BRL": 0.1632784200320188,
    "BND": 0.6868965971010008,
    "BGN": 0.5115017833174642,
    "BIF": 0.00032000394613506186,
    "CVE": 0.009072781310938584,
    "KHR": 0.00022455587705784362,
    "XAF": 0.0015250944495224725,
    "CAD": null,
    "KYD": 1.1062710886860458,
    "CLP": 0.00097313276389769,
    "CNY": 0.1271257814262877,
    "COP": 0.00022862283657181849,
    "KMF": 0.002029155078736939,
    "CDF": 0.00032170784140987305,
    "CRC": 0.0017435545321751382,
    "HRK": null,
    "CUP": 0.0384119560870139,
    "CZK": 0.0394123616872432,
    "DKK": null,
    "DJF": 0.005176985888357021,
    "DOP": 0.015563963967374576,
    "EGP": 0.019068418133542788,
    "ERN": null,
    "ETB": 0.015946967937125137,
    "EUR": 1
  }
}