{
  "meta": {
    "code": "EUR",
    "createdAt": "2024-07-29T18:05:11Z"
  },
  "data": {
    "FJD": 0.4084281925,
    "GMD": 0.0136359404,
    "GEL": null,
    "GHS": 0.059586276609999995,
    "GIP": null,
    "GTQ": 0.1192355033,
    "GNF": 0.00010717049530000001,
    "GYD": 0.0044232914929999995,
    "HTG": 0.0069972796459999995,
    "HNL": 0.0373190077,
    "HKD": 0.11828549999999999,
    "HUF": null,
    "ISK": null,
    "INR": 0.011030580659999999,
    "IDR": 0.00005669316721,
    "IRR": 0.00002194121797,
    "IQD": 0.0007053323173,
    "ILS": 0.2485669157,
    "JMD": null,
    "JPY": 0.005998460655,
    "JOD": 1.3035792240000001,
    "KZT": 0.001946071361,
    "KES": 0.007079195356,
    "KWD": 3.020580154,
    "KGS": 0.01099410857,
    "LAK": 0.00004164611226,
    "LBP": 0.00001031350917,
    "LSL": 0.05028792352,
    "LRD": null,
    "LYD": null,
    "MOP": 0.1148529224,
    "MKD": 0.01624793882,
    "MGA": 0.0002023650405,
    "MWK": 0.0005326112018,
    "MYR": 0.1989366,
    "MVR": 0.06018724051,
    "MRU": 0.023334545919999998,
    "MUR": 0.01985524658,
    "MXN": 0.04954335871,
    "MDL": 0.0522521076,
    "MNT": null,
    "MAD": 0.09372647893,
    "MZN": null,
    "MMK": 0.0002844353731,
    "NAD": 0.05028792352,
    "NPR": 0.006894454039,
    "ANG": 0.5127904143,
    "TWD": 0.02809776897,
    "NZD": 0.542785,
    "NIO": 0.02509223624,
    "NGN": 0.0005702685179,
    "KPW": null,
    "NOK": null,
    "OMR": 2.3998166160000003,
    "PKR": 0.003316332995,
    "PAB": 0.9240539488,
    "PGK": 0.23539297320000002,
    "PYG": 0.0001219867763,
    "PEN": 0.2473167268,
    "PHP": 0.01576133645,
    "PLN": 0.232815,
    "QAR": 0.2537660189,
    "RON": 0.2010393373,
    "RUB": 0.010692430000000001,
    "RWF": null,
    "SHP": 1.192440026,
    "WST": null,
    "STN": null,
    "SAR": 0.2462566353,
    "RSD": 0.008541811668,
    "SCR": 0.06736536456,
    "SLL": 0.00004746769265,
    "SGD": 0.6876586146,
    "SBD": 0.10901253000000001,
    "SOS": 0.001622779922,
    "ZAR": 0.050083,
    "KRW": 0.0006683220922,
    "SSP": null,
    "LKR": 0.003051388203,
    "SDG": 0.0015765102,
    "SRD": 0.032018125609999996,
    "SZL": 0.050302714119999994,
    "SEK": 0.085291,
    "CHF": 1.0425773600000001,
    "SYP": null,
    "TJS": 0.0870197417,
    "TZS": 0.0003421611107,
    "THB": 0.02566671,
    "TOP": 0.387456399,
    "TTD": 0.1360494851,
    "TND": 0.2976273951,
    "TRY": 0.027955,
    "TMT": 0.25405462500000003,
    "UGX": 0.0002479921425,
    "UAH": 0.02251243624,
    "AED": 0.2515171274,
    "GBP": 1.18827353,
    "USD": 0.923835,
    "UYU": 0.022938823049999998,
    "UZS": 0.00007330104139,
    "VUV": null,
    "VES": 0.025268707199999997,
    "VND": 0.0000365372,
    "XOF": 0.00152566731,
    "YER": 0.003690191467,
    "ZMW": 0.03528452902,
    "ZWL": null,
    "AFN": 0.013054735665936791,
    "ALL": 0.009982802974713566,
    "DZD": 0.006860477309421346,
    "AOA": 0.0010586759367589588,
    "ARS": 0.0009915091341916374,
    "AMD": 0.0023831774402436963,
    "AWG": 0.5132437415058161,
    "AUD": 0.6045368694156998,
    "AZN": 0.5434345498296875,
    "BSD": 0.9235662833394649,
    "BHD": 2.4510935665962346,
    "BDT": 0.007860323324747487,
    "BBD": 0.45741406761458614,
    "BYN": 0.2822188026459774,
    "BZD": 0.4581994749768968,
    "BMD": 0.9238387347104688,
    "BTN": 0.01102966967487811,
    "BOB": 0.13365065011046215,
    "BAM": 0.5116964286024959,
    "BWP": 0.0679275206860409,
    "BRL": 0.16406352539703375,
    "BND": 0.687346257353336,
    "BGN": 0.5114196781969002,
    "BIF": 0.0003206970528494687,
    "CVE": 0.009076097650384468,
    "KHR": 0.00022519711474177723,
    "XAF": 0.0015256731636273911,
    "CAD": 0.666831151684082,
    "KYD": 1.1082790961058646,
    "CLP": 0.0009687601427067779,
    "CNY": 0.12724443273795663,
    "COP": 0.0002272073542432798,
    "KMF": 0.002033879101129328,
    "CDF": 0.00032245680094606245,
    "CRC": null,
    "HRK": null,
    "CUP": 0.03848250552146316,
    "CZK": 0.03936924634409226,
    "DKK": 0.13401582137609688,
    "DJF": 0.005198282324501851,
    "DOP": 0.015602993506265183,
    "EGP": 0.01911902084453867,
    "ERN": null,
    "ETB": 0.01597522672260625,
    "EUR": 1
  }
}