{
  "meta": {
    "code": "EUR",
    "createdAt": "2024-08-12T13:07:01Z"
  },
  "data": {
    "FJD": 0.4083927952,
    "GMD": 0.013175395489999998,
    "GEL": 0.34044759,
    "GHS": 0.058778782079999994,
    "GIP": null,
    "GTQ": 0.1181903059,
    "GNF": 0.00010620346600000001,
    "GYD": 0.004384904267,
    "HTG": 0.0069462192249999995,
    "HNL": 0.03697366672,
    "HKD": 0.1175145,
    "HUF": 0.0025441640000000002,
    "ISK": 0.00661769163,
    "INR": 0.01090595946,
    "IDR": 0.00005735699022,
    "IRR": 0.00002175423138,
    "IQD": 0.0006991172278,
    "ILS": 0.24301011590000002,
    "JMD": 0.005825007183,
    "JPY": 0.006196291092,
    "JOD": 1.291903983,
    "KZT": 0.001908004939,
    "KES": null,
    "KWD": 2.9893487540000003,
    "KGS": 0.010722364529999999,
    "LAK": 0.00004132875246,
    "LBP": 0.00001022312943,
    "LSL": 0.050222657129999994,
    "LRD": 0.004684590000000001,
    "LYD": 0.19054822130000001,
    "MOP": 0.1140829784,
    "MKD": 0.01625550286,
    "MGA": 0.0002004398709,
    "MWK": 0.0005279461973,
    "MYR": 0.2058976,
    "MVR": 0.05942743856,
    "MRU": 0.02308454398,
    "MUR": 0.0197438697,
    "MXN": 0.04852203,
    "MDL": 0.051970608609999996,
    "MNT": null,
    "MAD": 0.09332172222,
    "MZN": 0.01432928484,
    "MMK": 0.00028193884490000003,
    "NAD": 0.050222657129999994,
    "NPR": 0.006815517297,
    "ANG": 0.5082887138000001,
    "TWD": 0.02819292,
    "NZD": 0.5516070775,
    "NIO": 0.02487397714,
    "NGN": 0.0005581918043000001,
    "KPW": null,
    "NOK": 0.08497816,
    "OMR": 2.378774903,
    "PKR": 0.003286018578,
    "PAB": 0.9159134283,
    "PGK": 0.2359032627,
    "PYG": 0.0001210116384,
    "PEN": 0.2455613198,
    "PHP": 0.015992214509999998,
    "PLN": 0.23210499999999998,
    "QAR": 0.2505468,
    "RON": 0.2009105447,
    "RUB": 0.010096250000000001,
    "RWF": 0.0006915067451,
    "SHP": 1.169290345,
    "WST": null,
    "STN": null,
    "SAR": 0.2439372612,
    "RSD": 0.008546770258,
    "SCR": 0.06753533325,
    "SLL": 0.00004746769265,
    "SGD": 0.6911399197,
    "SBD": 0.10795985100000001,
    "SOS": 0.0016086118519999999,
    "ZAR": null,
    "KRW": 0.0006680406,
    "SSP": null,
    "LKR": 0.0030601434949999997,
    "SDG": 0.001522344056,
    "SRD": 0.03180638684,
    "SZL": 0.050237418049999996,
    "SEK": 0.0870245,
    "CHF": 1.052689127,
    "SYP": null,
    "TJS": 0.08637567332,
    "TZS": 0.0003379083816,
    "THB": 0.025965616969999997,
    "TOP": 0.385963335,
    "TTD": 0.13469983030000002,
    "TND": 0.2968180748,
    "TRY": 0.027305,
    "TMT": 0.2621071056,
    "UGX": 0.0002454364197,
    "UAH": 0.022167041829999998,
    "AED": 0.24930301230000002,
    "GBP": 1.16915757,
    "USD": 0.91569,
    "UYU": 0.02271353478,
    "UZS": null,
    "VUV": null,
    "VES": 0.02500654158,
    "VND": 0.0000364405,
    "XOF": 0.001525016681,
    "YER": 0.003656923391,
    "ZMW": 0.034975466309999995,
    "ZWL": null,
    "AFN": 0.01292924037900922,
    "ALL": 0.010010250966470437,
    "DZD": 0.006802918007458595,
    "AOA": 0.0010293705936665865,
    "ARS": 0.0009774666222615311,
    "AMD": 0.0023582783265503234,
    "AWG": 0.5086806350369047,
    "AUD": 0.6038428559351715,
    "AZN": 0.5386030253331933,
    "BSD": 0.9153523686472553,
    "BHD": 2.4299882011509797,
    "BDT": 0.007790910030981544,
    "BBD": 0.45336146871637867,
    "BYN": 0.27973529215487614,
    "BZD": 0.4541313827112822,
    "BMD": 0.9156905405504397,
    "BTN": 0.010903180620386099,
    "BOB": 0.13248951345169804,
    "BAM": 0.5114415298094608,
    "BWP": 0.06774317109527385,
    "BRL": 0.1670907157789207,
    "BND": 0.6910981539022595,
    "BGN": 0.5113018822519377,
    "BIF": 0.000317544117756224,
    "CVE": null,
    "KHR": 0.00022333016859819082,
    "XAF": 0.001524941114467487,
    "CAD": 0.6666864756996903,
    "KYD": 1.0985017785360054,
    "CLP": 0.0009853551502117812,
    "CNY": 0.1275512662697367,
    "COP": 0.00022567294474363397,
    "KMF": 0.0020301308957996673,
    "CDF": null,
    "CRC": 0.0017290882220730363,
    "HRK": null,
    "CUP": null,
    "CZK": 0.039714210031483003,
    "DKK": 0.13400159812396348,
    "DJF": 0.005141059398111447,
    "DOP": 0.015332272558199436,
    "EGP": 0.018565830825703653,
    "ERN": null,
    "ETB": 0.008877813583647289,
    "EUR": 1
  }
}