{
  "meta": {
    "code": "GHS",
    "createdAt": "2024-08-23T09:04:10Z"
  },
  "data": {
    "GIP": null,
    "GTQ": 2.0123191840000003,
    "GNF": 0.00180702073,
    "GYD": 0.07469883249999999,
    "HTG": 0.11808265700000001,
    "HNL": 0.6273607779,
    "HKD": 2.001686464,
    "HUF": 0.0441189512,
    "ISK": 0.1140078867,
    "INR": 0.1860324831,
    "IDR": 0.00100131937,
    "IRR": 0.00037076593540000003,
    "IQD": 0.011893716169999999,
    "ILS": 4.217387059,
    "JMD": 0.09945878642999999,
    "JPY": 0.1069141794,
    "JOD": 22.02807387,
    "KZT": 0.03248846315,
    "KES": 0.12101627770000001,
    "KWD": 51.086263190000004,
    "KGS": 0.1825925772,
    "LAK": 0.0007055889366,
    "LBP": 0.0001739201428,
    "LSL": 0.8675119492000001,
    "LRD": 0.07986806579,
    "LYD": 3.258696919,
    "MOP": 1.940352013,
    "MKD": 0.28181173330000003,
    "MGA": 0.003418710694,
    "MWK": 0.00898199469,
    "MYR": 3.5674376440000004,
    "MVR": 1.0157293520000001,
    "MRU": 0.39329990260000003,
    "MUR": 0.339253244,
    "MXN": 0.8021451513000001,
    "MDL": 0.895921029,
    "MNT": null,
    "MAD": 1.613460262,
    "MZN": 0.24431168550000001,
    "MMK": 0.004806621784,
    "NAD": 0.8658402657000001,
    "NPR": 0.115974534,
    "ANG": null,
    "TWD": 0.4887634026,
    "NZD": 9.607305106,
    "NIO": 0.4231358993,
    "NGN": 0.009900180738,
    "KPW": null,
    "NOK": 1.472610674,
    "OMR": 40.55464046,
    "PKR": 0.055894076099999995,
    "PAB": 15.58329194,
    "PGK": 3.9464595410000003,
    "PYG": 0.002053777582,
    "PEN": 4.154055948,
    "PHP": 0.2764863187,
    "PLN": 4.058795455,
    "QAR": 4.271196647,
    "RON": 3.4891604660000004,
    "RUB": 0.1701466277,
    "RWF": 0.01176582692,
    "SHP": 20.42712435,
    "WST": null,
    "STN": null,
    "SAR": 4.160322868000001,
    "RSD": 0.1483507705,
    "SCR": 1.0812285320000001,
    "SLL": 0.0007698699750000001,
    "SGD": 11.9345442,
    "SBD": 1.85459868,
    "SOS": 0.027358562019999998,
    "ZAR": null,
    "KRW": null,
    "SSP": null,
    "LKR": 0.051721775459999994,
    "SDG": 0.02595361454,
    "SRD": 0.5419015420000001,
    "SZL": 0.8676660307,
    "SEK": null,
    "CHF": 18.31617579,
    "SYP": null,
    "TJS": 1.4611755430000002,
    "TZS": 0.005760553504,
    "THB": 0.4558052483,
    "TOP": 6.636278610000001,
    "TTD": 2.294280628,
    "TND": 5.133823415,
    "TRY": 0.4591080887,
    "TMT": 4.455743578,
    "UGX": 0.004192401493,
    "UAH": 0.3775961351,
    "AED": 4.25041078,
    "GBP": 20.49753041,
    "USD": 15.6111,
    "UYU": 0.3869211135,
    "UZS": 0.00123171579,
    "VUV": null,
    "VES": 0.4259423068,
    "VND": 0.0006249451163,
    "XOF": 0.02646362,
    "YER": 0.0623573525,
    "ZMW": 0.5984505818,
    "ZWL": null,
    "AFN": 0.21956299636028861,
    "ALL": 0.17379350715549094,
    "DZD": 0.11647409512998144,
    "AOA": 0.017336001733482286,
    "ARS": 0.01651513095133621,
    "AMD": 0.040145608668621366,
    "AWG": 8.660787556054338,
    "AUD": 10.498083145287776,
    "AZN": 9.182982093910372,
    "BSD": 15.573739307177467,
    "BHD": 41.43172928868705,
    "BDT": 0.13033118685319184,
    "BBD": 7.713516391301395,
    "BYN": 4.75901103617943,
    "BZD": null,
    "BMD": 15.611069559647634,
    "BTN": null,
    "BOB": 2.253805192049821,
    "BAM": 8.875553799276748,
    "BWP": null,
    "BRL": 2.7912797811465158,
    "BND": 11.913709412556457,
    "BGN": 8.87835023192053,
    "BIF": 0.00539305251076844,
    "CVE": 0.1574294982556999,
    "KHR": 0.0038125575145508423,
    "XAF": 0.026463090941974667,
    "CAD": 11.488399837562298,
    "KYD": 18.68933140026688,
    "CLP": 0.016976303922067358,
    "CNY": 2.187557916963075,
    "COP": 0.0038361148942972108,
    "KMF": null,
    "CDF": null,
    "CRC": 0.029617217637286725,
    "HRK": null,
    "CUP": 0.6489400081199138,
    "CZK": 0.6923851530032054,
    "DKK": 2.327068550718115,
    "DJF": null,
    "DOP": null,
    "EGP": 0.32003734328857025,
    "ERN": null,
    "ETB": 0.14255590951250185,
    "EUR": 17.363285518974003,
    "FJD": 7.045024398680748,
    "GMD": 0.22301527942353758,
    "GEL": 5.7818776146843085,
    "GHS": 1
  }
}