{
  "meta": {
    "code": "GHS",
    "createdAt": "2024-08-08T18:05:52Z"
  },
  "data": {
    "GIP": null,
    "GTQ": 2.012973005,
    "GNF": 0.001807536091,
    "GYD": 0.07464702464999999,
    "HTG": 0.11843953730000001,
    "HNL": 0.6249123662,
    "HKD": null,
    "HUF": 0.042941142769999996,
    "ISK": 0.11258756260000001,
    "INR": 0.1855796184,
    "IDR": 0.000976156937,
    "IRR": 0.0003702648073,
    "IQD": 0.011900763219999999,
    "ILS": 4.1147918610000005,
    "JMD": 0.09950481195,
    "JPY": 0.1057820475,
    "JOD": 21.99519827,
    "KZT": 0.03266706774,
    "KES": 0.12038610000000001,
    "KWD": 50.922739480000004,
    "KGS": 0.1830806973,
    "LAK": 0.0007027270605,
    "LBP": 0.0001739955312,
    "LSL": 0.8440714570000001,
    "LRD": 0.07975622621999999,
    "LYD": 3.244536858,
    "MOP": 1.9435429400000002,
    "MKD": 0.2765107878,
    "MGA": 0.003411378544,
    "MWK": 0.008993365884,
    "MYR": 3.4845801420000004,
    "MVR": 1.011776657,
    "MRU": 0.39170854050000004,
    "MUR": 0.3369627277,
    "MXN": 0.817262098,
    "MDL": 0.8873828,
    "MNT": null,
    "MAD": 1.5849536080000002,
    "MZN": 0.24401810980000002,
    "MMK": 0.004800125143,
    "NAD": 0.8440714570000001,
    "NPR": 0.11608253190000001,
    "ANG": 8.656844821,
    "TWD": 0.4802391929,
    "NZD": 9.3585211,
    "NIO": 0.4230090824,
    "NGN": 0.009750148447,
    "KPW": null,
    "NOK": 1.4374280730000002,
    "OMR": 40.49677108,
    "PKR": 0.055828109589999994,
    "PAB": 15.60052325,
    "PGK": 3.964903209,
    "PYG": 0.0020607828579999998,
    "PEN": 4.190296881,
    "PHP": 0.2716905157,
    "PLN": 3.9330779390000004,
    "QAR": 4.282086592000001,
    "RON": 3.417964072,
    "RUB": 0.1797276001,
    "RWF": 0.01182404233,
    "SHP": 19.8047565,
    "WST": null,
    "STN": null,
    "SAR": 4.1539269700000006,
    "RSD": 0.145373211,
    "SCR": 1.109818113,
    "SLL": 0.0007698699750000001,
    "SGD": 11.75727645,
    "SBD": 1.831825,
    "SOS": 0.0273029759,
    "ZAR": 0.8488131400000001,
    "KRW": 0.011334472529999999,
    "SSP": null,
    "LKR": 0.051804011,
    "SDG": 0.025918535569999998,
    "SRD": 0.5397171475,
    "SZL": 0.8440714570000001,
    "SEK": 1.480433415,
    "CHF": 17.98714958,
    "SYP": null,
    "TJS": 1.480888019,
    "TZS": 0.005785439178,
    "THB": 0.442269592,
    "TOP": 6.560272,
    "TTD": 2.2994626400000002,
    "TND": 5.042046086,
    "TRY": 0.4654810908,
    "TMT": 4.4624816,
    "UGX": 0.004180715735,
    "UAH": 0.3797466765,
    "AED": 4.244486785,
    "GBP": 19.86795836,
    "USD": 15.590000000000002,
    "UYU": 0.3856966,
    "UZS": 0.0012336300579999999,
    "VUV": null,
    "VES": 0.42555804740000003,
    "VND": 0.0006201281070000001,
    "XOF": 0.02596169805,
    "YER": 0.06227311693,
    "ZMW": 0.5979605301,
    "ZWL": null,
    "AFN": 0.2195774676893507,
    "ALL": 0.16951179958084414,
    "DZD": 0.11584790564473256,
    "AOA": 0.017685763138238778,
    "ARS": 0.01665155338655722,
    "AMD": 0.040129733601897616,
    "AWG": 8.66111122552439,
    "AUD": 10.26913174528884,
    "AZN": 9.17058835643759,
    "BSD": 15.592069274395003,
    "BHD": 41.36012520259162,
    "BDT": 0.13269711528021336,
    "BBD": 7.781790519448813,
    "BYN": 4.764983093008496,
    "BZD": 7.735145547159505,
    "BMD": 15.590000205943904,
    "BTN": 0.18570752729208054,
    "BOB": 2.2565437171078444,
    "BAM": 8.709653032045392,
    "BWP": 1.148361886957573,
    "BRL": null,
    "BND": 11.768320502612202,
    "BGN": 8.695894812063242,
    "BIF": 0.005409437963041602,
    "CVE": 0.15378545210202685,
    "KHR": 0.0037931873981837615,
    "XAF": 0.02596915452487979,
    "CAD": null,
    "KYD": 18.709285202003837,
    "CLP": 0.016661145235333973,
    "CNY": 2.1726406445141255,
    "COP": 0.0038150006622612253,
    "KMF": 0.03454847691217101,
    "CDF": 0.00544153585042167,
    "CRC": 0.029496683671484152,
    "HRK": null,
    "CUP": 0.6496447878400673,
    "CZK": 0.6732712697558637,
    "DKK": 2.27992644100049,
    "DJF": 0.08772226094955357,
    "DOP": 0.2607023446353743,
    "EGP": 0.3165765105148164,
    "ERN": null,
    "ETB": 0.1940768131957222,
    "EUR": 17.01593561070456,
    "FJD": 6.946796277500028,
    "GMD": 0.2243165497509705,
    "GEL": 5.763401185357914,
    "GHS": 1
  }
}