{
  "meta": {
    "code": "GHS",
    "createdAt": "2024-08-21T14:04:32Z"
  },
  "data": {
    "GIP": null,
    "GTQ": 2.0293187980000003,
    "GNF": 0.0018132734729999999,
    "GYD": 0.07484696721999999,
    "HTG": 0.1185881408,
    "HNL": 0.6341034086,
    "HKD": 2.006966423,
    "HUF": 0.04432330517,
    "ISK": 0.11403346190000001,
    "INR": 0.1863833013,
    "IDR": 0.001008636458,
    "IRR": 0.0003714991025,
    "IQD": 0.01193078106,
    "ILS": 4.201839833,
    "JMD": 0.09956267195999999,
    "JPY": 0.1071295062,
    "JOD": 22.07163305,
    "KZT": 0.03269711377,
    "KES": 0.1211739305,
    "KWD": 51.18457711,
    "KGS": 0.18271428950000002,
    "LAK": 0.0007069091144,
    "LBP": 0.0001745331012,
    "LSL": 0.8779693854,
    "LRD": 0.08014942456,
    "LYD": 3.2703261070000003,
    "MOP": 1.9477944150000002,
    "MKD": 0.2821303023,
    "MGA": 0.003425757234,
    "MWK": 0.00901336768,
    "MYR": 3.571227555,
    "MVR": 1.0151494620000001,
    "MRU": 0.393459177,
    "MUR": 0.33939117480000003,
    "MXN": 0.8119776503,
    "MDL": 0.9015249409,
    "MNT": null,
    "MAD": 1.6144812400000002,
    "MZN": 0.2449075756,
    "MMK": 0.004816126586,
    "NAD": 0.8779772064,
    "NPR": 0.11644506580000001,
    "ANG": 8.677601845,
    "TWD": 0.4900214688,
    "NZD": 9.615431798000001,
    "NIO": 0.4246730722,
    "NGN": 0.009927375539,
    "KPW": null,
    "NOK": 1.487950217,
    "OMR": 40.63602359,
    "PKR": 0.05593146138,
    "PAB": 15.546200950000001,
    "PGK": 3.9620828450000003,
    "PYG": 0.002061647622,
    "PEN": 4.169063649,
    "PHP": 0.277239684,
    "PLN": 4.056979549,
    "QAR": 4.286963903,
    "RON": 3.494553278,
    "RUB": 0.17117883720000002,
    "RWF": 0.01150252309,
    "SHP": 20.32674001,
    "WST": null,
    "STN": null,
    "SAR": 4.168747681,
    "RSD": 0.14857353140000001,
    "SCR": 1.1534315160000002,
    "SLL": 0.0007698699750000001,
    "SGD": 11.96125334,
    "SBD": 1.8379314750000002,
    "SOS": 0.027456537639999997,
    "ZAR": 0.8728219260000001,
    "KRW": 0.011706666199999998,
    "SSP": null,
    "LKR": 0.05204308663,
    "SDG": 0.026004936229999998,
    "SRD": 0.5425964294,
    "SZL": 0.8776391835,
    "SEK": 1.5279234270000002,
    "CHF": 18.32448964,
    "SYP": null,
    "TJS": 1.467707005,
    "TZS": 0.005779556187,
    "THB": 0.4557819786,
    "TOP": 6.657222432,
    "TTD": 2.3054120830000002,
    "TND": 5.127321076,
    "TRY": 0.46099482150000004,
    "TMT": 4.46455454,
    "UGX": 0.004178180622,
    "UAH": 0.3780571861,
    "AED": 4.258635826,
    "GBP": 20.4179327,
    "USD": 15.64197,
    "UYU": 0.3883901151,
    "UZS": 0.0012380243839999999,
    "VUV": null,
    "VES": 0.42689626540000003,
    "VND": 0.0006271840267,
    "XOF": 0.02650784,
    "YER": 0.06247443487,
    "ZMW": 0.6022899879,
    "ZWL": null,
    "AFN": 0.22096489260246002,
    "ALL": 0.17436551048500798,
    "DZD": 0.11685379685110073,
    "AOA": 0.01756533676789909,
    "ARS": 0.016565977657743248,
    "AMD": 0.04027688844785821,
    "AWG": 8.683931931610903,
    "AUD": 10.538674239826548,
    "AZN": 9.20113670106714,
    "BSD": 15.629912989624813,
    "BHD": 41.50546561216702,
    "BDT": 0.13106988406268585,
    "BBD": 7.741197031608271,
    "BYN": 4.775930694700684,
    "BZD": 7.753929602352281,
    "BMD": 15.641932391814139,
    "BTN": 0.18628906099041093,
    "BOB": 2.2619249228185865,
    "BAM": 8.890340851454223,
    "BWP": 1.1738151778779666,
    "BRL": 2.860160615877424,
    "BND": 11.957722283789758,
    "BGN": 8.899572085524236,
    "BIF": 0.005414664795378007,
    "CVE": 0.15769037139889425,
    "KHR": 0.0038239658710189444,
    "XAF": 0.02650718070048859,
    "CAD": 11.498588503589168,
    "KYD": 18.754966057131146,
    "CLP": 0.016958046370869527,
    "CNY": 2.1920362670506464,
    "COP": 0.0039044994527498472,
    "KMF": 0.03532903984599467,
    "CDF": 0.005440672136283179,
    "CRC": 0.03004194288732306,
    "HRK": null,
    "CUP": 0.651225659962308,
    "CZK": 0.6929073214582465,
    "DKK": 2.330187679465069,
    "DJF": 0.08777158639738002,
    "DOP": 0.26158997947146473,
    "EGP": 0.3206306130064035,
    "ERN": null,
    "ETB": 0.14327722084098435,
    "EUR": 17.380021437401346,
    "FJD": 7.060545455237388,
    "GMD": null,
    "GEL": 5.793308293264495,
    "GHS": 1
  }
}