{
  "meta": {
    "code": "GHS",
    "createdAt": "2024-08-12T08:05:22Z"
  },
  "data": {
    "GIP": null,
    "GTQ": 2.0096110030000003,
    "GNF": 0.001805766305,
    "GYD": 0.07453988116,
    "HTG": 0.11807175580000001,
    "HNL": 0.6287888145,
    "HKD": 1.9966277300000002,
    "HUF": 0.04317353071,
    "ISK": 0.112535887,
    "INR": 0.1854474985,
    "IDR": 0.0009757398794000001,
    "IRR": 0.0003698839398,
    "IQD": 0.011887379469999999,
    "ILS": 4.1452978510000005,
    "JMD": 0.09907817300999999,
    "JPY": 0.10571659700000001,
    "JOD": 21.96605004,
    "KZT": 0.03253630851,
    "KES": 0.1204591101,
    "KWD": 50.84814104,
    "KGS": 0.1823107592,
    "LAK": 0.0007027065915,
    "LBP": 0.0001738176686,
    "LSL": 0.8502039795,
    "LRD": 0.07962357895,
    "LYD": 3.2395546110000004,
    "MOP": 1.9394306460000001,
    "MKD": 0.2763448864,
    "MGA": 0.0034108733999999997,
    "MWK": 0.008976731846,
    "MYR": 3.498729629,
    "MVR": 1.0104358420000001,
    "MRU": 0.3931348652,
    "MUR": 0.3362097772,
    "MXN": null,
    "MDL": 0.8836378917000001,
    "MNT": null,
    "MAD": null,
    "MZN": 0.24363868530000002,
    "MMK": 0.004793763976,
    "NAD": 0.8502039795,
    "NPR": 0.1159526129,
    "ANG": 8.642479913,
    "TWD": 0.4799426545,
    "NZD": 9.386755086,
    "NIO": 0.4229403426,
    "NGN": 0.009792037617,
    "KPW": null,
    "NOK": 1.446018021,
    "OMR": 40.444770330000004,
    "PKR": 0.055891377219999996,
    "PAB": 15.5777163,
    "PGK": 3.955028061,
    "PYG": 0.0020573901939999997,
    "PEN": 4.178747021,
    "PHP": null,
    "PLN": 3.9432467410000003,
    "QAR": 4.27056736,
    "RON": null,
    "RUB": 0.1727432285,
    "RWF": 0.01170615391,
    "SHP": 19.88126871,
    "WST": null,
    "STN": null,
    "SAR": 4.147769017,
    "RSD": 0.1453285665,
    "SCR": 1.14831418,
    "SLL": 0.0007698699750000001,
    "SGD": 11.754481140000001,
    "SBD": 1.8356251860000001,
    "SOS": 0.02735020806,
    "ZAR": 0.8537086380000001,
    "KRW": 0.01136722651,
    "SSP": null,
    "LKR": 0.051911885059999996,
    "SDG": 0.025884188109999998,
    "SRD": 0.5407992344,
    "SZL": 0.8504870301,
    "SEK": 1.481772544,
    "CHF": 17.92487215,
    "SYP": null,
    "TJS": 1.4769216040000002,
    "TZS": 0.00574514391,
    "THB": 0.4416397427,
    "TOP": null,
    "TTD": 2.291554624,
    "TND": 5.039725451000001,
    "TRY": 0.4640782755,
    "TMT": null,
    "UGX": 0.004180249463,
    "UAH": 0.3784982843,
    "AED": 4.238850901,
    "GBP": 19.88041239,
    "USD": 15.56934,
    "UYU": 0.38627532540000004,
    "UZS": 0.001230648898,
    "VUV": null,
    "VES": 0.42516317730000003,
    "VND": 0.000620106572,
    "XOF": 0.02591432568,
    "YER": 0.06217812102,
    "ZMW": 0.5959868619,
    "ZWL": null,
    "AFN": 0.2198545099720902,
    "ALL": 0.16990188810060247,
    "DZD": 0.11567267361114764,
    "AOA": 0.017503473969614693,
    "ARS": 0.016620408421849014,
    "AMD": 0.0400673945596712,
    "AWG": 8.649633386499861,
    "AUD": 10.276291027256336,
    "AZN": 9.158435350411619,
    "BSD": 15.569411716818768,
    "BHD": 41.3118226220249,
    "BDT": 0.13247108695892013,
    "BBD": 7.709155024703552,
    "BYN": 4.756339566026908,
    "BZD": 7.722109379552666,
    "BMD": 15.569340095699754,
    "BTN": 0.18549543075875993,
    "BOB": 2.252691162742443,
    "BAM": null,
    "BWP": 1.1497584274818742,
    "BRL": 2.8267938403826394,
    "BND": 11.756798463030163,
    "BGN": 8.692208781858659,
    "BIF": 0.0054000021165848296,
    "CVE": 0.15417050472724955,
    "KHR": 0.0037965694084927774,
    "XAF": 0.0259150378485098,
    "CAD": 11.347769902731729,
    "KYD": 18.684834444407084,
    "CLP": 0.01669938766115875,
    "CNY": 2.1687901217009373,
    "COP": 0.003824451019197572,
    "KMF": 0.03451799157509231,
    "CDF": 0.00543242850713578,
    "CRC": 0.029398594999986916,
    "HRK": null,
    "CUP": 0.6485695500879386,
    "CZK": 0.675097910006844,
    "DKK": 2.2784468007700758,
    "DJF": 0.08741433004476486,
    "DOP": 0.260567316035395,
    "EGP": 0.3158496076925672,
    "ERN": null,
    "ETB": null,
    "EUR": 17.003932292483427,
    "FJD": null,
    "GMD": 0.22401928195251442,
    "GEL": 5.787858772305581,
    "GHS": 1
  }
}