{
  "meta": {
    "code": "GHS",
    "createdAt": "2024-07-24T17:03:59Z"
  },
  "data": {
    "GIP": null,
    "GTQ": 1.9982956500000002,
    "GNF": 0.001803374005,
    "GYD": 0.074211458,
    "HTG": 0.1174047965,
    "HNL": 0.62506354,
    "HKD": 1.9849765000000001,
    "HUF": 0.042801762,
    "ISK": 0.11252268550000001,
    "INR": 0.185113245,
    "IDR": 0.0009555626000000001,
    "IRR": 0.000368127294,
    "IQD": 0.011832060929999999,
    "ILS": 4.246906845000001,
    "JMD": 0.0990279035,
    "JPY": 0.10094607500000001,
    "JOD": 21.871306,
    "KZT": 0.0326964905,
    "KES": 0.11698113190000001,
    "KWD": 50.710823,
    "KGS": 0.1840258425,
    "LAK": 0.0006988277610000001,
    "LBP": 0.0001730876475,
    "LSL": 0.8428493745000001,
    "LRD": 0.0794378565,
    "LYD": 3.209109615,
    "MOP": 1.9274250000000002,
    "MKD": 0.272745595,
    "MGA": 0.003415977885,
    "MWK": 0.00893114371,
    "MYR": 3.3176386,
    "MVR": 1.009157415,
    "MRU": 0.389790001,
    "MUR": 0.331844615,
    "MXN": 0.8465495035,
    "MDL": 0.8742,
    "MNT": null,
    "MAD": 1.5722471500000001,
    "MZN": 0.242781615,
    "MMK": 0.00477241435,
    "NAD": 0.8428493745000001,
    "NPR": 0.1157196365,
    "ANG": 8.604043800000001,
    "TWD": 0.47375564000000003,
    "NZD": 9.21289,
    "NIO": 0.4209097075,
    "NGN": 0.009783809249999999,
    "KPW": null,
    "NOK": 1.4084307500000002,
    "OMR": 40.264164,
    "PKR": 0.0556652895,
    "PAB": 15.504092,
    "PGK": 4.0113871350000005,
    "PYG": 0.00204656265,
    "PEN": 4.1256320550000005,
    "PHP": 0.26500257,
    "PLN": 3.9159200000000003,
    "QAR": 4.2564891000000005,
    "RON": 3.3838406500000002,
    "RUB": 0.17971971,
    "RWF": 0.01178707218,
    "SHP": 20.008175,
    "WST": null,
    "STN": null,
    "SAR": 4.13189235,
    "RSD": 0.1436871235,
    "SCR": 1.14418272,
    "SLL": 0.0007698699750000001,
    "SGD": 11.55216395,
    "SBD": 1.8290000000000002,
    "SOS": 0.027145357699999997,
    "ZAR": 0.8459642700000001,
    "KRW": 0.011236450649999999,
    "SSP": null,
    "LKR": 0.051054427,
    "SDG": 0.0264505113,
    "SRD": 0.5316959265,
    "SZL": 0.843307942,
    "SEK": 1.440539,
    "CHF": 17.5315075,
    "SYP": null,
    "TJS": 1.4552175,
    "TZS": 0.0057407407349999995,
    "THB": 0.43081444,
    "TOP": 6.52395,
    "TTD": 2.2807490500000003,
    "TND": 4.98392425,
    "TRY": 0.47194942500000003,
    "TMT": 4.43672,
    "UGX": 0.00416668675,
    "UAH": 0.37576867,
    "AED": 4.2199835000000006,
    "GBP": 20.035145,
    "USD": 15.500000000000002,
    "UYU": 0.385795,
    "UZS": 0.001230647067,
    "VUV": null,
    "VES": 0.42454841000000004,
    "VND": 0.0006110782,
    "XOF": 0.025683512399999997,
    "YER": 0.061901265,
    "ZMW": 0.594873725,
    "ZWL": null,
    "AFN": 0.21985815616246665,
    "ALL": 0.1675675676653908,
    "DZD": 0.11523135488161451,
    "AOA": 0.017704169058089022,
    "ARS": 0.01670731755566584,
    "AMD": 0.03990833957923458,
    "AWG": 8.611111115416666,
    "AUD": 10.22535360478846,
    "AZN": 9.117647063382352,
    "BSD": 15.49584712133924,
    "BHD": 41.123515701600645,
    "BDT": 0.13188503716466143,
    "BBD": 7.674669289156419,
    "BYN": 4.735134886522637,
    "BZD": 7.687660767485081,
    "BMD": 15.500000007750002,
    "BTN": 0.18512588751215617,
    "BOB": 2.242679641908022,
    "BAM": 8.590936738027404,
    "BWP": 1.142071482516767,
    "BRL": 2.7521306834063255,
    "BND": 11.524112166092106,
    "BGN": 8.602747335192769,
    "BIF": 0.005372616988964614,
    "CVE": 0.15188633031660367,
    "KHR": 0.003766707171274226,
    "XAF": 0.025614720249400164,
    "CAD": 11.238806516920546,
    "KYD": 18.59468341960818,
    "CLP": 0.016340386064445024,
    "CNY": 2.134104365777657,
    "COP": 0.0038495926902652852,
    "KMF": 0.0341597796357808,
    "CDF": 0.005410122169241828,
    "CRC": 0.02923130716552075,
    "HRK": null,
    "CUP": 0.6456654609053579,
    "CZK": 0.6619970962636007,
    "DKK": 2.2541978997066052,
    "DJF": null,
    "DOP": 0.26105263173502935,
    "EGP": 0.3206387954875826,
    "ERN": null,
    "ETB": 0.26956521756241963,
    "EUR": 16.82295737732104,
    "FJD": 6.884910944627049,
    "GMD": 0.22878228797652536,
    "GEL": 5.709023945063405,
    "GHS": 1
  }
}