{
  "meta": {
    "code": "GHS",
    "createdAt": "2024-08-15T15:04:19Z"
  },
  "data": {
    "GIP": null,
    "GTQ": 2.0154535840000003,
    "GNF": 0.001809512505,
    "GYD": 0.07504380993,
    "HTG": 0.11829979680000001,
    "HNL": 0.6299342791,
    "HKD": 2.000855256,
    "HUF": 0.043337144419999994,
    "ISK": 0.1125165538,
    "INR": 0.1857738927,
    "IDR": 0.0009911139610000001,
    "IRR": 0.00037045884600000003,
    "IQD": 0.01191413025,
    "ILS": 4.231389043,
    "JMD": 0.09929656665999999,
    "JPY": 0.10471311230000001,
    "JOD": 22.01603704,
    "KZT": 0.03256158542,
    "KES": 0.11978379110000001,
    "KWD": 50.95661649,
    "KGS": 0.18200897800000002,
    "LAK": 0.0007065861822,
    "LBP": 0.00017420660180000002,
    "LSL": 0.8668428571000001,
    "LRD": 0.08000000972,
    "LYD": 3.2538110180000004,
    "MOP": 1.9445099870000002,
    "MKD": 0.27778656160000004,
    "MGA": 0.003400848727,
    "MWK": 0.00899647852,
    "MYR": 3.5170628930000003,
    "MVR": 1.012964345,
    "MRU": 0.3940480053,
    "MUR": 0.337781023,
    "MXN": 0.8362110305,
    "MDL": 0.8888889518,
    "MNT": null,
    "MAD": 1.598636165,
    "MZN": 0.2441280505,
    "MMK": 0.004802640667,
    "NAD": 0.866959547,
    "NPR": 0.11615495490000001,
    "ANG": 8.661607647,
    "TWD": 0.4814325256,
    "NZD": 9.373876243,
    "NIO": 0.4238532849,
    "NGN": 0.009810848524,
    "KPW": null,
    "NOK": 1.457416027,
    "OMR": 40.51872668,
    "PKR": 0.055992454479999995,
    "PAB": 15.60841799,
    "PGK": 3.9590214410000004,
    "PYG": 0.002061989164,
    "PEN": 4.174396293,
    "PHP": 0.2724883312,
    "PLN": null,
    "QAR": null,
    "RON": 3.443080772,
    "RUB": 0.1755146643,
    "RWF": 0.0118190672,
    "SHP": 20.0116722,
    "WST": null,
    "STN": null,
    "SAR": 4.156564621,
    "RSD": 0.1464176945,
    "SCR": 1.150415575,
    "SLL": 0.0007698699750000001,
    "SGD": 11.812589280000001,
    "SBD": 1.832784975,
    "SOS": 0.027298162329999997,
    "ZAR": 0.8660887012,
    "KRW": 0.011442744199999999,
    "SSP": null,
    "LKR": 0.05218817,
    "SDG": null,
    "SRD": 0.543310388,
    "SZL": 0.8666597502000001,
    "SEK": 1.4861429430000002,
    "CHF": 17.9071827,
    "SYP": null,
    "TJS": 1.468415467,
    "TZS": 0.005753659064,
    "THB": null,
    "TOP": 6.58242774,
    "TTD": 2.2971814910000004,
    "TND": 5.084155815,
    "TRY": 0.464271263,
    "TMT": 4.4520530780000005,
    "UGX": 0.004189810405,
    "UAH": 0.3793128664,
    "AED": 4.246711125,
    "GBP": 20.05472315,
    "USD": null,
    "UYU": 0.3873025611,
    "UZS": 0.001241325943,
    "VUV": null,
    "VES": 0.4265385098,
    "VND": 0.0006228052915000001,
    "XOF": 0.026184640000000002,
    "YER": 0.06229949653,
    "ZMW": 0.5937313945,
    "ZWL": null,
    "AFN": 0.2199508668474815,
    "ALL": 0.17198321521418336,
    "DZD": 0.1160860527586077,
    "AOA": 0.017723924422724763,
    "ARS": 0.016576427320393997,
    "AMD": 0.04017445695259512,
    "AWG": 8.665630361263023,
    "AUD": 10.34054605316166,
    "AZN": 9.17537332369026,
    "BSD": 15.600331179243403,
    "BHD": 41.384252988887766,
    "BDT": 0.1327673701449598,
    "BBD": 7.726201522092449,
    "BYN": 4.766863237154506,
    "BZD": 7.739362019173918,
    "BMD": 15.598134650273446,
    "BTN": 0.1858227081410885,
    "BOB": 2.257618841050149,
    "BAM": 8.782224147410657,
    "BWP": 1.1621873379825503,
    "BRL": 2.851526416573088,
    "BND": null,
    "BGN": 8.76632623503677,
    "BIF": 0.005410191749406402,
    "CVE": 0.15577121113956316,
    "KHR": 0.0038101075804183203,
    "XAF": 0.02618458656560965,
    "CAD": 11.385624405695454,
    "KYD": 18.72039741567617,
    "CLP": 0.01671539141416949,
    "CNY": 2.1798195355656964,
    "COP": 0.00388557473540868,
    "KMF": 0.0348990595254514,
    "CDF": 0.0054329970925864795,
    "CRC": null,
    "HRK": null,
    "CUP": 0.650025468647887,
    "CZK": 0.6799357756056154,
    "DKK": 2.296758187348709,
    "DJF": 0.08760565695588154,
    "DOP": 0.2609582907639467,
    "EGP": 0.318849198046854,
    "ERN": null,
    "ETB": 0.14148558262974142,
    "EUR": 17.13402901162372,
    "FJD": 6.964230228771147,
    "GMD": 0.22283049500390634,
    "GEL": 5.79856306701615,
    "GHS": 1
  }
}