{
  "meta": {
    "code": "GHS",
    "createdAt": "2024-08-07T16:04:47Z"
  },
  "data": {
    "GIP": null,
    "GTQ": 2.0125316730000002,
    "GNF": 0.001808935324,
    "GYD": 0.07465930491,
    "HTG": 0.1184176344,
    "HNL": 0.6298591761,
    "HKD": 1.998565793,
    "HUF": 0.04277873837,
    "ISK": 0.11282605750000001,
    "INR": 0.1857242306,
    "IDR": 0.0009728451422,
    "IRR": 0.0003703015914,
    "IQD": 0.01190520688,
    "ILS": 4.11196027,
    "JMD": 0.09962202227,
    "JPY": 0.1058242759,
    "JOD": 21.99395463,
    "KZT": 0.032657777129999996,
    "KES": 0.1208288358,
    "KWD": 50.9412187,
    "KGS": 0.1839442356,
    "LAK": 0.0007032771543000001,
    "LBP": 0.0001740887507,
    "LSL": 0.850734717,
    "LRD": 0.07976472106,
    "LYD": 3.25375708,
    "MOP": 1.9420741190000002,
    "MKD": 0.2767431148,
    "MGA": 0.0034320013039999997,
    "MWK": 0.008990635212,
    "MYR": 3.4664577490000004,
    "MVR": 1.011576768,
    "MRU": 0.3934654067,
    "MUR": 0.3357190322,
    "MXN": 0.8105821876,
    "MDL": 0.88066098,
    "MNT": null,
    "MAD": 1.590062235,
    "MZN": 0.2439699009,
    "MMK": 0.004799176818,
    "NAD": 0.8459928032,
    "NPR": 0.1160556705,
    "ANG": 8.655549164,
    "TWD": 0.47737950770000004,
    "NZD": 9.366102293,
    "NIO": 0.42356706920000003,
    "NGN": 0.009856093957,
    "KPW": null,
    "NOK": 1.44593622,
    "OMR": 40.49051617,
    "PKR": 0.055615352519999994,
    "PAB": 15.59801788,
    "PGK": 3.964244743,
    "PYG": 0.002061376404,
    "PEN": 4.187991863000001,
    "PHP": 0.27025209780000004,
    "PLN": 3.9375755230000005,
    "QAR": 4.273117956,
    "RON": 3.4211138400000003,
    "RUB": 0.18176998490000001,
    "RWF": 0.01181649393,
    "SHP": 19.80084382,
    "WST": null,
    "STN": null,
    "SAR": 4.152472389000001,
    "RSD": 0.1454858719,
    "SCR": 1.1613782910000001,
    "SLL": 0.0007698699750000001,
    "SGD": 11.740763320000001,
    "SBD": 1.8314631000000001,
    "SOS": 0.02738978784,
    "ZAR": 0.8478031291,
    "KRW": 0.01133384027,
    "SSP": null,
    "LKR": 0.051631672499999996,
    "SDG": 0.02591341504,
    "SRD": 0.5403681686,
    "SZL": 0.8505160325000001,
    "SEK": 1.4910020590000002,
    "CHF": 18.03030999,
    "SYP": null,
    "TJS": 1.47228357,
    "TZS": 0.005785456326,
    "THB": 0.437957849,
    "TOP": 6.551182476,
    "TTD": 2.297971822,
    "TND": 5.0722753990000005,
    "TRY": 0.4657371696,
    "TMT": 4.46159998,
    "UGX": 0.004185544716,
    "UAH": 0.3804721969,
    "AED": 4.2436480780000005,
    "GBP": 19.808403470000002,
    "USD": 15.586920000000001,
    "UYU": 0.38476312020000003,
    "UZS": 0.001235707637,
    "VUV": null,
    "VES": 0.4256451174,
    "VND": 0.0006193883508000001,
    "XOF": 0.025948350000000002,
    "YER": 0.06226081409,
    "ZMW": 0.6015779567,
    "ZWL": null,
    "AFN": 0.2198198652833208,
    "ALL": 0.16995472114416463,
    "DZD": 0.11569447957999017,
    "AOA": 0.017751289458281583,
    "ARS": 0.01664821449327144,
    "AMD": 0.04020037780226618,
    "AWG": 8.659384712961225,
    "AUD": 10.202555195055863,
    "AZN": 9.168760284311887,
    "BSD": 15.589818692439962,
    "BHD": 41.35125512664539,
    "BDT": 0.13266896948210202,
    "BBD": 7.720797399075833,
    "BYN": 4.763509100428098,
    "BZD": 7.733991186004895,
    "BMD": 15.58689248333021,
    "BTN": 0.18566860616841532,
    "BOB": 2.2562255050029565,
    "BAM": 8.702573656142354,
    "BWP": 1.1505313490818219,
    "BRL": 2.7808192772336575,
    "BND": 11.744750153525965,
    "BGN": 8.70873420725481,
    "BIF": 0.005408483499075427,
    "CVE": 0.154361278234774,
    "KHR": 0.0037949824876605306,
    "XAF": 0.025947579244232653,
    "CAD": 11.34797128878835,
    "KYD": 18.70641323991457,
    "CLP": 0.01650367143174977,
    "CNY": 2.170483406027091,
    "COP": 0.00376631448324446,
    "KMF": 0.03457990567870813,
    "CDF": 0.0054309729907073894,
    "CRC": 0.029509301043530594,
    "HRK": null,
    "CUP": 0.6495629260931024,
    "CZK": 0.6738529458007467,
    "DKK": 2.281587400488828,
    "DJF": 0.08754738405860049,
    "DOP": 0.26197470631328823,
    "EGP": 0.3163662884863916,
    "ERN": null,
    "ETB": 0.19403812576858245,
    "EUR": 17.026853482939757,
    "FJD": 6.9375286485679135,
    "GMD": 0.22427183429252096,
    "GEL": 5.762252306033637,
    "GHS": 1
  }
}