{
  "meta": {
    "code": "GHS",
    "createdAt": "2024-07-31T15:03:46Z"
  },
  "data": {
    "GIP": null,
    "GTQ": 2.006431753,
    "GNF": 0.001804580521,
    "GYD": 0.07446931579999999,
    "HTG": 0.11771941820000001,
    "HNL": 0.628402211,
    "HKD": 1.989868905,
    "HUF": null,
    "ISK": 0.11209338020000001,
    "INR": 0.1857651526,
    "IDR": 0.0009555989197000001,
    "IRR": 0.0003693083028,
    "IQD": 0.011876213759999999,
    "ILS": 4.132953523,
    "JMD": 0.09936833820999999,
    "JPY": 0.1033141379,
    "JOD": 21.93805203,
    "KZT": 0.032746769099999996,
    "KES": 0.1196318865,
    "KWD": 50.86932052,
    "KGS": 0.1849947525,
    "LAK": 0.0007012912109,
    "LBP": 0.0001736513147,
    "LSL": 0.8534538983000001,
    "LRD": 0.07755988108999999,
    "LYD": 3.21864767,
    "MOP": 1.9334743550000002,
    "MKD": 0.2734572944,
    "MGA": 0.0034125449359999997,
    "MWK": 0.008967835607,
    "MYR": 3.383418063,
    "MVR": 1.0127536560000001,
    "MRU": 0.3921779266,
    "MUR": 0.3333816726,
    "MXN": 0.8338707906,
    "MDL": 0.8787549639000001,
    "MNT": null,
    "MAD": 1.569092313,
    "MZN": 0.2432976047,
    "MMK": null,
    "NAD": 0.8534538983000001,
    "NPR": 0.1161800793,
    "ANG": 8.63401836,
    "TWD": 0.4756329534,
    "NZD": null,
    "NIO": 0.42248375590000004,
    "NGN": 0.009358491683,
    "KPW": null,
    "NOK": 1.4225678210000001,
    "OMR": 40.38005546,
    "PKR": 0.055723887369999996,
    "PAB": 15.55891405,
    "PGK": null,
    "PYG": 0.002052402219,
    "PEN": 4.169786107,
    "PHP": 0.266498215,
    "PLN": 3.9183195470000003,
    "QAR": 4.258087150000001,
    "RON": 3.38113915,
    "RUB": 0.18085896040000002,
    "RWF": 0.011852184129999999,
    "SHP": 19.95292594,
    "WST": null,
    "STN": null,
    "SAR": 4.143366104,
    "RSD": 0.1437432149,
    "SCR": 1.1494948170000001,
    "SLL": 0.0007698699750000001,
    "SGD": 11.62225174,
    "SBD": 1.8498680900000002,
    "SOS": 0.027210468329999998,
    "ZAR": 0.8543810087,
    "KRW": 0.011340918049999999,
    "SSP": null,
    "LKR": 0.051411083139999994,
    "SDG": 0.02584390548,
    "SRD": 0.5363804451,
    "SZL": 0.8538712845,
    "SEK": 1.449941221,
    "CHF": 17.6641883,
    "SYP": null,
    "TJS": 1.467199557,
    "TZS": 0.005756864112,
    "THB": 0.4370913403,
    "TOP": 6.518064623000001,
    "TTD": 2.29355351,
    "TND": 4.996589624,
    "TRY": 0.4694705609,
    "TMT": 4.436908613,
    "UGX": 0.004179632379,
    "UAH": 0.3792095896,
    "AED": 4.232265013,
    "GBP": 19.96892185,
    "USD": 15.545110000000001,
    "UYU": 0.3860065335,
    "UZS": 0.001239961917,
    "VUV": null,
    "VES": 0.42517121010000003,
    "VND": 0.0006157091623,
    "XOF": 0.02568156,
    "YER": 0.06210004069,
    "ZMW": 0.5963839479,
    "ZWL": null,
    "AFN": 0.2204975039759724,
    "ALL": 0.1680060145911295,
    "DZD": 0.11549526788705655,
    "AOA": 0.017744404212744074,
    "ARS": 0.01667903312450908,
    "AMD": 0.04005430052574578,
    "AWG": 8.636152239058918,
    "AUD": 10.149830258608258,
    "AZN": 9.144161194297679,
    "BSD": 15.550599159391712,
    "BHD": 41.24246830713965,
    "BDT": 0.1323432175037887,
    "BBD": 7.7017158892353,
    "BYN": 4.752436979584686,
    "BZD": 7.714764999351423,
    "BMD": 15.545074030306056,
    "BTN": 0.1858618902922521,
    "BOB": 2.250329228848262,
    "BAM": 8.61333647210205,
    "BWP": 1.1491894376229497,
    "BRL": 2.748810657592803,
    "BND": 11.616301475727365,
    "BGN": 8.616535266973917,
    "BIF": 0.00540228463405908,
    "CVE": null,
    "KHR": 0.0037856100832274558,
    "XAF": 0.02568150498063114,
    "CAD": 11.25418928333398,
    "KYD": 18.65968525042205,
    "CLP": 0.016461484897031572,
    "CNY": null,
    "COP": 0.0038236937601954448,
    "KMF": 0.03412749512690681,
    "CDF": 0.0054258548098799495,
    "CRC": 0.029647947378930267,
    "HRK": null,
    "CUP": 0.6479217227832231,
    "CZK": 0.6606210547421589,
    "DKK": 2.254575705753604,
    "DJF": 0.08732549892910776,
    "DOP": 0.2626436513232667,
    "EGP": 0.3201183275142037,
    "ERN": null,
    "ETB": 0.2685492730523043,
    "EUR": 16.8247657120375,
    "FJD": 6.884596219223471,
    "GMD": 0.22944758716318897,
    "GEL": 5.725625793851217,
    "GHS": 1
  }
}