{
  "meta": {
    "code": "GHS",
    "createdAt": "2024-08-22T17:33:33Z"
  },
  "data": {
    "GIP": null,
    "GTQ": 2.0179345950000003,
    "GNF": 0.001811123905,
    "GYD": 0.07478926865999999,
    "HTG": 0.11841488060000001,
    "HNL": 0.6283727337,
    "HKD": 2.004431838,
    "HUF": 0.044085509099999996,
    "ISK": 0.1139295864,
    "INR": 0.1861859667,
    "IDR": 0.0009933912210000001,
    "IRR": 0.0003712148132,
    "IQD": 0.011931297569999999,
    "ILS": null,
    "JMD": 0.099738156,
    "JPY": 0.106762278,
    "JOD": 22.05474276,
    "KZT": 0.032579422079999996,
    "KES": 0.1211627893,
    "KWD": 51.12202569,
    "KGS": 0.18281363790000002,
    "LAK": 0.0007061215116,
    "LBP": 0.0001744419598,
    "LSL": 0.8746502516,
    "LRD": 0.08010410948999999,
    "LYD": 3.27329837,
    "MOP": 1.9458115230000002,
    "MKD": 0.28223278560000004,
    "MGA": 0.003407084449,
    "MWK": 0.009006050076,
    "MYR": 3.568497804,
    "MVR": 1.0169590720000001,
    "MRU": 0.39320753610000003,
    "MUR": 0.3395737851,
    "MXN": 0.8041635,
    "MDL": 0.9019291500000001,
    "MNT": null,
    "MAD": 1.614419105,
    "MZN": null,
    "MMK": 0.004812441051,
    "NAD": 0.8746502516,
    "NPR": 0.11629925070000001,
    "ANG": 8.671397397,
    "TWD": 0.4881508458,
    "NZD": 9.58533195,
    "NIO": 0.42472826010000003,
    "NGN": 0.009920156247,
    "KPW": null,
    "NOK": 1.473541695,
    "OMR": 40.60305132,
    "PKR": 0.056096903069999995,
    "PAB": 15.62685368,
    "PGK": 3.962479306,
    "PYG": 0.0020595650999999998,
    "PEN": 4.158629085,
    "PHP": 0.2763804447,
    "PLN": 4.05231195,
    "QAR": 4.293367188,
    "RON": 3.4869712550000003,
    "RUB": 0.1708204263,
    "RWF": 0.011751879549999998,
    "SHP": 20.4495105,
    "WST": null,
    "STN": null,
    "SAR": 4.165562866,
    "RSD": 0.1482500232,
    "SCR": 1.150887384,
    "SLL": 0.0007698699750000001,
    "SGD": 11.92115104,
    "SBD": 1.82871,
    "SOS": 0.02737302844,
    "ZAR": 0.8663791839,
    "KRW": 0.011631370839999999,
    "SSP": null,
    "LKR": 0.0518675298,
    "SDG": 0.025985035979999998,
    "SRD": 0.5425576097,
    "SZL": 0.8741610639,
    "SEK": 1.523620215,
    "CHF": 18.33986688,
    "SYP": null,
    "TJS": 1.465286397,
    "TZS": 0.005752668233,
    "THB": 0.4530196074,
    "TOP": 6.656817,
    "TTD": 2.3016409770000004,
    "TND": 5.115200403,
    "TRY": 0.4607944383,
    "TMT": 4.4739312,
    "UGX": 0.004204140207,
    "UAH": 0.3780532821,
    "AED": 4.25537691,
    "GBP": 20.4435711,
    "USD": null,
    "UYU": 0.38738955,
    "UZS": 0.001234109741,
    "VUV": null,
    "VES": 0.426922509,
    "VND": 0.000625889283,
    "XOF": 0.0260283092,
    "YER": 0.06243289401,
    "ZMW": 0.6001288548,
    "ZWL": null,
    "AFN": 0.22014084696803665,
    "ALL": 0.17502799705396585,
    "DZD": 0.11664745032317447,
    "AOA": 0.017357024026146,
    "ARS": 0.01653568087457973,
    "AMD": 0.04028350551486508,
    "AWG": 8.671289951047758,
    "AUD": 10.471162188704959,
    "AZN": 9.194117726312118,
    "BSD": 15.617584156100309,
    "BHD": 41.480176528647355,
    "BDT": 0.13069632909077408,
    "BBD": 7.735230504226175,
    "BYN": 4.772409833609449,
    "BZD": 7.748314206057962,
    "BMD": 15.630000134730603,
    "BTN": 0.1860551946767291,
    "BOB": 2.2600997589274763,
    "BAM": 8.900419592124814,
    "BWP": 1.169781478825795,
    "BRL": 2.807969411991732,
    "BND": 11.944938751757972,
    "BGN": null,
    "BIF": 0.005436521787471041,
    "CVE": 0.15700653074301157,
    "KHR": 0.003821515925946165,
    "XAF": 0.026537358821383757,
    "CAD": 11.484877976247153,
    "KYD": 18.7419489483652,
    "CLP": 0.01699633555096364,
    "CNY": null,
    "COP": 0.003847394120238019,
    "KMF": 0.0352702248415534,
    "CDF": 0.005436521787471041,
    "CRC": 0.029700334712852303,
    "HRK": null,
    "CUP": 0.6508459391572111,
    "CZK": 0.6918684495637839,
    "DKK": 2.325477613609412,
    "DJF": 0.08794733364686205,
    "DOP": 0.2609348937623033,
    "EGP": 0.3204182069727937,
    "ERN": null,
    "ETB": 0.141736568906557,
    "EUR": 17.352110324459243,
    "FJD": 7.042761294296698,
    "GMD": 0.22328571621043716,
    "GEL": 5.778188590550829,
    "GHS": 1
  }
}