{
  "meta": {
    "code": "GHS",
    "createdAt": "2024-08-22T16:37:58Z"
  },
  "data": {
    "GIP": null,
    "GTQ": 2.0179345950000003,
    "GNF": 0.001811123905,
    "GYD": 0.07478926865999999,
    "HTG": 0.11841488060000001,
    "HNL": 0.6283727337,
    "HKD": 2.004646594,
    "HUF": 0.044152416439999995,
    "ISK": 0.11407093780000001,
    "INR": 0.1861992522,
    "IDR": 0.000995260569,
    "IRR": 0.0003712148132,
    "IQD": 0.011931297569999999,
    "ILS": 4.213897703000001,
    "JMD": 0.099738156,
    "JPY": 0.1068290649,
    "JOD": 22.05474276,
    "KZT": 0.032579422079999996,
    "KES": 0.1211627893,
    "KWD": 51.1285434,
    "KGS": 0.18281363790000002,
    "LAK": 0.0007061215116,
    "LBP": 0.0001744419598,
    "LSL": 0.8746502516,
    "LRD": 0.08010410948999999,
    "LYD": 3.27329837,
    "MOP": 1.9458115230000002,
    "MKD": 0.28234063260000003,
    "MGA": 0.003407084449,
    "MWK": null,
    "MYR": 3.568497804,
    "MVR": 1.0169590720000001,
    "MRU": 0.39320753610000003,
    "MUR": 0.3395737851,
    "MXN": 0.8052341550000001,
    "MDL": 0.9019291500000001,
    "MNT": null,
    "MAD": 1.614419105,
    "MZN": 0.2446074681,
    "MMK": 0.004812441051,
    "NAD": 0.8746502516,
    "NPR": 0.11629925070000001,
    "ANG": 8.671397397,
    "TWD": 0.48805175160000003,
    "NZD": 9.60049305,
    "NIO": 0.42472826010000003,
    "NGN": 0.009920156247,
    "KPW": null,
    "NOK": 1.476230055,
    "OMR": 40.60276998,
    "PKR": 0.056096903069999995,
    "PAB": 15.62685368,
    "PGK": 3.962479306,
    "PYG": 0.0020595650999999998,
    "PEN": 4.158629085,
    "PHP": 0.2766298213,
    "PLN": 4.058003145,
    "QAR": 4.293367188,
    "RON": 3.4910261460000003,
    "RUB": 0.1708210983,
    "RWF": 0.011751879549999998,
    "SHP": 20.4495105,
    "WST": null,
    "STN": null,
    "SAR": 4.165593813,
    "RSD": 0.14842459,
    "SCR": null,
    "SLL": 0.0007698699750000001,
    "SGD": 11.92811108,
    "SBD": 1.82871,
    "SOS": 0.02737302844,
    "ZAR": 0.8676825696,
    "KRW": 0.01163868725,
    "SSP": null,
    "LKR": 0.0518675298,
    "SDG": 0.025985035979999998,
    "SRD": null,
    "SZL": 0.8741610639,
    "SEK": 1.52676966,
    "CHF": 18.339679320000002,
    "SYP": null,
    "TJS": 1.465286397,
    "TZS": 0.005752668233,
    "THB": 0.45316918650000004,
    "TOP": 6.656817,
    "TTD": 2.3016409770000004,
    "TND": 5.115200403,
    "TRY": 0.4607452663,
    "TMT": 4.4739312,
    "UGX": 0.004204140207,
    "UAH": 0.3780532821,
    "AED": 4.25537691,
    "GBP": null,
    "USD": 15.63,
    "UYU": null,
    "UZS": 0.001234109741,
    "VUV": null,
    "VES": 0.4270195713,
    "VND": 0.000625889283,
    "XOF": 0.0260283092,
    "YER": 0.06243289401,
    "ZMW": 0.6001288548,
    "ZWL": null,
    "AFN": 0.22014084696803665,
    "ALL": 0.17502799705396585,
    "DZD": 0.11661411796618308,
    "AOA": 0.017357024026146,
    "ARS": null,
    "AMD": 0.04028350551486508,
    "AWG": 8.671289951047758,
    "AUD": 10.493736075965884,
    "AZN": 9.194117726312118,
    "BSD": 15.617584156100309,
    "BHD": 41.47267019919978,
    "BDT": 0.13069632909077408,
    "BBD": 7.735230504226175,
    "BYN": 4.772409833609449,
    "BZD": 7.748314206057962,
    "BMD": 15.630000134730603,
    "BTN": 0.1860551946767291,
    "BOB": 2.2600997589274763,
    "BAM": 8.900419592124814,
    "BWP": 1.169781478825795,
    "BRL": 2.8054493807364937,
    "BND": 11.944938751757972,
    "BGN": 8.889434960952249,
    "BIF": 0.005436521787471041,
    "CVE": 0.15700653074301157,
    "KHR": 0.003821515925946165,
    "XAF": 0.026537358821383757,
    "CAD": 11.49446429771894,
    "KYD": 18.7419489483652,
    "CLP": null,
    "CNY": 2.187604990615029,
    "COP": 0.0038417107377638014,
    "KMF": 0.0352702248415534,
    "CDF": 0.005436521787471041,
    "CRC": 0.029700334712852303,
    "HRK": null,
    "CUP": 0.6508459391572111,
    "CZK": 0.6927116867722561,
    "DKK": 2.3283355509836925,
    "DJF": 0.08770738696697349,
    "DOP": 0.2609348937623033,
    "EGP": 0.3203853672089277,
    "ERN": null,
    "ETB": 0.141736568906557,
    "EUR": 17.372264548305793,
    "FJD": 7.0459361391930315,
    "GMD": 0.22328571621043716,
    "GEL": 5.778188590550829,
    "GHS": 1
  }
}