{
  "meta": {
    "code": "GHS",
    "createdAt": "2024-07-29T08:34:58Z"
  },
  "data": {
    "GIP": null,
    "GTQ": 2.001021867,
    "GNF": 0.00179868335,
    "GYD": 0.07424235326999999,
    "HTG": 0.1174301771,
    "HNL": 0.6262416767,
    "HKD": 1.9834679570000002,
    "HUF": 0.04289823777,
    "ISK": 0.1119566315,
    "INR": 0.18499092320000002,
    "IDR": 0.0009504325843000001,
    "IRR": 0.0003678707924,
    "IQD": 0.01183699223,
    "ILS": 4.171418136000001,
    "JMD": 0.09910378937999999,
    "JPY": 0.10069364730000001,
    "JOD": 21.85914898,
    "KZT": 0.03272734752,
    "KES": 0.1182381666,
    "KWD": 50.64263641,
    "KGS": 0.1843061456,
    "LAK": 0.0006990446341000001,
    "LBP": 0.0001731150438,
    "LSL": 0.8493103198,
    "LRD": 0.0793236287,
    "LYD": 3.2076770150000002,
    "MOP": 1.9286671670000002,
    "MKD": 0.2730922536,
    "MGA": 0.003405920188,
    "MWK": 0.008938645389,
    "MYR": 3.3389108100000002,
    "MVR": 1.009111157,
    "MRU": 0.3913056422,
    "MUR": 0.3328969842,
    "MXN": 0.8381153456,
    "MDL": 0.8735908800000001,
    "MNT": null,
    "MAD": 1.5736464940000001,
    "MZN": null,
    "MMK": 0.004768899621,
    "NAD": 0.8493103198,
    "NPR": 0.11572442890000001,
    "ANG": 8.605703486000001,
    "TWD": 0.4710211507,
    "NZD": 9.099905,
    "NIO": 0.4211601768,
    "NGN": 0.009561234558,
    "KPW": null,
    "NOK": 1.4067678670000001,
    "OMR": 40.2370693,
    "PKR": 0.0556909849,
    "PAB": 15.5084066,
    "PGK": 3.952340441,
    "PYG": 0.002047333026,
    "PEN": 4.121826365,
    "PHP": null,
    "PLN": 3.9195420600000004,
    "QAR": 4.249155333,
    "RON": 3.375219044,
    "RUB": 0.1789648499,
    "RWF": 0.0117889912,
    "SHP": 19.9926849,
    "WST": null,
    "STN": null,
    "SAR": 4.128682814,
    "RSD": 0.1433481703,
    "SCR": 1.142304336,
    "SLL": 0.0007698699750000001,
    "SGD": 11.52641983,
    "SBD": 1.8277256000000002,
    "SOS": 0.027235914979999998,
    "ZAR": 0.842864799,
    "KRW": 0.01118685475,
    "SSP": null,
    "LKR": 0.05116795263,
    "SDG": 0.026432081259999997,
    "SRD": 0.5340919185,
    "SZL": 0.8492449554,
    "SEK": 1.42976685,
    "CHF": 17.50429845,
    "SYP": null,
    "TJS": 1.4624304750000001,
    "TZS": 0.005736740735,
    "THB": 0.4310638164,
    "TOP": 6.49617048,
    "TTD": 2.284810343,
    "TND": 4.995866586,
    "TRY": 0.46896759260000004,
    "TMT": 4.259530000000001,
    "UGX": 0.004156354889,
    "UAH": 0.3775453777,
    "AED": 4.21710663,
    "GBP": 19.83980649,
    "USD": 15.489200000000002,
    "UYU": 0.38444194400000004,
    "UZS": 0.001226828281,
    "VUV": null,
    "VES": null,
    "VND": 0.0006125481861,
    "XOF": 0.0256526,
    "YER": 0.06187047867999999,
    "ZMW": 0.5932930504,
    "ZWL": null,
    "AFN": 0.21907356539880532,
    "ALL": 0.16731516796001483,
    "DZD": 0.11508919980086597,
    "AOA": 0.01774985774696006,
    "ARS": 0.01667301925929232,
    "AMD": 0.03995972561552109,
    "AWG": 8.605091591390185,
    "AUD": 10.134559970096596,
    "AZN": 9.111273449707255,
    "BSD": 15.500080021023118,
    "BHD": 41.09120368898944,
    "BDT": 0.1319140652792078,
    "BBD": 7.6764995594349426,
    "BYN": 4.732330824351382,
    "BZD": 7.6894796259159515,
    "BMD": 15.489164864502335,
    "BTN": 0.1851351178610279,
    "BOB": 2.2429971514346643,
    "BAM": 8.603624195990566,
    "BWP": 1.1439078904968405,
    "BRL": 2.7334638780829996,
    "BND": 11.533953176565992,
    "BGN": 8.598785819798712,
    "BIF": 0.005375496364464726,
    "CVE": 0.1526047144005944,
    "KHR": 0.0037788100688297297,
    "XAF": 0.025652424637945842,
    "CAD": 11.189693126932625,
    "KYD": 18.599582318107682,
    "CLP": 0.01626756799534745,
    "CNY": 2.1340522815476035,
    "COP": 0.0038503346831999666,
    "KMF": 0.03410020334933343,
    "CDF": 0.0054063402668420016,
    "CRC": 0.029315135518152114,
    "HRK": null,
    "CUP": 0.6459317189210064,
    "CZK": 0.6610712948825084,
    "DKK": 2.249076488373136,
    "DJF": 0.08704164324372421,
    "DOP": 0.26185631250789543,
    "EGP": 0.3200902018285907,
    "ERN": null,
    "ETB": 0.2681007141512666,
    "EUR": 16.782145245824708,
    "FJD": 6.847552991433949,
    "GMD": 0.22862235962365068,
    "GEL": 5.736727727593457,
    "GHS": 1
  }
}