{
  "meta": {
    "code": "GHS",
    "createdAt": "2024-08-15T13:06:08Z"
  },
  "data": {
    "GIP": null,
    "GTQ": 2.0154535840000003,
    "GNF": 0.001809512505,
    "GYD": 0.07504380993,
    "HTG": 0.11829979680000001,
    "HNL": 0.6299342791,
    "HKD": 2.000878654,
    "HUF": 0.04330780426,
    "ISK": 0.11234636840000001,
    "INR": 0.18572772210000002,
    "IDR": 0.0009882376585,
    "IRR": 0.00037045884600000003,
    "IQD": 0.01191413025,
    "ILS": 4.211881815,
    "JMD": 0.09929656665999999,
    "JPY": 0.104567012,
    "JOD": 22.00982897,
    "KZT": 0.03256158542,
    "KES": 0.11978379110000001,
    "KWD": null,
    "KGS": 0.18200897800000002,
    "LAK": 0.0007065861822,
    "LBP": 0.00017420660180000002,
    "LSL": 0.8668428571000001,
    "LRD": 0.08000000972,
    "LYD": 3.2538110180000004,
    "MOP": 1.9445099870000002,
    "MKD": 0.2779517462,
    "MGA": 0.003400848727,
    "MWK": 0.00899647852,
    "MYR": 3.5170628930000003,
    "MVR": 1.012964345,
    "MRU": 0.3940480053,
    "MUR": 0.337781023,
    "MXN": 0.8343099255,
    "MDL": 0.8888889518,
    "MNT": null,
    "MAD": 1.598636165,
    "MZN": 0.2441280505,
    "MMK": 0.004802640667,
    "NAD": 0.866959547,
    "NPR": 0.11615495490000001,
    "ANG": 8.661607647,
    "TWD": 0.4812617256,
    "NZD": 9.333087028000001,
    "NIO": 0.4238532849,
    "NGN": 0.009810848524,
    "KPW": null,
    "NOK": 1.4523422080000001,
    "OMR": 40.52744606,
    "PKR": 0.055992454479999995,
    "PAB": null,
    "PGK": 3.9590214410000004,
    "PYG": 0.002061989164,
    "PEN": 4.174396293,
    "PHP": 0.2728717342,
    "PLN": 3.98946595,
    "QAR": 4.276118823,
    "RON": 3.4339854790000004,
    "RUB": 0.174524976,
    "RWF": 0.0118190672,
    "SHP": 20.0116722,
    "WST": null,
    "STN": null,
    "SAR": 4.1568006220000004,
    "RSD": 0.1460229344,
    "SCR": 1.1676411020000002,
    "SLL": 0.0007698699750000001,
    "SGD": 11.79534863,
    "SBD": 1.832784975,
    "SOS": 0.027298162329999997,
    "ZAR": 0.8631459816,
    "KRW": 0.011414569219999999,
    "SSP": null,
    "LKR": 0.05218817,
    "SDG": 0.02593211828,
    "SRD": 0.5433387767,
    "SZL": 0.8666597502000001,
    "SEK": 1.4829504660000001,
    "CHF": 17.84124923,
    "SYP": null,
    "TJS": 1.468415467,
    "TZS": 0.005753659064,
    "THB": 0.4435715555,
    "TOP": 6.58242774,
    "TTD": 2.2971814910000004,
    "TND": 5.084155815,
    "TRY": 0.4642009152,
    "TMT": 4.4520530780000005,
    "UGX": 0.004189810405,
    "UAH": 0.3793128664,
    "AED": 4.2467109690000004,
    "GBP": null,
    "USD": 15.598170000000001,
    "UYU": 0.3873025611,
    "UZS": 0.001241325943,
    "VUV": null,
    "VES": 0.4265640908,
    "VND": 0.0006228052915000001,
    "XOF": 0.026184640000000002,
    "YER": 0.06229949653,
    "ZMW": 0.5937313945,
    "ZWL": null,
    "AFN": 0.2199508668474815,
    "ALL": 0.17198321521418336,
    "DZD": 0.1162370942820185,
    "AOA": 0.01771508762254975,
    "ARS": 0.01657597460037686,
    "AMD": 0.04017445695259512,
    "AWG": 8.665630361263023,
    "AUD": 10.302489967652138,
    "AZN": 9.17537332369026,
    "BSD": 15.600331179243403,
    "BHD": 41.38398946412627,
    "BDT": 0.1327673701449598,
    "BBD": 7.726201522092449,
    "BYN": 4.766863237154506,
    "BZD": 7.739362019173918,
    "BMD": 15.598134650273446,
    "BTN": 0.1858227081410885,
    "BOB": 2.257618841050149,
    "BAM": 8.782224147410657,
    "BWP": 1.1621873379825503,
    "BRL": 2.8524650532476055,
    "BND": 11.839775510960829,
    "BGN": 8.778976709165851,
    "BIF": 0.005410191749406402,
    "CVE": 0.15577121113956316,
    "KHR": 0.0038101075804183203,
    "XAF": 0.02618458656560965,
    "CAD": 11.360994826475393,
    "KYD": 18.72039741567617,
    "CLP": 0.01669481719195125,
    "CNY": 2.1815878058285647,
    "COP": 0.00388522631798412,
    "KMF": 0.0348990595254514,
    "CDF": 0.0054329970925864795,
    "CRC": 0.02965975743121522,
    "HRK": null,
    "CUP": 0.650025468647887,
    "CZK": 0.6784614765472317,
    "DKK": 2.290777731799578,
    "DJF": 0.08760565695588154,
    "DOP": 0.2609582907639467,
    "EGP": 0.3190096155080782,
    "ERN": null,
    "ETB": 0.14148558262974142,
    "EUR": 17.08804094165561,
    "FJD": 6.951969806927739,
    "GMD": 0.22283049500390634,
    "GEL": 5.79856306701615,
    "GHS": 1
  }
}