{
  "meta": {
    "code": "GHS",
    "createdAt": "2024-08-01T18:35:42Z"
  },
  "data": {
    "GIP": null,
    "GTQ": 2.009338345,
    "GNF": 0.001803944304,
    "GYD": 0.0745363126,
    "HTG": 0.11775644910000001,
    "HNL": 0.626855021,
    "HKD": 1.9896225,
    "HUF": 0.042326151449999995,
    "ISK": 0.1118946526,
    "INR": 0.185634034,
    "IDR": 0.00095523028,
    "IRR": 0.0003693148014,
    "IQD": 0.01187022887,
    "ILS": 4.100278736,
    "JMD": 0.09938839257,
    "JPY": 0.1039184885,
    "JOD": 21.9418586,
    "KZT": 0.03279378375,
    "KES": 0.1205426343,
    "KWD": 50.87361325,
    "KGS": null,
    "LAK": 0.0007004504497,
    "LBP": 0.00017364599470000002,
    "LSL": 0.8525219235,
    "LRD": 0.0795818522,
    "LYD": 3.2161323260000003,
    "MOP": 1.9344013400000002,
    "MKD": 0.272504731,
    "MGA": 0.003406352677,
    "MWK": 0.008959953851,
    "MYR": 3.38448238,
    "MVR": 1.012412761,
    "MRU": 0.39070351540000003,
    "MUR": 0.33355807400000004,
    "MXN": 0.8271667,
    "MDL": 0.8807907195,
    "MNT": null,
    "MAD": 1.565094749,
    "MZN": 0.243467594,
    "MMK": 0.004787809235,
    "NAD": 0.8529895742,
    "NPR": 0.11621662590000001,
    "ANG": 8.64146466,
    "TWD": 0.47374598900000003,
    "NZD": 9.245798460000001,
    "NIO": 0.4216377368,
    "NGN": 0.009361435569,
    "KPW": null,
    "NOK": 1.4181068190000001,
    "OMR": 40.395961050000004,
    "PKR": 0.055734765609999994,
    "PAB": 15.572718550000001,
    "PGK": 3.956742906,
    "PYG": 0.00205393108,
    "PEN": 4.162762679,
    "PHP": 0.2666758135,
    "PLN": 3.89861825,
    "QAR": 4.267721160000001,
    "RON": 3.3712773200000004,
    "RUB": 0.18186969,
    "RWF": 0.0118026565,
    "SHP": 19.9420975,
    "WST": null,
    "STN": null,
    "SAR": 4.143780327,
    "RSD": 0.14329684040000001,
    "SCR": 1.109400599,
    "SLL": 0.0007698699750000001,
    "SGD": 11.62734145,
    "SBD": 1.842675,
    "SOS": 0.02723292337,
    "ZAR": 0.8507332381,
    "KRW": 0.011342708029999999,
    "SSP": null,
    "LKR": 0.0514213791,
    "SDG": 0.025852035159999998,
    "SRD": 0.5394435572,
    "SZL": 0.8534577381,
    "SEK": 1.447609834,
    "CHF": 17.8009869,
    "SYP": null,
    "TJS": 1.468463939,
    "TZS": 0.00576603641,
    "THB": 0.4360778245,
    "TOP": 6.535665000000001,
    "TTD": 2.2992852000000004,
    "TND": 5.0080641,
    "TRY": 0.46970485500000003,
    "TMT": 4.4510320000000005,
    "UGX": 0.0041674995199999995,
    "UAH": 0.3780937405,
    "AED": 4.233596505,
    "GBP": 19.80269175,
    "USD": 15.55,
    "UYU": 0.3861065,
    "UZS": 0.00123599077,
    "VUV": null,
    "VES": 0.4249595745,
    "VND": 0.0006164517600000001,
    "XOF": 0.025745032499999997,
    "YER": 0.06211333985,
    "ZMW": 0.601492349,
    "ZWL": null,
    "AFN": 0.21901408679573944,
    "ALL": 0.1676549882959868,
    "DZD": 0.11560478896033584,
    "AOA": 0.017680500471983347,
    "ARS": 0.01668918203380388,
    "AMD": 0.040094887357573814,
    "AWG": 8.63289391776676,
    "AUD": 10.093502940950009,
    "AZN": 9.147058919116176,
    "BSD": 15.562904923675202,
    "BHD": 41.257792658418396,
    "BDT": 0.13245416841957672,
    "BBD": 7.708193175577995,
    "BYN": 4.755785135354885,
    "BZD": 7.717209756904412,
    "BMD": 15.550000162497504,
    "BTN": 0.18584295212021554,
    "BOB": 2.2523400311175594,
    "BAM": 8.581957232868278,
    "BWP": 1.1486068369927207,
    "BRL": 2.7117048276385867,
    "BND": 11.619982606649952,
    "BGN": 8.576608512157872,
    "BIF": 0.0054021192174436945,
    "CVE": 0.15163335118278248,
    "KHR": 0.0037811550548893526,
    "XAF": null,
    "CAD": 11.198530986201586,
    "KYD": 18.66559838370074,
    "CLP": 0.016394825523796074,
    "CNY": 2.1465152139995913,
    "COP": 0.0038061623519312447,
    "KMF": 0.03412145519145732,
    "CDF": 0.005418118525573214,
    "CRC": 0.029775753473707218,
    "HRK": null,
    "CUP": 0.6481270448315096,
    "CZK": 0.6626015812287028,
    "DKK": 2.247701008533575,
    "DJF": 0.08749718755602608,
    "DOP": 0.26134454058032697,
    "EGP": 0.31936021500188116,
    "ERN": null,
    "ETB": 0.2686343745620764,
    "EUR": 16.77291327126783,
    "FJD": 6.8806832740874855,
    "GMD": 0.22374100955736817,
    "GEL": 5.727440207673453,
    "GHS": 1
  }
}