{
  "meta": {
    "code": "GHS",
    "createdAt": "2024-07-25T16:36:24Z"
  },
  "data": {
    "GIP": null,
    "GTQ": 2.000357271,
    "GNF": 0.001800870753,
    "GYD": 0.07425834372,
    "HTG": 0.1174833643,
    "HNL": 0.6264786792,
    "HKD": 1.9869256110000002,
    "HUF": 0.04292131932,
    "ISK": 0.112677079,
    "INR": 0.1851485931,
    "IDR": 0.000950500881,
    "IRR": 0.0003684741875,
    "IQD": 0.01183969452,
    "ILS": 4.228623755,
    "JMD": 0.09907890366,
    "JPY": 0.1005667004,
    "JOD": 21.88541652,
    "KZT": 0.032659670669999995,
    "KES": 0.11661653990000001,
    "KWD": 50.7142878,
    "KGS": 0.18420426680000002,
    "LAK": 0.0006992471013,
    "LBP": 0.0001731026741,
    "LSL": 0.8452315951,
    "LRD": 0.07938739215,
    "LYD": 3.2045454500000004,
    "MOP": 1.929906198,
    "MKD": 0.2732038419,
    "MGA": 0.003413667246,
    "MWK": 0.008936905738,
    "MYR": 3.319422282,
    "MVR": 1.010466263,
    "MRU": 0.39018866830000004,
    "MUR": 0.3315616128,
    "MXN": 0.845426835,
    "MDL": 0.8723811987000001,
    "MNT": null,
    "MAD": 1.566903954,
    "MZN": 0.2427480957,
    "MMK": 0.004775493327,
    "NAD": 0.8452315951,
    "NPR": 0.11580111870000001,
    "ANG": 8.609962383000001,
    "TWD": 0.4737469011,
    "NZD": 9.155553000000001,
    "NIO": 0.4213893288,
    "NGN": 0.009790121385,
    "KPW": null,
    "NOK": 1.4090214600000002,
    "OMR": 40.28879151,
    "PKR": 0.055691201739999995,
    "PAB": 15.51473055,
    "PGK": 4.010904612,
    "PYG": 0.002045182722,
    "PEN": 4.125822855,
    "PHP": 0.2649497301,
    "PLN": 3.9302340000000004,
    "QAR": 4.260404676,
    "RON": 3.389946252,
    "RUB": 0.182478252,
    "RWF": 0.01176783002,
    "SHP": 20.0195325,
    "WST": null,
    "STN": null,
    "SAR": 4.134220589,
    "RSD": 0.1438842242,
    "SCR": 1.1268500460000002,
    "SLL": 0.0007698699750000001,
    "SGD": 11.55049242,
    "SBD": 1.8301800000000001,
    "SOS": 0.027162870829999998,
    "ZAR": 0.8460239700000001,
    "KRW": 0.0112319682,
    "SSP": null,
    "LKR": 0.05111519028,
    "SDG": 0.026467576139999997,
    "SRD": 0.5359734553000001,
    "SZL": 0.8443113713,
    "SEK": 1.436386528,
    "CHF": 17.605788750000002,
    "SYP": null,
    "TJS": 1.46036049,
    "TZS": 0.005766362085,
    "THB": 0.4281462603,
    "TOP": 6.525057,
    "TTD": 2.282350785,
    "TND": 4.9967807010000005,
    "TRY": 0.4696400082,
    "TMT": 4.26525,
    "UGX": 0.004150364328,
    "UAH": 0.3762631389,
    "AED": 4.22270607,
    "GBP": 19.98176565,
    "USD": 15.510000000000002,
    "UYU": 0.38534595,
    "UZS": 0.001228303593,
    "VUV": null,
    "VES": 0.4247939289,
    "VND": 0.000611594973,
    "XOF": 0.025653586529999998,
    "YER": 0.06195356277,
    "ZMW": 0.593925981,
    "ZWL": null,
    "AFN": 0.21845070612150422,
    "ALL": 0.1676895999167535,
    "DZD": 0.11538118294086823,
    "AOA": 0.017773733992613026,
    "ARS": 0.016704590505478293,
    "AMD": 0.03998556327635597,
    "AWG": 8.616666741459333,
    "AUD": 10.166418658527064,
    "AZN": 9.123529490956942,
    "BSD": 15.506495667623739,
    "BHD": 41.15265681420704,
    "BDT": 0.13197124826136689,
    "BBD": 7.680350898397218,
    "BYN": 4.739206202903593,
    "BZD": 7.6933456015627995,
    "BMD": 15.5100001346268,
    "BTN": 0.18525678652149397,
    "BOB": 2.244285340049531,
    "BAM": 8.60397588314508,
    "BWP": 1.1382341837762266,
    "BRL": 2.7580688423068116,
    "BND": 11.554277642075169,
    "BGN": 8.615192590429176,
    "BIF": 0.005378879880860823,
    "CVE": 0.15186527107611542,
    "KHR": 0.0037663914859316352,
    "XAF": 0.025653592053092845,
    "CAD": 11.232862921635247,
    "KYD": 18.608483904617433,
    "CLP": 0.016425039061313405,
    "CNY": 2.1447832588752274,
    "COP": 0.0038576524130172502,
    "KMF": 0.03414607328681769,
    "CDF": 0.00541361261477976,
    "CRC": 0.029326417275744778,
    "HRK": null,
    "CUP": 0.6461240117652772,
    "CZK": 0.6637565856609212,
    "DKK": 2.2571491138699145,
    "DJF": 0.087081604847656,
    "DOP": 0.26111111343209875,
    "EGP": 0.3208582728808352,
    "ERN": null,
    "ETB": 0.26824373229923487,
    "EUR": 16.84487201813783,
    "FJD": 6.867541962314148,
    "GMD": 0.22884544648751926,
    "GEL": 5.7232472828052225,
    "GHS": 1
  }
}