{
  "meta": {
    "code": "GHS",
    "createdAt": "2024-08-20T15:04:09Z"
  },
  "data": {
    "GIP": null,
    "GTQ": 2.017380535,
    "GNF": 0.001811141297,
    "GYD": 0.07478560093,
    "HTG": 0.11851420060000001,
    "HNL": 0.6303646564000001,
    "HKD": 1.9995169130000001,
    "HUF": 0.04398120427,
    "ISK": 0.113765027,
    "INR": 0.1859992671,
    "IDR": 0.001009008787,
    "IRR": null,
    "IQD": 0.01192527941,
    "ILS": 4.214374493,
    "JMD": 0.09946235029999999,
    "JPY": 0.1069317394,
    "JOD": 21.98103873,
    "KZT": 0.03278163739,
    "KES": 0.1210524733,
    "KWD": 50.9718939,
    "KGS": 0.1818033954,
    "LAK": 0.0007059658253,
    "LBP": 0.0001743685061,
    "LSL": 0.8775517559,
    "LRD": 0.08007292909,
    "LYD": 3.2674306140000002,
    "MOP": 1.9469322310000001,
    "MKD": 0.28127906280000003,
    "MGA": 0.003416826808,
    "MWK": 0.009004908324,
    "MYR": 3.5580987860000004,
    "MVR": null,
    "MRU": 0.3940822626,
    "MUR": 0.33760001240000004,
    "MXN": 0.8248099165,
    "MDL": 0.8941155958,
    "MNT": null,
    "MAD": 1.6083551630000001,
    "MZN": 0.2437743363,
    "MMK": 0.004795682179,
    "NAD": 0.8776070492,
    "NPR": 0.1164897347,
    "ANG": 8.669007139000001,
    "TWD": 0.4878112768,
    "NZD": 9.573679856,
    "NIO": 0.4242947253,
    "NGN": 0.009914306668999999,
    "KPW": null,
    "NOK": 1.4811744040000001,
    "OMR": 40.46244937,
    "PKR": 0.056109994079999996,
    "PAB": 15.622950880000001,
    "PGK": 3.959432941,
    "PYG": 0.002058387895,
    "PEN": 4.1745019690000005,
    "PHP": 0.2758397623,
    "PLN": 4.047233986,
    "QAR": 4.281864684,
    "RON": 3.4768488250000003,
    "RUB": 0.17041791850000002,
    "RWF": 0.011567905739999999,
    "SHP": 20.15868147,
    "WST": null,
    "STN": null,
    "SAR": 4.151022264,
    "RSD": 0.147862783,
    "SCR": 1.158957448,
    "SLL": 0.0007698699750000001,
    "SGD": 11.92666564,
    "SBD": 1.8394748170000002,
    "SOS": 0.02743382773,
    "ZAR": 0.8714434846,
    "KRW": 0.011692499399999999,
    "SSP": null,
    "LKR": 0.05213135491,
    "SDG": 0.02589454555,
    "SRD": 0.5390589673,
    "SZL": 0.8777328998,
    "SEK": 1.520137316,
    "CHF": 18.16653491,
    "SYP": null,
    "TJS": 1.466351602,
    "TZS": 0.005762188351,
    "THB": 0.45630096410000004,
    "TOP": 6.588466110000001,
    "TTD": 2.304505265,
    "TND": 5.105557365,
    "TRY": 0.4596665333,
    "TMT": 4.458351156,
    "UGX": 0.004194521249,
    "UAH": 0.377389052,
    "AED": 4.240557961,
    "GBP": 20.28990564,
    "USD": 15.57557,
    "UYU": 0.3861183803,
    "UZS": 0.0012351847549999999,
    "VUV": null,
    "VES": 0.425124436,
    "VND": 0.0006248980986,
    "XOF": 0.0263813,
    "YER": 0.06221547734,
    "ZMW": 0.6058181811000001,
    "ZWL": null,
    "AFN": 0.22023118330207078,
    "ALL": 0.17359267996859065,
    "DZD": 0.11627525499265161,
    "AOA": 0.017578539804443072,
    "ARS": 0.01650365484708585,
    "AMD": 0.04024120513974837,
    "AWG": 8.653075281322295,
    "AUD": 10.505228832731861,
    "AZN": 9.16207970963537,
    "BSD": 15.614819269586267,
    "BHD": 41.33059921224664,
    "BDT": 0.13087585503234483,
    "BBD": 7.7331600495078145,
    "BYN": 4.771159329672955,
    "BZD": 7.746594605726242,
    "BMD": 15.575535506380131,
    "BTN": null,
    "BOB": 2.2597035529572724,
    "BAM": 8.847308105782213,
    "BWP": 1.1726667375370936,
    "BRL": 2.8505216792317287,
    "BND": 11.93639214319717,
    "BGN": 8.843354800892525,
    "BIF": 0.00541335797355301,
    "CVE": 0.156929896890214,
    "KHR": 0.0038171402723848617,
    "XAF": 0.02638053620254285,
    "CAD": 11.425087019895068,
    "KYD": 18.736938585507325,
    "CLP": 0.016913384197738413,
    "CNY": null,
    "COP": 0.003886363763544891,
    "KMF": 0.03500907059812667,
    "CDF": 0.005427015855881578,
    "CRC": null,
    "HRK": null,
    "CUP": 0.6505832498677854,
    "CZK": null,
    "DKK": 2.3189613060456304,
    "DJF": 0.08768557183641919,
    "DOP": 0.26138312498547606,
    "EGP": 0.3184887997930768,
    "ERN": null,
    "ETB": 0.1431496011938215,
    "EUR": 17.30451624909278,
    "FJD": 7.035179435167575,
    "GMD": 0.2225076500911447,
    "GEL": 5.790161898282576,
    "GHS": 1
  }
}