{
  "meta": {
    "code": "GHS",
    "createdAt": "2024-08-01T10:04:21Z"
  },
  "data": {
    "GIP": null,
    "GTQ": 2.007570932,
    "GNF": 0.0018049095009999999,
    "GYD": null,
    "HTG": 0.11781945440000001,
    "HNL": 0.6271904186,
    "HKD": 1.9907337180000002,
    "HUF": 0.042374920399999995,
    "ISK": 0.11202707320000001,
    "INR": 0.1858038363,
    "IDR": 0.0009573174320000001,
    "IRR": 0.0003695124026,
    "IQD": 0.01187621486,
    "ILS": null,
    "JMD": 0.09945277992,
    "JPY": 0.1037242077,
    "JOD": 21.95669465,
    "KZT": 0.03277459681,
    "KES": null,
    "KWD": 50.90573395,
    "KGS": null,
    "LAK": 0.0007008252245,
    "LBP": 0.0001733212406,
    "LSL": 0.8529780638000001,
    "LRD": 0.07755988838,
    "LYD": 3.2178531120000002,
    "MOP": 1.9334744330000002,
    "MKD": 0.2734573886,
    "MGA": 0.0034081752399999997,
    "MWK": 0.008964747858,
    "MYR": 3.405191932,
    "MVR": 1.0129544510000001,
    "MRU": 0.3909125606,
    "MUR": null,
    "MXN": null,
    "MDL": 0.8802897456000001,
    "MNT": null,
    "MAD": 1.5691079140000002,
    "MZN": 0.24359786090000002,
    "MMK": 0.004790370943,
    "NAD": 0.8534459648,
    "NPR": 0.1162788074,
    "ANG": 8.641355419,
    "TWD": 0.4745849877,
    "NZD": 9.246231784,
    "NIO": 0.42186333330000003,
    "NGN": 0.009366444388,
    "KPW": null,
    "NOK": 1.426814631,
    "OMR": 40.42182225,
    "PKR": 0.055764586399999996,
    "PAB": 15.558926770000001,
    "PGK": 3.9588599540000002,
    "PYG": 0.0020541463189999998,
    "PEN": 4.169785343,
    "PHP": 0.2668552155,
    "PLN": 3.9041799270000004,
    "QAR": 4.258127195,
    "RON": 3.370159263,
    "RUB": 0.1814660211,
    "RWF": 0.011808971489999999,
    "SHP": null,
    "WST": null,
    "STN": null,
    "SAR": 4.146513519,
    "RSD": 0.1432850434,
    "SCR": 1.147605331,
    "SLL": 0.0007698699750000001,
    "SGD": 11.6248702,
    "SBD": 1.84366092,
    "SOS": 0.027247494289999997,
    "ZAR": 0.8536426997000001,
    "KRW": 0.01137848864,
    "SSP": null,
    "LKR": null,
    "SDG": 0.025865867249999997,
    "SRD": 0.5368362531,
    "SZL": 0.8539143791,
    "SEK": 1.4546086360000001,
    "CHF": 17.74099671,
    "SYP": null,
    "TJS": 1.467199673,
    "TZS": 0.005762340734,
    "THB": 0.4368659568,
    "TOP": 6.539161896,
    "TTD": 2.295502537,
    "TND": 4.996590874000001,
    "TRY": 0.46960003980000004,
    "TMT": 4.453413516,
    "UGX": 0.00417739865,
    "UAH": 0.37953183620000003,
    "AED": 4.235850637,
    "GBP": 19.8507049,
    "USD": 15.558320000000002,
    "UYU": null,
    "UZS": 0.001239952782,
    "VUV": null,
    "VES": 0.4251970612,
    "VND": null,
    "XOF": null,
    "YER": 0.062146573479999995,
    "ZMW": 0.596890746,
    "ZWL": null,
    "AFN": 0.2206848469822856,
    "ALL": 0.16774427723510557,
    "DZD": 0.11541880445876433,
    "AOA": 0.01757005275394459,
    "ARS": 0.016716397045190668,
    "AMD": 0.040042697319930216,
    "AWG": 8.64348984013952,
    "AUD": 10.153415548242544,
    "AZN": 9.151930418971256,
    "BSD": 15.56381153640661,
    "BHD": 41.279787459026615,
    "BDT": 0.13234321605006633,
    "BBD": 7.708259555975236,
    "BYN": 4.756474829129516,
    "BZD": 7.72131975539872,
    "BMD": 15.558281712251135,
    "BTN": 0.18586187208722743,
    "BOB": 2.250328975649208,
    "BAM": 8.613338371355338,
    "BWP": 1.1501658323359119,
    "BRL": 2.7497846787294336,
    "BND": 11.626171124505042,
    "BGN": 8.582676809409774,
    "BIF": 0.0054068746198298046,
    "CVE": 0.1527770663098333,
    "KHR": 0.0037877740028413828,
    "XAF": 0.025703324958032556,
    "CAD": 11.248970029821022,
    "KYD": 18.675539225609278,
    "CLP": 0.016493460949363072,
    "CNY": 2.1476583953481523,
    "COP": 0.0038382340487800324,
    "KMF": 0.03413962744104635,
    "CDF": 0.005430464822504562,
    "CRC": 0.029673137394762513,
    "HRK": null,
    "CUP": 0.6484722213001307,
    "CZK": 0.6581476647216253,
    "DKK": 2.2474199793935323,
    "DJF": 0.08739969397136996,
    "DOP": 0.26181374359729875,
    "EGP": null,
    "ERN": null,
    "ETB": 0.26877744265229486,
    "EUR": 16.77063060086654,
    "FJD": 6.890445634562061,
    "GMD": 0.22386016852159907,
    "GEL": 5.730490503391883,
    "GHS": 1
  }
}