{
  "meta": {
    "code": "GHS",
    "createdAt": "2024-07-24T11:03:46Z"
  },
  "data": {
    "GIP": null,
    "GTQ": 1.990302255,
    "GNF": 0.00179064072,
    "GYD": 0.07389332440999999,
    "HTG": 0.1168979774,
    "HNL": 0.6230701922,
    "HKD": 1.9783945010000001,
    "HUF": 0.042632865949999994,
    "ISK": 0.11188768040000001,
    "INR": 0.1845647839,
    "IDR": 0.0009508744295,
    "IRR": 0.00036695332410000003,
    "IQD": 0.011783298409999999,
    "ILS": 4.261344458,
    "JMD": 0.09878202959999999,
    "JPY": 0.1000200374,
    "JOD": 21.80155769,
    "KZT": 0.03256309601,
    "KES": 0.11660807520000001,
    "KWD": 50.52310124,
    "KGS": 0.18313586880000002,
    "LAK": 0.0006964569387,
    "LBP": 0.0001723032115,
    "LSL": 0.8407225263,
    "LRD": 0.07912652516999999,
    "LYD": null,
    "MOP": 1.919654524,
    "MKD": 0.2720891728,
    "MGA": 0.003405084221,
    "MWK": 0.008898023434,
    "MYR": 3.3067047250000003,
    "MVR": 1.005939179,
    "MRU": 0.39007990730000003,
    "MUR": 0.3307863518,
    "MXN": 0.8471779289,
    "MDL": 0.8682447811,
    "MNT": null,
    "MAD": 1.567477322,
    "MZN": 0.2420073765,
    "MMK": 0.004757194966,
    "NAD": 0.8407225263,
    "NPR": 0.1152160901,
    "ANG": 8.566744672,
    "TWD": 0.4712868826,
    "NZD": 9.164660101,
    "NIO": 0.41956741280000004,
    "NGN": 0.009706656053,
    "KPW": null,
    "NOK": 1.3994295520000002,
    "OMR": 40.135822080000004,
    "PKR": 0.05542442375,
    "PAB": 15.43862052,
    "PGK": 3.998594692,
    "PYG": 0.0020395663979999997,
    "PEN": null,
    "PHP": 0.2634413343,
    "PLN": 3.909670944,
    "QAR": 4.233674187,
    "RON": 3.3700319760000004,
    "RUB": 0.1781526428,
    "RWF": 0.011780645539999999,
    "SHP": 19.94436828,
    "WST": null,
    "STN": null,
    "SAR": 4.118644539,
    "RSD": 0.1430658198,
    "SCR": 1.140542382,
    "SLL": null,
    "SGD": 11.491513620000001,
    "SBD": 1.8231672600000002,
    "SOS": 0.027111887699999997,
    "ZAR": null,
    "KRW": 0.01116649002,
    "SSP": null,
    "LKR": 0.0507931772,
    "SDG": 0.026366159759999997,
    "SRD": 0.5269455215000001,
    "SZL": 0.8408512295,
    "SEK": 1.431956819,
    "CHF": 17.42095029,
    "SYP": null,
    "TJS": 1.448969905,
    "TZS": 0.005754402101,
    "THB": 0.4274016552,
    "TOP": 6.503144913000001,
    "TTD": 2.2739438190000003,
    "TND": 4.964011352,
    "TRY": 0.4700434207,
    "TMT": 4.409924865000001,
    "UGX": 0.0041746219539999995,
    "UAH": 0.3739317595,
    "AED": null,
    "GBP": 19.93587047,
    "USD": 15.45057,
    "UYU": 0.3850282044,
    "UZS": 0.001226722494,
    "VUV": null,
    "VES": 0.4231463056,
    "VND": null,
    "XOF": 0.02554893,
    "YER": 0.061716235769999996,
    "ZMW": 0.5951791322000001,
    "ZWL": null,
    "AFN": 0.21827049429262863,
    "ALL": 0.16703280535989562,
    "DZD": 0.1147646440254722,
    "AOA": 0.01764766932700211,
    "ARS": 0.016685318115928105,
    "AMD": 0.039788242453716975,
    "AWG": 8.583630275439083,
    "AUD": 10.194261256330615,
    "AZN": 9.088549703406088,
    "BSD": 15.428980211379061,
    "BHD": 40.986622635273534,
    "BDT": 0.1313192281040959,
    "BBD": 7.642026479415416,
    "BYN": 4.714858431641872,
    "BZD": 7.654592396820438,
    "BMD": null,
    "BTN": 0.1843180747288777,
    "BOB": 2.2330398538002902,
    "BAM": 8.568853770420464,
    "BWP": 1.1356620457744728,
    "BRL": 2.7656418035210404,
    "BND": 11.468422842709936,
    "BGN": 8.560279738916227,
    "BIF": 0.005356648392582093,
    "CVE": 0.15198811776592966,
    "KHR": 0.0037558957619728945,
    "XAF": 0.025548052067399175,
    "CAD": 11.204645958042432,
    "KYD": 18.51614527674707,
    "CLP": 0.01632041248262734,
    "CNY": 2.1231427608062856,
    "COP": 0.003846765715667631,
    "KMF": 0.03405076472901454,
    "CDF": 0.005392856717553351,
    "CRC": 0.02912576068382663,
    "HRK": null,
    "CUP": 0.6428880320198613,
    "CZK": 0.6598337233533491,
    "DKK": 2.2447384130724455,
    "DJF": 0.08664542668403472,
    "DOP": 0.2605155178552226,
    "EGP": 0.3196095829338996,
    "ERN": null,
    "ETB": 0.2687049477528756,
    "EUR": 16.749636288724712,
    "FJD": 6.859891889434642,
    "GMD": 0.2280521696795623,
    "GEL": 5.690804602501049,
    "GHS": 1
  }
}