{
  "meta": {
    "code": "GHS",
    "createdAt": "2024-08-02T11:03:56Z"
  },
  "data": {
    "GIP": null,
    "GTQ": 2.007610602,
    "GNF": 0.001803918437,
    "GYD": 0.07456075032,
    "HTG": 0.11769117180000001,
    "HNL": 0.6283519806,
    "HKD": 1.9898157220000001,
    "HUF": 0.042411477989999995,
    "ISK": 0.1119453993,
    "INR": 0.18553936640000002,
    "IDR": 0.0009596366991,
    "IRR": 0.0003692196884,
    "IQD": 0.011884664239999999,
    "ILS": 4.0775949780000005,
    "JMD": 0.09936095341,
    "JPY": 0.1044195016,
    "JOD": 21.93278806,
    "KZT": 0.03276589145,
    "KES": 0.11954907540000001,
    "KWD": 50.88030232,
    "KGS": 0.1849503636,
    "LAK": 0.0007005618945,
    "LBP": 0.0001736500552,
    "LSL": 0.8532091734,
    "LRD": 0.07755632423,
    "LYD": 3.21634112,
    "MOP": 1.9327198,
    "MKD": 0.27219110760000004,
    "MGA": 0.003412262284,
    "MWK": 0.008967540998,
    "MYR": 3.456329867,
    "MVR": 1.012510649,
    "MRU": 0.39261156340000003,
    "MUR": 0.332588174,
    "MXN": 0.8202274122000001,
    "MDL": 0.876533832,
    "MNT": null,
    "MAD": null,
    "MZN": 0.24323922620000002,
    "MMK": 0.0047851551559999995,
    "NAD": 0.8532248702,
    "NPR": 0.1160452247,
    "ANG": 8.633634449,
    "TWD": 0.47416237510000003,
    "NZD": 9.251472686000001,
    "NIO": 0.4224538726,
    "NGN": 0.009455867321,
    "KPW": null,
    "NOK": 1.412548257,
    "OMR": 40.37047518,
    "PKR": 0.0558792276,
    "PAB": 15.55917488,
    "PGK": 3.9552036580000003,
    "PYG": 0.002052147534,
    "PEN": 4.162200697,
    "PHP": 0.2682673754,
    "PLN": 3.924232641,
    "QAR": 4.25850721,
    "RON": null,
    "RUB": 0.1810295221,
    "RWF": 0.01184183623,
    "SHP": 19.79583277,
    "WST": null,
    "STN": null,
    "SAR": 4.140004964,
    "RSD": 0.1437613084,
    "SCR": 1.1463324990000001,
    "SLL": 0.0007698699750000001,
    "SGD": 11.67344289,
    "SBD": 1.83388284,
    "SOS": 0.02732462119,
    "ZAR": 0.8543951361000001,
    "KRW": 0.011376918029999999,
    "SSP": null,
    "LKR": 0.05124578896,
    "SDG": 0.025837704319999998,
    "SRD": 0.5391445216,
    "SZL": 0.8534788164,
    "SEK": 1.4486650250000002,
    "CHF": 17.85421708,
    "SYP": null,
    "TJS": 1.4671877080000002,
    "TZS": 0.005745426876,
    "THB": 0.4397487865,
    "TOP": 6.525825462,
    "TTD": 2.297328345,
    "TND": 4.983064062,
    "TRY": 0.4686489151,
    "TMT": 4.4358439910000005,
    "UGX": 0.004163877612,
    "UAH": 0.3782002708,
    "AED": 4.231255711,
    "GBP": 19.7983971,
    "USD": 15.541380000000002,
    "UYU": null,
    "UZS": 0.001239687704,
    "VUV": null,
    "VES": 0.42466820850000003,
    "VND": 0.000616294978,
    "XOF": 0.0255657,
    "YER": 0.06207886125999999,
    "ZMW": 0.6009640283000001,
    "ZWL": null,
    "AFN": 0.2190046274068087,
    "ALL": 0.16758076685017229,
    "DZD": 0.1155249572220874,
    "AOA": 0.017690770001189474,
    "ARS": 0.016679964173185017,
    "AMD": 0.04008117012515948,
    "AWG": 8.628086856182492,
    "AUD": 10.125259263401878,
    "AZN": 9.141965555688389,
    "BSD": 15.549338471501937,
    "BHD": 41.23749965714112,
    "BDT": 0.13234174813957741,
    "BBD": 7.701476804000954,
    "BYN": 4.751705513385327,
    "BZD": 7.71451292674914,
    "BMD": 15.541341444670262,
    "BTN": 0.1856809727413653,
    "BOB": 2.250397434139333,
    "BAM": 8.574675139428933,
    "BWP": 1.147573943115403,
    "BRL": 2.7017612863959557,
    "BND": 11.619824854856377,
    "BGN": 8.617943881671307,
    "BIF": 0.00539615858888329,
    "CVE": 0.15208786128521826,
    "KHR": 0.0037844273900990177,
    "XAF": null,
    "CAD": 11.201370461151077,
    "KYD": 18.6605918677331,
    "CLP": 0.016383796249285345,
    "CNY": 2.1569319035669334,
    "COP": 0.0038029538742192716,
    "KMF": 0.034040831113645344,
    "CDF": 0.005415101548665596,
    "CRC": 0.029748418714696776,
    "HRK": null,
    "CUP": 0.6479262915266869,
    "CZK": 0.6661783543799549,
    "DKK": 2.254917362444682,
    "DJF": null,
    "DOP": 0.26119901587681105,
    "EGP": 0.3192033636036564,
    "ERN": null,
    "ETB": 0.2684847906834901,
    "EUR": 16.82582492085414,
    "FJD": 6.886145352786405,
    "GMD": 0.22523683253145305,
    "GEL": 5.734812341206737,
    "GHS": 1
  }
}