{
  "meta": {
    "code": "GHS",
    "createdAt": "2024-07-31T10:33:21Z"
  },
  "data": {
    "GIP": null,
    "GTQ": 2.004949535,
    "GNF": 0.001801972509,
    "GYD": 0.07437376399,
    "HTG": 0.1176522891,
    "HNL": 0.6275229097,
    "HKD": 1.9904144140000002,
    "HUF": 0.04259210293,
    "ISK": 0.1124857843,
    "INR": 0.1857510105,
    "IDR": 0.0009555038428,
    "IRR": 0.0003693985802,
    "IQD": 0.011859644999999999,
    "ILS": 4.130095254,
    "JMD": 0.09938914583,
    "JPY": 0.1034181327,
    "JOD": 21.94032055,
    "KZT": 0.03270085042,
    "KES": 0.1205341847,
    "KWD": 50.88240857,
    "KGS": null,
    "LAK": 0.0007003679982,
    "LBP": 0.0001734185481,
    "LSL": 0.8474679948,
    "LRD": 0.07988601429999999,
    "LYD": 3.2137839940000004,
    "MOP": 1.9310471200000001,
    "MKD": 0.2730951466,
    "MGA": 0.003426751195,
    "MWK": 0.008955914048,
    "MYR": 3.3842451390000003,
    "MVR": 1.0130012240000001,
    "MRU": 0.3923014093,
    "MUR": 0.3334631677,
    "MXN": 0.825475461,
    "MDL": 0.878513415,
    "MNT": null,
    "MAD": null,
    "MZN": 0.24335707880000002,
    "MMK": 0.004787473626,
    "NAD": 0.8477657564000001,
    "NPR": 0.115947802,
    "ANG": 8.622542307,
    "TWD": 0.47502542000000003,
    "NZD": 9.196558308,
    "NIO": 0.4219182734,
    "NGN": 0.009360779365,
    "KPW": null,
    "NOK": 1.42421796,
    "OMR": 40.39826057,
    "PKR": 0.05573593396,
    "PAB": 15.53838183,
    "PGK": 3.9570669840000003,
    "PYG": 0.002053930156,
    "PEN": 4.156337150000001,
    "PHP": 0.2662621781,
    "PLN": 3.9251544010000003,
    "QAR": 4.255361938,
    "RON": 3.384826668,
    "RUB": 0.1797578387,
    "RWF": 0.011682213839999999,
    "SHP": 19.957803430000002,
    "WST": null,
    "STN": null,
    "SAR": 4.144322507,
    "RSD": 0.1438823828,
    "SCR": 1.1469061040000001,
    "SLL": 0.0007698699750000001,
    "SGD": 11.61757957,
    "SBD": 1.8503202900000002,
    "SOS": 0.027174424179999997,
    "ZAR": 0.8535122137000001,
    "KRW": 0.01132774166,
    "SSP": null,
    "LKR": 0.05137952277,
    "SDG": null,
    "SRD": 0.5362340152,
    "SZL": 0.8480503015,
    "SEK": 1.4498548470000001,
    "CHF": 17.6558495,
    "SYP": null,
    "TJS": 1.4680127090000001,
    "TZS": 0.0057545928159999996,
    "THB": 0.4362341548,
    "TOP": 6.519657963,
    "TTD": 2.2920974750000003,
    "TND": 4.984740159,
    "TRY": 0.46905945870000004,
    "TMT": 4.4379932150000005,
    "UGX": 0.004174174859,
    "UAH": 0.3786212451,
    "AED": 4.233276266,
    "GBP": 19.95998027,
    "USD": 15.548910000000001,
    "UYU": 0.38592394620000003,
    "UZS": 0.001235045256,
    "VUV": null,
    "VES": 0.4252146423,
    "VND": 0.0006158596723,
    "XOF": 0.02564802,
    "YER": 0.062115221029999994,
    "ZMW": 0.5876850474,
    "ZWL": null,
    "AFN": 0.21896938807122676,
    "ALL": 0.1678999233930407,
    "DZD": 0.11552171373752651,
    "AOA": 0.01771951692910483,
    "ARS": 0.016678252298016744,
    "AMD": 0.0400284624463705,
    "AWG": 8.638264502173275,
    "AUD": 10.101789285690337,
    "AZN": 9.146397708183468,
    "BSD": 15.529929590439389,
    "BHD": 41.25288387772911,
    "BDT": 0.13216787217273643,
    "BBD": 7.691127760900379,
    "BYN": 4.745317087983875,
    "BZD": 7.7041607035596105,
    "BMD": 15.548876103911894,
    "BTN": 0.18549449973675622,
    "BOB": 2.247390071917707,
    "BAM": null,
    "BWP": 1.142983712170867,
    "BRL": 2.770351727614705,
    "BND": 11.552961044451083,
    "BGN": 8.610519495949866,
    "BIF": 0.005389876045015915,
    "CVE": 0.15257758081240175,
    "KHR": 0.0037805434323934673,
    "XAF": 0.02564749108417165,
    "CAD": null,
    "KYD": 18.634970752514967,
    "CLP": 0.01625652253097434,
    "CNY": 2.153047177581597,
    "COP": 0.0038146079640670213,
    "KMF": 0.034135842165896296,
    "CDF": 0.005417726865474528,
    "CRC": null,
    "HRK": null,
    "CUP": 0.6470693592649709,
    "CZK": 0.6616261481344107,
    "DKK": 2.2568504870177164,
    "DJF": 0.08720493918869084,
    "DOP": 0.2619690359578353,
    "EGP": 0.3198613513121479,
    "ERN": null,
    "ETB": 0.26861495586905276,
    "EUR": 16.842735009828658,
    "FJD": 6.872431428324137,
    "GMD": 0.22950370635713885,
    "GEL": 5.72702619092609,
    "GHS": 1
  }
}