{
  "meta": {
    "code": "GHS",
    "createdAt": "2024-08-26T11:05:01Z"
  },
  "data": {
    "GIP": null,
    "GTQ": 2.022056348,
    "GNF": 0.001815506083,
    "GYD": 0.07494072712,
    "HTG": 0.1185739913,
    "HNL": 0.6318107505,
    "HKD": 1.994420435,
    "HUF": 0.0439512221,
    "ISK": 0.1137437262,
    "INR": 0.18531795450000002,
    "IDR": 0.001006514697,
    "IRR": 0.0003693681709,
    "IQD": 0.011951139789999999,
    "ILS": 4.24259685,
    "JMD": 0.09994130060999999,
    "JPY": 0.10795263670000001,
    "JOD": 21.9385144,
    "KZT": 0.0323790589,
    "KES": 0.12052426220000001,
    "KWD": 50.90396676,
    "KGS": 0.1821851848,
    "LAK": 0.0007086780777,
    "LBP": 0.0001747584707,
    "LSL": 0.8722823678,
    "LRD": 0.08025639495999999,
    "LYD": 3.274834621,
    "MOP": 1.9488456680000001,
    "MKD": 0.2822051876,
    "MGA": 0.003426610585,
    "MWK": 0.009024993420999999,
    "MYR": 3.5762238730000004,
    "MVR": 1.0129178330000002,
    "MRU": 0.39340064010000003,
    "MUR": 0.3373442354,
    "MXN": 0.8114308097,
    "MDL": 0.8922784857,
    "MNT": null,
    "MAD": 1.6243370890000002,
    "MZN": 0.2433370454,
    "MMK": 0.004787079517,
    "NAD": 0.8720758952000001,
    "NPR": 0.11661089420000001,
    "ANG": 8.683590322,
    "TWD": 0.4885121317,
    "NZD": 9.653601205000001,
    "NIO": 0.42522643660000004,
    "NGN": 0.009856991569,
    "KPW": null,
    "NOK": 1.4756566580000001,
    "OMR": 40.39540138,
    "PKR": null,
    "PAB": 15.65697648,
    "PGK": 3.963571308,
    "PYG": 0.002060861677,
    "PEN": 4.179759549,
    "PHP": 0.2772501579,
    "PLN": 4.059484638,
    "QAR": null,
    "RON": 3.4911083730000003,
    "RUB": 0.1695039936,
    "RWF": 0.01182318279,
    "SHP": 20.53220017,
    "WST": null,
    "STN": null,
    "SAR": 4.143648934000001,
    "RSD": 0.14840905940000002,
    "SCR": 1.146501048,
    "SLL": 0.0007698699750000001,
    "SGD": 11.93661519,
    "SBD": 1.839284629,
    "SOS": 0.02749195681,
    "ZAR": 0.8767921911000001,
    "KRW": 0.01173339834,
    "SSP": null,
    "LKR": 0.05219793381,
    "SDG": 0.02584809501,
    "SRD": 0.540429975,
    "SZL": 0.8723245018,
    "SEK": 1.521964963,
    "CHF": 18.37087748,
    "SYP": null,
    "TJS": 1.4723767300000001,
    "TZS": 0.00573713284,
    "THB": 0.4576197683,
    "TOP": 6.6435022990000006,
    "TTD": 2.3061473070000003,
    "TND": 5.129045596,
    "TRY": 0.457191742,
    "TMT": 4.450353611000001,
    "UGX": 0.004213037696,
    "UAH": 0.3792381019,
    "AED": 4.233112796,
    "GBP": 20.5316871,
    "USD": 15.547630000000002,
    "UYU": 0.3851925332,
    "UZS": 0.001234590655,
    "VUV": null,
    "VES": 0.4254591847,
    "VND": 0.0006250940189,
    "XOF": 0.02652918,
    "YER": 0.06211623341999999,
    "ZMW": 0.5960599082,
    "ZWL": null,
    "AFN": 0.22095223204993614,
    "ALL": 0.1735337523251525,
    "DZD": 0.11591062467825507,
    "AOA": 0.0171891675990372,
    "ARS": 0.016435095613419517,
    "AMD": 0.04034032793324647,
    "AWG": 8.637556718516192,
    "AUD": 10.536611116632214,
    "AZN": 9.145648290193614,
    "BSD": 15.649248659955504,
    "BHD": 41.25856738071224,
    "BDT": 0.1309577231481978,
    "BBD": 7.750707814983271,
    "BYN": 4.782687047086979,
    "BZD": 7.774842876528717,
    "BMD": null,
    "BTN": 0.1865618522828428,
    "BOB": 2.267898351193856,
    "BAM": 8.898138713682362,
    "BWP": 1.1713759042728258,
    "BRL": null,
    "BND": 11.961699803733412,
    "BGN": 8.886832373185447,
    "BIF": 0.005418109836208676,
    "CVE": 0.15782723642573424,
    "KHR": 0.0038312931353848127,
    "XAF": 0.02652900527422544,
    "CAD": 11.516273110255728,
    "KYD": 18.778673863670043,
    "CLP": 0.017105954553118214,
    "CNY": 2.184234851346107,
    "COP": 0.0038637182140479984,
    "KMF": 0.03525133679476056,
    "CDF": 0.005513334075648634,
    "CRC": 0.02974641829847114,
    "HRK": null,
    "CUP": 0.6520851952933244,
    "CZK": 0.6940645915692859,
    "DKK": 2.327910500663099,
    "DJF": 0.08788389908385376,
    "DOP": 0.2619153139676393,
    "EGP": 0.31905606594149694,
    "ERN": null,
    "ETB": 0.143243591229158,
    "EUR": 17.370652023159764,
    "FJD": 7.048988780265537,
    "GMD": 0.2221086013332735,
    "GEL": 5.769054580085027,
    "GHS": 1
  }
}