{
  "meta": {
    "code": "GHS",
    "createdAt": "2024-08-09T11:03:58Z"
  },
  "data": {
    "GIP": null,
    "GTQ": 2.012705925,
    "GNF": 0.001809058252,
    "GYD": 0.07463542242,
    "HTG": 0.1184281935,
    "HNL": 0.6298404305,
    "HKD": null,
    "HUF": 0.04309192166,
    "ISK": 0.1127418902,
    "INR": null,
    "IDR": 0.0009794075784,
    "IRR": 0.00037066523480000003,
    "IQD": 0.011906006839999999,
    "ILS": 4.185251068,
    "JMD": 0.09949435677,
    "JPY": 0.10615474030000001,
    "JOD": 22.012773720000002,
    "KZT": 0.03266423717,
    "KES": 0.12074940020000001,
    "KWD": 50.96971055,
    "KGS": null,
    "LAK": 0.0007033527989,
    "LBP": 0.0001742287422,
    "LSL": 0.8463130411,
    "LRD": 0.07976614174999999,
    "LYD": null,
    "MOP": 1.943258519,
    "MKD": 0.2769348347,
    "MGA": 0.003428797488,
    "MWK": null,
    "MYR": 3.5289685590000004,
    "MVR": 1.013528684,
    "MRU": 0.39309989310000004,
    "MUR": 0.3361485101,
    "MXN": 0.8297153016000001,
    "MDL": 0.8867817852000001,
    "MNT": null,
    "MAD": 1.585374491,
    "MZN": 0.2442640583,
    "MMK": 0.004805316298,
    "NAD": 0.8500468263000001,
    "NPR": 0.1160708709,
    "ANG": 8.655935999,
    "TWD": 0.48220671410000004,
    "NZD": 9.385965604,
    "NIO": 0.4235537931,
    "NGN": 0.009853126524,
    "KPW": null,
    "NOK": 1.4388446320000001,
    "OMR": 40.53680556,
    "PKR": 0.0559551503,
    "PAB": 15.59831368,
    "PGK": 3.962428806,
    "PYG": null,
    "PEN": 4.170936456000001,
    "PHP": 0.2723665507,
    "PLN": 3.9371425720000004,
    "QAR": 4.285426664,
    "RON": 3.423161851,
    "RUB": 0.1761504149,
    "RWF": 0.0118434249,
    "SHP": 19.89952684,
    "WST": null,
    "STN": null,
    "SAR": 4.158103559000001,
    "RSD": 0.145627133,
    "SCR": null,
    "SLL": 0.0007698699750000001,
    "SGD": 11.78614522,
    "SBD": 1.84160948,
    "SOS": 0.027390663569999998,
    "ZAR": 0.8530241470000001,
    "KRW": 0.01142585399,
    "SSP": null,
    "LKR": 0.051798559669999994,
    "SDG": 0.025946565499999998,
    "SRD": 0.5403008313000001,
    "SZL": 0.8464976703,
    "SEK": 1.4817663220000001,
    "CHF": 18.045993720000002,
    "SYP": null,
    "TJS": 1.4806783680000002,
    "TZS": 0.005780318512,
    "THB": 0.4432507429,
    "TOP": 6.578291490000001,
    "TTD": 2.299263481,
    "TND": 5.0731248650000005,
    "TRY": 0.46482738300000004,
    "TMT": 4.454533391,
    "UGX": 0.004180142943,
    "UAH": 0.3797069443,
    "AED": 4.24904801,
    "GBP": 19.89094307,
    "USD": 15.606860000000001,
    "UYU": 0.38611371640000003,
    "UZS": 0.00123332899,
    "VUV": null,
    "VES": 0.4259856541,
    "VND": 0.0006216633723,
    "XOF": 0.02596512,
    "YER": 0.06234041613999999,
    "ZMW": 0.5978922517,
    "ZWL": null,
    "AFN": 0.21981444174859374,
    "ALL": 0.17006997896635723,
    "DZD": 0.11605675790608846,
    "AOA": 0.01772495782570506,
    "ARS": 0.016671776788542713,
    "AMD": 0.040179382637750824,
    "AWG": 8.670458535638975,
    "AUD": 10.263124389227805,
    "AZN": 9.18048550832362,
    "BSD": 15.590427885124129,
    "BHD": 41.39695357798448,
    "BDT": 0.13267984807274277,
    "BBD": 7.781044035278071,
    "BYN": 4.764514688180002,
    "BZD": 7.743493530722334,
    "BMD": 15.606825364150156,
    "BTN": 0.18568165532790773,
    "BOB": 2.258979041568572,
    "BAM": 8.719052723957494,
    "BWP": 1.1482023311144742,
    "BRL": 2.813257150007124,
    "BND": 11.766844950794187,
    "BGN": 8.71349351407712,
    "BIF": null,
    "CVE": 0.15446383776612208,
    "KHR": 0.003797704469254563,
    "XAF": 0.025965892020090732,
    "CAD": null,
    "KYD": 18.706849665166416,
    "CLP": null,
    "CNY": 2.176502017231694,
    "COP": 0.00382379648899167,
    "KMF": 0.03458576258282457,
    "CDF": 0.005447408505550085,
    "CRC": 0.02949365732395897,
    "HRK": null,
    "CUP": 0.6495750003235046,
    "CZK": 0.675094098530999,
    "DKK": 2.283009675381763,
    "DJF": 0.0875490445370044,
    "DOP": 0.2617176929897121,
    "EGP": 0.3168576868316298,
    "ERN": null,
    "ETB": 0.19428626624300482,
    "EUR": 17.037088986276373,
    "FJD": 6.954293452888357,
    "GMD": 0.22455863833309572,
    "GEL": 5.791029821398565,
    "GHS": 1
  }
}