{
  "meta": {
    "code": "GHS",
    "createdAt": "2024-07-26T13:32:52Z"
  },
  "data": {
    "GIP": null,
    "GTQ": 1.9996818610000002,
    "GNF": 0.001798692034,
    "GYD": 0.07424235889,
    "HTG": 0.1174323583,
    "HNL": 0.6262503965,
    "HKD": null,
    "HUF": 0.04312335721,
    "ISK": 0.1123057244,
    "INR": 0.1851009739,
    "IDR": 0.0009516849547,
    "IRR": 0.0003680843062,
    "IQD": 0.011837103719999999,
    "ILS": null,
    "JMD": 0.09910517522,
    "JPY": 0.10068434770000001,
    "JOD": 21.86875199,
    "KZT": 0.03272238242,
    "KES": 0.1180814473,
    "KWD": 50.69073593,
    "KGS": 0.18441311770000002,
    "LAK": 0.0006989482213,
    "LBP": 0.0001730853357,
    "LSL": 0.8491658227000001,
    "LRD": 0.07932254624,
    "LYD": 3.205451892,
    "MOP": 1.928641258,
    "MKD": 0.2731514142,
    "MGA": 0.003406031017,
    "MWK": 0.008938934441,
    "MYR": 3.3275776290000003,
    "MVR": 1.009696849,
    "MRU": 0.3913111181,
    "MUR": 0.33116749360000003,
    "MXN": 0.8422723828,
    "MDL": 0.875647735,
    "MNT": null,
    "MAD": 1.575239131,
    "MZN": 0.24256325650000002,
    "MMK": 0.004771857055,
    "NAD": 0.8491776013000001,
    "NPR": 0.1157271079,
    "ANG": 8.605864389,
    "TWD": 0.47259219690000004,
    "NZD": 9.148814029,
    "NIO": 0.4211602136,
    "NGN": 0.009710645269,
    "KPW": null,
    "NOK": 1.4118000080000002,
    "OMR": 40.26053155,
    "PKR": 0.05569201735,
    "PAB": 15.508837250000001,
    "PGK": 3.9523592620000003,
    "PYG": 0.002046850602,
    "PEN": 4.125226073,
    "PHP": 0.2651960383,
    "PLN": 3.9435516410000004,
    "QAR": 4.249136427,
    "RON": 3.3865497920000003,
    "RUB": null,
    "RWF": 0.011788936889999999,
    "SHP": 20.00428874,
    "WST": null,
    "STN": null,
    "SAR": 4.131189312,
    "RSD": 0.1438039389,
    "SCR": 1.1301136010000001,
    "SLL": 0.0007698699750000001,
    "SGD": 11.54277139,
    "SBD": 1.8287864200000001,
    "SOS": 0.0272365501,
    "ZAR": 0.8482444553,
    "KRW": 0.01119043399,
    "SSP": null,
    "LKR": 0.05116017611,
    "SDG": 0.02644742256,
    "SRD": 0.5355653414,
    "SZL": 0.8491744707000001,
    "SEK": 1.4359218710000001,
    "CHF": 17.56313783,
    "SYP": null,
    "TJS": 1.4624106030000001,
    "TZS": null,
    "THB": 0.43106231710000004,
    "TOP": 6.499940886,
    "TTD": 2.284464202,
    "TND": 4.995891605000001,
    "TRY": 0.4701778889,
    "TMT": 4.26200225,
    "UGX": 0.004156392933,
    "UAH": 0.3775506316,
    "AED": 4.219490714,
    "GBP": 19.93981627,
    "USD": 15.498190000000001,
    "UYU": 0.38466507580000003,
    "UZS": 0.0012268351699999999,
    "VUV": null,
    "VES": 0.4242127371,
    "VND": 0.0006122141508,
    "XOF": 0.0256526,
    "YER": 0.06190638858,
    "ZMW": 0.5932958202,
    "ZWL": null,
    "AFN": 0.21907559529115206,
    "ALL": 0.16731747391567012,
    "DZD": 0.11524417922230477,
    "AOA": 0.01776015711919402,
    "ARS": 0.016687108981467257,
    "AMD": 0.039902555278558044,
    "AWG": 8.610084702913676,
    "AUD": 10.174224806224089,
    "AZN": 9.116560273673304,
    "BSD": 15.500937986094012,
    "BHD": 41.11173131857861,
    "BDT": 0.13191533657974003,
    "BBD": 7.676605243522714,
    "BYN": 4.736384928200797,
    "BZD": 7.689726925308765,
    "BMD": 15.498152465244619,
    "BTN": 0.1851376748465033,
    "BOB": 2.2429971383539704,
    "BAM": 8.603703630106985,
    "BWP": 1.143923673230337,
    "BRL": 2.7480859903290438,
    "BND": 11.534324261525478,
    "BGN": 8.605614569547111,
    "BIF": 0.005380251175250634,
    "CVE": 0.15260470636616622,
    "KHR": 0.0037787929507559184,
    "XAF": null,
    "CAD": 11.213805816566225,
    "KYD": 18.5994956006136,
    "CLP": 0.016378150491508748,
    "CNY": 2.1378531279153696,
    "COP": 0.0038455999777007505,
    "KMF": 0.034119990027559444,
    "CDF": 0.005409477300259902,
    "CRC": 0.029315672604348402,
    "HRK": null,
    "CUP": 0.6458335839167639,
    "CZK": 0.6641590945982381,
    "DKK": 2.2559009713795657,
    "DJF": 0.08704039984772073,
    "DOP": 0.26186114682963346,
    "EGP": 0.32058664976872386,
    "ERN": null,
    "ETB": 0.26810935574586486,
    "EUR": 16.836667534214687,
    "FJD": 6.865487938548763,
    "GMD": 0.22875501793718991,
    "GEL": null,
    "GHS": 1
  }
}