{
  "meta": {
    "code": "GHS",
    "createdAt": "2024-07-24T09:32:47Z"
  },
  "data": {
    "GIP": null,
    "GTQ": 1.990302255,
    "GNF": 0.00179064072,
    "GYD": 0.07389332440999999,
    "HTG": 0.1168979774,
    "HNL": 0.6230701922,
    "HKD": 1.9784702090000001,
    "HUF": 0.042692675109999995,
    "ISK": 0.1118148063,
    "INR": 0.18457807140000002,
    "IDR": 0.0009508373481000001,
    "IRR": 0.00036695332410000003,
    "IQD": 0.011783298409999999,
    "ILS": 4.258779664,
    "JMD": 0.09878202959999999,
    "JPY": 0.09980681955,
    "JOD": 21.80155769,
    "KZT": 0.03256309601,
    "KES": 0.1161696978,
    "KWD": 50.51515964,
    "KGS": 0.18313586880000002,
    "LAK": 0.0006964569387,
    "LBP": 0.0001723032115,
    "LSL": 0.8407225263,
    "LRD": null,
    "LYD": 3.1922947990000003,
    "MOP": 1.919654524,
    "MKD": 0.2720891728,
    "MGA": 0.003405084221,
    "MWK": 0.008898023434,
    "MYR": 3.3067047250000003,
    "MVR": 1.005939179,
    "MRU": 0.39007990730000003,
    "MUR": 0.3307863518,
    "MXN": 0.8471130365,
    "MDL": 0.8682447811,
    "MNT": null,
    "MAD": 1.567477322,
    "MZN": null,
    "MMK": null,
    "NAD": 0.8407225263,
    "NPR": null,
    "ANG": 8.566744672,
    "TWD": 0.4711977328,
    "NZD": 9.159715918,
    "NIO": 0.41956741280000004,
    "NGN": 0.009706656053,
    "KPW": null,
    "NOK": 1.39584312,
    "OMR": 40.13537401,
    "PKR": 0.05542442375,
    "PAB": null,
    "PGK": 3.998594692,
    "PYG": 0.0020395663979999997,
    "PEN": 4.106290109000001,
    "PHP": 0.2635357373,
    "PLN": 3.9094577270000004,
    "QAR": 4.233674187,
    "RON": 3.3676093270000003,
    "RUB": null,
    "RWF": 0.011780645539999999,
    "SHP": 19.94436828,
    "WST": null,
    "STN": null,
    "SAR": 4.118833963,
    "RSD": 0.1429774286,
    "SCR": 1.140594141,
    "SLL": 0.0007698699750000001,
    "SGD": 11.48403941,
    "SBD": 1.8231672600000002,
    "SOS": 0.027111887699999997,
    "ZAR": null,
    "KRW": 0.011160884559999999,
    "SSP": null,
    "LKR": 0.0507931772,
    "SDG": 0.026366159759999997,
    "SRD": 0.5269455215000001,
    "SZL": 0.8408512295,
    "SEK": 1.4289845920000002,
    "CHF": 17.3888131,
    "SYP": null,
    "TJS": 1.448969905,
    "TZS": 0.005737539813,
    "THB": 0.4269293777,
    "TOP": 6.503144913000001,
    "TTD": 2.2739438190000003,
    "TND": 4.964011352,
    "TRY": 0.4700835922,
    "TMT": 4.409924865000001,
    "UGX": 0.0041746219539999995,
    "UAH": 0.3739317595,
    "AED": 4.206599999000001,
    "GBP": 19.91725253,
    "USD": 15.45057,
    "UYU": 0.3850282044,
    "UZS": 0.001226722494,
    "VUV": null,
    "VES": 0.4231464601,
    "VND": 0.0006092484212000001,
    "XOF": 0.02554893,
    "YER": 0.061716235769999996,
    "ZMW": 0.5951791322000001,
    "ZWL": null,
    "AFN": 0.21827049429262863,
    "ALL": 0.16703280535989562,
    "DZD": 0.11470840941260091,
    "AOA": 0.01764766932700211,
    "ARS": 0.016687859151953564,
    "AMD": 0.039788242453716975,
    "AWG": 8.583630275439083,
    "AUD": 10.187620126762406,
    "AZN": 9.088549703406088,
    "BSD": 15.428980211379061,
    "BHD": 40.9910157170671,
    "BDT": 0.1313192281040959,
    "BBD": 7.642026479415416,
    "BYN": 4.714858431641872,
    "BZD": null,
    "BMD": 15.45053449579035,
    "BTN": 0.1843180747288777,
    "BOB": null,
    "BAM": 8.568853770420464,
    "BWP": 1.1356620457744728,
    "BRL": 2.7661864645062946,
    "BND": 11.468422842709936,
    "BGN": 8.56040779481697,
    "BIF": 0.005356648392582093,
    "CVE": 0.15198811776592966,
    "KHR": 0.0037558957619728945,
    "XAF": 0.025548052067399175,
    "CAD": 11.200097496042297,
    "KYD": 18.51614527674707,
    "CLP": 0.01632041248262734,
    "CNY": 2.1231427608062856,
    "COP": 0.003846765715667631,
    "KMF": 0.03405076472901454,
    "CDF": 0.005392856717553351,
    "CRC": 0.02912576068382663,
    "HRK": null,
    "CUP": 0.6428880320198613,
    "CZK": 0.6588995052687986,
    "DKK": 2.243620351461279,
    "DJF": null,
    "DOP": 0.2605155178552226,
    "EGP": 0.3191105385496511,
    "ERN": null,
    "ETB": 0.2687049477528756,
    "EUR": 16.73920195862697,
    "FJD": null,
    "GMD": 0.2280521696795623,
    "GEL": 5.690804602501049,
    "GHS": 1
  }
}