{
  "meta": {
    "code": "GHS",
    "createdAt": "2024-08-27T15:33:32Z"
  },
  "data": {
    "GIP": null,
    "GTQ": 2.0231921340000003,
    "GNF": 0.001814600151,
    "GYD": 0.074994174,
    "HTG": 0.1187802387,
    "HNL": 0.6302219796,
    "HKD": 2.007109314,
    "HUF": 0.0444536505,
    "ISK": 0.11428988400000001,
    "INR": 0.1865564838,
    "IDR": 0.00101033622,
    "IRR": 0.0003719273176,
    "IQD": null,
    "ILS": 4.2537009,
    "JMD": 0.09989559413999999,
    "JPY": 0.1085735674,
    "JOD": 22.09679244,
    "KZT": 0.032601473459999995,
    "KES": 0.1213953475,
    "KWD": 51.29811972,
    "KGS": 0.1839399013,
    "LAK": 0.0007093997695000001,
    "LBP": 0.0001747767812,
    "LSL": 0.8837471692000001,
    "LRD": 0.08025786018,
    "LYD": 3.2899159090000003,
    "MOP": null,
    "MKD": 0.2839090662,
    "MGA": 0.003419213952,
    "MWK": 0.009020737227,
    "MYR": 3.601037358,
    "MVR": 1.019574523,
    "MRU": 0.3944584245,
    "MUR": 0.339487659,
    "MXN": 0.79556715,
    "MDL": 0.9007819920000001,
    "MNT": null,
    "MAD": 1.6236391350000001,
    "MZN": 0.2451898728,
    "MMK": 0.004821677982,
    "NAD": 0.8837471692000001,
    "NPR": 0.1166475659,
    "ANG": 8.695095984,
    "TWD": 0.49038961140000004,
    "NZD": 9.757197900000001,
    "NIO": 0.4249660777,
    "NGN": 0.009849366239,
    "KPW": null,
    "NOK": 1.49387004,
    "OMR": 40.68040482,
    "PKR": 0.05621466285,
    "PAB": 15.66905148,
    "PGK": 4.020177884000001,
    "PYG": 0.002056106322,
    "PEN": 4.1671100260000005,
    "PHP": 0.27805896,
    "PLN": 4.076097552,
    "QAR": 4.301017434,
    "RON": 3.5108216640000003,
    "RUB": 0.17114594760000001,
    "RWF": 0.01174353203,
    "SHP": 20.645361,
    "WST": null,
    "STN": null,
    "SAR": 4.173390156,
    "RSD": 0.14931352720000002,
    "SCR": 1.1641559430000001,
    "SLL": 0.0007698699750000001,
    "SGD": 12.01408546,
    "SBD": 1.8557100000000002,
    "SOS": 0.027425567839999998,
    "ZAR": 0.88198686,
    "KRW": 0.01175569891,
    "SSP": null,
    "LKR": 0.052147314539999996,
    "SDG": 0.026034911289999997,
    "SRD": 0.5431841694,
    "SZL": 0.8837471692000001,
    "SEK": 1.5381170560000001,
    "CHF": 18.5646951,
    "SYP": null,
    "TJS": 1.4692991860000002,
    "TZS": 0.005767955719,
    "THB": 0.4602367512,
    "TOP": 6.6852540000000005,
    "TTD": 2.3067148680000003,
    "TND": 5.150470644,
    "TRY": 0.4601617711,
    "TMT": 4.469700690000001,
    "UGX": 0.004220008254,
    "UAH": 0.3787223796,
    "AED": 4.26354462,
    "GBP": 20.7087057,
    "USD": 15.660000000000002,
    "UYU": 0.3890727,
    "UZS": 0.001234528961,
    "VUV": null,
    "VES": 0.42882341760000003,
    "VND": 0.0006306886789,
    "XOF": 0.026078267569999997,
    "YER": 0.06255267984,
    "ZMW": 0.5960440296,
    "ZWL": null,
    "AFN": 0.22056338169329578,
    "ALL": 0.17467930953958727,
    "DZD": 0.11694509033295797,
    "AOA": 0.01727523452865306,
    "ARS": 0.016505706276187325,
    "AMD": 0.04037955779685647,
    "AWG": 8.70000005568,
    "AUD": 10.613409019460637,
    "AZN": 9.211764764837646,
    "BSD": 15.663505593352715,
    "BHD": 41.55940687659626,
    "BDT": 0.13106916870275476,
    "BBD": 7.75741777630529,
    "BYN": 4.78623767287197,
    "BZD": 7.76936405374687,
    "BMD": 15.660000100224003,
    "BTN": 0.18658357027053823,
    "BOB": 2.2663670268371705,
    "BAM": 8.942567192967658,
    "BWP": 1.1784625880521717,
    "BRL": 2.8470139266958894,
    "BND": 12.011450072371714,
    "BGN": 8.942592727304472,
    "BIF": 0.005424315934161031,
    "CVE": 0.1578231302617687,
    "KHR": 0.0038335373562359857,
    "XAF": 0.026659076550318395,
    "CAD": 11.632657683805254,
    "KYD": 18.79334722890124,
    "CLP": 0.017250685844185577,
    "CNY": 2.1981415599401384,
    "COP": 0.003880838941211901,
    "KMF": 0.03549209610416191,
    "CDF": 0.005523809559161905,
    "CRC": 0.02965944499102748,
    "HRK": null,
    "CUP": 0.6526316183525785,
    "CZK": 0.6989636101693015,
    "DKK": 2.34322396836989,
    "DJF": 0.08794654973860962,
    "DOP": 0.2620920518865941,
    "EGP": 0.32156850073281423,
    "ERN": null,
    "ETB": 0.13920000089088,
    "EUR": 17.475825778017295,
    "FJD": 7.104779669972511,
    "GMD": 0.22056338169329578,
    "GEL": 5.80000003712,
    "GHS": 1
  }
}