{
  "meta": {
    "code": "GHS",
    "createdAt": "2024-08-16T14:04:15Z"
  },
  "data": {
    "GIP": null,
    "GTQ": null,
    "GNF": 0.001814676862,
    "GYD": 0.07470753429,
    "HTG": 0.1183047176,
    "HNL": 0.6298666816,
    "HKD": 2.0016946190000002,
    "HUF": 0.043435461669999995,
    "ISK": 0.1119273306,
    "INR": 0.18594762820000002,
    "IDR": 0.0009944985831,
    "IRR": 0.0003706757673,
    "IQD": 0.011913931999999999,
    "ILS": 4.250977086000001,
    "JMD": 0.09937353004999999,
    "JPY": 0.10537653250000001,
    "JOD": 22.0161787,
    "KZT": 0.03264163376,
    "KES": 0.12094852760000001,
    "KWD": 50.9979666,
    "KGS": 0.1820614867,
    "LAK": 0.0007045713294,
    "LBP": 0.000174206931,
    "LSL": 0.8710153081,
    "LRD": 0.08000425537,
    "LYD": 3.2557997870000004,
    "MOP": 1.9437541040000001,
    "MKD": 0.2789698105,
    "MGA": 0.0034736255419999997,
    "MWK": 0.008996579095,
    "MYR": 3.520856384,
    "MVR": 1.013256581,
    "MRU": 0.3939533906,
    "MUR": 0.3376589417,
    "MXN": 0.8386903205,
    "MDL": 0.8946570978,
    "MNT": null,
    "MAD": 1.597665039,
    "MZN": 0.244389769,
    "MMK": 0.0048038353859999995,
    "NAD": 0.8710232654000001,
    "NPR": 0.1161650298,
    "ANG": 8.661516438000001,
    "TWD": 0.4835863454,
    "NZD": 9.401154768000001,
    "NIO": 0.4238601048,
    "NGN": 0.009812382795,
    "KPW": null,
    "NOK": 1.453396511,
    "OMR": 40.53270974,
    "PKR": 0.056182803159999996,
    "PAB": 15.60839617,
    "PGK": 3.957785754,
    "PYG": 0.002061939648,
    "PEN": 4.168016129000001,
    "PHP": 0.2730974336,
    "PLN": 4.0207300450000005,
    "QAR": 4.27684366,
    "RON": 3.4483367350000003,
    "RUB": 0.17561413580000002,
    "RWF": 0.0115740606,
    "SHP": 20.017445470000002,
    "WST": null,
    "STN": null,
    "SAR": 4.157680765,
    "RSD": 0.1466319875,
    "SCR": 1.190556273,
    "SLL": 0.0007698699750000001,
    "SGD": 11.83674871,
    "SBD": 1.833313725,
    "SOS": 0.027408929539999998,
    "ZAR": 0.8726301844000001,
    "KRW": 0.011511575029999999,
    "SSP": null,
    "LKR": 0.05223076476,
    "SDG": 0.02593959958,
    "SRD": 0.5433630451,
    "SZL": 0.8712296887000001,
    "SEK": 1.486214855,
    "CHF": 17.96719222,
    "SYP": null,
    "TJS": 1.464987735,
    "TZS": 0.005755318968,
    "THB": 0.4489534109,
    "TOP": 6.579645939000001,
    "TTD": 2.2975259230000002,
    "TND": 5.089061243000001,
    "TRY": 0.4629763106,
    "TMT": 4.46610826,
    "UGX": 0.004203191187,
    "UAH": null,
    "AED": 4.247936126,
    "GBP": 20.12557197,
    "USD": 15.602670000000002,
    "UYU": null,
    "UZS": 0.001236919403,
    "VUV": null,
    "VES": 0.4259285508,
    "VND": 0.0006226120642000001,
    "XOF": 0.02614653,
    "YER": null,
    "ZMW": 0.5948616234,
    "ZWL": null,
    "AFN": 0.2199405729897262,
    "ALL": 0.17171805177739063,
    "DZD": 0.11613079650513732,
    "AOA": 0.0176600305990582,
    "ARS": 0.016572633258300096,
    "AMD": 0.040200548896365006,
    "AWG": 8.65591723102533,
    "AUD": 10.35141563724867,
    "AZN": 9.17802178405306,
    "BSD": 15.60029699065396,
    "BHD": 41.39572623973497,
    "BDT": 0.13276794837168565,
    "BBD": 7.72635739870603,
    "BYN": 4.766938265087663,
    "BZD": 7.7392574152017435,
    "BMD": 15.602637032890202,
    "BTN": 0.1858363184433328,
    "BOB": 2.2575970542960326,
    "BAM": 8.769364254739582,
    "BWP": 1.1653055335192588,
    "BRL": 2.8610318209123284,
    "BND": 11.828253249471484,
    "BGN": 8.76749664755258,
    "BIF": 0.005408449912489225,
    "CVE": 0.15554170238591777,
    "KHR": null,
    "XAF": 0.026146475002365027,
    "CAD": 11.377408746660606,
    "KYD": 18.719674346345116,
    "CLP": 0.016727027847234576,
    "CNY": 2.178378643454089,
    "COP": 0.0038914074378329673,
    "KMF": 0.0349091330904946,
    "CDF": 0.005436458896477423,
    "CRC": 0.029657558772238895,
    "HRK": null,
    "CUP": 0.6500083129888152,
    "CZK": 0.6803277684483485,
    "DKK": 2.299725484919489,
    "DJF": 0.08760324369686799,
    "DOP": 0.2608908457660742,
    "EGP": 0.31907167948023535,
    "ERN": null,
    "ETB": 0.1479562449091622,
    "EUR": 17.1581993919606,
    "FJD": 6.97573972494954,
    "GMD": 0.22289481475557432,
    "GEL": 5.800236815200819,
    "GHS": 1
  }
}