{
  "meta": {
    "code": "GHS",
    "createdAt": "2024-08-23T08:35:28Z"
  },
  "data": {
    "GIP": null,
    "GTQ": 2.0123191840000003,
    "GNF": 0.00180702073,
    "GYD": 0.07469883249999999,
    "HTG": 0.11808265700000001,
    "HNL": 0.6273607779,
    "HKD": 2.002039275,
    "HUF": 0.044128536419999996,
    "ISK": 0.1139829136,
    "INR": 0.1860302975,
    "IDR": 0.001004575846,
    "IRR": 0.00037076593540000003,
    "IQD": 0.011893716169999999,
    "ILS": 4.214597355,
    "JMD": 0.09945878642999999,
    "JPY": 0.1069836488,
    "JOD": 22.02807387,
    "KZT": 0.03248846315,
    "KES": 0.12101627770000001,
    "KWD": 51.08058075,
    "KGS": 0.1825925772,
    "LAK": 0.0007055889366,
    "LBP": 0.0001739201428,
    "LSL": null,
    "LRD": 0.07986806579,
    "LYD": 3.258696919,
    "MOP": 1.940352013,
    "MKD": 0.2817901899,
    "MGA": 0.003418710694,
    "MWK": 0.00898199469,
    "MYR": 3.5686599930000003,
    "MVR": 1.0157293520000001,
    "MRU": 0.39329990260000003,
    "MUR": 0.339253244,
    "MXN": 0.8003732914,
    "MDL": 0.894672141,
    "MNT": null,
    "MAD": 1.613460262,
    "MZN": 0.24431168550000001,
    "MMK": 0.004806621784,
    "NAD": 0.8658402657000001,
    "NPR": 0.115974534,
    "ANG": 8.647030439,
    "TWD": 0.4886332061,
    "NZD": 9.602387610000001,
    "NIO": 0.4231358993,
    "NGN": 0.009900180738,
    "KPW": null,
    "NOK": 1.471752063,
    "OMR": 40.55529613,
    "PKR": 0.055894076099999995,
    "PAB": null,
    "PGK": 3.9464595410000003,
    "PYG": 0.002053777582,
    "PEN": 4.154055948,
    "PHP": 0.2766332192,
    "PLN": null,
    "QAR": 4.271196647,
    "RON": 3.4882846830000003,
    "RUB": null,
    "RWF": 0.01176582692,
    "SHP": 20.42712435,
    "WST": null,
    "STN": null,
    "SAR": 4.160257458,
    "RSD": 0.1483197622,
    "SCR": 1.0812285320000001,
    "SLL": 0.0007698699750000001,
    "SGD": 11.93340427,
    "SBD": 1.85459868,
    "SOS": 0.027358562019999998,
    "ZAR": 0.8694819139000001,
    "KRW": 0.0116742085,
    "SSP": null,
    "LKR": 0.051721775459999994,
    "SDG": 0.02595361454,
    "SRD": 0.5419015420000001,
    "SZL": 0.8676660307,
    "SEK": 1.519589469,
    "CHF": 18.33853089,
    "SYP": null,
    "TJS": 1.4611755430000002,
    "TZS": 0.005760553504,
    "THB": 0.45557919960000004,
    "TOP": 6.636278610000001,
    "TTD": 2.294280628,
    "TND": 5.133823415,
    "TRY": 0.45914680430000004,
    "TMT": 4.455743578,
    "UGX": 0.004192401493,
    "UAH": 0.3775961351,
    "AED": 4.25041078,
    "GBP": 20.48113875,
    "USD": 15.6111,
    "UYU": 0.3869211135,
    "UZS": 0.00123171579,
    "VUV": null,
    "VES": 0.4259423068,
    "VND": 0.0006249451163,
    "XOF": 0.02646362,
    "YER": 0.0623573525,
    "ZMW": 0.5984505818,
    "ZWL": null,
    "AFN": 0.21956299636028861,
    "ALL": 0.17379350715549094,
    "DZD": 0.11647470344223174,
    "AOA": 0.017336001733482286,
    "ARS": 0.016515726750582257,
    "AMD": 0.040145608668621366,
    "AWG": 8.660787556054338,
    "AUD": 10.49188837072398,
    "AZN": 9.182982093910372,
    "BSD": 15.573739307177467,
    "BHD": 41.429695128559814,
    "BDT": 0.13033118685319184,
    "BBD": 7.713516391301395,
    "BYN": 4.75901103617943,
    "BZD": 7.726630430747963,
    "BMD": 15.611069559647634,
    "BTN": null,
    "BOB": 2.253805192049821,
    "BAM": 8.875553799276748,
    "BWP": 1.1664868034807254,
    "BRL": 2.7912797811465158,
    "BND": 11.913709412556457,
    "BGN": 8.880976649172608,
    "BIF": 0.00539305251076844,
    "CVE": null,
    "KHR": 0.0038125575145508423,
    "XAF": 0.026463090941974667,
    "CAD": 11.485906309688504,
    "KYD": 18.68933140026688,
    "CLP": 0.016976303922067358,
    "CNY": 2.1871594879058525,
    "COP": 0.0038361148942972108,
    "KMF": null,
    "CDF": 0.005429937239612518,
    "CRC": null,
    "HRK": null,
    "CUP": 0.6489400081199138,
    "CZK": 0.6923559805157788,
    "DKK": 2.326919399978739,
    "DJF": 0.08746157820522332,
    "DOP": 0.26067952313536136,
    "EGP": 0.32001831754127846,
    "ERN": null,
    "ETB": 0.14255590951250185,
    "EUR": 17.360099595974653,
    "FJD": 7.043435102006612,
    "GMD": 0.22301527942353758,
    "GEL": 5.7818776146843085,
    "GHS": 1
  }
}