{
  "meta": {
    "code": "GHS",
    "createdAt": "2024-08-13T16:04:28Z"
  },
  "data": {
    "GIP": null,
    "GTQ": 2.022366555,
    "GNF": 0.001812391287,
    "GYD": 0.07498026114999999,
    "HTG": 0.1189174483,
    "HNL": 0.629819539,
    "HKD": 2.0090139750000002,
    "HUF": 0.0435995228,
    "ISK": 0.1130371971,
    "INR": 0.18646771550000002,
    "IDR": 0.000990155155,
    "IRR": 0.00037168981620000003,
    "IQD": 0.01194656475,
    "ILS": 4.2057060360000005,
    "JMD": 0.09971164314999999,
    "JPY": 0.1065585025,
    "JOD": 22.07984945,
    "KZT": 0.03260322245,
    "KES": 0.12131782810000001,
    "KWD": 51.11325995,
    "KGS": 0.1826719488,
    "LAK": 0.0007055906103000001,
    "LBP": 0.0001746651741,
    "LSL": 0.8575342380000001,
    "LRD": 0.08017552905,
    "LYD": 3.25363813,
    "MOP": 1.9522357750000001,
    "MKD": 0.278689253,
    "MGA": 0.003405875852,
    "MWK": 0.009033188919999999,
    "MYR": 3.512124485,
    "MVR": 1.0163302490000001,
    "MRU": 0.3936611642,
    "MUR": 0.33780556300000003,
    "MXN": 0.8218441000000001,
    "MDL": 0.8948670000000001,
    "MNT": null,
    "MAD": 1.594823109,
    "MZN": 0.2449392455,
    "MMK": 0.004818599005,
    "NAD": 0.8575342380000001,
    "NPR": 0.1165266291,
    "ANG": 8.69173143,
    "TWD": 0.48315900700000003,
    "NZD": 9.48460425,
    "NIO": 0.42469470730000003,
    "NGN": 0.009842767176,
    "KPW": null,
    "NOK": 1.452327825,
    "OMR": 40.654318,
    "PKR": 0.056143497029999996,
    "PAB": 15.662786050000001,
    "PGK": 4.030648266,
    "PYG": null,
    "PEN": 4.179463177000001,
    "PHP": 0.2744241585,
    "PLN": 3.997271355,
    "QAR": null,
    "RON": 3.445849865,
    "RUB": 0.1719795715,
    "RWF": 0.01186504922,
    "SHP": 19.9748775,
    "WST": null,
    "STN": null,
    "SAR": 4.168632125,
    "RSD": 0.1465328358,
    "SCR": 1.073020214,
    "SLL": 0.0007698699750000001,
    "SGD": 11.855735750000001,
    "SBD": 1.8435700000000002,
    "SOS": 0.027408054709999997,
    "ZAR": 0.8619195245,
    "KRW": 0.011444834039999999,
    "SSP": null,
    "LKR": 0.052325258549999996,
    "SDG": 0.02601828619,
    "SRD": 0.5459048337,
    "SZL": 0.8575342380000001,
    "SEK": 1.490264051,
    "CHF": 18.09492125,
    "SYP": null,
    "TJS": 1.475608295,
    "TZS": 0.00577811772,
    "THB": 0.44714287950000003,
    "TOP": 6.602735,
    "TTD": 2.3073248850000003,
    "TND": 5.075030515,
    "TRY": 0.4664189845,
    "TMT": 4.4668464750000005,
    "UGX": 0.004197738465,
    "UAH": 0.378591654,
    "AED": 4.260822050000001,
    "GBP": 20.07996725,
    "USD": 15.650000000000002,
    "UYU": 0.38835475,
    "UZS": 0.001238622865,
    "VUV": null,
    "VES": 0.427807148,
    "VND": 0.0006227620150000001,
    "XOF": 0.02601828619,
    "YER": 0.06250030949999999,
    "ZMW": 0.5992064175,
    "ZWL": null,
    "AFN": 0.22198581763644737,
    "ALL": 0.17126285997102156,
    "DZD": 0.11643045897264277,
    "AOA": 0.017773992211300108,
    "ARS": 0.01666253401387219,
    "AMD": 0.04027070183233485,
    "AWG": 8.682385654730428,
    "AUD": 10.347860103683997,
    "AZN": 9.205882436254413,
    "BSD": 15.654585370965867,
    "BHD": 41.535657215750945,
    "BDT": 0.13322618608435752,
    "BBD": 7.7531170472838005,
    "BYN": 4.783479587384608,
    "BZD": 7.7661482055502224,
    "BMD": 15.650000141632502,
    "BTN": 0.18641753673449415,
    "BOB": 2.2654348698034124,
    "BAM": 8.743051036151044,
    "BWP": 1.1592094666805857,
    "BRL": 2.8524040653621956,
    "BND": 11.832744827746193,
    "BGN": 8.765100980519591,
    "BIF": 0.005443478310873831,
    "CVE": 0.15479723187298985,
    "KHR": 0.003807785922973299,
    "XAF": 0.02606802295171698,
    "CAD": null,
    "KYD": 18.78447087649878,
    "CLP": 0.016797432777127558,
    "CNY": 2.186823187585779,
    "COP": 0.003878245433629044,
    "KMF": 0.03471221059393868,
    "CDF": 0.00545296172212052,
    "CRC": 0.02956345478368229,
    "HRK": null,
    "CUP": 0.6522792948609565,
    "CZK": 0.6803164728823744,
    "DKK": 2.297858241197601,
    "DJF": 0.0879102368895967,
    "DOP": 0.26192468858003815,
    "EGP": 0.3169369942145329,
    "ERN": null,
    "ETB": 0.14220214460409608,
    "EUR": 17.147584430087033,
    "FJD": null,
    "GMD": 0.22681159625554348,
    "GEL": 5.807050148184538,
    "GHS": 1
  }
}