{
  "meta": {
    "code": "GHS",
    "createdAt": "2024-08-26T14:04:31Z"
  },
  "data": {
    "GIP": null,
    "GTQ": 2.0084646100000003,
    "GNF": 0.001803682111,
    "GYD": 0.07470141303,
    "HTG": 0.11829719670000001,
    "HNL": 0.6298098782,
    "HKD": 2.0010385790000003,
    "HUF": 0.04406310986,
    "ISK": 0.1138377222,
    "INR": 0.1860085628,
    "IDR": 0.001010186734,
    "IRR": 0.0003706470211,
    "IQD": 0.011913391859999999,
    "ILS": 4.251196591,
    "JMD": 0.09968502941999999,
    "JPY": 0.1080174883,
    "JOD": 22.01447133,
    "KZT": 0.03228210419,
    "KES": 0.1211763869,
    "KWD": 51.07602854,
    "KGS": 0.1830942257,
    "LAK": 0.0007064450298,
    "LBP": 0.000173601727,
    "LSL": 0.8794761422,
    "LRD": 0.07999821479,
    "LYD": 3.2659833550000004,
    "MOP": 1.9437141340000001,
    "MKD": 0.2829061106,
    "MGA": 0.003418985071,
    "MWK": null,
    "MYR": 3.5886057050000004,
    "MVR": 1.016424822,
    "MRU": 0.3943539856,
    "MUR": 0.3385122103,
    "MXN": 0.8104412418,
    "MDL": 0.8966159062,
    "MNT": null,
    "MAD": 1.621993307,
    "MZN": 0.2441795425,
    "MMK": 0.00480365365,
    "NAD": 0.8794683415000001,
    "NPR": 0.1162369771,
    "ANG": 8.661308093,
    "TWD": 0.48984175420000003,
    "NZD": 9.681720024,
    "NIO": 0.4238972847,
    "NGN": 0.009811697348,
    "KPW": null,
    "NOK": 1.4816706560000001,
    "OMR": 40.53402841,
    "PKR": 0.055849994359999995,
    "PAB": 15.60710772,
    "PGK": 4.005968162,
    "PYG": 0.002052534318,
    "PEN": 4.170524561000001,
    "PHP": 0.2780117766,
    "PLN": 4.065350439,
    "QAR": 4.278193669,
    "RON": 3.49761955,
    "RUB": 0.1695796014,
    "RWF": 0.011776473139999999,
    "SHP": 20.60328807,
    "WST": null,
    "STN": null,
    "SAR": 4.157619658000001,
    "RSD": 0.14874824650000001,
    "SCR": 1.16116849,
    "SLL": 0.0007698699750000001,
    "SGD": 11.967064,
    "SBD": 1.8456527180000002,
    "SOS": 0.0274020299,
    "ZAR": 0.880724415,
    "KRW": 0.01175308764,
    "SSP": null,
    "LKR": 0.05185291884,
    "SDG": 0.02593758794,
    "SRD": 0.5423010862000001,
    "SZL": 0.8798435566,
    "SEK": 1.5263899010000002,
    "CHF": 18.39112585,
    "SYP": null,
    "TJS": 1.464970385,
    "TZS": 0.005758135371,
    "THB": 0.4582868653,
    "TOP": 6.6665038580000004,
    "TTD": 2.2976925400000003,
    "TND": 5.1230433070000005,
    "TRY": 0.45862363840000003,
    "TMT": 4.46576191,
    "UGX": 0.004203033324,
    "UAH": 0.3775191366,
    "AED": 4.2477798710000005,
    "GBP": 20.57642236,
    "USD": 15.601460000000001,
    "UYU": 0.38658608110000003,
    "UZS": 0.001229501137,
    "VUV": null,
    "VES": 0.4269344209,
    "VND": 0.0006272582594,
    "XOF": 0.02656894314,
    "YER": 0.06233129622,
    "ZMW": 0.5931583043,
    "ZWL": null,
    "AFN": 0.2217171591068403,
    "ALL": 0.17404869303405898,
    "DZD": 0.11626457622536959,
    "AOA": 0.017248675752970653,
    "ARS": 0.016452935748132204,
    "AMD": 0.04019846750393452,
    "AWG": 8.667459565867752,
    "AUD": 10.568561824273107,
    "AZN": 9.177310128565855,
    "BSD": 15.599617664665162,
    "BHD": 41.39906272844895,
    "BDT": null,
    "BBD": 7.726156202529266,
    "BYN": 4.766842438896969,
    "BZD": 7.739363678341241,
    "BMD": 15.601427218561955,
    "BTN": 0.1859554191084444,
    "BOB": 2.25744780702111,
    "BAM": 8.880208418065322,
    "BWP": 1.1761826127913737,
    "BRL": 2.845158606871775,
    "BND": 11.974312245557241,
    "BGN": 8.90830551076509,
    "BIF": 0.005436867097631247,
    "CVE": 0.1580559760821832,
    "KHR": 0.003833691780767356,
    "XAF": 0.026567925709675783,
    "CAD": 11.568009387163837,
    "KYD": 18.719617563454673,
    "CLP": 0.017200753257519547,
    "CNY": 2.190196568852029,
    "COP": 0.003878790728312103,
    "KMF": 0.03537337540261043,
    "CDF": 0.005532420999490055,
    "CRC": 0.02964934724498179,
    "HRK": null,
    "CUP": 0.6500031338926096,
    "CZK": 0.6950773079891354,
    "DKK": 2.3331120897577895,
    "DJF": 0.08760412410465925,
    "DOP": 0.26219176328272553,
    "EGP": 0.32016128127105314,
    "ERN": null,
    "ETB": 0.14060241922291292,
    "EUR": 17.40550813847237,
    "FJD": 7.0733920724645705,
    "GMD": 0.22287753169374216,
    "GEL": 5.789026797240057,
    "GHS": 1
  }
}