{
  "meta": {
    "code": "GHS",
    "createdAt": "2024-08-16T15:04:08Z"
  },
  "data": {
    "GIP": null,
    "GTQ": 2.015321991,
    "GNF": 0.001814676862,
    "GYD": 0.07470753429,
    "HTG": 0.1183047176,
    "HNL": 0.6298666816,
    "HKD": 2.001374764,
    "HUF": 0.04341864199,
    "ISK": 0.1120318077,
    "INR": 0.1859537132,
    "IDR": 0.0009939680923000001,
    "IRR": 0.0003706757673,
    "IQD": 0.011913931999999999,
    "ILS": 4.247190318,
    "JMD": 0.09937353004999999,
    "JPY": 0.10540315060000001,
    "JOD": 22.01928364,
    "KZT": 0.03264163376,
    "KES": 0.12094852760000001,
    "KWD": 50.98824614,
    "KGS": 0.1820614867,
    "LAK": 0.0007045713294,
    "LBP": 0.000174206931,
    "LSL": 0.8710153081,
    "LRD": 0.08000425537,
    "LYD": 3.2557997870000004,
    "MOP": 1.9437541040000001,
    "MKD": 0.27864558710000004,
    "MGA": 0.0034736255419999997,
    "MWK": 0.008996579095,
    "MYR": 3.520856384,
    "MVR": 1.013256581,
    "MRU": 0.3939533906,
    "MUR": 0.3376589417,
    "MXN": 0.8351953224,
    "MDL": 0.8946570978,
    "MNT": null,
    "MAD": 1.597665039,
    "MZN": 0.244389769,
    "MMK": 0.0048038353859999995,
    "NAD": 0.8710232654000001,
    "NPR": 0.1161650298,
    "ANG": 8.661516438000001,
    "TWD": 0.4835039634,
    "NZD": 9.399126421,
    "NIO": 0.4238601048,
    "NGN": 0.009812382795,
    "KPW": null,
    "NOK": 1.45239794,
    "OMR": 40.53266293,
    "PKR": 0.056182803159999996,
    "PAB": 15.60839617,
    "PGK": 3.957785754,
    "PYG": 0.002061939648,
    "PEN": 4.1697185370000005,
    "PHP": 0.27322537550000003,
    "PLN": 4.0181556050000005,
    "QAR": 4.27684366,
    "RON": 3.4465845550000003,
    "RUB": 0.17472197520000002,
    "RWF": 0.0115740606,
    "SHP": 20.017445470000002,
    "WST": null,
    "STN": null,
    "SAR": 4.157768296,
    "RSD": 0.1465548588,
    "SCR": 1.190556273,
    "SLL": 0.0007698699750000001,
    "SGD": 11.83719963,
    "SBD": 1.833313725,
    "SOS": 0.027408929539999998,
    "ZAR": 0.8723892792,
    "KRW": 0.01150928144,
    "SSP": null,
    "LKR": 0.05223076476,
    "SDG": 0.02593959958,
    "SRD": 0.5433630451,
    "SZL": 0.8712296887000001,
    "SEK": 1.485328468,
    "CHF": 17.97177941,
    "SYP": null,
    "TJS": 1.464987735,
    "TZS": 0.005755318968,
    "THB": 0.44794266990000003,
    "TOP": 6.579645939000001,
    "TTD": 2.2975259230000002,
    "TND": 5.089061243000001,
    "TRY": 0.4629666369,
    "TMT": 4.46610826,
    "UGX": 0.004203191187,
    "UAH": 0.3784296546,
    "AED": 4.247936126,
    "GBP": 20.11784865,
    "USD": 15.602670000000002,
    "UYU": 0.38679018930000003,
    "UZS": 0.001236919403,
    "VUV": null,
    "VES": 0.42564723460000004,
    "VND": 0.0006226125166,
    "XOF": 0.02614653,
    "YER": 0.06233613044,
    "ZMW": 0.5948616234,
    "ZWL": null,
    "AFN": 0.2197554511674676,
    "ALL": 0.17171805177739063,
    "DZD": 0.11607118598990429,
    "AOA": 0.017609126569971857,
    "ARS": 0.01657650680853843,
    "AMD": 0.040200548896365006,
    "AWG": 8.668131684939,
    "AUD": 10.357345724254127,
    "AZN": 9.17802178405306,
    "BSD": 15.60029699065396,
    "BHD": 41.40086682253453,
    "BDT": 0.13276794837168565,
    "BBD": 7.72635739870603,
    "BYN": 4.766938265087663,
    "BZD": 7.7392574152017435,
    "BMD": 15.602637032890202,
    "BTN": 0.1858363184433328,
    "BOB": 2.2575970542960326,
    "BAM": 8.769364254739582,
    "BWP": 1.1653055335192588,
    "BRL": 2.8467809510694155,
    "BND": 11.828253249471484,
    "BGN": 8.773412639041064,
    "BIF": 0.00542228915351359,
    "CVE": 0.15554170238591777,
    "KHR": 0.003810478567388487,
    "XAF": 0.026146475002365027,
    "CAD": 11.377699128648755,
    "KYD": 18.719674346345116,
    "CLP": 0.01673420390272456,
    "CNY": 2.177193156303868,
    "COP": 0.0038885561278585567,
    "KMF": 0.0349091330904946,
    "CDF": 0.005436458896477423,
    "CRC": 0.029657558772238895,
    "HRK": null,
    "CUP": 0.6500083129888152,
    "CZK": 0.6804167737812773,
    "DKK": 2.298910564651707,
    "DJF": 0.08760324369686799,
    "DOP": 0.2608908457660742,
    "EGP": 0.31907689960425184,
    "ERN": null,
    "ETB": 0.14232736176461,
    "EUR": 17.151503562753543,
    "FJD": 6.972622351152889,
    "GMD": 0.22289481475557432,
    "GEL": 5.800236815200819,
    "GHS": 1
  }
}