{
  "meta": {
    "code": "GHS",
    "createdAt": "2024-07-30T11:04:03Z"
  },
  "data": {
    "GIP": null,
    "GTQ": 2.00133856,
    "GNF": 0.001798661712,
    "GYD": 0.07423353023,
    "HTG": 0.1174248226,
    "HNL": 0.6262516903,
    "HKD": 1.9879310200000002,
    "HUF": 0.042653571349999995,
    "ISK": 0.11252731860000001,
    "INR": 0.1855101027,
    "IDR": 0.000950801741,
    "IRR": 0.0003688105857,
    "IQD": 0.011837620189999998,
    "ILS": 4.1555283560000005,
    "JMD": 0.09907336624999999,
    "JPY": 0.10033371220000001,
    "JOD": 21.91499219,
    "KZT": 0.0326609942,
    "KES": 0.11945207540000001,
    "KWD": 50.78611243,
    "KGS": null,
    "LAK": 0.0006989483848,
    "LBP": 0.00017309143480000001,
    "LSL": null,
    "LRD": 0.07932741556999999,
    "LYD": 3.211741426,
    "MOP": 1.927580008,
    "MKD": 0.2726103525,
    "MGA": 0.003409170015,
    "MWK": 0.008947721065,
    "MYR": 3.359388506,
    "MVR": 1.010697293,
    "MRU": 0.3916281721,
    "MUR": 0.33303124370000003,
    "MXN": 0.8339415353,
    "MDL": 0.8761332034,
    "MNT": null,
    "MAD": 1.5714226990000002,
    "MZN": 0.243232249,
    "MMK": 0.004781272566,
    "NAD": 0.8412117948000001,
    "NPR": 0.1157098965,
    "ANG": 8.60618254,
    "TWD": 0.47265289930000004,
    "NZD": 9.147377256,
    "NIO": 0.42111918530000003,
    "NGN": 0.009585660483999999,
    "KPW": null,
    "NOK": 1.4168372100000002,
    "OMR": null,
    "PKR": 0.0557585985,
    "PAB": 15.50843507,
    "PGK": 3.950644871,
    "PYG": 0.002047308378,
    "PEN": 4.154854718,
    "PHP": 0.2645378767,
    "PLN": 3.928701166,
    "QAR": 4.246989706,
    "RON": 3.381116361,
    "RUB": null,
    "RWF": 0.011786542649999999,
    "SHP": 19.94903438,
    "WST": null,
    "STN": null,
    "SAR": 4.1393175630000005,
    "RSD": 0.1436928798,
    "SCR": 1.1859410160000001,
    "SLL": 0.0007698699750000001,
    "SGD": 11.55371545,
    "SBD": 1.844817876,
    "SOS": null,
    "ZAR": 0.8475709814,
    "KRW": 0.011217211659999999,
    "SSP": null,
    "LKR": 0.05121156967,
    "SDG": 0.02590286884,
    "SRD": 0.538193626,
    "SZL": 0.8442324511,
    "SEK": 1.4396446250000001,
    "CHF": 17.5276488,
    "SYP": null,
    "TJS": 1.4604017770000002,
    "TZS": 0.0057408458879999995,
    "THB": 0.4315645504,
    "TOP": 6.511213261,
    "TTD": 2.2833239410000004,
    "TND": 4.978803801000001,
    "TRY": 0.46930023790000003,
    "TMT": 4.628556431000001,
    "UGX": 0.0041615443569999995,
    "UAH": 0.3778272418,
    "AED": null,
    "GBP": 19.96099153,
    "USD": null,
    "UYU": 0.3855793591,
    "UZS": 0.00123342096,
    "VUV": null,
    "VES": 0.42470766670000004,
    "VND": 0.0006141488776000001,
    "XOF": 0.02573118431,
    "YER": 0.062029842579999994,
    "ZMW": 0.5921815689000001,
    "ZWL": null,
    "AFN": 0.2190988254666944,
    "ALL": 0.1674618656994916,
    "DZD": 0.11525795463691736,
    "AOA": 0.017757277078733185,
    "ARS": 0.016666128761805503,
    "AMD": 0.0399523383785033,
    "AWG": 8.621090246021854,
    "AUD": 10.154480172874056,
    "AZN": 9.13455223763143,
    "BSD": 15.50015651538794,
    "BHD": 41.20097683231168,
    "BDT": 0.1319192178026752,
    "BBD": 7.676750809938088,
    "BYN": 4.73645967278982,
    "BZD": 7.689755704912297,
    "BMD": 15.528738803973432,
    "BTN": 0.18511026166965566,
    "BOB": 2.2430503926330063,
    "BAM": 8.587768990587433,
    "BWP": 1.140023492776482,
    "BRL": 2.765138055213591,
    "BND": 11.535796042376916,
    "BGN": 8.603370055163698,
    "BIF": 0.005382162420620875,
    "CVE": 0.15232362723783757,
    "KHR": 0.0037795040797044197,
    "XAF": 0.025605278984241406,
    "CAD": 11.214109987564175,
    "KYD": null,
    "CLP": 0.016241072232652413,
    "CNY": 2.1415996145319434,
    "COP": 0.003836141413783142,
    "KMF": null,
    "CDF": 0.005415427658336718,
    "CRC": null,
    "HRK": null,
    "CUP": 0.6458494174595841,
    "CZK": 0.6617802099815239,
    "DKK": 2.2544495682800205,
    "DJF": 0.08704376820578079,
    "DOP": 0.2618640773923778,
    "EGP": 0.32072972056542404,
    "ERN": null,
    "ETB": 0.2698303875945872,
    "EUR": 16.82183311695365,
    "FJD": 6.86808439061168,
    "GMD": 0.22912193001315986,
    "GEL": 5.719609137537513,
    "GHS": 1
  }
}