{
  "meta": {
    "code": "GHS",
    "createdAt": "2024-08-19T13:06:27Z"
  },
  "data": {
    "GIP": null,
    "GTQ": 2.021895551,
    "GNF": 0.001815199636,
    "GYD": 0.07492178330999999,
    "HTG": 0.11874968450000001,
    "HNL": 0.6318831317,
    "HKD": null,
    "HUF": 0.04388028654,
    "ISK": 0.1136880214,
    "INR": 0.1865550286,
    "IDR": 0.001004223921,
    "IRR": 0.0003717237789,
    "IQD": 0.011952649619999998,
    "ILS": 4.224065525,
    "JMD": 0.09969740224,
    "JPY": 0.1068726594,
    "JOD": 22.0849816,
    "KZT": 0.03269472601,
    "KES": 0.12144188380000001,
    "KWD": 51.2048897,
    "KGS": 0.18263044820000002,
    "LAK": 0.0007072302114,
    "LBP": 0.0001747638673,
    "LSL": 0.8777505065000001,
    "LRD": 0.08025740430999999,
    "LYD": 3.266071546,
    "MOP": 1.9508286680000002,
    "MKD": 0.2808965585,
    "MGA": 0.003454943612,
    "MWK": 0.009025536407,
    "MYR": 3.5721634320000004,
    "MVR": null,
    "MRU": 0.3951706696,
    "MUR": 0.338421167,
    "MXN": 0.8338361938000001,
    "MDL": 0.8943227102,
    "MNT": null,
    "MAD": 1.6091485600000002,
    "MZN": 0.2449616265,
    "MMK": 0.004819039298,
    "NAD": 0.8777505065000001,
    "NPR": 0.1166251249,
    "ANG": 8.68966924,
    "TWD": 0.4890536596,
    "NZD": 9.505191696,
    "NIO": 0.4252108505,
    "NGN": 0.009843154589,
    "KPW": null,
    "NOK": 1.4750533680000002,
    "OMR": 40.66689144,
    "PKR": 0.05621818359,
    "PAB": 15.658113160000001,
    "PGK": 3.9703201600000004,
    "PYG": 0.002064262407,
    "PEN": 4.192190136000001,
    "PHP": 0.27609529450000003,
    "PLN": 4.047451972,
    "QAR": 4.293309017,
    "RON": 3.469771777,
    "RUB": 0.1741950944,
    "RWF": 0.0117403771,
    "SHP": 20.25686327,
    "WST": null,
    "STN": null,
    "SAR": 4.171145223,
    "RSD": 0.14758260010000002,
    "SCR": 1.1723963450000001,
    "SLL": 0.0007698699750000001,
    "SGD": 11.93904384,
    "SBD": 1.8468687400000001,
    "SOS": 0.02749323933,
    "ZAR": null,
    "KRW": 0.01170559337,
    "SSP": null,
    "LKR": 0.052383771059999994,
    "SDG": 0.02602066358,
    "SRD": 0.5450611123,
    "SZL": 0.8779531925,
    "SEK": 1.504607338,
    "CHF": 18.07536696,
    "SYP": null,
    "TJS": 1.4703463570000002,
    "TZS": 0.005774479277,
    "THB": 0.45334977400000004,
    "TOP": 6.62055489,
    "TTD": 2.3062366450000003,
    "TND": 5.086184166000001,
    "TRY": 0.4637831737,
    "TMT": 4.467254627,
    "UGX": 0.0042043732089999996,
    "UAH": 0.3782385614,
    "AED": 4.261223898,
    "GBP": 20.26241953,
    "USD": 15.651430000000001,
    "UYU": 0.3879660816,
    "UZS": 0.001236405059,
    "VUV": null,
    "VES": 0.42715961010000003,
    "VND": 0.000626747428,
    "XOF": 0.02633252,
    "YER": 0.06250602039,
    "ZMW": 0.609558245,
    "ZWL": null,
    "AFN": 0.220636966504851,
    "ALL": 0.173162533747815,
    "DZD": 0.11668532602524019,
    "AOA": 0.017615531244112703,
    "ARS": 0.016584264382476663,
    "AMD": 0.040322030899794845,
    "AWG": 8.695221949453108,
    "AUD": 10.483932221215062,
    "AZN": 9.206705593538587,
    "BSD": 15.650725848823466,
    "BHD": 41.538290796275795,
    "BDT": 0.1311891168019136,
    "BBD": 7.811190472224809,
    "BYN": 4.78229940833913,
    "BZD": 7.764176421057723,
    "BMD": 15.651399509015599,
    "BTN": 0.186606983742033,
    "BOB": 2.2647126251151444,
    "BAM": 8.832020131466455,
    "BWP": 1.1721611902974682,
    "BRL": 2.873187119022553,
    "BND": 11.941215949301801,
    "BGN": 8.8374708651563,
    "BIF": 0.0054349968302772386,
    "CVE": 0.15664954396294414,
    "KHR": 0.0038265309919695303,
    "XAF": 0.026332462468241183,
    "CAD": 11.448529752544506,
    "KYD": 18.779041334379247,
    "CLP": 0.01668272560848192,
    "CNY": null,
    "COP": 0.0038840689274438032,
    "KMF": 0.03498105718209751,
    "CDF": 0.0054515498130553175,
    "CRC": 0.0301828871378515,
    "HRK": null,
    "CUP": 0.6521071392570922,
    "CZK": 0.6861609338225987,
    "DKK": 2.314556223163889,
    "DJF": 0.08788521875450038,
    "DOP": 0.2622785580396875,
    "EGP": 0.32047322419708696,
    "ERN": null,
    "ETB": 0.14299979908900026,
    "EUR": 17.270223952038403,
    "FJD": 7.030387202870765,
    "GMD": 0.22683187694225504,
    "GEL": 5.829199073958046,
    "GHS": 1
  }
}