{
  "meta": {
    "code": "GHS",
    "createdAt": "2024-08-27T14:34:29Z"
  },
  "data": {
    "GIP": null,
    "GTQ": 2.014214141,
    "GNF": 0.0018100032,
    "GYD": 0.07470133275999999,
    "HTG": 0.1183164193,
    "HNL": 0.6297522485,
    "HKD": 1.9992437680000001,
    "HUF": 0.044316722819999994,
    "ISK": 0.11394338770000001,
    "INR": 0.1858980469,
    "IDR": 0.001005224211,
    "IRR": 0.00037007947160000004,
    "IQD": 0.011912943129999999,
    "ILS": 4.240271272,
    "JMD": 0.09950551650999999,
    "JPY": 0.1080711726,
    "JOD": 22.01078849,
    "KZT": 0.032474169489999996,
    "KES": 0.1209213165,
    "KWD": 51.09423596,
    "KGS": 0.18322164300000002,
    "LAK": 0.0007064110809,
    "LBP": 0.0001743838608,
    "LSL": 0.8786372038,
    "LRD": 0.0799987381,
    "LYD": 3.277301226,
    "MOP": 1.9423984390000002,
    "MKD": 0.2828004429,
    "MGA": 0.003417160515,
    "MWK": 0.008996527545,
    "MYR": 3.5885014030000004,
    "MVR": 1.015593235,
    "MRU": 0.39389482870000003,
    "MUR": 0.3381620095,
    "MXN": 0.795377562,
    "MDL": 0.8972645706,
    "MNT": null,
    "MAD": 1.6199702100000002,
    "MZN": 0.24423244230000002,
    "MMK": 0.004802850037,
    "NAD": 0.8785189022000001,
    "NPR": 0.1161920743,
    "ANG": 8.661142911,
    "TWD": 0.48858624370000003,
    "NZD": 9.724167101,
    "NIO": 0.42388081,
    "NGN": 0.009810905909999999,
    "KPW": null,
    "NOK": 1.486726393,
    "OMR": 40.52200618,
    "PKR": 0.05606388918,
    "PAB": 15.60786613,
    "PGK": 3.949978234,
    "PYG": 0.0020480775279999998,
    "PEN": 4.16597707,
    "PHP": 0.2769436987,
    "PLN": 4.065177301,
    "QAR": 4.278487987,
    "RON": 3.500486452,
    "RUB": 0.1704707843,
    "RWF": 0.01165652612,
    "SHP": 20.56474389,
    "WST": null,
    "STN": null,
    "SAR": 4.157186806,
    "RSD": 0.1488695576,
    "SCR": 1.1618088990000002,
    "SLL": 0.0007698699750000001,
    "SGD": 11.974248170000001,
    "SBD": 1.8484637250000002,
    "SOS": 0.027405806749999997,
    "ZAR": 0.8798443988,
    "KRW": 0.011723303229999999,
    "SSP": null,
    "LKR": 0.051943686929999996,
    "SDG": 0.02593324879,
    "SRD": 0.5410631149,
    "SZL": 0.8783692156,
    "SEK": 1.531696474,
    "CHF": 18.51215362,
    "SYP": null,
    "TJS": 1.4635617890000001,
    "TZS": 0.005745432699,
    "THB": 0.45829780070000004,
    "TOP": 6.659149065,
    "TTD": 2.297707485,
    "TND": 5.164091013,
    "TRY": 0.4583502128,
    "TMT": 4.452247165,
    "UGX": 0.004203529741,
    "UAH": 0.3772435243,
    "AED": 4.246896104,
    "GBP": 20.6541253,
    "USD": 15.59885,
    "UYU": 0.3875534282,
    "UZS": 0.0012327637899999999,
    "VUV": null,
    "VES": 0.427163744,
    "VND": 0.000628226525,
    "XOF": 0.02655509,
    "YER": 0.062308420809999994,
    "ZMW": 0.5937165652,
    "ZWL": null,
    "AFN": 0.22049223718933816,
    "ALL": 0.17401484422004426,
    "DZD": 0.11647113406685003,
    "AOA": 0.01724502611899149,
    "ARS": 0.016441659801051535,
    "AMD": 0.040221793426620675,
    "AWG": 8.653989423137396,
    "AUD": 10.579664426670995,
    "AZN": 9.175774073576916,
    "BSD": 15.602307723293276,
    "BHD": 41.395615626753504,
    "BDT": 0.13055707681894504,
    "BBD": 7.727109266949597,
    "BYN": 4.767537673503431,
    "BZD": 7.739008872315522,
    "BMD": 15.59881592508076,
    "BTN": 0.18585458165879493,
    "BOB": 2.257512250711924,
    "BAM": 8.907628266326295,
    "BWP": 1.1738582929666894,
    "BRL": 2.8410038843935275,
    "BND": 11.964520912196852,
    "BGN": 8.896832217941927,
    "BIF": 0.005400702257851178,
    "CVE": 0.15799698026375505,
    "KHR": 0.0038283267435177456,
    "XAF": 0.026554918598124994,
    "CAD": 11.592332076254776,
    "KYD": 18.719920955028936,
    "CLP": 0.017196357541489897,
    "CNY": 2.1895533428715765,
    "COP": 0.003866807120340797,
    "KMF": 0.0353534272220428,
    "CDF": 0.005502227841048385,
    "CRC": 0.029543564490544703,
    "HRK": null,
    "CUP": 0.6500817633837077,
    "CZK": 0.6964689883821165,
    "DKK": 2.3355751454131886,
    "DJF": 0.08760293948755032,
    "DOP": 0.2613486434156365,
    "EGP": 0.32044767319273765,
    "ERN": null,
    "ETB": 0.13726385899009608,
    "EUR": 17.42319910460089,
    "FJD": 7.075416020930296,
    "GMD": 0.22125980035575543,
    "GEL": 5.777339231511392,
    "GHS": 1
  }
}