{
  "meta": {
    "code": "GHS",
    "createdAt": "2024-08-13T18:05:10Z"
  },
  "data": {
    "GIP": null,
    "GTQ": 2.022366555,
    "GNF": 0.001812391287,
    "GYD": 0.07498026114999999,
    "HTG": 0.1189174483,
    "HNL": 0.630326912,
    "HKD": 2.00912822,
    "HUF": 0.043705050749999995,
    "ISK": 0.1132498728,
    "INR": 0.1865068405,
    "IDR": 0.00099376874,
    "IRR": 0.0003718001956,
    "IQD": 0.01194656475,
    "ILS": 4.2057060360000005,
    "JMD": 0.09971164314999999,
    "JPY": 0.1065807661,
    "JOD": 22.07984945,
    "KZT": 0.03260322245,
    "KES": 0.12131782810000001,
    "KWD": 51.124559250000004,
    "KGS": 0.1826719488,
    "LAK": 0.0007057497082,
    "LBP": 0.0001747626892,
    "LSL": 0.8622589417000001,
    "LRD": 0.08015499625,
    "LYD": 3.25363813,
    "MOP": 1.9522357750000001,
    "MKD": 0.2791420075,
    "MGA": 0.0034021738449999997,
    "MWK": 0.00902797794,
    "MYR": 3.5137067,
    "MVR": 1.0156706020000001,
    "MRU": 0.3937106808,
    "MUR": 0.33780556300000003,
    "MXN": 0.8227518939,
    "MDL": 0.8948670000000001,
    "MNT": null,
    "MAD": 1.59522954,
    "MZN": 0.244900903,
    "MMK": 0.004818599005,
    "NAD": 0.8622589417000001,
    "NPR": 0.1165266291,
    "ANG": 8.69173143,
    "TWD": 0.48419785400000004,
    "NZD": 9.50228875,
    "NIO": 0.4248099852,
    "NGN": 0.009842767176,
    "KPW": null,
    "NOK": 1.4574297250000001,
    "OMR": 40.654255400000004,
    "PKR": 0.056153569369999996,
    "PAB": 15.662786050000001,
    "PGK": 3.9733417220000002,
    "PYG": 0.00207068906,
    "PEN": 4.178347332,
    "PHP": 0.2747517912,
    "PLN": 4.005480093,
    "QAR": 4.29856672,
    "RON": 3.4542163550000002,
    "RUB": 0.1729226405,
    "RWF": 0.011869548589999999,
    "SHP": 20.106337500000002,
    "WST": null,
    "STN": null,
    "SAR": 4.168609902,
    "RSD": 0.1468752625,
    "SCR": 1.072034546,
    "SLL": 0.0007698699750000001,
    "SGD": 11.87202427,
    "SBD": 1.838875,
    "SOS": 0.027408054709999997,
    "ZAR": 0.8627140750000001,
    "KRW": 0.011462520109999999,
    "SSP": null,
    "LKR": 0.052325258549999996,
    "SDG": 0.02601828619,
    "SRD": 0.5459048337,
    "SZL": 0.8622589417000001,
    "SEK": 1.495319627,
    "CHF": 18.0884578,
    "SYP": null,
    "TJS": 1.475608295,
    "TZS": 0.00577811772,
    "THB": 0.44756183,
    "TOP": 6.602735,
    "TTD": 2.3073248850000003,
    "TND": 5.07625904,
    "TRY": 0.4664665605,
    "TMT": 4.479656,
    "UGX": 0.004197738465,
    "UAH": 0.378591654,
    "AED": 4.260822050000001,
    "GBP": null,
    "USD": 15.650000000000002,
    "UYU": 0.38835475,
    "UZS": 0.001237643331,
    "VUV": null,
    "VES": 0.427776787,
    "VND": 0.0006227620150000001,
    "XOF": 0.02606161478,
    "YER": 0.0625065695,
    "ZMW": 0.5992064175,
    "ZWL": null,
    "AFN": 0.22198581763644737,
    "ALL": 0.17203473828656324,
    "DZD": 0.1165616629202128,
    "AOA": 0.01775382886316825,
    "ARS": 0.016653895285662003,
    "AMD": 0.04027070183233485,
    "AWG": null,
    "AUD": 10.368907946506202,
    "AZN": 9.205882436254413,
    "BSD": 15.654585370965867,
    "BHD": 41.528493047296166,
    "BDT": 0.13322618608435752,
    "BBD": 7.7531170472838005,
    "BYN": 4.783479587384608,
    "BZD": 7.7661482055502224,
    "BMD": 15.650000141632502,
    "BTN": 0.18641753673449415,
    "BOB": 2.2654348698034124,
    "BAM": 8.743051036151044,
    "BWP": 1.1592094666805857,
    "BRL": 2.864089378606166,
    "BND": 11.832744827746193,
    "BGN": 8.784238970583116,
    "BIF": 0.005443478310873831,
    "CVE": 0.15479723187298985,
    "KHR": 0.003814747140056126,
    "XAF": 0.02606802295171698,
    "CAD": 11.409865810293377,
    "KYD": 18.78447087649878,
    "CLP": 0.016796170840548574,
    "CNY": 2.187617962581581,
    "COP": 0.0038788990735185176,
    "KMF": 0.03485911604067396,
    "CDF": 0.00545296172212052,
    "CRC": 0.02956345478368229,
    "HRK": null,
    "CUP": 0.6522792948609565,
    "CZK": 0.6825119994738105,
    "DKK": 2.3033607202093753,
    "DJF": 0.08805987025730717,
    "DOP": 0.26192468858003815,
    "EGP": 0.3169286504322737,
    "ERN": null,
    "ETB": 0.14220214460409608,
    "EUR": 17.188169426023247,
    "FJD": null,
    "GMD": 0.22681159625554348,
    "GEL": 5.807050148184538,
    "GHS": 1
  }
}