{
  "meta": {
    "code": "GHS",
    "createdAt": "2024-07-25T11:32:57Z"
  },
  "data": {
    "GIP": null,
    "GTQ": 1.9983186270000002,
    "GNF": 0.00179871272,
    "GYD": 0.07422458992,
    "HTG": 0.11742996280000001,
    "HNL": 0.6261939161,
    "HKD": 1.9864270890000002,
    "HUF": 0.04274056344,
    "ISK": 0.1124869386,
    "INR": 0.1851153619,
    "IDR": 0.0009515369645000001,
    "IRR": 0.00036830669920000003,
    "IQD": 0.01183784643,
    "ILS": 4.241062966,
    "JMD": 0.09903386779,
    "JPY": 0.1017290711,
    "JOD": 21.87238351,
    "KZT": 0.03264482536,
    "KES": 0.1192450947,
    "KWD": 50.71425773,
    "KGS": 0.1841205376,
    "LAK": 0.0006993938851,
    "LBP": 0.0001730888864,
    "LSL": 0.8386158021000001,
    "LRD": 0.07932466049999999,
    "LYD": 3.2051356930000003,
    "MOP": 1.929028967,
    "MKD": 0.2730796583,
    "MGA": 0.003412115579,
    "MWK": 0.008938766875,
    "MYR": 3.325387425,
    "MVR": 1.0100069600000001,
    "MRU": 0.391618175,
    "MUR": 0.3314109029,
    "MXN": 0.8375081163,
    "MDL": 0.8719846617,
    "MNT": null,
    "MAD": 1.577555387,
    "MZN": 0.2426377556,
    "MMK": 0.004773322648,
    "NAD": 0.8386158021000001,
    "NPR": 0.11574848180000001,
    "ANG": null,
    "TWD": 0.4746989337,
    "NZD": 9.146430441,
    "NIO": 0.4211977881,
    "NGN": null,
    "KPW": null,
    "NOK": 1.394721501,
    "OMR": 40.2782454,
    "PKR": 0.055676147409999995,
    "PAB": 15.50767839,
    "PGK": 4.009081473,
    "PYG": 0.002044253093,
    "PEN": 4.143445541,
    "PHP": 0.2642240632,
    "PLN": 3.913396956,
    "QAR": 4.249299683,
    "RON": 3.3851497470000003,
    "RUB": 0.1818545644,
    "RWF": 0.011829118489999998,
    "SHP": 20.01043271,
    "WST": null,
    "STN": null,
    "SAR": 4.132633783,
    "RSD": 0.1436509098,
    "SCR": 1.1442879320000001,
    "SLL": null,
    "SGD": 11.55087597,
    "SBD": 1.8293481,
    "SOS": 0.027233567169999997,
    "ZAR": 0.8387816682,
    "KRW": 0.01123345617,
    "SSP": null,
    "LKR": 0.051091956099999995,
    "SDG": 0.026455545419999997,
    "SRD": 0.5317971202,
    "SZL": 0.8388190458,
    "SEK": 1.429968853,
    "CHF": 17.652263480000002,
    "SYP": null,
    "TJS": 1.4596966900000001,
    "TZS": 0.005763741011,
    "THB": 0.4286846278,
    "TOP": 6.522091065000001,
    "TTD": 2.281313352,
    "TND": 4.994211005,
    "TRY": 0.46868425420000004,
    "TMT": 4.430677997,
    "UGX": 0.004148477798,
    "UAH": 0.3760921102,
    "AED": 4.2207925490000004,
    "GBP": 19.959350490000002,
    "USD": 15.502950000000002,
    "UYU": 0.3857644007,
    "UZS": 0.001227745273,
    "VUV": null,
    "VES": 0.4245828573,
    "VND": 0.0006128858738,
    "XOF": 0.025641920000000002,
    "YER": 0.061925402049999995,
    "ZMW": 0.5936560146000001,
    "ZWL": null,
    "AFN": 0.21889388629808976,
    "ALL": 0.16761296662317263,
    "DZD": 0.11522259533161355,
    "AOA": 0.0177074953122837,
    "ARS": 0.01670556948038369,
    "AMD": 0.03995240667956201,
    "AWG": 8.600783438482784,
    "AUD": 10.111012505921995,
    "AZN": 9.1193600850187,
    "BSD": 15.499409279538806,
    "BHD": 41.135967707909934,
    "BDT": 0.13191093809240975,
    "BBD": 7.676841018980456,
    "BYN": 4.737040408993984,
    "BZD": 7.689829780711692,
    "BMD": 15.50291214453179,
    "BTN": 0.18517212513236414,
    "BOB": 2.243259713207555,
    "BAM": 8.600043907868173,
    "BWP": 1.13771401666787,
    "BRL": 2.7416946054371705,
    "BND": 11.5489973965079,
    "BGN": 8.595433049585338,
    "BIF": 0.0053803214915768,
    "CVE": 0.15254132499743114,
    "KHR": 0.003775524667654325,
    "XAF": 0.02564186848924288,
    "CAD": 11.204764487983542,
    "KYD": 18.59997992403727,
    "CLP": 0.016349833521449832,
    "CNY": 2.1477531998645225,
    "COP": 0.003833445136591322,
    "KMF": 0.03413046870102331,
    "CDF": 0.005411138620846845,
    "CRC": null,
    "HRK": null,
    "CUP": 0.6458287364051162,
    "CZK": 0.6623704199614059,
    "DKK": 2.253992036618185,
    "DJF": 0.08704180901233867,
    "DOP": 0.26166471461431534,
    "EGP": 0.3206910762364041,
    "ERN": null,
    "ETB": 0.268121146309008,
    "EUR": 16.820276176444082,
    "FJD": 6.858330042695148,
    "GMD": 0.2287408653218945,
    "GEL": 5.6891420730061295,
    "GHS": 1
  }
}