{
  "meta": {
    "code": "GHS",
    "createdAt": "2024-08-15T15:33:22Z"
  },
  "data": {
    "GIP": null,
    "GTQ": 2.0154535840000003,
    "GNF": 0.001809512505,
    "GYD": 0.07504380993,
    "HTG": 0.11829979680000001,
    "HNL": 0.6299342791,
    "HKD": 2.000601006,
    "HUF": 0.043297135109999996,
    "ISK": 0.11250843810000001,
    "INR": 0.1857843435,
    "IDR": 0.0009912948998000001,
    "IRR": 0.00037045884600000003,
    "IQD": 0.01191413025,
    "ILS": 4.230878359,
    "JMD": 0.09929656665999999,
    "JPY": 0.10475029050000001,
    "JOD": 22.01293301,
    "KZT": 0.03256158542,
    "KES": 0.11978379110000001,
    "KWD": 50.96107757,
    "KGS": 0.18200897800000002,
    "LAK": 0.0007065861822,
    "LBP": 0.00017420660180000002,
    "LSL": 0.8668428571000001,
    "LRD": 0.08000000972,
    "LYD": 3.2538110180000004,
    "MOP": 1.9445099870000002,
    "MKD": 0.2784613385,
    "MGA": 0.003400848727,
    "MWK": 0.00899647852,
    "MYR": 3.5170628930000003,
    "MVR": 1.012964345,
    "MRU": 0.3940480053,
    "MUR": 0.337781023,
    "MXN": 0.8367638296000001,
    "MDL": 0.8888889518,
    "MNT": null,
    "MAD": 1.598636165,
    "MZN": null,
    "MMK": 0.004802640667,
    "NAD": 0.866959547,
    "NPR": 0.11615495490000001,
    "ANG": 8.661607647,
    "TWD": 0.4814503075,
    "NZD": 9.371302545,
    "NIO": 0.4238532849,
    "NGN": 0.009810848524,
    "KPW": null,
    "NOK": 1.45540285,
    "OMR": 40.51924142,
    "PKR": 0.055992454479999995,
    "PAB": 15.60841799,
    "PGK": 3.9590214410000004,
    "PYG": 0.002061989164,
    "PEN": 4.174396293,
    "PHP": 0.2725427688,
    "PLN": 3.998817052,
    "QAR": 4.276118823,
    "RON": 3.4436891010000004,
    "RUB": 0.1755051494,
    "RWF": 0.0118190672,
    "SHP": 20.0116722,
    "WST": null,
    "STN": null,
    "SAR": 4.15661126,
    "RSD": 0.1464207705,
    "SCR": 1.1267101000000002,
    "SLL": 0.0007698699750000001,
    "SGD": 11.81272343,
    "SBD": 1.832784975,
    "SOS": 0.027298162329999997,
    "ZAR": 0.8664303011000001,
    "KRW": 0.0114408147,
    "SSP": null,
    "LKR": 0.05218817,
    "SDG": 0.02593211828,
    "SRD": 0.543310388,
    "SZL": 0.8666597502000001,
    "SEK": 1.4839708980000001,
    "CHF": 17.90841495,
    "SYP": null,
    "TJS": 1.468415467,
    "TZS": 0.005753659064,
    "THB": 0.44451898830000003,
    "TOP": null,
    "TTD": null,
    "TND": 5.084155815,
    "TRY": null,
    "TMT": 4.4520530780000005,
    "UGX": 0.004189810405,
    "UAH": 0.3793128664,
    "AED": 4.2467109690000004,
    "GBP": 20.06408205,
    "USD": 15.598170000000001,
    "UYU": 0.3873025611,
    "UZS": 0.001241325943,
    "VUV": null,
    "VES": 0.42660464610000004,
    "VND": 0.0006228052915000001,
    "XOF": 0.026184640000000002,
    "YER": 0.06229949653,
    "ZMW": 0.5937313945,
    "ZWL": null,
    "AFN": 0.2199508668474815,
    "ALL": 0.17198321521418336,
    "DZD": 0.11599791068646398,
    "AOA": 0.017723924422724763,
    "ARS": 0.01658053111976615,
    "AMD": 0.04017445695259512,
    "AWG": 8.665630361263023,
    "AUD": 10.340703723546076,
    "AZN": 9.17537332369026,
    "BSD": 15.600331179243403,
    "BHD": 41.380256685613695,
    "BDT": 0.1327673701449598,
    "BBD": 7.726201522092449,
    "BYN": 4.766863237154506,
    "BZD": 7.739362019173918,
    "BMD": 15.598134650273446,
    "BTN": 0.1858227081410885,
    "BOB": 2.257618841050149,
    "BAM": 8.782224147410657,
    "BWP": 1.1621873379825503,
    "BRL": 2.8593673174697627,
    "BND": 11.839775510960829,
    "BGN": null,
    "BIF": 0.005410191749406402,
    "CVE": 0.15577121113956316,
    "KHR": 0.0038101075804183203,
    "XAF": 0.02618458656560965,
    "CAD": 11.383547093011469,
    "KYD": 18.72039741567617,
    "CLP": 0.01671539141416949,
    "CNY": 2.1765952656094543,
    "COP": 0.0038875987348223557,
    "KMF": 0.0348990595254514,
    "CDF": 0.0054329970925864795,
    "CRC": 0.02965975743121522,
    "HRK": null,
    "CUP": 0.650025468647887,
    "CZK": 0.6792665942008309,
    "DKK": 2.2967362056975023,
    "DJF": 0.08760565695588154,
    "DOP": 0.2609582907639467,
    "EGP": 0.31884724273953297,
    "ERN": null,
    "ETB": 0.14148558262974142,
    "EUR": null,
    "FJD": 6.9659408056502015,
    "GMD": 0.22283049500390634,
    "GEL": 5.79856306701615,
    "GHS": 1
  }
}