{
  "meta": {
    "code": "GHS",
    "createdAt": "2024-08-07T12:43:09Z"
  },
  "data": {
    "GIP": null,
    "GTQ": 2.0125316730000002,
    "GNF": 0.001808935324,
    "GYD": 0.07465930491,
    "HTG": 0.1184176344,
    "HNL": 0.6298591761,
    "HKD": 1.9990957480000002,
    "HUF": 0.042731728219999994,
    "ISK": 0.11276891900000001,
    "INR": 0.1856745084,
    "IDR": 0.0009716075408,
    "IRR": 0.0003703015914,
    "IQD": 0.01190520688,
    "ILS": 4.123144041000001,
    "JMD": 0.09962202227,
    "JPY": 0.10603469930000001,
    "JOD": 21.99085284,
    "KZT": 0.032657777129999996,
    "KES": 0.1203623162,
    "KWD": 50.960234740000004,
    "KGS": 0.1839442356,
    "LAK": 0.0007032771543000001,
    "LBP": 0.0001740887507,
    "LSL": 0.850734717,
    "LRD": 0.07976472106,
    "LYD": 3.25375708,
    "MOP": 1.9420741190000002,
    "MKD": 0.2766765586,
    "MGA": 0.0034320013039999997,
    "MWK": 0.008990635212,
    "MYR": 3.4664577490000004,
    "MVR": 1.011576768,
    "MRU": 0.3934654067,
    "MUR": 0.3357190322,
    "MXN": 0.8109796541000001,
    "MDL": 0.8781670728000001,
    "MNT": null,
    "MAD": 1.590062235,
    "MZN": 0.2439699009,
    "MMK": 0.004799176818,
    "NAD": 0.8459928032,
    "NPR": 0.1160556705,
    "ANG": 8.655549164,
    "TWD": 0.4777995752,
    "NZD": 9.388001916,
    "NIO": 0.42356706920000003,
    "NGN": 0.009778801069999999,
    "KPW": null,
    "NOK": 1.445271422,
    "OMR": 40.49648596,
    "PKR": 0.055615352519999994,
    "PAB": 15.59801788,
    "PGK": 3.964244743,
    "PYG": 0.002061376404,
    "PEN": 4.187991863000001,
    "PHP": 0.2702450837,
    "PLN": 3.9376456650000002,
    "QAR": 4.273117956,
    "RON": 3.4191589280000003,
    "RUB": 0.1811494696,
    "RWF": 0.01181649393,
    "SHP": 19.80084382,
    "WST": null,
    "STN": null,
    "SAR": 4.152358449,
    "RSD": 0.1453892408,
    "SCR": null,
    "SLL": 0.0007698699750000001,
    "SGD": 11.74540806,
    "SBD": 1.8314631000000001,
    "SOS": 0.02738978784,
    "ZAR": 0.8495416942,
    "KRW": 0.01133429307,
    "SSP": null,
    "LKR": 0.051631672499999996,
    "SDG": 0.02591341504,
    "SRD": 0.5428145513,
    "SZL": 0.8505160325000001,
    "SEK": 1.490626258,
    "CHF": 18.09789487,
    "SYP": null,
    "TJS": 1.47228357,
    "TZS": 0.005785456326,
    "THB": 0.43806274900000003,
    "TOP": 6.551182476,
    "TTD": 2.297971822,
    "TND": 5.0722753990000005,
    "TRY": 0.4653549783,
    "TMT": 4.46159998,
    "UGX": 0.004185544716,
    "UAH": 0.3804721969,
    "AED": 4.243660547,
    "GBP": 19.83522856,
    "USD": 15.586920000000001,
    "UYU": 0.3835880223,
    "UZS": 0.001235707637,
    "VUV": null,
    "VES": 0.425652755,
    "VND": 0.0006193883508000001,
    "XOF": 0.025948350000000002,
    "YER": 0.06226081409,
    "ZMW": 0.6015779567,
    "ZWL": null,
    "AFN": 0.2198198652833208,
    "ALL": 0.16995472114416463,
    "DZD": 0.11565464739444839,
    "AOA": 0.017682237645726902,
    "ARS": 0.016661867882097944,
    "AMD": 0.04020037780226618,
    "AWG": 8.659384712961225,
    "AUD": 10.23536342347233,
    "AZN": 9.168760284311887,
    "BSD": 15.589818692439962,
    "BHD": 41.35735550458261,
    "BDT": 0.13266896948210202,
    "BBD": 7.720797399075833,
    "BYN": 4.763509100428098,
    "BZD": 7.733991186004895,
    "BMD": 15.58689248333021,
    "BTN": 0.18566860616841532,
    "BOB": 2.2562255050029565,
    "BAM": 8.702573656142354,
    "BWP": 1.1505313490818219,
    "BRL": 2.7736658274341592,
    "BND": 11.744750153525965,
    "BGN": 8.710208788451721,
    "BIF": 0.005408483499075427,
    "CVE": 0.154361278234774,
    "KHR": 0.0037949824876605306,
    "XAF": 0.025947579244232653,
    "CAD": 11.342232211673961,
    "KYD": 18.70641323991457,
    "CLP": 0.016539571822360582,
    "CNY": 2.170483406027091,
    "COP": 0.0037666330329062187,
    "KMF": 0.03457990567870813,
    "CDF": 0.0054309729907073894,
    "CRC": 0.029509301043530594,
    "HRK": null,
    "CUP": 0.6495629260931024,
    "CZK": 0.6733987924187266,
    "DKK": 2.2802622875162215,
    "DJF": 0.08754738405860049,
    "DOP": 0.26197470631328823,
    "EGP": 0.3167945238858051,
    "ERN": null,
    "ETB": 0.19403812576858245,
    "EUR": 17.01607240595275,
    "FJD": 6.943864429235224,
    "GMD": 0.22427183429252096,
    "GEL": 5.762252306033637,
    "GHS": 1
  }
}