{
  "meta": {
    "code": "GHS",
    "createdAt": "2024-08-02T18:05:00Z"
  },
  "data": {
    "GIP": null,
    "GTQ": 2.0099832280000003,
    "GNF": 0.001805104396,
    "GYD": 0.07456535607999999,
    "HTG": 0.1182608391,
    "HNL": null,
    "HKD": 1.993351144,
    "HUF": 0.04265534376,
    "ISK": 0.11280266650000001,
    "INR": 0.1856963076,
    "IDR": 0.0009624855840000001,
    "IRR": 0.0003696620475,
    "IQD": 0.01187786246,
    "ILS": 4.094790606,
    "JMD": 0.09951970607999999,
    "JPY": 0.105964378,
    "JOD": 21.95596912,
    "KZT": 0.03280365424,
    "KES": 0.1196923062,
    "KWD": 50.98394268,
    "KGS": 0.1851719511,
    "LAK": 0.0007010587875000001,
    "LBP": 0.0001736607098,
    "LSL": 0.8512034982000001,
    "LRD": 0.07961303564,
    "LYD": 3.2215319740000004,
    "MOP": 1.9361977080000001,
    "MKD": 0.2735539804,
    "MGA": 0.003404813992,
    "MWK": 0.008981240869,
    "MYR": 3.4055596280000002,
    "MVR": 1.0137237300000002,
    "MRU": 0.3911513256,
    "MUR": 0.3329866452,
    "MXN": 0.81475272,
    "MDL": 0.8806182,
    "MNT": null,
    "MAD": 1.5659436180000001,
    "MZN": 0.2435306492,
    "MMK": 0.004790888212,
    "NAD": 0.8512034982000001,
    "NPR": 0.1162239573,
    "ANG": 8.643648464,
    "TWD": 0.47620508640000003,
    "NZD": 9.270181200000001,
    "NIO": 0.4221378052,
    "NGN": 0.009622579567,
    "KPW": null,
    "NOK": 1.41839514,
    "OMR": null,
    "PKR": 0.0557806052,
    "PAB": 15.5765714,
    "PGK": 3.9599423550000004,
    "PYG": 0.002056146636,
    "PEN": 4.157093157,
    "PHP": 0.2686693852,
    "PLN": 3.9553520000000004,
    "QAR": 4.273554,
    "RON": 3.412280614,
    "RUB": 0.1819924052,
    "RWF": 0.01180128921,
    "SHP": 19.81955,
    "WST": null,
    "STN": null,
    "SAR": 4.145075391000001,
    "RSD": 0.145061296,
    "SCR": 1.147543309,
    "SLL": 0.0007698699750000001,
    "SGD": 11.7254714,
    "SBD": 1.8360800000000002,
    "SOS": 0.0272504365,
    "ZAR": 0.8514086568,
    "KRW": 0.01144362222,
    "SSP": null,
    "LKR": 0.05157044576,
    "SDG": 0.02586866026,
    "SRD": 0.5394723109,
    "SZL": 0.8512034982000001,
    "SEK": 1.4709442160000001,
    "CHF": 18.09856732,
    "SYP": null,
    "TJS": 1.472383672,
    "TZS": 0.005762962957,
    "THB": 0.44079317160000003,
    "TOP": 6.533644000000001,
    "TTD": 2.29995472,
    "TND": 5.012086060000001,
    "TRY": 0.4689205168,
    "TMT": 4.44115854,
    "UGX": 0.004179394216,
    "UAH": 0.37735131720000004,
    "AED": 4.23631892,
    "GBP": 19.9139992,
    "USD": 15.56,
    "UYU": 0.3846432,
    "UZS": 0.001234920629,
    "VUV": null,
    "VES": 0.42514370160000003,
    "VND": 0.000617033356,
    "XOF": 0.0256765674,
    "YER": null,
    "ZMW": 0.60168575,
    "ZWL": null,
    "AFN": 0.22070922049379857,
    "ALL": 0.16763628578412185,
    "DZD": 0.11572593514767222,
    "AOA": 0.017712009158069433,
    "ARS": 0.01667268681263316,
    "AMD": 0.04011860267322518,
    "AWG": 8.644444469340444,
    "AUD": 10.13018198197058,
    "AZN": 9.152941202831059,
    "BSD": 15.566541107490925,
    "BHD": 41.28034887337199,
    "BDT": 0.13249375248730935,
    "BBD": null,
    "BYN": 4.758050401219031,
    "BZD": 7.723475766882676,
    "BMD": 15.5600000448128,
    "BTN": 0.1859310652825858,
    "BOB": 2.25299612256123,
    "BAM": 8.615243580931267,
    "BWP": 1.1504952856606248,
    "BRL": 2.720089512662161,
    "BND": 11.692786351519736,
    "BGN": 8.675459242874227,
    "BIF": 0.005407471781596533,
    "CVE": 0.15337604776508046,
    "KHR": 0.0037835866370365475,
    "XAF": 0.025686477797625774,
    "CAD": 11.217122725882309,
    "KYD": 18.682782262764935,
    "CLP": 0.016351408202634476,
    "CNY": 2.1733664895257134,
    "COP": 0.0037631171109549556,
    "KMF": 0.03408169980896406,
    "CDF": 0.00541217392863054,
    "CRC": 0.029744319371438857,
    "HRK": null,
    "CUP": 0.6486757822306659,
    "CZK": 0.6706780938418865,
    "DKK": 2.2751165774056985,
    "DJF": 0.08755345518201973,
    "DOP": 0.2615126057951731,
    "EGP": 0.3196673496550327,
    "ERN": null,
    "ETB": 0.2688071277190448,
    "EUR": 16.976243130453934,
    "FJD": 6.902211304160201,
    "GMD": 0.22228571492589713,
    "GEL": null,
    "GHS": 1
  }
}