{
  "meta": {
    "code": "GHS",
    "createdAt": "2024-08-01T14:04:11Z"
  },
  "data": {
    "GIP": null,
    "GTQ": 2.007610701,
    "GNF": 0.001804188051,
    "GYD": 0.07447222575,
    "HTG": 0.1176552012,
    "HNL": 0.6283869240000001,
    "HKD": 1.9880982480000002,
    "HUF": 0.04251152898,
    "ISK": 0.11211307400000001,
    "INR": 0.1855788306,
    "IDR": 0.0009562003396000001,
    "IRR": 0.00036899726190000004,
    "IQD": 0.011884774629999999,
    "ILS": 4.1066902050000005,
    "JMD": 0.09936647477999999,
    "JPY": 0.103357431,
    "JOD": 21.92608462,
    "KZT": 0.03276558742,
    "KES": 0.1196137488,
    "KWD": 50.83903836,
    "KGS": 0.1848938362,
    "LAK": 0.0007005559686000001,
    "LBP": 0.0001736482525,
    "LSL": 0.8529883314000001,
    "LRD": 0.07755634468,
    "LYD": 3.2164785940000002,
    "MOP": 1.9327381280000002,
    "MKD": 0.2722704295,
    "MGA": 0.003412390837,
    "MWK": 0.008968041139,
    "MYR": 3.400444722,
    "MVR": 1.011542281,
    "MRU": 0.39263351,
    "MUR": 0.33319980990000003,
    "MXN": 0.8420938911,
    "MDL": 0.8800334094000001,
    "MNT": null,
    "MAD": 1.564815193,
    "MZN": 0.24325825880000002,
    "MMK": 0.004783692642,
    "NAD": 0.8529883314000001,
    "NPR": 0.116116702,
    "ANG": 8.634034667,
    "TWD": 0.4746981139,
    "NZD": 9.290982423,
    "NIO": 0.4222532872,
    "NGN": 0.00935338654,
    "KPW": null,
    "NOK": 1.43130427,
    "OMR": 40.36492603,
    "PKR": 0.055812872949999995,
    "PAB": 15.55932901,
    "PGK": 3.958310727,
    "PYG": 0.002052165095,
    "PEN": 4.162143544,
    "PHP": 0.26675756700000003,
    "PLN": 3.920120137,
    "QAR": 4.258547712,
    "RON": 3.3771646360000003,
    "RUB": 0.1815607474,
    "RWF": 0.01184382629,
    "SHP": 19.92495114,
    "WST": null,
    "STN": null,
    "SAR": 4.140084637,
    "RSD": 0.1435824839,
    "SCR": 1.146071319,
    "SLL": 0.0007698699750000001,
    "SGD": 11.633089,
    "SBD": 1.8410906550000001,
    "SOS": 0.02732615111,
    "ZAR": 0.8569192542,
    "KRW": 0.01138577692,
    "SSP": null,
    "LKR": 0.05137716663,
    "SDG": 0.025829807399999998,
    "SRD": 0.5389797398,
    "SZL": 0.8534054899,
    "SEK": 1.4594181130000001,
    "CHF": 17.76879316,
    "SYP": null,
    "TJS": 1.4672013430000002,
    "TZS": 0.0057610787309999995,
    "THB": 0.43759011610000004,
    "TOP": 6.530045589,
    "TTD": 2.297308258,
    "TND": 4.983110105000001,
    "TRY": 0.4698927896,
    "TMT": 4.447204971000001,
    "UGX": 0.004163916274,
    "UAH": 0.3777686528,
    "AED": 4.229985793,
    "GBP": 19.93932252,
    "USD": 15.53663,
    "UYU": 0.3857745229,
    "UZS": 0.001239670815,
    "VUV": null,
    "VES": 0.4246679902,
    "VND": 0.0006159217304,
    "XOF": 0.0255657,
    "YER": 0.06205993436,
    "ZMW": 0.6009751816000001,
    "ZWL": null,
    "AFN": 0.21901679798172868,
    "ALL": 0.16758386505858672,
    "DZD": 0.11533959543484659,
    "AOA": 0.01754555564562586,
    "ARS": 0.01665413708207158,
    "AMD": 0.0400603087116293,
    "AWG": 8.631438623799282,
    "AUD": 10.1872662191766,
    "AZN": 9.139170307552181,
    "BSD": 15.549483155153235,
    "BHD": 41.21582474023676,
    "BDT": 0.13233993721680623,
    "BBD": 7.701545470978031,
    "BYN": 4.7516836482677425,
    "BZD": 7.710554280103081,
    "BMD": 15.536589522838709,
    "BTN": 0.18568267732083812,
    "BOB": 2.2503975668237026,
    "BAM": 8.574555979030295,
    "BWP": 1.147616254740783,
    "BRL": 2.7554961561699356,
    "BND": 11.609961294871255,
    "BGN": 8.58327690479667,
    "BIF": 0.005396609160007304,
    "CVE": 0.15208928372199756,
    "KHR": 0.0037847254821981448,
    "XAF": 0.02556587954318274,
    "CAD": 11.259744479848623,
    "KYD": 18.649500786880626,
    "CLP": 0.0165815593976776,
    "CNY": 2.144486400622723,
    "COP": 0.0038436544817388517,
    "KMF": 0.03409202814623661,
    "CDF": 0.0054228933776793616,
    "CRC": 0.029750074246442167,
    "HRK": null,
    "CUP": 0.6475680869955815,
    "CZK": 0.6631066807533248,
    "DKK": 2.2524859659346177,
    "DJF": 0.08732615680689211,
    "DOP": 0.2617876561894301,
    "EGP": 0.31907037574849295,
    "ERN": null,
    "ETB": 0.26840269875778655,
    "EUR": 16.80503344993762,
    "FJD": 6.895038177664357,
    "GMD": 0.22354805068832675,
    "GEL": 5.722500746697649,
    "GHS": 1
  }
}