{
  "meta": {
    "code": "GHS",
    "createdAt": "2024-08-09T12:06:07Z"
  },
  "data": {
    "GIP": null,
    "GTQ": 2.009629001,
    "GNF": 0.00180580921,
    "GYD": 0.07453990274,
    "HTG": 0.1180679932,
    "HNL": 0.6287687617000001,
    "HKD": 1.9969330930000002,
    "HUF": 0.043023680409999994,
    "ISK": 0.11252062560000001,
    "INR": 0.1855033889,
    "IDR": 0.0009764869886000001,
    "IRR": 0.0003698843299,
    "IQD": 0.01188738065,
    "ILS": 4.173127368,
    "JMD": 0.09907502623999999,
    "JPY": 0.10599728650000001,
    "JOD": 21.966397960000002,
    "KZT": 0.032536318019999996,
    "KES": 0.120113989,
    "KWD": 50.863419480000005,
    "KGS": 0.1823650917,
    "LAK": 0.0007027166663,
    "LBP": 0.0001738211907,
    "LSL": 0.8502196998,
    "LRD": 0.07962434154999999,
    "LYD": 3.239585629,
    "MOP": 1.9394760080000002,
    "MKD": 0.276357316,
    "MGA": 0.003410858917,
    "MWK": 0.008976694119,
    "MYR": 3.5215338480000002,
    "MVR": 1.011393417,
    "MRU": 0.393122281,
    "MUR": 0.3354403239,
    "MXN": 0.8269960923,
    "MDL": 0.8846634254,
    "MNT": null,
    "MAD": 1.5882453820000002,
    "MZN": 0.24374945110000001,
    "MMK": 0.004795192621,
    "NAD": null,
    "NPR": 0.1159494647,
    "ANG": 8.64240331,
    "TWD": 0.48128005630000004,
    "NZD": 9.367748970000001,
    "NIO": 0.4229366567,
    "NGN": 0.009488481577,
    "KPW": null,
    "NOK": 1.4371824480000002,
    "OMR": 40.44813347,
    "PKR": null,
    "PAB": 15.57787349,
    "PGK": 3.9549561540000004,
    "PYG": 0.002057380381,
    "PEN": 4.178786952,
    "PHP": 0.27177841010000003,
    "PLN": 3.9302854120000004,
    "QAR": 4.270529219,
    "RON": 3.416470222,
    "RUB": 0.17578756140000001,
    "RWF": 0.01182177837,
    "SHP": null,
    "WST": null,
    "STN": null,
    "SAR": 4.149267096,
    "RSD": 0.1453189758,
    "SCR": 1.148655001,
    "SLL": 0.0007698699750000001,
    "SGD": 11.76353542,
    "SBD": 1.83772964,
    "SOS": 0.027349466269999997,
    "ZAR": 0.8491578658000001,
    "KRW": 0.01141068137,
    "SSP": null,
    "LKR": 0.05191285655,
    "SDG": 0.025891902159999997,
    "SRD": 0.539162544,
    "SZL": 0.8505028347,
    "SEK": 1.4789613620000002,
    "CHF": 18.01998257,
    "SYP": null,
    "TJS": 1.476935499,
    "TZS": 0.005766962251,
    "THB": 0.4423108436,
    "TOP": 6.56443257,
    "TTD": 2.2915974660000002,
    "TND": 5.039610819,
    "TRY": 0.46418683460000004,
    "TMT": 4.445148732000001,
    "UGX": 0.004180155905,
    "UAH": 0.37849319000000003,
    "AED": 4.24009081,
    "GBP": 19.83836933,
    "USD": null,
    "UYU": 0.3852705188,
    "UZS": 0.001230648112,
    "VUV": null,
    "VES": 0.42516728670000004,
    "VND": 0.0006203536731,
    "XOF": 0.02591481,
    "YER": 0.06220907948,
    "ZMW": 0.5959978373,
    "ZWL": null,
    "AFN": 0.21984703902626476,
    "ALL": 0.1699046741245638,
    "DZD": 0.11569164629434342,
    "AOA": 0.017687616872365603,
    "ARS": 0.016634465352582294,
    "AMD": 0.04006731934700479,
    "AWG": 8.652192586732173,
    "AUD": 10.239483130551378,
    "AZN": 9.161145091834067,
    "BSD": 15.567453885099571,
    "BHD": 41.30444044051958,
    "BDT": 0.1324792838328467,
    "BBD": 7.709279213870489,
    "BYN": 4.7564187470262835,
    "BZD": 7.72223780891572,
    "BMD": 15.573946656117915,
    "BTN": 0.18549338453898492,
    "BOB": 2.252711704473832,
    "BAM": 8.691366513988966,
    "BWP": 1.1498218971414276,
    "BRL": 2.80611651461584,
    "BND": 11.756450751595304,
    "BGN": 8.697467743834014,
    "BIF": 0.005399942324620016,
    "CVE": null,
    "KHR": 0.0037966150824916205,
    "XAF": 0.02591427702745725,
    "CAD": 11.331657413006136,
    "KYD": 18.684286138327458,
    "CLP": 0.016637587635190305,
    "CNY": null,
    "COP": null,
    "KMF": 0.03451290117699261,
    "CDF": 0.005435932515224403,
    "CRC": 0.029398272749052413,
    "HRK": null,
    "CUP": 0.6485652999443615,
    "CZK": 0.6737301723703073,
    "DKK": 2.278398394298549,
    "DJF": 0.08741172872988857,
    "DOP": 0.26055846197098737,
    "EGP": 0.31621071025362907,
    "ERN": null,
    "ETB": null,
    "EUR": 17.001753954833543,
    "FJD": 6.939642929597437,
    "GMD": 0.22408556339738003,
    "GEL": 5.778829928058594,
    "GHS": 1
  }
}