{
  "meta": {
    "code": "GHS",
    "createdAt": "2024-08-19T15:33:34Z"
  },
  "data": {
    "GIP": null,
    "GTQ": 2.0230026480000003,
    "GNF": 0.001814600151,
    "GYD": 0.07496280702,
    "HTG": 0.1188147063,
    "HNL": 0.6306089382,
    "HKD": 2.009746458,
    "HUF": 0.04393586826,
    "ISK": 0.11390747620000001,
    "INR": 0.18675990720000002,
    "IDR": 0.001006187886,
    "IRR": 0.0003719273176,
    "IQD": 0.011954198329999999,
    "ILS": 4.21341508,
    "JMD": 0.09975199193999999,
    "JPY": 0.106868538,
    "JOD": 22.10642334,
    "KZT": 0.03271262814,
    "KES": 0.1213953475,
    "KWD": 51.22916874,
    "KGS": 0.1827304482,
    "LAK": 0.0007085972728,
    "LBP": 0.0001747767812,
    "LSL": 0.876819702,
    "LRD": 0.08009405657999999,
    "LYD": 3.265901926,
    "MOP": 1.9518968520000002,
    "MKD": 0.2808859032,
    "MGA": 0.003400651371,
    "MWK": 0.009023336161,
    "MYR": 3.57412095,
    "MVR": 1.016319592,
    "MRU": null,
    "MUR": 0.3386064708,
    "MXN": 0.8359464600000001,
    "MDL": 0.8984142,
    "MNT": null,
    "MAD": null,
    "MZN": 0.24509575620000001,
    "MMK": null,
    "NAD": 0.876819702,
    "NPR": 0.11670434910000001,
    "ANG": 8.694427302000001,
    "TWD": 0.4895050093,
    "NZD": 9.5470407,
    "NIO": 0.4249660777,
    "NGN": 0.009848808743,
    "KPW": null,
    "NOK": 1.4811384600000002,
    "OMR": 40.68062406,
    "PKR": null,
    "PAB": 15.66668682,
    "PGK": 4.027518666000001,
    "PYG": 0.002065392702,
    "PEN": 4.189966423,
    "PHP": 0.2764171656,
    "PLN": 4.05898587,
    "QAR": 4.3013118420000005,
    "RON": 3.480546186,
    "RUB": 0.1743382386,
    "RWF": 0.01186363624,
    "SHP": 20.267955,
    "WST": null,
    "STN": null,
    "SAR": 4.173447942,
    "RSD": 0.14803750970000001,
    "SCR": 1.1714165460000001,
    "SLL": 0.0007698699750000001,
    "SGD": 11.96323932,
    "SBD": 1.8478800000000002,
    "SOS": 0.027425567839999998,
    "ZAR": 0.8833523493000001,
    "KRW": 0.011741949429999999,
    "SSP": null,
    "LKR": 0.052412454,
    "SDG": 0.026034911289999997,
    "SRD": 0.5453595626000001,
    "SZL": 0.876819702,
    "SEK": 1.515846688,
    "CHF": 18.12701376,
    "SYP": null,
    "TJS": 1.471151451,
    "TZS": 0.0057776411159999996,
    "THB": 0.4546783908,
    "TOP": 6.624180000000001,
    "TTD": 2.3074994340000003,
    "TND": 5.10847209,
    "TRY": 0.4639829364,
    "TMT": 4.469700690000001,
    "UGX": 0.0042066753299999995,
    "UAH": 0.3784456674,
    "AED": 4.26354462,
    "GBP": 20.3296554,
    "USD": 15.660000000000002,
    "UYU": 0.38817851400000003,
    "UZS": null,
    "VUV": null,
    "VES": 0.427423257,
    "VND": 0.000627090606,
    "XOF": 0.026078267569999997,
    "YER": 0.06254024579999999,
    "ZMW": 0.609892011,
    "ZWL": null,
    "AFN": 0.22056338169329578,
    "ALL": 0.17342192802019935,
    "DZD": 0.11685948058711285,
    "AOA": 0.017625211142626898,
    "ARS": 0.01659405102470931,
    "AMD": 0.04034418822778865,
    "AWG": 8.70000005568,
    "AUD": 10.526414916168928,
    "AZN": 9.211764764837646,
    "BSD": 15.659295432714249,
    "BHD": 41.55499563255542,
    "BDT": 0.1312612064574962,
    "BBD": 7.81548279121896,
    "BYN": 4.7849273280955895,
    "BZD": 7.768442908630532,
    "BMD": 15.660000100224003,
    "BTN": 0.18670952601262508,
    "BOB": 2.2659571058253567,
    "BAM": 8.836873410301152,
    "BWP": 1.1728053039847781,
    "BRL": 2.8915395884824298,
    "BND": 11.947777760703476,
    "BGN": 8.845758503689705,
    "BIF": 0.005446956556599653,
    "CVE": 0.1556273301885615,
    "KHR": 0.0038195122195668293,
    "XAF": 0.026346932400590307,
    "CAD": 11.482706356355806,
    "KYD": 18.789360592581936,
    "CLP": 0.016880093239922834,
    "CNY": null,
    "COP": 0.003886521539957021,
    "KMF": null,
    "CDF": 0.0054564460279526135,
    "CRC": 0.030199472924371123,
    "HRK": null,
    "CUP": 0.6524654780221969,
    "CZK": 0.6887452217017456,
    "DKK": 2.321995210905311,
    "DJF": 0.08793351253555928,
    "DOP": 0.2612176830729608,
    "EGP": 0.32105295743587087,
    "ERN": null,
    "ETB": 0.1435380394154354,
    "EUR": 17.327705076626398,
    "FJD": 7.049925766678652,
    "GMD": 0.22371428714605715,
    "GEL": 5.832402271964246,
    "GHS": 1
  }
}