{
  "meta": {
    "code": "GHS",
    "createdAt": "2024-08-01T16:36:02Z"
  },
  "data": {
    "GIP": null,
    "GTQ": 2.009338345,
    "GNF": 0.001803944304,
    "GYD": 0.0745363126,
    "HTG": 0.11775644910000001,
    "HNL": 0.626855021,
    "HKD": 1.98975001,
    "HUF": 0.04232972795,
    "ISK": 0.1119268691,
    "INR": 0.185651761,
    "IDR": 0.00095620993,
    "IRR": 0.0003693148014,
    "IQD": 0.01187022887,
    "ILS": 4.100278736,
    "JMD": 0.09938839257,
    "JPY": 0.10384146620000001,
    "JOD": 21.94495305,
    "KZT": 0.03279378375,
    "KES": 0.1205426343,
    "KWD": 50.87498165,
    "KGS": 0.185052946,
    "LAK": 0.0007004504497,
    "LBP": 0.00017364599470000002,
    "LSL": 0.8525219235,
    "LRD": 0.0795818522,
    "LYD": 3.2161323260000003,
    "MOP": 1.9344013400000002,
    "MKD": 0.272504731,
    "MGA": 0.003406352677,
    "MWK": 0.008959953851,
    "MYR": 3.38448238,
    "MVR": 1.012412761,
    "MRU": 0.39070351540000003,
    "MUR": 0.33355807400000004,
    "MXN": 0.8305721500000001,
    "MDL": 0.8807907195,
    "MNT": null,
    "MAD": 1.565094749,
    "MZN": 0.243467594,
    "MMK": 0.004787809235,
    "NAD": 0.8529895742,
    "NPR": 0.11621662590000001,
    "ANG": 8.64146466,
    "TWD": 0.4740565225,
    "NZD": 9.269977,
    "NIO": 0.4216377368,
    "NGN": 0.009361435569,
    "KPW": null,
    "NOK": 1.4245277250000001,
    "OMR": 40.39648975,
    "PKR": 0.055734765609999994,
    "PAB": 15.572718550000001,
    "PGK": 3.956742906,
    "PYG": 0.00205393108,
    "PEN": 4.162762679,
    "PHP": 0.2668154525,
    "PLN": 3.90157275,
    "QAR": 4.267721160000001,
    "RON": 3.3720081700000004,
    "RUB": 0.18187042080000002,
    "RWF": 0.0118026565,
    "SHP": 19.9420975,
    "WST": null,
    "STN": null,
    "SAR": 4.143774729,
    "RSD": 0.1433447049,
    "SCR": 1.061173363,
    "SLL": 0.0007698699750000001,
    "SGD": 11.63591183,
    "SBD": 1.842675,
    "SOS": 0.02723292337,
    "ZAR": 0.8542936750000001,
    "KRW": 0.011364223009999999,
    "SSP": null,
    "LKR": 0.0514213791,
    "SDG": 0.025852035159999998,
    "SRD": 0.5394435572,
    "SZL": 0.8534577381,
    "SEK": 1.452279654,
    "CHF": 17.80793775,
    "SYP": null,
    "TJS": 1.468463939,
    "TZS": 0.00576603641,
    "THB": 0.437757691,
    "TOP": 6.535665000000001,
    "TTD": 2.2992852000000004,
    "TND": 5.0080641,
    "TRY": 0.4699233325,
    "TMT": 4.4510320000000005,
    "UGX": 0.0041674995199999995,
    "UAH": 0.3780937405,
    "AED": 4.23359635,
    "GBP": 19.84887525,
    "USD": 15.55,
    "UYU": 0.3861065,
    "UZS": 0.00123599077,
    "VUV": null,
    "VES": 0.424949467,
    "VND": 0.0006164517600000001,
    "XOF": 0.025745032499999997,
    "YER": 0.06211333985,
    "ZMW": 0.601492349,
    "ZWL": null,
    "AFN": 0.21901408679573944,
    "ALL": 0.1676549882959868,
    "DZD": 0.11537662613013899,
    "AOA": 0.017680500471983347,
    "ARS": 0.01667976394256977,
    "AMD": 0.040094887357573814,
    "AWG": 8.63289391776676,
    "AUD": 10.13735309038504,
    "AZN": 9.147058919116176,
    "BSD": 15.562904923675202,
    "BHD": 41.253381626324014,
    "BDT": 0.13245416841957672,
    "BBD": 7.708193175577995,
    "BYN": 4.755785135354885,
    "BZD": 7.717209756904412,
    "BMD": 15.550000162497504,
    "BTN": 0.18584295212021554,
    "BOB": 2.2523400311175594,
    "BAM": 8.581957232868278,
    "BWP": 1.1486068369927207,
    "BRL": 2.7209575258503,
    "BND": 11.619982606649952,
    "BGN": 8.578363859984425,
    "BIF": 0.0054021192174436945,
    "CVE": 0.15189255348848082,
    "KHR": 0.003785757799863425,
    "XAF": 0.02558794711234683,
    "CAD": 11.22601849096779,
    "KYD": 18.66559838370074,
    "CLP": 0.01647350484490736,
    "CNY": 2.146485583859596,
    "COP": 0.0038298417737599355,
    "KMF": 0.03412145519145732,
    "CDF": 0.005418118525573214,
    "CRC": 0.029775753473707218,
    "HRK": null,
    "CUP": 0.6481270448315096,
    "CZK": null,
    "DKK": 2.2484550244391377,
    "DJF": 0.08740153371617035,
    "DOP": 0.2616743822335186,
    "EGP": 0.31936939771484196,
    "ERN": null,
    "ETB": 0.2686343745620764,
    "EUR": 16.77779953351315,
    "FJD": 6.889981907810098,
    "GMD": 0.22374100955736817,
    "GEL": 5.727440207673453,
    "GHS": 1
  }
}