{
  "meta": {
    "code": "GHS",
    "createdAt": "2024-08-13T13:33:10Z"
  },
  "data": {
    "GIP": null,
    "GTQ": 2.019231563,
    "GNF": 0.001813179618,
    "GYD": 0.07486402975999999,
    "HTG": 0.1187331073,
    "HNL": 0.6312223932000001,
    "HKD": 2.0062090720000003,
    "HUF": 0.0435351711,
    "ISK": 0.1132710392,
    "INR": 0.1861238144,
    "IDR": 0.0009872826929,
    "IRR": 0.0003711136376,
    "IQD": 0.011936894989999999,
    "ILS": 4.182873091,
    "JMD": null,
    "JPY": 0.10627456410000001,
    "JOD": 22.04562215,
    "KZT": 0.03255268224,
    "KES": 0.12112976610000001,
    "KWD": 51.0434798,
    "KGS": 0.1823887781,
    "LAK": 0.0007057756114,
    "LBP": 0.00017453326550000001,
    "LSL": 0.8592453794,
    "LRD": 0.07994848618,
    "LYD": 3.2502773630000004,
    "MOP": 1.949209497,
    "MKD": 0.2781116082,
    "MGA": 0.003421101078,
    "MWK": 0.009013817499,
    "MYR": 3.5066754430000002,
    "MVR": 1.014754775,
    "MRU": 0.39450869860000004,
    "MUR": 0.3372819104,
    "MXN": 0.8226795852000001,
    "MDL": 0.8934798132,
    "MNT": null,
    "MAD": 1.592805119,
    "MZN": 0.2445595505,
    "MMK": 0.004811129406,
    "NAD": null,
    "NPR": 0.11634599420000001,
    "ANG": 8.678257857,
    "TWD": 0.4823354985,
    "NZD": 9.464432589000001,
    "NIO": 0.4246633923,
    "NGN": 0.009827509315,
    "KPW": null,
    "NOK": 1.450279619,
    "OMR": 40.59926644,
    "PKR": 0.05608385913,
    "PAB": 15.63850622,
    "PGK": 3.9700270740000003,
    "PYG": 0.002067479161,
    "PEN": 4.174614887000001,
    "PHP": 0.27408766760000003,
    "PLN": 3.990831184,
    "QAR": 4.284569626000001,
    "RON": 3.4397519610000002,
    "RUB": 0.1705377637,
    "RWF": 0.01185835689,
    "SHP": 19.94391324,
    "WST": null,
    "STN": null,
    "SAR": 4.162184455,
    "RSD": 0.1462284094,
    "SCR": 1.168433459,
    "SLL": 0.0007698699750000001,
    "SGD": 11.83454483,
    "SBD": 1.8407121720000001,
    "SOS": 0.027460144199999998,
    "ZAR": 0.8615726771000001,
    "KRW": 0.0114250395,
    "SSP": null,
    "LKR": 0.052244146039999995,
    "SDG": 0.02597795369,
    "SRD": 0.5421650819,
    "SZL": 0.8594083559,
    "SEK": 1.4849179780000001,
    "CHF": 18.060105280000002,
    "SYP": null,
    "TJS": 1.4733208660000001,
    "TZS": 0.0057691607139999995,
    "THB": 0.4458128314,
    "TOP": 6.592499706000001,
    "TTD": 2.303748162,
    "TND": 5.068021728000001,
    "TRY": 0.46575877600000004,
    "TMT": 4.4599221490000005,
    "UGX": 0.004191231299,
    "UAH": 0.3780047764,
    "AED": 4.2542170950000004,
    "GBP": 20.02430768,
    "USD": null,
    "UYU": 0.3877527381,
    "UZS": 0.001237461728,
    "VUV": null,
    "VES": 0.4271103988,
    "VND": 0.0006219200777000001,
    "XOF": 0.02602762,
    "YER": 0.062403424029999995,
    "ZMW": 0.5982775518,
    "ZWL": null,
    "AFN": 0.22029631973373598,
    "ALL": 0.17090054731231824,
    "DZD": 0.11613656654064422,
    "AOA": 0.017746405999897737,
    "ARS": 0.016626909835324985,
    "AMD": 0.04020819948836264,
    "AWG": 8.680950267513031,
    "AUD": 10.322967332062387,
    "AZN": 9.19159440089615,
    "BSD": 15.630288593623794,
    "BHD": 41.471191600270586,
    "BDT": 0.13301941170738138,
    "BBD": 7.741083784861719,
    "BYN": 4.776224709187463,
    "BZD": 7.754094716815956,
    "BMD": 15.625710481523459,
    "BTN": 0.18612820646623307,
    "BOB": 2.2619187904328104,
    "BAM": 8.729481335570593,
    "BWP": 1.1574103099084705,
    "BRL": 2.8447105325483704,
    "BND": 11.814379757557026,
    "BGN": 8.748998033030139,
    "BIF": 0.005422030064705596,
    "CVE": 0.15483709383347027,
    "KHR": 0.0038203092542175043,
    "XAF": 0.026027563949707053,
    "CAD": 11.37851069028699,
    "KYD": 18.75531634563291,
    "CLP": 0.016753919417562994,
    "CNY": 2.1825446941213276,
    "COP": 0.003852701696431166,
    "KMF": 0.03465833533335611,
    "CDF": 0.005454000169558321,
    "CRC": 0.029522601068431964,
    "HRK": null,
    "CUP": 0.6512669219172772,
    "CZK": 0.6793757631075521,
    "DKK": 2.2937024744574916,
    "DJF": 0.0877737953782787,
    "DOP": 0.2619758245874492,
    "EGP": 0.31661115809237245,
    "ERN": null,
    "ETB": null,
    "EUR": 17.117500666332948,
    "FJD": 6.982933588805913,
    "GMD": 0.2264595721959921,
    "GEL": 5.83048898564308,
    "GHS": 1
  }
}