{
  "meta": {
    "code": "GHS",
    "createdAt": "2024-08-27T14:04:09Z"
  },
  "data": {
    "GIP": null,
    "GTQ": null,
    "GNF": 0.0018100032,
    "GYD": 0.07470133275999999,
    "HTG": 0.1183164193,
    "HNL": 0.6297522485,
    "HKD": 1.9992422090000002,
    "HUF": 0.04432956067,
    "ISK": 0.11391842490000001,
    "INR": 0.1858768325,
    "IDR": 0.0010044910649999999,
    "IRR": 0.00037007947160000004,
    "IQD": 0.011912943129999999,
    "ILS": 4.2325623210000005,
    "JMD": 0.09950551650999999,
    "JPY": 0.1079860185,
    "JOD": 22.01078849,
    "KZT": 0.032474169489999996,
    "KES": 0.1209213165,
    "KWD": 51.09326883,
    "KGS": 0.18322164300000002,
    "LAK": 0.0007064110809,
    "LBP": 0.0001743838608,
    "LSL": 0.8786372038,
    "LRD": 0.0799987381,
    "LYD": 3.277301226,
    "MOP": 1.9423984390000002,
    "MKD": 0.2828004429,
    "MGA": 0.003417160515,
    "MWK": 0.008996527545,
    "MYR": 3.5885014030000004,
    "MVR": 1.015593235,
    "MRU": 0.39389482870000003,
    "MUR": 0.3381620095,
    "MXN": 0.7954538404,
    "MDL": 0.8972645706,
    "MNT": null,
    "MAD": 1.6199702100000002,
    "MZN": 0.24423244230000002,
    "MMK": 0.004802850037,
    "NAD": 0.8785189022000001,
    "NPR": 0.1161920743,
    "ANG": 8.661142911,
    "TWD": 0.48826506340000003,
    "NZD": 9.709582176000001,
    "NIO": 0.42388081,
    "NGN": 0.009811296038,
    "KPW": null,
    "NOK": 1.483583225,
    "OMR": 40.51975994,
    "PKR": 0.05606388918,
    "PAB": 15.60786613,
    "PGK": 3.949978234,
    "PYG": 0.0020480775279999998,
    "PEN": 4.16597707,
    "PHP": 0.2768772476,
    "PLN": 4.063648614,
    "QAR": 4.278487987,
    "RON": 3.500094921,
    "RUB": 0.17047686780000001,
    "RWF": 0.01165652612,
    "SHP": 20.56474389,
    "WST": null,
    "STN": null,
    "SAR": 4.1570172460000006,
    "RSD": 0.1488099092,
    "SCR": 1.166158794,
    "SLL": 0.0007698699750000001,
    "SGD": 11.965428580000001,
    "SBD": 1.8484637250000002,
    "SOS": 0.027405806749999997,
    "ZAR": 0.8780812608,
    "KRW": 0.01171067908,
    "SSP": null,
    "LKR": 0.051943686929999996,
    "SDG": 0.02593324879,
    "SRD": 0.5410631149,
    "SZL": 0.8783692156,
    "SEK": 1.5294078100000001,
    "CHF": 18.48707067,
    "SYP": null,
    "TJS": 1.4635617890000001,
    "TZS": 0.005745432699,
    "THB": 0.4573372235,
    "TOP": 6.659149065,
    "TTD": 2.297707485,
    "TND": 5.164091013,
    "TRY": 0.45836908740000004,
    "TMT": 4.452247165,
    "UGX": 0.004203529741,
    "UAH": 0.3772435243,
    "AED": 4.246970978,
    "GBP": 20.62994709,
    "USD": 15.59885,
    "UYU": 0.3875534282,
    "UZS": 0.0012327637899999999,
    "VUV": null,
    "VES": 0.4271952537,
    "VND": 0.000628226525,
    "XOF": 0.02655509,
    "YER": 0.062308420809999994,
    "ZMW": 0.5937165652,
    "ZWL": null,
    "AFN": 0.22049223718933816,
    "ALL": 0.17401484422004426,
    "DZD": 0.11648818172536285,
    "AOA": 0.017207739576859196,
    "ARS": 0.016441365194573322,
    "AMD": 0.040221793426620675,
    "AWG": 8.653989423137396,
    "AUD": 10.563594228693367,
    "AZN": 9.175774073576916,
    "BSD": 15.602307723293276,
    "BHD": 41.395615626753504,
    "BDT": 0.13055707681894504,
    "BBD": 7.727109266949597,
    "BYN": 4.767537673503431,
    "BZD": 7.739008872315522,
    "BMD": 15.59881592508076,
    "BTN": null,
    "BOB": 2.257512250711924,
    "BAM": 8.907628266326295,
    "BWP": 1.1738582929666894,
    "BRL": 2.8390390086551833,
    "BND": 11.964520912196852,
    "BGN": 8.90424692607209,
    "BIF": 0.005400702257851178,
    "CVE": 0.15799698026375505,
    "KHR": 0.0038283267435177456,
    "XAF": 0.026554918598124994,
    "CAD": 11.58527216349191,
    "KYD": 18.719920955028936,
    "CLP": 0.017178745113991683,
    "CNY": 2.1891845967709926,
    "COP": 0.0038667975345108674,
    "KMF": 0.0353534272220428,
    "CDF": 0.005502227841048385,
    "CRC": 0.029543564490544703,
    "HRK": null,
    "CUP": 0.6500817633837077,
    "CZK": 0.6966400613743238,
    "DKK": 2.334692486081922,
    "DJF": 0.08760293948755032,
    "DOP": null,
    "EGP": 0.32036672301895963,
    "ERN": null,
    "ETB": 0.13726385899009608,
    "EUR": 17.41726553331773,
    "FJD": 7.075416020930296,
    "GMD": 0.22125980035575543,
    "GEL": 5.777339231511392,
    "GHS": 1
  }
}