{
  "meta": {
    "code": "GHS",
    "createdAt": "2024-08-15T14:33:32Z"
  },
  "data": {
    "GIP": null,
    "GTQ": 2.0154535840000003,
    "GNF": 0.001809512505,
    "GYD": 0.07504380993,
    "HTG": 0.11829979680000001,
    "HNL": 0.6299342791,
    "HKD": 2.000767906,
    "HUF": 0.043321140699999997,
    "ISK": 0.11237874560000001,
    "INR": null,
    "IDR": 0.0009907208871,
    "IRR": 0.00037045884600000003,
    "IQD": null,
    "ILS": 4.224422744,
    "JMD": 0.09929656665999999,
    "JPY": 0.1047331325,
    "JOD": 22.00982897,
    "KZT": null,
    "KES": 0.11978379110000001,
    "KWD": 50.96173269,
    "KGS": 0.18200897800000002,
    "LAK": 0.0007065861822,
    "LBP": 0.00017420660180000002,
    "LSL": 0.8668428571000001,
    "LRD": 0.08000000972,
    "LYD": 3.2538110180000004,
    "MOP": 1.9445099870000002,
    "MKD": null,
    "MGA": 0.003400848727,
    "MWK": null,
    "MYR": 3.5170628930000003,
    "MVR": 1.012964345,
    "MRU": 0.3940480053,
    "MUR": 0.337781023,
    "MXN": 0.8359371266000001,
    "MDL": 0.8888889518,
    "MNT": null,
    "MAD": 1.598636165,
    "MZN": 0.2441280505,
    "MMK": null,
    "NAD": 0.866959547,
    "NPR": 0.11615495490000001,
    "ANG": 8.661607647,
    "TWD": 0.4818488407,
    "NZD": 9.365843185000001,
    "NIO": 0.4238532849,
    "NGN": 0.009810848524,
    "KPW": null,
    "NOK": 1.45658831,
    "OMR": 40.52440441,
    "PKR": 0.055992454479999995,
    "PAB": 15.60841799,
    "PGK": 3.9590214410000004,
    "PYG": 0.002061989164,
    "PEN": 4.174396293,
    "PHP": 0.27245729090000004,
    "PLN": 3.994379373,
    "QAR": 4.276118823,
    "RON": 3.4398160750000004,
    "RUB": 0.17625058600000001,
    "RWF": 0.0118190672,
    "SHP": 20.0116722,
    "WST": null,
    "STN": null,
    "SAR": 4.156751799,
    "RSD": 0.146247467,
    "SCR": 1.150415575,
    "SLL": 0.0007698699750000001,
    "SGD": 11.80999531,
    "SBD": 1.832784975,
    "SOS": 0.027298162329999997,
    "ZAR": 0.8647394595000001,
    "KRW": 0.011438085019999999,
    "SSP": null,
    "LKR": 0.05218817,
    "SDG": 0.02593211828,
    "SRD": 0.543310388,
    "SZL": 0.8666597502000001,
    "SEK": 1.4848738760000002,
    "CHF": 17.89590522,
    "SYP": null,
    "TJS": 1.468415467,
    "TZS": 0.005753659064,
    "THB": 0.4441649099,
    "TOP": 6.58242774,
    "TTD": 2.2971814910000004,
    "TND": 5.084155815,
    "TRY": 0.4639675666,
    "TMT": 4.4520530780000005,
    "UGX": 0.004189810405,
    "UAH": 0.3793128664,
    "AED": 4.246711125,
    "GBP": 20.03608333,
    "USD": 15.598170000000001,
    "UYU": 0.3873025611,
    "UZS": 0.001241325943,
    "VUV": null,
    "VES": 0.4266242998,
    "VND": 0.0006228052915000001,
    "XOF": 0.026184640000000002,
    "YER": 0.06229949653,
    "ZMW": 0.5937313945,
    "ZWL": null,
    "AFN": 0.2199508668474815,
    "ALL": 0.17198321521418336,
    "DZD": 0.11599489153579494,
    "AOA": 0.017723930463590887,
    "ARS": 0.01657582311121771,
    "AMD": 0.04017445695259512,
    "AWG": 8.665630361263023,
    "AUD": 10.331505222799878,
    "AZN": 9.17537332369026,
    "BSD": 15.600331179243403,
    "BHD": 41.37992735664373,
    "BDT": 0.1327673701449598,
    "BBD": 7.726201522092449,
    "BYN": 4.766863237154506,
    "BZD": 7.739362019173918,
    "BMD": 15.598134650273446,
    "BTN": 0.1858227081410885,
    "BOB": 2.257618841050149,
    "BAM": 8.782224147410657,
    "BWP": 1.1621873379825503,
    "BRL": 2.856121189951826,
    "BND": 11.839775510960829,
    "BGN": 8.753505837079727,
    "BIF": 0.005410191749406402,
    "CVE": 0.15577121113956316,
    "KHR": null,
    "XAF": 0.02618458656560965,
    "CAD": 11.376987765572354,
    "KYD": 18.72039741567617,
    "CLP": 0.01671539141416949,
    "CNY": 2.1805813693868354,
    "COP": 0.003883359470853811,
    "KMF": 0.0348990595254514,
    "CDF": 0.0054329970925864795,
    "CRC": 0.02965975743121522,
    "HRK": null,
    "CUP": 0.650025468647887,
    "CZK": 0.6788586263564252,
    "DKK": 2.2941672137695313,
    "DJF": 0.08760565695588154,
    "DOP": 0.2609582907639467,
    "EGP": null,
    "ERN": null,
    "ETB": 0.14148558262974142,
    "EUR": 17.115040709739134,
    "FJD": 6.962675887297496,
    "GMD": 0.22283049500390634,
    "GEL": 5.79856306701615,
    "GHS": 1
  }
}