{
  "meta": {
    "code": "GHS",
    "createdAt": "2024-08-07T09:04:50Z"
  },
  "data": {
    "GIP": null,
    "GTQ": 2.005272724,
    "GNF": 0.0018019989999999999,
    "GYD": 0.07438689295999999,
    "HTG": 0.1177005612,
    "HNL": 0.6275259394,
    "HKD": 1.9881436300000002,
    "HUF": 0.04246739709,
    "ISK": 0.1121322431,
    "INR": 0.1846257814,
    "IDR": 0.0009644419388,
    "IRR": 0.0003682375657,
    "IQD": 0.01186048025,
    "ILS": 4.085680343,
    "JMD": 0.09905309861999999,
    "JPY": 0.10531742420000001,
    "JOD": 21.86827793,
    "KZT": 0.032474970799999996,
    "KES": 0.1196914282,
    "KWD": 50.67713277,
    "KGS": 0.1832483083,
    "LAK": 0.0007012295596000001,
    "LBP": 0.0001734283975,
    "LSL": 0.8383226084000001,
    "LRD": 0.07745875909,
    "LYD": 3.2356209490000003,
    "MOP": 1.9358588950000002,
    "MKD": 0.275138265,
    "MGA": 0.0034193506739999997,
    "MWK": 0.008956505913,
    "MYR": 3.449820652,
    "MVR": 1.005938335,
    "MRU": null,
    "MUR": 0.33384776650000003,
    "MXN": 0.8059090797,
    "MDL": 0.8774572644,
    "MNT": null,
    "MAD": 1.579884977,
    "MZN": 0.242610036,
    "MMK": 0.004772426665,
    "NAD": 0.8383226084000001,
    "NPR": 0.1156390714,
    "ANG": 8.622645901,
    "TWD": 0.4746169598,
    "NZD": 9.32136988,
    "NIO": 0.42200439900000003,
    "NGN": 0.009724294969,
    "KPW": null,
    "NOK": 1.4335599490000002,
    "OMR": 40.264221400000004,
    "PKR": 0.05573051782,
    "PAB": 15.5391156,
    "PGK": 3.950343294,
    "PYG": 0.002051495394,
    "PEN": 4.1715428150000005,
    "PHP": null,
    "PLN": 3.9201926160000005,
    "QAR": 4.2456719110000005,
    "RON": 3.4004034250000004,
    "RUB": 0.18080455650000002,
    "RWF": 0.0117033734,
    "SHP": null,
    "WST": null,
    "STN": null,
    "SAR": 4.128626304,
    "RSD": null,
    "SCR": 1.1432183150000002,
    "SLL": 0.0007698699750000001,
    "SGD": 11.67650873,
    "SBD": 1.8212547000000001,
    "SOS": 0.027287758409999998,
    "ZAR": 0.8448506052,
    "KRW": 0.011277923649999999,
    "SSP": null,
    "LKR": 0.05140385215,
    "SDG": 0.025768976149999998,
    "SRD": 0.539788955,
    "SZL": 0.838579599,
    "SEK": 1.4863211550000002,
    "CHF": 18.04268206,
    "SYP": null,
    "TJS": 1.4715383020000001,
    "TZS": 0.005736506213,
    "THB": 0.4344670512,
    "TOP": 6.514666812000001,
    "TTD": 2.290617611,
    "TND": 5.027474244,
    "TRY": 0.4612170202,
    "TMT": 4.436731449000001,
    "UGX": 0.004170092011,
    "UAH": 0.3787055023,
    "AED": null,
    "GBP": 19.6859033,
    "USD": null,
    "UYU": 0.38137848420000003,
    "UZS": null,
    "VUV": null,
    "VES": 0.4232854773,
    "VND": null,
    "XOF": 0.02582639,
    "YER": 0.06191377827,
    "ZMW": 0.5978898629,
    "ZWL": null,
    "AFN": 0.21881992809295323,
    "ALL": 0.1691228893796789,
    "DZD": 0.1150641543638827,
    "AOA": 0.01758366939746351,
    "ARS": 0.016568682968819727,
    "AMD": 0.04004973549168214,
    "AWG": 8.611113651389637,
    "AUD": 10.166837473535178,
    "AZN": 9.117649748530205,
    "BSD": 15.53083950250285,
    "BHD": null,
    "BDT": null,
    "BBD": 7.691767913619238,
    "BYN": 4.745543882449312,
    "BZD": 7.729561855637491,
    "BMD": 15.500004572501348,
    "BTN": 0.18499593396789246,
    "BOB": 2.2474080249951327,
    "BAM": 8.661988402955728,
    "BWP": 1.1414973622378264,
    "BRL": 2.739968989831044,
    "BND": 11.701119210191978,
    "BGN": 8.653810593341392,
    "BIF": 0.005388640671424714,
    "CVE": null,
    "KHR": 0.003779777216256931,
    "XAF": 0.025826565788889266,
    "CAD": 11.26912447941647,
    "KYD": 18.6350430979164,
    "CLP": 0.016400732821283286,
    "CNY": 2.1583842164983933,
    "COP": 0.003744188556485025,
    "KMF": 0.03438714270401298,
    "CDF": 0.005400698457317543,
    "CRC": 0.02937087152052544,
    "HRK": null,
    "CUP": 0.6471075171139247,
    "CZK": 0.6694020545463241,
    "DKK": 2.267335541081029,
    "DJF": 0.08721297558906807,
    "DOP": 0.26111462851664125,
    "EGP": 0.31497672369415897,
    "ERN": null,
    "ETB": 0.1929564754310864,
    "EUR": 16.921310006654554,
    "FJD": 6.901927897574616,
    "GMD": 0.22302164852519923,
    "GEL": 5.730131082048873,
    "GHS": 1
  }
}