{
  "meta": {
    "code": "GHS",
    "createdAt": "2024-07-24T14:34:11Z"
  },
  "data": {
    "GIP": null,
    "GTQ": 1.9987533240000002,
    "GNF": 0.001796780826,
    "GYD": 0.07422845481,
    "HTG": 0.1174316859,
    "HNL": 0.6261156728,
    "HKD": 1.985381512,
    "HUF": 0.04281660363,
    "ISK": 0.11249945480000001,
    "INR": 0.1852144003,
    "IDR": 0.0009555582035000001,
    "IRR": 0.00036821160700000003,
    "IQD": 0.01183716197,
    "ILS": null,
    "JMD": 0.09905058407999999,
    "JPY": 0.10099710120000001,
    "JOD": 21.87631523,
    "KZT": 0.03259222033,
    "KES": 0.1165680436,
    "KWD": 50.72527456,
    "KGS": 0.1840679903,
    "LAK": 0.0006993651405000001,
    "LBP": 0.00017308473290000002,
    "LSL": 0.8467296389000001,
    "LRD": 0.07948732564,
    "LYD": 3.20735737,
    "MOP": 1.927866442,
    "MKD": 0.2728080625,
    "MGA": 0.003399695526,
    "MWK": 0.008938928334,
    "MYR": 3.3180434140000004,
    "MVR": 1.009388544,
    "MRU": 0.3916113786,
    "MUR": 0.3319206181,
    "MXN": 0.8440520208000001,
    "MDL": 0.8744002200000001,
    "MNT": null,
    "MAD": 1.569258478,
    "MZN": 0.2428372198,
    "MMK": 0.004773507386,
    "NAD": 0.8467296389000001,
    "NPR": 0.11574614,
    "ANG": 8.606014403000001,
    "TWD": 0.47399453010000003,
    "NZD": 9.215930262,
    "NIO": 0.4211637029,
    "NGN": 0.009739940174,
    "KPW": null,
    "NOK": 1.4090091340000002,
    "OMR": 40.27448654,
    "PKR": 0.055655992589999995,
    "PAB": 15.49155955,
    "PGK": 4.010526529,
    "PYG": 0.002047031378,
    "PEN": 4.1257628660000005,
    "PHP": 0.2648979962,
    "PLN": 3.9230741040000003,
    "QAR": 4.248553618,
    "RON": 3.3884620890000003,
    "RUB": 0.17923018500000001,
    "RWF": 0.01180244952,
    "SHP": 20.01275751,
    "WST": null,
    "STN": null,
    "SAR": 4.132763494000001,
    "RSD": 0.1438697673,
    "SCR": 1.1443404350000002,
    "SLL": 0.0007698699750000001,
    "SGD": 11.55450744,
    "SBD": 1.8294189,
    "SOS": null,
    "ZAR": 0.8466446795,
    "KRW": 0.01123665676,
    "SSP": null,
    "LKR": 0.051066120109999995,
    "SDG": 0.026456569319999998,
    "SRD": 0.531817702,
    "SZL": 0.8469066895,
    "SEK": 1.440997764,
    "CHF": 17.54508847,
    "SYP": null,
    "TJS": 1.455550791,
    "TZS": 0.005757327321,
    "THB": 0.4310974476,
    "TOP": 6.525444195,
    "TTD": null,
    "TND": 4.990349804,
    "TRY": 0.47201736240000003,
    "TMT": 4.425046496,
    "UGX": 0.004167641055,
    "UAH": 0.3758547331,
    "AED": 4.220950012,
    "GBP": 20.04050887,
    "USD": 15.50355,
    "UYU": 0.385728324,
    "UZS": 0.001231660398,
    "VUV": null,
    "VES": 0.4246192892,
    "VND": 0.0006113375339,
    "XOF": 0.02562058,
    "YER": 0.06192786073,
    "ZMW": 0.5950099702,
    "ZWL": null,
    "AFN": 0.219055843317753,
    "ALL": 0.16717360571969847,
    "DZD": 0.11525747159173055,
    "AOA": 0.017766300059396577,
    "ARS": 0.016716145688963294,
    "AMD": 0.03991738464955402,
    "AWG": 8.613062788073574,
    "AUD": 10.239424753114841,
    "AZN": 9.119713540313196,
    "BSD": 15.49935919139372,
    "BHD": 41.13087191890454,
    "BDT": 0.13191492835555463,
    "BBD": null,
    "BYN": 4.73620808603732,
    "BZD": 7.689403144483299,
    "BMD": 15.503513018532434,
    "BTN": 0.18516784551948526,
    "BOB": 2.2431879360017652,
    "BAM": 8.592883838651701,
    "BWP": 1.1423303283089667,
    "BRL": 2.755200465882798,
    "BND": 11.526724059336166,
    "BGN": 8.607396258827235,
    "BIF": 0.005380490812934613,
    "CVE": 0.15241436518645834,
    "KHR": 0.0037740763203050554,
    "XAF": 0.02562052571897861,
    "CAD": 11.238420177128008,
    "KYD": 18.598897826450575,
    "CLP": 0.01636772911638508,
    "CNY": 2.1330315231379724,
    "COP": 0.003844926595864256,
    "KMF": 0.034167521806846776,
    "CDF": 0.005411348349992034,
    "CRC": 0.029237932316372516,
    "HRK": null,
    "CUP": 0.6436049335919773,
    "CZK": 0.6627472136660691,
    "DKK": 2.257026207844184,
    "DJF": 0.08704146853580387,
    "DOP": 0.26181591215032024,
    "EGP": 0.3205841378450779,
    "ERN": null,
    "ETB": 0.2681407668859075,
    "EUR": 16.841759206490114,
    "FJD": 6.889531628757706,
    "GMD": 0.2288341405211262,
    "GEL": 5.710317872176402,
    "GHS": 1
  }
}