{
  "meta": {
    "code": "GHS",
    "createdAt": "2024-08-13T16:36:48Z"
  },
  "data": {
    "GIP": null,
    "GTQ": 2.022366555,
    "GNF": 0.001812391287,
    "GYD": 0.07498026114999999,
    "HTG": 0.1189174483,
    "HNL": 0.629819539,
    "HKD": 2.00915326,
    "HUF": 0.04362548615,
    "ISK": 0.1130698634,
    "INR": 0.186461612,
    "IDR": 0.00099039147,
    "IRR": 0.0003718001956,
    "IQD": 0.01194656475,
    "ILS": 4.2057060360000005,
    "JMD": 0.09971164314999999,
    "JPY": 0.1065459825,
    "JOD": 22.07984945,
    "KZT": 0.03260322245,
    "KES": 0.12131782810000001,
    "KWD": 51.1208815,
    "KGS": 0.1826719488,
    "LAK": 0.0007055906103000001,
    "LBP": 0.0001746651741,
    "LSL": 0.8575342380000001,
    "LRD": 0.08017552905,
    "LYD": 3.25363813,
    "MOP": 1.9522357750000001,
    "MKD": 0.278765938,
    "MGA": 0.003405875852,
    "MWK": 0.009033188919999999,
    "MYR": 3.512124485,
    "MVR": 1.0163302490000001,
    "MRU": 0.3936611642,
    "MUR": 0.33780556300000003,
    "MXN": 0.8207016500000001,
    "MDL": 0.891424,
    "MNT": null,
    "MAD": 1.594823109,
    "MZN": 0.2449392455,
    "MMK": 0.004818599005,
    "NAD": 0.8575342380000001,
    "NPR": 0.1165266291,
    "ANG": 8.69173143,
    "TWD": 0.4832186335,
    "NZD": 9.48679525,
    "NIO": 0.42469470730000003,
    "NGN": 0.009842767176,
    "KPW": null,
    "NOK": 1.4536893750000002,
    "OMR": 40.652753000000004,
    "PKR": 0.056143497029999996,
    "PAB": 15.662786050000001,
    "PGK": 4.030648266,
    "PYG": 0.00207068906,
    "PEN": 4.178347332,
    "PHP": 0.27446031,
    "PLN": 3.9987315000000003,
    "QAR": 4.298270935000001,
    "RON": 3.447064305,
    "RUB": 0.1719733115,
    "RWF": null,
    "SHP": 19.9748775,
    "WST": null,
    "STN": null,
    "SAR": 4.168760925,
    "RSD": 0.14659688340000002,
    "SCR": 1.073020214,
    "SLL": 0.0007698699750000001,
    "SGD": 11.85942915,
    "SBD": 1.8435700000000002,
    "SOS": 0.027408054709999997,
    "ZAR": 0.861984159,
    "KRW": 0.01144775746,
    "SSP": null,
    "LKR": 0.052325258549999996,
    "SDG": 0.02601828619,
    "SRD": 0.5459048337,
    "SZL": 0.8575342380000001,
    "SEK": 1.490694113,
    "CHF": 18.085985100000002,
    "SYP": null,
    "TJS": 1.475608295,
    "TZS": 0.00577811772,
    "THB": 0.446632533,
    "TOP": 6.602735,
    "TTD": 2.3073248850000003,
    "TND": 5.075440545,
    "TRY": 0.466418828,
    "TMT": null,
    "UGX": 0.004197738465,
    "UAH": 0.378591654,
    "AED": 4.260822050000001,
    "GBP": 20.08521,
    "USD": 15.650000000000002,
    "UYU": 0.38835475,
    "UZS": 0.001238622865,
    "VUV": null,
    "VES": 0.42778195150000003,
    "VND": 0.0006227620150000001,
    "XOF": 0.02601828619,
    "YER": 0.06250030949999999,
    "ZMW": 0.5992064175,
    "ZWL": null,
    "AFN": 0.22198581763644737,
    "ALL": 0.17126285997102156,
    "DZD": 0.11656140247885174,
    "AOA": 0.017773992211300108,
    "ARS": 0.016662097605700345,
    "AMD": 0.04027070183233485,
    "AWG": 8.682385654730428,
    "AUD": 10.351693075710568,
    "AZN": 9.205882436254413,
    "BSD": 15.654585370965867,
    "BHD": 41.52801919728368,
    "BDT": 0.13322618608435752,
    "BBD": 7.7531170472838005,
    "BYN": 4.783479587384608,
    "BZD": 7.7661482055502224,
    "BMD": 15.650000141632502,
    "BTN": 0.18641753673449415,
    "BOB": 2.2654348698034124,
    "BAM": 8.743051036151044,
    "BWP": 1.1592094666805857,
    "BRL": 2.852768031406739,
    "BND": 11.832744827746193,
    "BGN": 8.764315594748581,
    "BIF": 0.005443478310873831,
    "CVE": 0.15479723187298985,
    "KHR": 0.003814747140056126,
    "XAF": 0.02606802295171698,
    "CAD": 11.403713414668061,
    "KYD": 18.78447087649878,
    "CLP": 0.016799235868210177,
    "CNY": 2.186823187585779,
    "COP": 0.0038782550447161667,
    "KMF": 0.03471221059393868,
    "CDF": 0.00545296172212052,
    "CRC": 0.02956345478368229,
    "HRK": null,
    "CUP": 0.6522792948609565,
    "CZK": 0.6805383493343347,
    "DKK": 2.2986716387142625,
    "DJF": 0.0879102368895967,
    "DOP": 0.26192468858003815,
    "EGP": 0.31694277094426676,
    "ERN": null,
    "ETB": 0.14220214460409608,
    "EUR": 17.153034819613836,
    "FJD": 6.998479627890502,
    "GMD": 0.22681159625554348,
    "GEL": 5.807050148184538,
    "GHS": 1
  }
}