{
  "meta": {
    "code": "GHS",
    "createdAt": "2024-08-23T15:04:30Z"
  },
  "data": {
    "GIP": null,
    "GTQ": 2.0187317250000003,
    "GNF": 0.001811123905,
    "GYD": 0.07483157907,
    "HTG": 0.1185491892,
    "HNL": 0.6281203092000001,
    "HKD": 2.004463098,
    "HUF": 0.044425508489999994,
    "ISK": 0.1145894412,
    "INR": 0.1864494885,
    "IDR": 0.00100941666,
    "IRR": 0.0003712148132,
    "IQD": 0.011931297569999999,
    "ILS": 4.236101994,
    "JMD": 0.09978048204,
    "JPY": 0.10771570800000001,
    "JOD": 22.05474276,
    "KZT": 0.03232696632,
    "KES": 0.1211627893,
    "KWD": 51.16500819,
    "KGS": 0.18315038620000001,
    "LAK": 0.0007061215116,
    "LBP": 0.0001744419598,
    "LSL": 0.8668885187,
    "LRD": 0.08010410948999999,
    "LYD": 3.2801677550000004,
    "MOP": 1.945745877,
    "MKD": 0.2836729338,
    "MGA": 0.003407084449,
    "MWK": 0.009006050076,
    "MYR": 3.569716944,
    "MVR": 1.018284184,
    "MRU": 0.3929110038,
    "MUR": 0.33869037750000003,
    "MXN": 0.81915267,
    "MDL": 0.9023980500000001,
    "MNT": null,
    "MAD": 1.6147528050000002,
    "MZN": 0.2446074681,
    "MMK": 0.004812441051,
    "NAD": 0.8668885187,
    "NPR": 0.1164269165,
    "ANG": 8.675018868,
    "TWD": 0.48986123670000004,
    "NZD": 9.705448500000001,
    "NIO": 0.4246128639,
    "NGN": 0.009922234411,
    "KPW": null,
    "NOK": null,
    "OMR": 40.60352022,
    "PKR": 0.05610697192,
    "PAB": 15.63220383,
    "PGK": 3.961977114,
    "PYG": 0.00205756446,
    "PEN": 4.175794733,
    "PHP": 0.2780526984,
    "PLN": 4.09545075,
    "QAR": 4.292777937,
    "RON": 3.5104714290000003,
    "RUB": 0.1708166751,
    "RWF": 0.01174305032,
    "SHP": 20.451855000000002,
    "WST": null,
    "STN": null,
    "SAR": 4.165795909,
    "RSD": 0.1492798792,
    "SCR": 1.164994866,
    "SLL": 0.0007698699750000001,
    "SGD": 11.994521390000001,
    "SBD": 1.8568440000000002,
    "SOS": 0.02737302844,
    "ZAR": 0.8800329267,
    "KRW": 0.011759529029999998,
    "SSP": null,
    "LKR": 0.05211489018,
    "SDG": 0.025985035979999998,
    "SRD": 0.5432931263,
    "SZL": 0.8668885187,
    "SEK": 1.5333270700000001,
    "CHF": 18.42186186,
    "SYP": null,
    "TJS": 1.470245484,
    "TZS": 0.005756905995,
    "THB": 0.4595982744,
    "TOP": 6.644313,
    "TTD": 2.3024365440000003,
    "TND": 5.120609477,
    "TRY": 0.4597112793,
    "TMT": 4.461138045,
    "UGX": 0.004206278391,
    "UAH": 0.37862112000000003,
    "AED": 4.25537691,
    "GBP": 20.6247228,
    "USD": 15.63,
    "UYU": 0.38723325000000003,
    "UZS": 0.001229546876,
    "VUV": null,
    "VES": 0.42645237420000004,
    "VND": 0.00062576268,
    "XOF": 0.0260283092,
    "YER": 0.062432847119999996,
    "ZMW": 0.5951114685000001,
    "ZWL": null,
    "AFN": 0.22014084696803665,
    "ALL": 0.17325249844157858,
    "DZD": 0.11663918073315027,
    "AOA": 0.017357024026146,
    "ARS": 0.016535308262489574,
    "AMD": 0.04027935300593207,
    "AWG": 8.671289951047758,
    "AUD": 10.59135407732063,
    "AZN": 9.194117726312118,
    "BSD": 15.624172319236497,
    "BHD": 41.47440895067614,
    "BDT": 0.13074027716724082,
    "BBD": 7.738317214488221,
    "BYN": null,
    "BZD": 7.751507475385214,
    "BMD": 15.630000134730603,
    "BTN": 0.18626206052988578,
    "BOB": 2.26140710408509,
    "BAM": 8.883281264291117,
    "BWP": 1.1694777630926636,
    "BRL": 2.8440417301578838,
    "BND": 11.94269351304471,
    "BGN": 8.933470591701795,
    "BIF": 0.0054308548078899795,
    "CVE": 0.15700653074301157,
    "KHR": 0.003821515925946165,
    "XAF": 0.026486129670644787,
    "CAD": null,
    "KYD": 18.747989521847646,
    "CLP": null,
    "CNY": 2.193314829434237,
    "COP": 0.0038871991376768045,
    "KMF": 0.0352702248415534,
    "CDF": 0.00553274341205467,
    "CRC": 0.029699538974026805,
    "HRK": null,
    "CUP": 0.6510373336232671,
    "CZK": 0.6973320310099788,
    "DKK": 2.3420853304647236,
    "DJF": 0.08775643430527352,
    "DOP": 0.2609348937623033,
    "EGP": 0.3204017861980495,
    "ERN": null,
    "ETB": 0.14241457982545394,
    "EUR": 17.473937379074535,
    "FJD": 7.084901017942495,
    "GMD": 0.22328571621043716,
    "GEL": 5.788888938789111,
    "GHS": 1
  }
}