{
  "meta": {
    "code": "GHS",
    "createdAt": "2024-07-31T12:42:56Z"
  },
  "data": {
    "GIP": null,
    "GTQ": 2.006431753,
    "GNF": 0.001804580521,
    "GYD": 0.07446931579999999,
    "HTG": 0.11771941820000001,
    "HNL": 0.628402211,
    "HKD": 1.989968393,
    "HUF": 0.04254713706,
    "ISK": 0.1124176295,
    "INR": 0.1857257924,
    "IDR": 0.0009548008648000001,
    "IRR": 0.0003693083028,
    "IQD": 0.011876213759999999,
    "ILS": 4.124248261,
    "JMD": 0.09936833820999999,
    "JPY": 0.10351411020000001,
    "JOD": 21.93495855,
    "KZT": 0.032746769099999996,
    "KES": 0.1196318865,
    "KWD": 50.88024873,
    "KGS": 0.1849947525,
    "LAK": 0.0007012912109,
    "LBP": 0.0001736513147,
    "LSL": 0.8534538983000001,
    "LRD": 0.07755988108999999,
    "LYD": 3.21864767,
    "MOP": 1.9334743550000002,
    "MKD": 0.2734572944,
    "MGA": 0.0034125449359999997,
    "MWK": 0.008967835607,
    "MYR": 3.383418063,
    "MVR": 1.0127536560000001,
    "MRU": 0.3921779266,
    "MUR": 0.3333816726,
    "MXN": 0.82602051,
    "MDL": 0.8787549639000001,
    "MNT": null,
    "MAD": 1.569092313,
    "MZN": 0.2432976047,
    "MMK": 0.004786303615,
    "NAD": 0.8534538983000001,
    "NPR": 0.1161800793,
    "ANG": 8.63401836,
    "TWD": 0.4751749944,
    "NZD": 9.212109911,
    "NIO": 0.42248375590000004,
    "NGN": 0.009358491683,
    "KPW": null,
    "NOK": 1.4230382320000001,
    "OMR": 40.38869854,
    "PKR": 0.055723887369999996,
    "PAB": 15.55891405,
    "PGK": 3.9604712010000003,
    "PYG": 0.002052402219,
    "PEN": 4.169786107,
    "PHP": 0.26632473160000003,
    "PLN": 3.9253734510000005,
    "QAR": 4.258087150000001,
    "RON": 3.385706303,
    "RUB": 0.1803402201,
    "RWF": 0.011852184129999999,
    "SHP": 19.95292594,
    "WST": null,
    "STN": null,
    "SAR": 4.143412273,
    "RSD": 0.1439427441,
    "SCR": 1.146603582,
    "SLL": 0.0007698699750000001,
    "SGD": 11.62664121,
    "SBD": 1.8498680900000002,
    "SOS": 0.027210468329999998,
    "ZAR": 0.8543171183,
    "KRW": 0.01133240384,
    "SSP": null,
    "LKR": 0.051411083139999994,
    "SDG": 0.02584390548,
    "SRD": 0.5361029649,
    "SZL": 0.8538712845,
    "SEK": 1.4516472660000002,
    "CHF": 17.67191422,
    "SYP": null,
    "TJS": null,
    "TZS": 0.005756864112,
    "THB": 0.4364583435,
    "TOP": 6.518064623000001,
    "TTD": 2.29355351,
    "TND": 4.996589624,
    "TRY": null,
    "TMT": null,
    "UGX": 0.004179632379,
    "UAH": 0.3792095896,
    "AED": 4.232247913,
    "GBP": 19.96963693,
    "USD": 15.545110000000001,
    "UYU": 0.3860065335,
    "UZS": 0.001239961917,
    "VUV": null,
    "VES": 0.4250992207,
    "VND": 0.0006157091623,
    "XOF": 0.02568156,
    "YER": 0.06210004069,
    "ZMW": 0.5963839479,
    "ZWL": null,
    "AFN": 0.21914872903876073,
    "ALL": 0.1680060145911295,
    "DZD": 0.11552178912498529,
    "AOA": 0.01771518408012086,
    "ARS": 0.016675867974262987,
    "AMD": 0.04005430052574578,
    "AWG": 8.636152239058918,
    "AUD": 10.133817932236619,
    "AZN": null,
    "BSD": 15.550599159391712,
    "BHD": 41.24429569221768,
    "BDT": 0.1323432175037887,
    "BBD": 7.7017158892353,
    "BYN": 4.752436979584686,
    "BZD": 7.714764999351423,
    "BMD": null,
    "BTN": 0.1858618902922521,
    "BOB": 2.250329228848262,
    "BAM": 8.61333647210205,
    "BWP": 1.1491894376229497,
    "BRL": 2.742990194747059,
    "BND": 11.616301475727365,
    "BGN": 8.614138335632838,
    "BIF": 0.0053969261576080904,
    "CVE": 0.1527756388679084,
    "KHR": 0.0037856100832274558,
    "XAF": 0.02568150498063114,
    "CAD": 11.250605431502105,
    "KYD": 18.65968525042205,
    "CLP": 0.01636254687267537,
    "CNY": 2.152669745463587,
    "COP": 0.0038136752005548673,
    "KMF": 0.03412749512690681,
    "CDF": 0.005416402101151936,
    "CRC": null,
    "HRK": null,
    "CUP": 0.6479217227832231,
    "CZK": 0.6618361036419321,
    "DKK": 2.2580471554612584,
    "DJF": 0.08732549892910776,
    "DOP": 0.2626436513232667,
    "EGP": 0.3201242605598163,
    "ERN": null,
    "ETB": 0.2685492730523043,
    "EUR": 16.847193626369034,
    "FJD": 6.881548524585673,
    "GMD": 0.22944758716318897,
    "GEL": 5.725625793851217,
    "GHS": 1
  }
}