{
  "meta": {
    "code": "GHS",
    "createdAt": "2024-08-14T16:37:08Z"
  },
  "data": {
    "GIP": null,
    "GTQ": 2.022741126,
    "GNF": 0.0018135493649999999,
    "GYD": 0.07503795935999999,
    "HTG": 0.118872711,
    "HNL": 0.6307296768,
    "HKD": 2.0096478,
    "HUF": 0.043741465019999995,
    "ISK": 0.11344537780000001,
    "INR": 0.1865212488,
    "IDR": 0.001005263946,
    "IRR": 0.00037203776760000003,
    "IQD": 0.011954198329999999,
    "ILS": 4.20960375,
    "JMD": 0.09981422477999999,
    "JPY": 0.10662894,
    "JOD": 22.103307,
    "KZT": 0.032627484719999995,
    "KES": 0.1213953475,
    "KWD": 51.159747960000004,
    "KGS": 0.18273087100000002,
    "LAK": 0.0007062006664,
    "LBP": 0.0001748743587,
    "LSL": 0.8628099058,
    "LRD": 0.0802062135,
    "LYD": 3.255717132,
    "MOP": 1.9528803000000001,
    "MKD": 0.2805905556,
    "MGA": 0.003404347758,
    "MWK": 0.009033746616,
    "MYR": 3.5187096060000003,
    "MVR": 1.016319592,
    "MRU": 0.3939622531,
    "MUR": 0.3392093808,
    "MXN": 0.8303155938000001,
    "MDL": 0.8959086,
    "MNT": null,
    "MAD": 1.596248856,
    "MZN": 0.2450573892,
    "MMK": 0.004821677982,
    "NAD": 0.8628099058,
    "NPR": 0.1166124875,
    "ANG": 8.695255716,
    "TWD": 0.4854609709,
    "NZD": 9.413695800000001,
    "NIO": 0.4250814292,
    "NGN": null,
    "KPW": null,
    "NOK": 1.4632625700000002,
    "OMR": 40.68081198,
    "PKR": 0.056189450249999995,
    "PAB": 15.66826848,
    "PGK": 3.9758805990000003,
    "PYG": 0.002069671014,
    "PEN": 4.181017203000001,
    "PHP": 0.27499508100000003,
    "PLN": 4.021184196,
    "QAR": 4.301313408,
    "RON": 3.4677519660000002,
    "RUB": 0.17496401220000002,
    "RWF": 0.011877132969999999,
    "SHP": 20.119185,
    "WST": null,
    "STN": null,
    "SAR": 4.172524002,
    "RSD": 0.1474581148,
    "SCR": 1.107966924,
    "SLL": 0.0007698699750000001,
    "SGD": 11.90222796,
    "SBD": 1.8400500000000002,
    "SOS": 0.027425567839999998,
    "ZAR": null,
    "KRW": 0.011535747939999999,
    "SSP": null,
    "LKR": 0.052344317339999995,
    "SDG": 0.026034911289999997,
    "SRD": 0.5454925317,
    "SZL": 0.8628099058,
    "SEK": 1.4981251750000002,
    "CHF": 18.11805624,
    "SYP": null,
    "TJS": 1.473375015,
    "TZS": 0.0058017951,
    "THB": 0.4467902922,
    "TOP": 6.606954,
    "TTD": 2.305729854,
    "TND": 5.079502656000001,
    "TRY": 0.46612365840000003,
    "TMT": 4.4825184,
    "UGX": 0.004204429686,
    "UAH": 0.3796394292,
    "AED": 4.26354462,
    "GBP": 20.10772188,
    "USD": 15.660000000000002,
    "UYU": 0.38750670000000004,
    "UZS": 0.001238434158,
    "VUV": null,
    "VES": 0.42778375020000003,
    "VND": 0.000625524606,
    "XOF": 0.026078267569999997,
    "YER": 0.0625465098,
    "ZMW": 0.5971540104,
    "ZWL": null,
    "AFN": 0.22056338169329578,
    "ALL": 0.17214466418339186,
    "DZD": 0.11656122143821361,
    "AOA": 0.017834548802301686,
    "ARS": 0.016646461061832533,
    "AMD": 0.040317182694620195,
    "AWG": 8.70000005568,
    "AUD": 10.342060752226619,
    "AZN": 9.211764764837646,
    "BSD": 15.66078157511203,
    "BHD": 41.54562485619164,
    "BDT": 0.13325629628714167,
    "BBD": 7.756149874503943,
    "BYN": 4.7859933913797175,
    "BZD": 7.769136636697926,
    "BMD": 15.660000100224003,
    "BTN": 0.1865556303424534,
    "BOB": 2.266371618805508,
    "BAM": 8.825384255752244,
    "BWP": 1.1666568651740123,
    "BRL": 2.8590729192452824,
    "BND": 11.908853998236086,
    "BGN": 8.840939366605486,
    "BIF": 0.005441278702932882,
    "CVE": 0.15489614342456973,
    "KHR": 0.003817184667940037,
    "XAF": 0.026313746737524978,
    "CAD": 11.420362010323192,
    "KYD": 18.79225569534178,
    "CLP": 0.01677270109158535,
    "CNY": 2.1936767341407197,
    "COP": 0.0038988684581536277,
    "KMF": 0.034881390135463826,
    "CDF": 0.00545454549123967,
    "CRC": 0.029770069185658648,
    "HRK": null,
    "CUP": 0.6525040825206618,
    "CZK": 0.6863694781728198,
    "DKK": 2.3126236023456035,
    "DJF": 0.08794358640549925,
    "DOP": 0.2620920518865941,
    "EGP": 0.31902085659304424,
    "ERN": null,
    "ETB": 0.14229300820010843,
    "EUR": 17.256008311553813,
    "FJD": 6.9918518168516774,
    "GMD": 0.22695652319165216,
    "GEL": 5.8107607050923935,
    "GHS": 1
  }
}