{
  "meta": {
    "code": "GHS",
    "createdAt": "2024-08-01T10:35:00Z"
  },
  "data": {
    "GIP": null,
    "GTQ": 2.007570932,
    "GNF": 0.0018049095009999999,
    "GYD": null,
    "HTG": 0.11781945440000001,
    "HNL": 0.6271904186,
    "HKD": 1.9907897280000002,
    "HUF": 0.04239208589,
    "ISK": 0.11210779600000001,
    "INR": 0.18577463330000002,
    "IDR": 0.0009563248112,
    "IRR": 0.0003695124026,
    "IQD": 0.01187621486,
    "ILS": 4.1022575660000005,
    "JMD": 0.09945277992,
    "JPY": 0.10361996700000001,
    "JOD": 21.95669465,
    "KZT": null,
    "KES": 0.1201414668,
    "KWD": 50.90935904,
    "KGS": 0.1851519583,
    "LAK": 0.0007008252245,
    "LBP": 0.0001733212406,
    "LSL": 0.8529780638000001,
    "LRD": 0.07755988838,
    "LYD": 3.2178531120000002,
    "MOP": 1.9334744330000002,
    "MKD": 0.2734573886,
    "MGA": 0.0034081752399999997,
    "MWK": 0.008964747858,
    "MYR": 3.405191932,
    "MVR": 1.0129544510000001,
    "MRU": 0.3909125606,
    "MUR": 0.3336649753,
    "MXN": 0.8341437684,
    "MDL": 0.8802897456000001,
    "MNT": null,
    "MAD": 1.5691079140000002,
    "MZN": null,
    "MMK": 0.004790370943,
    "NAD": 0.8534459648,
    "NPR": 0.1162788074,
    "ANG": 8.641355419,
    "TWD": 0.4745880371,
    "NZD": 9.245142702,
    "NIO": 0.42186333330000003,
    "NGN": 0.009366444388,
    "KPW": null,
    "NOK": 1.4264956850000001,
    "OMR": 40.421168800000004,
    "PKR": 0.055764586399999996,
    "PAB": 15.558926770000001,
    "PGK": 3.9588599540000002,
    "PYG": 0.0020541463189999998,
    "PEN": 4.169785343,
    "PHP": 0.2667498857,
    "PLN": 3.906816751,
    "QAR": 4.258127195,
    "RON": 3.372861743,
    "RUB": 0.18143646030000002,
    "RWF": 0.011808971489999999,
    "SHP": 19.952767480000002,
    "WST": null,
    "STN": null,
    "SAR": 4.146533278000001,
    "RSD": 0.1433933325,
    "SCR": 1.147641115,
    "SLL": 0.0007698699750000001,
    "SGD": null,
    "SBD": 1.84366092,
    "SOS": 0.027247494289999997,
    "ZAR": 0.8540034349000001,
    "KRW": 0.011380201619999999,
    "SSP": null,
    "LKR": 0.05145477151,
    "SDG": 0.025865867249999997,
    "SRD": 0.5368362531,
    "SZL": 0.8539143791,
    "SEK": 1.4546095700000001,
    "CHF": 17.73464891,
    "SYP": null,
    "TJS": 1.467199673,
    "TZS": 0.005762340734,
    "THB": 0.43678614260000004,
    "TOP": null,
    "TTD": 2.295502537,
    "TND": 4.996590874000001,
    "TRY": 0.4696581812,
    "TMT": 4.453413516,
    "UGX": 0.00417739865,
    "UAH": 0.37953183620000003,
    "AED": 4.2358500150000005,
    "GBP": 19.88415529,
    "USD": 15.558320000000002,
    "UYU": 0.3861575024,
    "UZS": 0.001239952782,
    "VUV": null,
    "VES": 0.4251886597,
    "VND": 0.0006167817625,
    "XOF": 0.025758807329999998,
    "YER": 0.062146573479999995,
    "ZMW": 0.596890746,
    "ZWL": null,
    "AFN": 0.2206848469822856,
    "ALL": 0.16774427723510557,
    "DZD": 0.1154800575424424,
    "AOA": 0.01757005275394459,
    "ARS": 0.016715777422931875,
    "AMD": 0.040042697319930216,
    "AWG": 8.64348984013952,
    "AUD": 10.15520492976478,
    "AZN": 9.151930418971256,
    "BSD": 15.56381153640661,
    "BHD": 41.278057030231686,
    "BDT": 0.13234321605006633,
    "BBD": 7.708259555975236,
    "BYN": 4.756474829129516,
    "BZD": 7.72131975539872,
    "BMD": 15.558281712251135,
    "BTN": 0.18586187208722743,
    "BOB": 2.250328975649208,
    "BAM": 8.613338371355338,
    "BWP": 1.1501658323359119,
    "BRL": 2.7496874829630222,
    "BND": 11.626171124505042,
    "BGN": 8.59623917940012,
    "BIF": 0.0054068746198298046,
    "CVE": 0.1527770663098333,
    "KHR": 0.0037877740028413828,
    "XAF": 0.025703324958032556,
    "CAD": 11.251858073332569,
    "KYD": 18.675539225609278,
    "CLP": 0.016493460949363072,
    "CNY": 2.1469767497294403,
    "COP": 0.0038382340487800324,
    "KMF": null,
    "CDF": 0.005430464822504562,
    "CRC": 0.029673137394762513,
    "HRK": null,
    "CUP": 0.6484722213001307,
    "CZK": 0.6585516069761954,
    "DKK": 2.24934676647451,
    "DJF": 0.08739969397136996,
    "DOP": 0.26181374359729875,
    "EGP": 0.31935190091633864,
    "ERN": null,
    "ETB": 0.26877744265229486,
    "EUR": 16.784742876453283,
    "FJD": null,
    "GMD": null,
    "GEL": 5.730490503391883,
    "GHS": 1
  }
}