{
  "meta": {
    "code": "GHS",
    "createdAt": "2024-08-12T11:04:16Z"
  },
  "data": {
    "GIP": null,
    "GTQ": null,
    "GNF": 0.001805766305,
    "GYD": 0.07453988116,
    "HTG": 0.11807175580000001,
    "HNL": 0.6287888145,
    "HKD": 1.9974388930000002,
    "HUF": 0.04326196456,
    "ISK": 0.11260099800000001,
    "INR": 0.1854294381,
    "IDR": 0.000975015905,
    "IRR": 0.0003698839398,
    "IQD": 0.011887379469999999,
    "ILS": 4.122144686,
    "JMD": 0.09907817300999999,
    "JPY": 0.105597803,
    "JOD": 21.96605004,
    "KZT": 0.03253630851,
    "KES": 0.1206925568,
    "KWD": 50.82772964,
    "KGS": 0.1823107592,
    "LAK": 0.0007027065915,
    "LBP": 0.0001738176686,
    "LSL": 0.8502039795,
    "LRD": 0.07962357895,
    "LYD": 3.2395546110000004,
    "MOP": 1.9394306460000001,
    "MKD": 0.2764233559,
    "MGA": 0.0034108733999999997,
    "MWK": 0.008976731846,
    "MYR": 3.4940183470000004,
    "MVR": 1.0104358420000001,
    "MRU": 0.3931348652,
    "MUR": 0.335702061,
    "MXN": 0.8272146035,
    "MDL": 0.8836378917000001,
    "MNT": null,
    "MAD": 1.588259512,
    "MZN": 0.24363868530000002,
    "MMK": 0.004793763976,
    "NAD": 0.8502039795,
    "NPR": 0.1159526129,
    "ANG": 8.642479913,
    "TWD": 0.4799871828,
    "NZD": 9.384886765000001,
    "NIO": 0.4229403426,
    "NGN": 0.009980346137,
    "KPW": null,
    "NOK": 1.446430609,
    "OMR": 40.44600031,
    "PKR": 0.055891377219999996,
    "PAB": 15.5777163,
    "PGK": 3.955028061,
    "PYG": 0.0020573901939999997,
    "PEN": 4.178747021,
    "PHP": 0.2717471046,
    "PLN": 3.951264951,
    "QAR": 4.27056736,
    "RON": 3.418380936,
    "RUB": 0.1715770849,
    "RWF": 0.01170615391,
    "SHP": 19.88126871,
    "WST": null,
    "STN": null,
    "SAR": 4.147711566,
    "RSD": 0.1454154356,
    "SCR": 1.1482875570000002,
    "SLL": null,
    "SGD": 11.75465864,
    "SBD": 1.8356251860000001,
    "SOS": 0.02735020806,
    "ZAR": 0.8541958026,
    "KRW": 0.01135913356,
    "SSP": null,
    "LKR": 0.051911885059999996,
    "SDG": 0.025884188109999998,
    "SRD": 0.5407992344,
    "SZL": 0.8504870301,
    "SEK": 1.477812015,
    "CHF": 17.9274878,
    "SYP": null,
    "TJS": 1.4769216040000002,
    "TZS": 0.00574514391,
    "THB": 0.4413517099,
    "TOP": 6.562476810000001,
    "TTD": 2.291554624,
    "TND": 5.039725451000001,
    "TRY": 0.46411782160000004,
    "TMT": 4.456567881000001,
    "UGX": 0.004180249463,
    "UAH": 0.3784982843,
    "AED": 4.2388275470000005,
    "GBP": 19.8672563,
    "USD": 15.56934,
    "UYU": 0.38627532540000004,
    "UZS": 0.001230648898,
    "VUV": null,
    "VES": 0.4251628659,
    "VND": 0.0006195523035,
    "XOF": 0.02591432568,
    "YER": 0.06217812102,
    "ZMW": 0.5959868619,
    "ZWL": null,
    "AFN": 0.2198545099720902,
    "ALL": 0.16990188810060247,
    "DZD": 0.11581938608518398,
    "AOA": 0.017503473969614693,
    "ARS": 0.016620637301975986,
    "AMD": 0.0400673945596712,
    "AWG": 8.649633386499861,
    "AUD": 10.274500703631098,
    "AZN": 9.158417954367707,
    "BSD": 15.569411716818768,
    "BHD": 41.31445359920359,
    "BDT": 0.13247108695892013,
    "BBD": 7.709155024703552,
    "BYN": 4.756339566026908,
    "BZD": 7.722109379552666,
    "BMD": 15.569340095699754,
    "BTN": 0.18549543075875993,
    "BOB": 2.252691162742443,
    "BAM": 8.691419807681251,
    "BWP": 1.1497584274818742,
    "BRL": 2.8266722086175853,
    "BND": 11.756798463030163,
    "BGN": 8.697234321841185,
    "BIF": 0.0054000021165848296,
    "CVE": 0.15417050472724955,
    "KHR": 0.0037965694084927774,
    "XAF": 0.0259150378485098,
    "CAD": 11.347976678085443,
    "KYD": 18.684834444407084,
    "CLP": 0.01669935593980789,
    "CNY": 2.1687599110443823,
    "COP": 0.0038244437542657773,
    "KMF": 0.03451799157509231,
    "CDF": 0.00543242850713578,
    "CRC": 0.029398594999986916,
    "HRK": null,
    "CUP": 0.6485695500879386,
    "CZK": 0.6762238597459348,
    "DKK": 2.279514286129079,
    "DJF": 0.08741433004476486,
    "DOP": 0.260567316035395,
    "EGP": 0.3158068751749179,
    "ERN": null,
    "ETB": 0.1458360506326615,
    "EUR": 17.011549707240622,
    "FJD": 6.946708545603067,
    "GMD": 0.22401928195251442,
    "GEL": 5.787858772305581,
    "GHS": 1
  }
}