{
  "meta": {
    "code": "GHS",
    "createdAt": "2024-08-13T12:43:25Z"
  },
  "data": {
    "GIP": null,
    "GTQ": null,
    "GNF": 0.001813179618,
    "GYD": 0.07486402975999999,
    "HTG": 0.1187331073,
    "HNL": 0.6312223932000001,
    "HKD": 2.005987186,
    "HUF": 0.04346037068,
    "ISK": 0.11306613580000001,
    "INR": null,
    "IDR": 0.0009867857944,
    "IRR": 0.0003711136376,
    "IQD": 0.011936894989999999,
    "ILS": 4.189146826,
    "JMD": 0.09955707417,
    "JPY": 0.1060940868,
    "JOD": 22.04562215,
    "KZT": 0.03255268224,
    "KES": 0.12024688210000001,
    "KWD": 51.04224537,
    "KGS": 0.1823887781,
    "LAK": 0.0007057756114,
    "LBP": 0.00017453326550000001,
    "LSL": 0.8592453794,
    "LRD": 0.07994848618,
    "LYD": 3.2502773630000004,
    "MOP": 1.949209497,
    "MKD": 0.277607053,
    "MGA": 0.003421101078,
    "MWK": 0.009013817499,
    "MYR": 3.5066754430000002,
    "MVR": 1.014754775,
    "MRU": null,
    "MUR": 0.3372819104,
    "MXN": 0.8235429855,
    "MDL": 0.8887872472,
    "MNT": null,
    "MAD": 1.592805119,
    "MZN": 0.2445595505,
    "MMK": null,
    "NAD": 0.8592453794,
    "NPR": 0.11634599420000001,
    "ANG": 8.678257857,
    "TWD": 0.48227612070000003,
    "NZD": 9.457557263,
    "NIO": 0.4246633923,
    "NGN": 0.009827509315,
    "KPW": null,
    "NOK": 1.4504515020000002,
    "OMR": 40.596953830000004,
    "PKR": 0.05608385913,
    "PAB": 15.63850622,
    "PGK": 3.9700270740000003,
    "PYG": 0.002067479161,
    "PEN": 4.174614887000001,
    "PHP": 0.2738526565,
    "PLN": null,
    "QAR": 4.284569626000001,
    "RON": 3.4368002590000004,
    "RUB": null,
    "RWF": 0.01185835689,
    "SHP": 19.94391324,
    "WST": null,
    "STN": null,
    "SAR": 4.162103357,
    "RSD": 0.1461503901,
    "SCR": 1.1836879310000001,
    "SLL": null,
    "SGD": 11.82724292,
    "SBD": 1.8407121720000001,
    "SOS": 0.027460144199999998,
    "ZAR": 0.8620955144,
    "KRW": 0.011415024959999999,
    "SSP": null,
    "LKR": 0.052244146039999995,
    "SDG": 0.02597795369,
    "SRD": 0.5421650819,
    "SZL": 0.8594083559,
    "SEK": 1.4854861300000002,
    "CHF": 18.03769797,
    "SYP": null,
    "TJS": 1.4733208660000001,
    "TZS": 0.0057691607139999995,
    "THB": 0.44570517000000004,
    "TOP": 6.592499706000001,
    "TTD": 2.303748162,
    "TND": 5.068021728000001,
    "TRY": 0.4657892462,
    "TMT": 4.4599221490000005,
    "UGX": 0.004191231299,
    "UAH": 0.3780047764,
    "AED": 4.2542170950000004,
    "GBP": 20.01711984,
    "USD": 15.62574,
    "UYU": 0.3886285608,
    "UZS": 0.001237461728,
    "VUV": null,
    "VES": 0.4271231963,
    "VND": 0.0006219200777000001,
    "XOF": 0.02602762,
    "YER": 0.062403424029999995,
    "ZMW": 0.5982775518,
    "ZWL": null,
    "AFN": 0.22029631973373598,
    "ALL": 0.17090054731231824,
    "DZD": 0.11619356396405842,
    "AOA": 0.017746405999897737,
    "ARS": 0.01664515462972637,
    "AMD": 0.04020819948836264,
    "AWG": 8.680950267513031,
    "AUD": 10.3231241886858,
    "AZN": 9.19159440089615,
    "BSD": 15.630288593623794,
    "BHD": 41.46137603592808,
    "BDT": 0.13301941170738138,
    "BBD": 7.741083784861719,
    "BYN": 4.776224709187463,
    "BZD": 7.754094716815956,
    "BMD": 15.625710481523459,
    "BTN": 0.18612820646623307,
    "BOB": 2.2619187904328104,
    "BAM": 8.729481335570593,
    "BWP": 1.1574103099084705,
    "BRL": 2.8511520839969977,
    "BND": 11.814379757557026,
    "BGN": 8.74381343284707,
    "BIF": 0.005422030064705596,
    "CVE": 0.15483709383347027,
    "KHR": 0.0038203092542175043,
    "XAF": 0.026027563949707053,
    "CAD": 11.38431366278763,
    "KYD": 18.75531634563291,
    "CLP": 0.0167422512172699,
    "CNY": 2.1814173310740137,
    "COP": 0.0038499773282342597,
    "KMF": 0.03465833533335611,
    "CDF": 0.005454000169558321,
    "CRC": 0.029522601068431964,
    "HRK": null,
    "CUP": 0.6512669219172772,
    "CZK": 0.6788179542575453,
    "DKK": 2.2915731846598417,
    "DJF": 0.0877737953782787,
    "DOP": 0.2619758245874492,
    "EGP": 0.3166342545753459,
    "ERN": null,
    "ETB": 0.1507766742759,
    "EUR": 17.101389371425967,
    "FJD": 6.981373642064532,
    "GMD": 0.2264595721959921,
    "GEL": 5.83048898564308,
    "GHS": 1
  }
}