{
  "meta": {
    "code": "GHS",
    "createdAt": "2024-08-08T17:04:01Z"
  },
  "data": {
    "GIP": null,
    "GTQ": 2.0078082250000002,
    "GNF": 0.001803944304,
    "GYD": 0.07445549925,
    "HTG": 0.1181356514,
    "HNL": 0.623308999,
    "HKD": 1.995228275,
    "HUF": 0.042809958599999996,
    "ISK": 0.1122824743,
    "INR": 0.1851009644,
    "IDR": 0.00097366325,
    "IRR": 0.00036942447550000003,
    "IQD": 0.01187022887,
    "ILS": 4.104234345,
    "JMD": 0.09924950775,
    "JPY": 0.10560938,
    "JOD": 21.93876415,
    "KZT": 0.0325832523,
    "KES": 0.1200772197,
    "KWD": 50.7852115,
    "KGS": 0.1826109585,
    "LAK": 0.0007013982844000001,
    "LBP": 0.00017364599470000002,
    "LSL": 0.8419057830000001,
    "LRD": 0.0795515919,
    "LYD": 3.2362121970000004,
    "MOP": 1.9385563000000001,
    "MKD": 0.2756845505,
    "MGA": 0.003402625809,
    "MWK": 0.00897029118,
    "MYR": 3.47563959,
    "MVR": 1.009180694,
    "MRU": 0.39070351540000003,
    "MUR": 0.3360981665,
    "MXN": 0.8146645,
    "MDL": 0.8851060000000001,
    "MNT": null,
    "MAD": 1.580887018,
    "MZN": 0.24339202100000001,
    "MMK": 0.004787809235,
    "NAD": 0.8419057830000001,
    "NPR": 0.11578469350000001,
    "ANG": 8.634633545,
    "TWD": 0.478925694,
    "NZD": 9.3261125,
    "NIO": 0.42192374800000004,
    "NGN": 0.009725132031,
    "KPW": null,
    "NOK": 1.4323163620000001,
    "OMR": 40.39462375,
    "PKR": 0.05568486877,
    "PAB": 15.56049625,
    "PGK": 3.954730269,
    "PYG": 0.00205549541,
    "PEN": 4.1795456380000005,
    "PHP": 0.27073622950000004,
    "PLN": 3.92196502,
    "QAR": 4.271099840000001,
    "RON": 3.408147925,
    "RUB": 0.179261333,
    "RWF": 0.01179370483,
    "SHP": 19.7539425,
    "WST": null,
    "STN": null,
    "SAR": 4.143532927,
    "RSD": 0.1449775295,
    "SCR": 1.107367903,
    "SLL": 0.0007698699750000001,
    "SGD": 11.726116600000001,
    "SBD": null,
    "SOS": 0.02723292337,
    "ZAR": 0.844948125,
    "KRW": 0.011295331839999999,
    "SSP": null,
    "LKR": 0.051671095,
    "SDG": 0.025852035159999998,
    "SRD": 0.5383323697,
    "SZL": 0.8419057830000001,
    "SEK": 1.4761226250000001,
    "CHF": null,
    "SYP": null,
    "TJS": 1.4770884350000002,
    "TZS": 0.0057705952029999995,
    "THB": 0.4408302155,
    "TOP": 6.54344,
    "TTD": 2.2935628,
    "TND": 5.035623365,
    "TRY": 0.46420957830000004,
    "TMT": 4.4510320000000005,
    "UGX": 0.004169989075,
    "UAH": 0.3787723425,
    "AED": 4.23359635,
    "GBP": 19.81357675,
    "USD": 15.55,
    "UYU": 0.384707,
    "UZS": 0.0012304648749999999,
    "VUV": null,
    "VES": 0.424481412,
    "VND": null,
    "XOF": 0.02589508689,
    "YER": null,
    "ZMW": 0.5964263145,
    "ZWL": null,
    "AFN": 0.21901408679573944,
    "ALL": 0.1690768746764827,
    "DZD": 0.11546203871224305,
    "AOA": 0.01764038589099145,
    "ARS": 0.016600022999763465,
    "AMD": 0.04002677073682562,
    "AWG": 8.638888979165278,
    "AUD": 10.228076340722042,
    "AZN": 9.147058919116176,
    "BSD": 15.552063923322374,
    "BHD": 41.25704829740269,
    "BDT": 0.13235664765310304,
    "BBD": 7.761824388693711,
    "BYN": 4.75275733807221,
    "BZD": 7.715299099644423,
    "BMD": 15.550000162497504,
    "BTN": 0.18523104818690397,
    "BOB": 2.2507539902075724,
    "BAM": 8.687306233489453,
    "BWP": 1.1454154774151843,
    "BRL": 2.781889019511406,
    "BND": 11.738125933274992,
    "BGN": 8.67505432106477,
    "BIF": 0.005395558697439744,
    "CVE": 0.15339087707415006,
    "KHR": 0.003778857876884306,
    "XAF": 0.02590252416191857,
    "CAD": 11.315304158025812,
    "KYD": 18.661281855255766,
    "CLP": 0.016626037297885102,
    "CNY": 2.167035991504614,
    "COP": 0.003792377727235302,
    "KMF": 0.03449805915230135,
    "CDF": 0.005427574229662626,
    "CRC": 0.02942100255455504,
    "HRK": null,
    "CUP": 0.6479779614764051,
    "CZK": 0.6713003008822994,
    "DKK": 2.273292131056166,
    "DJF": 0.08749718755602608,
    "DOP": 0.26134454058032697,
    "EGP": 0.3157302742245586,
    "ERN": null,
    "ETB": 0.1935788605807418,
    "EUR": 16.965240527565555,
    "FJD": 6.924190211955991,
    "GMD": 0.22374100955736817,
    "GEL": 5.7486137386116285,
    "GHS": 1
  }
}