{
  "meta": {
    "code": "GHS",
    "createdAt": "2024-08-15T10:05:27Z"
  },
  "data": {
    "GIP": null,
    "GTQ": 2.021335328,
    "GNF": 0.0018153991639999999,
    "GYD": 0.0749070348,
    "HTG": 0.1187879173,
    "HNL": 0.6319366013000001,
    "HKD": 2.010638078,
    "HUF": 0.04372690534,
    "ISK": null,
    "INR": 0.18663536690000002,
    "IDR": 0.0009967289655,
    "IRR": 0.00037208739360000004,
    "IQD": 0.011950954299999999,
    "ILS": 4.215802233000001,
    "JMD": 0.09974258221,
    "JPY": 0.1063121476,
    "JOD": 22.10970249,
    "KZT": 0.03260450694,
    "KES": null,
    "KWD": 51.21404039,
    "KGS": 0.1828095177,
    "LAK": 0.0007073329442000001,
    "LBP": 0.0001747295845,
    "LSL": 0.8671285222,
    "LRD": 0.08017015681999999,
    "LYD": 3.2557882730000003,
    "MOP": 1.9515321680000002,
    "MKD": 0.280451566,
    "MGA": 0.00344043177,
    "MWK": 0.009025055878,
    "MYR": 3.532524001,
    "MVR": 1.017417365,
    "MRU": 0.39528396050000003,
    "MUR": 0.3393553751,
    "MXN": 0.8335802351,
    "MDL": 0.8926908452000001,
    "MNT": null,
    "MAD": 1.599782521,
    "MZN": 0.24520124440000002,
    "MMK": 0.004823753212,
    "NAD": 0.8661902530000001,
    "NPR": 0.1165309041,
    "ANG": null,
    "TWD": 0.48481322260000004,
    "NZD": 9.415334424000001,
    "NIO": 0.42521553360000003,
    "NGN": 0.009853295478,
    "KPW": null,
    "NOK": 1.468960542,
    "OMR": 40.69836783,
    "PKR": 0.056107519249999994,
    "PAB": 15.65766739,
    "PGK": 3.972936429,
    "PYG": 0.002068185147,
    "PEN": 4.178587459,
    "PHP": 0.27523657830000003,
    "PLN": 4.032697209,
    "QAR": 4.289011969000001,
    "RON": 3.467135729,
    "RUB": 0.1755376749,
    "RWF": 0.011864130799999999,
    "SHP": 20.09964408,
    "WST": null,
    "STN": null,
    "SAR": 4.1751274590000005,
    "RSD": 0.1474375437,
    "SCR": 1.172747296,
    "SLL": 0.0007698699750000001,
    "SGD": 11.891038420000001,
    "SBD": 1.8408419500000002,
    "SOS": 0.02749396936,
    "ZAR": null,
    "KRW": 0.011537144,
    "SSP": null,
    "LKR": 0.052306983499999994,
    "SDG": 0.02604611661,
    "SRD": 0.5457273094,
    "SZL": 0.8670697719,
    "SEK": 1.497398339,
    "CHF": 18.079010620000002,
    "SYP": null,
    "TJS": 1.4723575610000001,
    "TZS": 0.00578108487,
    "THB": 0.4479988903,
    "TOP": 6.61136428,
    "TTD": null,
    "TND": 5.092465063000001,
    "TRY": 0.4655957727,
    "TMT": 4.47162443,
    "UGX": 0.004201431132,
    "UAH": 0.3793669757,
    "AED": 4.265414099,
    "GBP": 20.14233594,
    "USD": 15.66674,
    "UYU": 0.3876734813,
    "UZS": null,
    "VUV": null,
    "VES": 0.4284342654,
    "VND": 0.0006255431613,
    "XOF": null,
    "YER": 0.06257336689,
    "ZMW": 0.5967362565000001,
    "ZWL": null,
    "AFN": 0.22062640461924599,
    "ALL": 0.17257201423725813,
    "DZD": 0.11666236203161119,
    "AOA": 0.017792964520588008,
    "ARS": 0.016662428669577917,
    "AMD": 0.040272360264923604,
    "AWG": 8.703725143879975,
    "AUD": 10.38190191103598,
    "AZN": 9.215708975872914,
    "BSD": 15.649225076218922,
    "BHD": 41.56545352305548,
    "BDT": 0.1331658161874902,
    "BBD": 7.750426939630875,
    "BYN": 4.782634457832533,
    "BZD": 7.763681359011554,
    "BMD": 15.666705258983955,
    "BTN": 0.18645518962813862,
    "BOB": 2.2648325703124104,
    "BAM": 8.81939146482877,
    "BWP": 1.1658379509476626,
    "BRL": 2.8643761336133755,
    "BND": 11.90022465510669,
    "BGN": 8.821343057454992,
    "BIF": 0.005443608499789886,
    "CVE": 0.15642912391009106,
    "KHR": 0.0038253134838566417,
    "XAF": 0.02629527743425284,
    "CAD": 11.43317285075656,
    "KYD": 18.77898155293582,
    "CLP": 0.016771260476094063,
    "CNY": 2.190106139797166,
    "COP": 0.0039005863973084385,
    "KMF": 0.03505247849569703,
    "CDF": 0.005456880968843154,
    "CRC": 0.02974917756792158,
    "HRK": null,
    "CUP": null,
    "CZK": null,
    "DKK": 2.312360559354294,
    "DJF": 0.08788184481413962,
    "DOP": 0.26233568148454045,
    "EGP": 0.32016580316311366,
    "ERN": null,
    "ETB": 0.14193067452350674,
    "EUR": 17.25408068170039,
    "FJD": 6.999689601564494,
    "GMD": 0.22381007512834222,
    "GEL": 5.824053999622287,
    "GHS": 1
  }
}