{
  "meta": {
    "code": "GHS",
    "createdAt": "2024-08-09T15:05:02Z"
  },
  "data": {
    "GIP": null,
    "GTQ": 2.009629001,
    "GNF": 0.00180580921,
    "GYD": 0.07453990274,
    "HTG": 0.1180679932,
    "HNL": 0.6287687617000001,
    "HKD": 1.997160473,
    "HUF": 0.043140095909999995,
    "ISK": null,
    "INR": 0.1855116431,
    "IDR": 0.0009765103495,
    "IRR": 0.0003698843299,
    "IQD": 0.01188738065,
    "ILS": 4.180429073,
    "JMD": 0.09907502623999999,
    "JPY": 0.1061499115,
    "JOD": 21.9725964,
    "KZT": 0.032536318019999996,
    "KES": 0.1204950095,
    "KWD": 50.87678195,
    "KGS": 0.1823650917,
    "LAK": 0.0007027166663,
    "LBP": 0.0001738211907,
    "LSL": 0.8502196998,
    "LRD": 0.07962434154999999,
    "LYD": 3.239585629,
    "MOP": 1.9394760080000002,
    "MKD": 0.2767013452,
    "MGA": 0.003410858917,
    "MWK": 0.008976694119,
    "MYR": 3.5215338480000002,
    "MVR": 1.011393417,
    "MRU": 0.393122281,
    "MUR": 0.3354403239,
    "MXN": 0.8282709783000001,
    "MDL": 0.8846634254,
    "MNT": null,
    "MAD": 1.5882453820000002,
    "MZN": 0.24374945110000001,
    "MMK": 0.004795192621,
    "NAD": 0.8502002323000001,
    "NPR": 0.1159494647,
    "ANG": 8.64240331,
    "TWD": 0.4808416488,
    "NZD": 9.370863766000001,
    "NIO": 0.4229366567,
    "NGN": 0.009758316199,
    "KPW": null,
    "NOK": 1.4417222630000002,
    "OMR": 40.45025153,
    "PKR": 0.05589241336,
    "PAB": null,
    "PGK": 3.9549561540000004,
    "PYG": 0.002057380381,
    "PEN": 4.178786952,
    "PHP": 0.2718922559,
    "PLN": 3.9365072170000004,
    "QAR": 4.270529219,
    "RON": 3.4174482680000002,
    "RUB": 0.1758579558,
    "RWF": 0.01182177837,
    "SHP": 19.85760319,
    "WST": null,
    "STN": null,
    "SAR": 4.149094692,
    "RSD": 0.14539766340000002,
    "SCR": 1.170784692,
    "SLL": 0.0007698699750000001,
    "SGD": 11.76793289,
    "SBD": 1.83772964,
    "SOS": 0.027349466269999997,
    "ZAR": 0.8497161463,
    "KRW": 0.01141051223,
    "SSP": null,
    "LKR": 0.05191285655,
    "SDG": 0.025891902159999997,
    "SRD": 0.5409604042,
    "SZL": 0.8505028347,
    "SEK": 1.4826010010000001,
    "CHF": 18.00472007,
    "SYP": null,
    "TJS": 1.476935499,
    "TZS": 0.005766962251,
    "THB": 0.44156453840000004,
    "TOP": 6.56443257,
    "TTD": 2.2915974660000002,
    "TND": 5.039610819,
    "TRY": 0.4644082966,
    "TMT": 4.445148732000001,
    "UGX": 0.004180155905,
    "UAH": 0.37849319000000003,
    "AED": 4.2401250720000006,
    "GBP": 19.870140250000002,
    "USD": 15.57398,
    "UYU": 0.38639044380000004,
    "UZS": 0.001230648112,
    "VUV": null,
    "VES": 0.4250797921,
    "VND": 0.0006203536731,
    "XOF": 0.02591481,
    "YER": 0.06220907948,
    "ZMW": 0.5959978373,
    "ZWL": null,
    "AFN": 0.21984703902626476,
    "ALL": 0.1699046741245638,
    "DZD": 0.1157260333013298,
    "AOA": 0.01773654597147615,
    "ARS": 0.016620996290866445,
    "AMD": 0.040116291432348995,
    "AWG": 8.652192586732173,
    "AUD": 10.247810904163908,
    "AZN": 9.161145091834067,
    "BSD": 15.567453885099571,
    "BHD": 41.31689952112383,
    "BDT": 0.1324792838328467,
    "BBD": 7.709279213870489,
    "BYN": 4.7564187470262835,
    "BZD": 7.72223780891572,
    "BMD": 15.573946656117915,
    "BTN": 0.18549338453898492,
    "BOB": 2.252711704473832,
    "BAM": 8.691366513988966,
    "BWP": null,
    "BRL": 2.8337906506574555,
    "BND": 11.756450751595304,
    "BGN": 8.697467743834014,
    "BIF": 0.005399942324620016,
    "CVE": 0.1541716946135406,
    "KHR": 0.0037966150824916205,
    "XAF": null,
    "CAD": 11.34412098593425,
    "KYD": 18.684286138327458,
    "CLP": 0.01668911320126618,
    "CNY": 2.1733413328116304,
    "COP": 0.003800321776969171,
    "KMF": 0.03451290117699261,
    "CDF": 0.005435932515224403,
    "CRC": 0.029398272749052413,
    "HRK": null,
    "CUP": 0.6485652999443615,
    "CZK": 0.6737068566078769,
    "DKK": 2.279972749419143,
    "DJF": 0.08741172872988857,
    "DOP": 0.26055846197098737,
    "EGP": 0.31621648863586654,
    "ERN": null,
    "ETB": 0.193876965725632,
    "EUR": 17.009924481943205,
    "FJD": 6.9441296005017445,
    "GMD": 0.22408556339738003,
    "GEL": 5.778829928058594,
    "GHS": 1
  }
}