{
  "meta": {
    "code": "GHS",
    "createdAt": "2024-07-25T15:03:58Z"
  },
  "data": {
    "GIP": null,
    "GTQ": 1.9983186270000002,
    "GNF": 0.00179871272,
    "GYD": 0.07422458992,
    "HTG": 0.11742996280000001,
    "HNL": 0.6261939161,
    "HKD": 1.985803871,
    "HUF": 0.04286821473,
    "ISK": 0.1125767906,
    "INR": 0.18503995550000002,
    "IDR": 0.0009502502196,
    "IRR": 0.00036830669920000003,
    "IQD": 0.01183784643,
    "ILS": 4.226701653,
    "JMD": 0.09903386779,
    "JPY": 0.10087226960000001,
    "JOD": 21.8754686,
    "KZT": 0.03264482536,
    "KES": 0.1192450947,
    "KWD": 50.701560810000004,
    "KGS": 0.1841205376,
    "LAK": 0.0006993938851,
    "LBP": 0.0001730888864,
    "LSL": 0.8386158021000001,
    "LRD": 0.07932466049999999,
    "LYD": 3.2051356930000003,
    "MOP": 1.929028967,
    "MKD": 0.2730796583,
    "MGA": 0.003412115579,
    "MWK": 0.008938766875,
    "MYR": 3.325387425,
    "MVR": 1.0100069600000001,
    "MRU": 0.391618175,
    "MUR": 0.3314109029,
    "MXN": 0.8440193553,
    "MDL": 0.8719846617,
    "MNT": null,
    "MAD": 1.577555387,
    "MZN": 0.2426377556,
    "MMK": 0.004773322648,
    "NAD": 0.8386158021000001,
    "NPR": 0.11574848180000001,
    "ANG": 8.606048763,
    "TWD": 0.4739182051,
    "NZD": 9.149608545000001,
    "NIO": 0.4211977881,
    "NGN": 0.009785671329,
    "KPW": null,
    "NOK": 1.40562147,
    "OMR": 40.27435416,
    "PKR": 0.055676147409999995,
    "PAB": 15.50767839,
    "PGK": 4.009081473,
    "PYG": 0.002044253093,
    "PEN": 4.110007848,
    "PHP": 0.2648902249,
    "PLN": 3.925467863,
    "QAR": 4.249299683,
    "RON": 3.3869248350000003,
    "RUB": 0.18238771080000002,
    "RWF": 0.011829118489999998,
    "SHP": 20.01043271,
    "WST": null,
    "STN": null,
    "SAR": 4.132271945,
    "RSD": 0.14376547350000002,
    "SCR": 1.1262826510000001,
    "SLL": 0.0007698699750000001,
    "SGD": 11.55066048,
    "SBD": 1.8293481,
    "SOS": 0.027233567169999997,
    "ZAR": 0.8456169808,
    "KRW": 0.01121431623,
    "SSP": null,
    "LKR": 0.051091956099999995,
    "SDG": 0.026455545419999997,
    "SRD": 0.535729831,
    "SZL": 0.8388190458,
    "SEK": 1.4354562770000001,
    "CHF": 17.61738184,
    "SYP": null,
    "TJS": 1.4596966900000001,
    "TZS": 0.005763741011,
    "THB": 0.4284305344,
    "TOP": 6.522091065000001,
    "TTD": 2.281313352,
    "TND": 4.9945094370000005,
    "TRY": 0.46957582880000004,
    "TMT": 4.430677997,
    "UGX": 0.004148477798,
    "UAH": 0.3760921102,
    "AED": 4.220786658000001,
    "GBP": 19.9694274,
    "USD": 15.502950000000002,
    "UYU": 0.38509327800000004,
    "UZS": 0.001227745273,
    "VUV": null,
    "VES": 0.42456905970000003,
    "VND": 0.0006128858738,
    "XOF": 0.025641920000000002,
    "YER": 0.061925402049999995,
    "ZMW": 0.5936560146000001,
    "ZWL": null,
    "AFN": 0.2183508752750956,
    "ALL": 0.16761296662317263,
    "DZD": 0.11531901770489464,
    "AOA": 0.017765611485924187,
    "ARS": 0.016700840020153998,
    "AMD": 0.039967290082359205,
    "AWG": 8.600783438482784,
    "AUD": 10.159135669628505,
    "AZN": 9.1193600850187,
    "BSD": 15.499409279538806,
    "BHD": 41.13197314140233,
    "BDT": 0.13191093809240975,
    "BBD": 7.676841018980456,
    "BYN": 4.737040408993984,
    "BZD": 7.689829780711692,
    "BMD": 15.50291214453179,
    "BTN": 0.18517212513236414,
    "BOB": 2.243259713207555,
    "BAM": 8.600043907868173,
    "BWP": 1.13771401666787,
    "BRL": 2.7473793410584064,
    "BND": 11.5489973965079,
    "BGN": 8.592226962657898,
    "BIF": 0.0053803214915768,
    "CVE": 0.15254132499743114,
    "KHR": 0.003775524667654325,
    "XAF": 0.02564186848924288,
    "CAD": 11.220131754432458,
    "KYD": 18.59997992403727,
    "CLP": 0.016356388498460758,
    "CNY": 2.143862396106351,
    "COP": 0.0038340803389636203,
    "KMF": 0.03413046870102331,
    "CDF": 0.005411138620846845,
    "CRC": 0.029313015252878282,
    "HRK": null,
    "CUP": 0.6458287364051162,
    "CZK": 0.6631127145152971,
    "DKK": 2.255566149343262,
    "DJF": 0.08704180901233867,
    "DOP": 0.26166471461431534,
    "EGP": 0.3206957199630763,
    "ERN": null,
    "ETB": 0.268121146309008,
    "EUR": 16.832055399222746,
    "FJD": 6.864403530529403,
    "GMD": 0.2287408653218945,
    "GEL": 5.6891420730061295,
    "GHS": 1
  }
}