{
  "meta": {
    "code": "GHS",
    "createdAt": "2024-07-30T08:05:16Z"
  },
  "data": {
    "GIP": null,
    "GTQ": 2.00133856,
    "GNF": 0.001798661712,
    "GYD": 0.07423353023,
    "HTG": 0.1174248226,
    "HNL": 0.6262516903,
    "HKD": 1.988035063,
    "HUF": 0.04260263698,
    "ISK": 0.1124376943,
    "INR": 0.18545854720000002,
    "IDR": 0.0009518157697,
    "IRR": 0.0003688105857,
    "IQD": 0.011837620189999998,
    "ILS": 4.158108927000001,
    "JMD": 0.09907336624999999,
    "JPY": null,
    "JOD": 21.91471267,
    "KZT": 0.0326609942,
    "KES": 0.11945207540000001,
    "KWD": 50.76750896,
    "KGS": 0.18480029820000002,
    "LAK": 0.0006989483848,
    "LBP": 0.00017309143480000001,
    "LSL": 0.8439841461,
    "LRD": 0.07932741556999999,
    "LYD": 3.211741426,
    "MOP": 1.927580008,
    "MKD": 0.2726103525,
    "MGA": 0.003409170015,
    "MWK": 0.008947721065,
    "MYR": 3.3601152520000004,
    "MVR": 1.010697293,
    "MRU": 0.3916281721,
    "MUR": 0.33303124370000003,
    "MXN": 0.8351916012,
    "MDL": 0.8744582702,
    "MNT": null,
    "MAD": 1.5714226990000002,
    "MZN": 0.243232249,
    "MMK": 0.004781272566,
    "NAD": 0.8412117948000001,
    "NPR": 0.1157098965,
    "ANG": 8.60618254,
    "TWD": 0.47249761160000003,
    "NZD": null,
    "NIO": 0.42111918530000003,
    "NGN": 0.009337359334,
    "KPW": null,
    "NOK": 1.4136082970000001,
    "OMR": 40.33748636,
    "PKR": 0.0557585985,
    "PAB": 15.50843507,
    "PGK": 3.950644871,
    "PYG": 0.002047308378,
    "PEN": 4.154854718,
    "PHP": 0.2647476704,
    "PLN": 3.9183947210000003,
    "QAR": 4.246989706,
    "RON": null,
    "RUB": 0.1799410199,
    "RWF": 0.011786542649999999,
    "SHP": 19.94903438,
    "WST": null,
    "STN": null,
    "SAR": 4.1393038970000005,
    "RSD": 0.14357486120000001,
    "SCR": null,
    "SLL": 0.0007698699750000001,
    "SGD": 11.55435989,
    "SBD": 1.844817876,
    "SOS": 0.027234543169999997,
    "ZAR": 0.8469491318,
    "KRW": 0.01121413386,
    "SSP": null,
    "LKR": 0.05121156967,
    "SDG": 0.02590286884,
    "SRD": 0.538193626,
    "SZL": 0.8442324511,
    "SEK": 1.4347536840000001,
    "CHF": 17.51446487,
    "SYP": null,
    "TJS": 1.4604017770000002,
    "TZS": 0.005742523617,
    "THB": 0.4315946762,
    "TOP": 6.511213261,
    "TTD": 2.2833239410000004,
    "TND": 4.978803801000001,
    "TRY": 0.46935707320000003,
    "TMT": 4.628556431000001,
    "UGX": 0.0041615443569999995,
    "UAH": 0.3778272418,
    "AED": 4.227828756,
    "GBP": 19.9595163,
    "USD": 15.528770000000002,
    "UYU": 0.3855793591,
    "UZS": 0.00123342096,
    "VUV": null,
    "VES": 0.4247065176,
    "VND": 0.0006142102162,
    "XOF": 0.02573118431,
    "YER": 0.062029842579999994,
    "ZMW": 0.5921815689000001,
    "ZWL": null,
    "AFN": 0.2190988254666944,
    "ALL": 0.1674618656994916,
    "DZD": 0.11528148490962578,
    "AOA": 0.017757277078733185,
    "ARS": 0.016666438211464882,
    "AMD": 0.0399523383785033,
    "AWG": 8.621090246021854,
    "AUD": 10.17458649996917,
    "AZN": 9.13455223763143,
    "BSD": 15.50015651538794,
    "BHD": 41.19722767326659,
    "BDT": 0.1319192178026752,
    "BBD": 7.676750809938088,
    "BYN": 4.73645967278982,
    "BZD": 7.689755704912297,
    "BMD": 15.528738803973432,
    "BTN": 0.18511026166965566,
    "BOB": 2.2430503926330063,
    "BAM": 8.587768990587433,
    "BWP": 1.140023492776482,
    "BRL": 2.7650888189829947,
    "BND": null,
    "BGN": 8.597892047928296,
    "BIF": 0.005382162420620875,
    "CVE": 0.15232362723783757,
    "KHR": 0.0037795040797044197,
    "XAF": 0.025605278984241406,
    "CAD": 11.212976341559568,
    "KYD": 18.60017890809005,
    "CLP": null,
    "CNY": 2.1408319737653407,
    "COP": null,
    "KMF": 0.034110354322455044,
    "CDF": 0.005415427658336718,
    "CRC": 0.0292918747167959,
    "HRK": null,
    "CUP": 0.6458494174595841,
    "CZK": 0.6610843348009573,
    "DKK": 2.252415604635572,
    "DJF": 0.08704376820578079,
    "DOP": 0.2618640773923778,
    "EGP": 0.3212246584742643,
    "ERN": null,
    "ETB": 0.2698303875945872,
    "EUR": 16.808268224875963,
    "FJD": 6.86808439061168,
    "GMD": 0.22912193001315986,
    "GEL": 5.719609137537513,
    "GHS": 1
  }
}