{
  "meta": {
    "code": "GHS",
    "createdAt": "2024-08-09T13:32:58Z"
  },
  "data": {
    "GIP": null,
    "GTQ": 2.009629001,
    "GNF": null,
    "GYD": 0.07453990274,
    "HTG": 0.1180679932,
    "HNL": 0.6287687617000001,
    "HKD": 1.9974236730000001,
    "HUF": 0.043023244339999996,
    "ISK": 0.11255315340000001,
    "INR": 0.18546772450000001,
    "IDR": 0.0009763592819000001,
    "IRR": 0.0003698843299,
    "IQD": 0.01188738065,
    "ILS": 4.175398054,
    "JMD": 0.09907502623999999,
    "JPY": 0.1061865104,
    "JOD": 21.966397960000002,
    "KZT": 0.032536318019999996,
    "KES": 0.1204950095,
    "KWD": 50.873449120000004,
    "KGS": 0.1823650917,
    "LAK": 0.0007027166663,
    "LBP": 0.0001738211907,
    "LSL": 0.8502196998,
    "LRD": 0.07962434154999999,
    "LYD": 3.239585629,
    "MOP": 1.9394760080000002,
    "MKD": 0.276357316,
    "MGA": 0.003410858917,
    "MWK": 0.008976694119,
    "MYR": 3.5215338480000002,
    "MVR": 1.011393417,
    "MRU": 0.393122281,
    "MUR": 0.3354403239,
    "MXN": 0.8255240397,
    "MDL": 0.8846634254,
    "MNT": null,
    "MAD": 1.5882453820000002,
    "MZN": 0.24374945110000001,
    "MMK": 0.004795192621,
    "NAD": 0.8502002323000001,
    "NPR": 0.1159494647,
    "ANG": 8.64240331,
    "TWD": 0.4809293303,
    "NZD": 9.365646482,
    "NIO": 0.4229366567,
    "NGN": 0.009758316199,
    "KPW": null,
    "NOK": 1.439144769,
    "OMR": 40.45163761,
    "PKR": 0.05589241336,
    "PAB": 15.57787349,
    "PGK": 3.9549561540000004,
    "PYG": 0.002057380381,
    "PEN": 4.178786952,
    "PHP": 0.2717545819,
    "PLN": 3.9320406,
    "QAR": 4.270529219,
    "RON": 3.417144887,
    "RUB": 0.1756777649,
    "RWF": 0.01182177837,
    "SHP": 19.85760319,
    "WST": null,
    "STN": null,
    "SAR": 4.149227382,
    "RSD": 0.1453610225,
    "SCR": 1.170784692,
    "SLL": 0.0007698699750000001,
    "SGD": 11.76871159,
    "SBD": null,
    "SOS": 0.027349466269999997,
    "ZAR": 0.8501475923,
    "KRW": 0.0114109726,
    "SSP": null,
    "LKR": 0.05191285655,
    "SDG": 0.025891902159999997,
    "SRD": 0.539162544,
    "SZL": null,
    "SEK": 1.48073446,
    "CHF": 18.02153997,
    "SYP": null,
    "TJS": 1.476935499,
    "TZS": 0.005766962251,
    "THB": 0.4420347169,
    "TOP": 6.56443257,
    "TTD": 2.2915974660000002,
    "TND": null,
    "TRY": 0.46436951730000003,
    "TMT": 4.445148732000001,
    "UGX": 0.004180155905,
    "UAH": 0.37849319000000003,
    "AED": 4.2401250720000006,
    "GBP": 19.83564388,
    "USD": 15.57398,
    "UYU": 0.38639044380000004,
    "UZS": 0.001230648112,
    "VUV": null,
    "VES": 0.42510003830000004,
    "VND": 0.0006203536731,
    "XOF": 0.02591481,
    "YER": 0.06220907948,
    "ZMW": 0.5959978373,
    "ZWL": null,
    "AFN": 0.21984703902626476,
    "ALL": 0.1699046741245638,
    "DZD": 0.11571485527404424,
    "AOA": 0.017687616872365603,
    "ARS": 0.016620959040386244,
    "AMD": 0.040116291432348995,
    "AWG": 8.652192586732173,
    "AUD": 10.247736729699728,
    "AZN": 9.161145091834067,
    "BSD": 15.567453885099571,
    "BHD": 41.30859263240894,
    "BDT": 0.1324792838328467,
    "BBD": 7.709279213870489,
    "BYN": 4.7564187470262835,
    "BZD": 7.72223780891572,
    "BMD": 15.573946656117915,
    "BTN": 0.18549338453898492,
    "BOB": 2.252711704473832,
    "BAM": 8.691366513988966,
    "BWP": 1.1498218971414276,
    "BRL": 2.8250007540492015,
    "BND": null,
    "BGN": 8.697467743834014,
    "BIF": 0.005399942324620016,
    "CVE": 0.1541716946135406,
    "KHR": 0.0037966150824916205,
    "XAF": 0.02591427702745725,
    "CAD": 11.341849087836046,
    "KYD": 18.684286138327458,
    "CLP": 0.01668267739640245,
    "CNY": 2.1726136821103132,
    "COP": 0.003806107941467095,
    "KMF": 0.03451290117699261,
    "CDF": 0.005435932515224403,
    "CRC": 0.029398272749052413,
    "HRK": null,
    "CUP": 0.6485652999443615,
    "CZK": 0.6739342532440641,
    "DKK": 2.27954892754497,
    "DJF": 0.08741172872988857,
    "DOP": 0.26055846197098737,
    "EGP": 0.3161991541226786,
    "ERN": null,
    "ETB": 0.193876965725632,
    "EUR": 17.0098315906362,
    "FJD": 6.942736564998869,
    "GMD": 0.22408556339738003,
    "GEL": 5.778829928058594,
    "GHS": 1
  }
}