{
  "meta": {
    "code": "GHS",
    "createdAt": "2024-08-09T09:04:28Z"
  },
  "data": {
    "GIP": null,
    "GTQ": 2.012705925,
    "GNF": 0.001809058252,
    "GYD": 0.07463542242,
    "HTG": 0.1184281935,
    "HNL": 0.6298404305,
    "HKD": null,
    "HUF": 0.043086810419999996,
    "ISK": 0.1127907772,
    "INR": null,
    "IDR": 0.0009800234095,
    "IRR": 0.00037066523480000003,
    "IQD": 0.011906006839999999,
    "ILS": null,
    "JMD": 0.09949435677,
    "JPY": 0.10603144610000001,
    "JOD": 22.01898525,
    "KZT": 0.03266423717,
    "KES": 0.1209834095,
    "KWD": 50.97991743,
    "KGS": 0.1832786922,
    "LAK": 0.0007033527989,
    "LBP": 0.0001742287422,
    "LSL": 0.8463130411,
    "LRD": 0.07976614174999999,
    "LYD": 3.2401105510000003,
    "MOP": 1.943258519,
    "MKD": 0.2769594936,
    "MGA": 0.003428797488,
    "MWK": 0.008990564244999999,
    "MYR": 3.5257800770000003,
    "MVR": 1.013528684,
    "MRU": 0.39309989310000004,
    "MUR": 0.33629334180000003,
    "MXN": 0.8303239691000001,
    "MDL": 0.8867817852000001,
    "MNT": null,
    "MAD": 1.585374491,
    "MZN": 0.2442640583,
    "MMK": 0.004805316298,
    "NAD": 0.8500468263000001,
    "NPR": 0.1160708709,
    "ANG": 8.655935999,
    "TWD": 0.48224390520000004,
    "NZD": 9.404303664,
    "NIO": 0.4235537931,
    "NGN": 0.009505639006,
    "KPW": null,
    "NOK": 1.441746119,
    "OMR": null,
    "PKR": 0.0559551503,
    "PAB": 15.59831368,
    "PGK": 3.962428806,
    "PYG": 0.00206058465,
    "PEN": 4.170936456000001,
    "PHP": 0.27247345770000003,
    "PLN": 3.9411223210000004,
    "QAR": 4.285426664,
    "RON": 3.424438492,
    "RUB": 0.1772962706,
    "RWF": null,
    "SHP": 19.89952684,
    "WST": null,
    "STN": null,
    "SAR": null,
    "RSD": null,
    "SCR": 1.1510608610000002,
    "SLL": 0.0007698699750000001,
    "SGD": 11.7925573,
    "SBD": null,
    "SOS": 0.027390663569999998,
    "ZAR": 0.8516663502,
    "KRW": 0.011437704279999999,
    "SSP": null,
    "LKR": 0.051798559669999994,
    "SDG": 0.025946565499999998,
    "SRD": 0.5403008313000001,
    "SZL": 0.8464976703,
    "SEK": 1.4839565890000002,
    "CHF": 18.03154176,
    "SYP": null,
    "TJS": 1.4806783680000002,
    "TZS": 0.005780318512,
    "THB": 0.4424967755,
    "TOP": 6.578291490000001,
    "TTD": 2.299263481,
    "TND": 5.0731248650000005,
    "TRY": 0.4647571521,
    "TMT": 4.454533391,
    "UGX": 0.004180142943,
    "UAH": 0.3797069443,
    "AED": 4.249036305000001,
    "GBP": 19.92644867,
    "USD": 15.606860000000001,
    "UYU": 0.38611371640000003,
    "UZS": 0.00123332899,
    "VUV": null,
    "VES": 0.4259875269,
    "VND": 0.0006214167839,
    "XOF": 0.02596512,
    "YER": 0.06234041613999999,
    "ZMW": 0.5978922517,
    "ZWL": null,
    "AFN": 0.21981444174859374,
    "ALL": 0.17006997896635723,
    "DZD": 0.11604364131850234,
    "AOA": 0.01772495782570506,
    "ARS": 0.016669429838586762,
    "AMD": 0.040179382637750824,
    "AWG": 8.670458535638975,
    "AUD": 10.286393865435812,
    "AZN": 9.18048550832362,
    "BSD": 15.590427885124129,
    "BHD": 41.40662966806258,
    "BDT": 0.13267984807274277,
    "BBD": 7.781044035278071,
    "BYN": 4.764514688180002,
    "BZD": 7.743493530722334,
    "BMD": 15.606825364150156,
    "BTN": 0.18568165532790773,
    "BOB": null,
    "BAM": 8.719052723957494,
    "BWP": 1.1482023311144742,
    "BRL": 2.813257150007124,
    "BND": 11.766844950794187,
    "BGN": 8.711596638049897,
    "BIF": 0.005408347587420998,
    "CVE": 0.15446383776612208,
    "KHR": 0.003797704469254563,
    "XAF": null,
    "CAD": 11.364965603555989,
    "KYD": 18.706849665166416,
    "CLP": 0.016679661170757396,
    "CNY": 2.175409852671083,
    "COP": 0.00382379648899167,
    "KMF": 0.03458576258282457,
    "CDF": 0.005447408505550085,
    "CRC": 0.02949365732395897,
    "HRK": null,
    "CUP": 0.6495750003235046,
    "CZK": 0.6758249412033484,
    "DKK": 2.2839835983172807,
    "DJF": null,
    "DOP": 0.2617176929897121,
    "EGP": 0.3169059417232486,
    "ERN": null,
    "ETB": 0.19428626624300482,
    "EUR": 17.04360092215371,
    "FJD": 6.960341342044073,
    "GMD": 0.22455863833309572,
    "GEL": 5.791029821398565,
    "GHS": 1
  }
}