{
  "meta": {
    "code": "GHS",
    "createdAt": "2024-08-27T11:33:11Z"
  },
  "data": {
    "GIP": null,
    "GTQ": 2.014214141,
    "GNF": 0.0018100032,
    "GYD": null,
    "HTG": 0.1183164193,
    "HNL": 0.6297522485,
    "HKD": 1.999469952,
    "HUF": 0.04421487792,
    "ISK": 0.11394338770000001,
    "INR": 0.18588759570000002,
    "IDR": 0.001005016746,
    "IRR": 0.00037007947160000004,
    "IQD": 0.011912943129999999,
    "ILS": 4.237436961,
    "JMD": 0.09950551650999999,
    "JPY": 0.1078415575,
    "JOD": 22.01078849,
    "KZT": 0.032474169489999996,
    "KES": 0.1209442795,
    "KWD": 51.090133460000004,
    "KGS": 0.18322164300000002,
    "LAK": 0.0007064110809,
    "LBP": 0.0001743838608,
    "LSL": 0.8786372038,
    "LRD": 0.0799987381,
    "LYD": 3.277301226,
    "MOP": 1.9423984390000002,
    "MKD": null,
    "MGA": 0.003417160515,
    "MWK": 0.008996527545,
    "MYR": 3.5885014030000004,
    "MVR": 1.015593235,
    "MRU": 0.39389482870000003,
    "MUR": 0.3381620095,
    "MXN": 0.8022795852,
    "MDL": 0.8972645706,
    "MNT": null,
    "MAD": 1.6199702100000002,
    "MZN": 0.24423244230000002,
    "MMK": 0.004802850037,
    "NAD": 0.8785189022000001,
    "NPR": 0.1161920743,
    "ANG": 8.661142911,
    "TWD": 0.4884288513,
    "NZD": 9.72432309,
    "NIO": 0.42388081,
    "NGN": 0.009811296038,
    "KPW": null,
    "NOK": 1.485236703,
    "OMR": 40.52284851,
    "PKR": 0.05606388918,
    "PAB": 15.60786613,
    "PGK": 3.949978234,
    "PYG": 0.0020480775279999998,
    "PEN": 4.16597707,
    "PHP": 0.2769560218,
    "PLN": 4.0723137750000005,
    "QAR": 4.278487987,
    "RON": 3.5004084580000003,
    "RUB": null,
    "RWF": 0.01165652612,
    "SHP": 20.56474389,
    "WST": null,
    "STN": null,
    "SAR": 4.157118015,
    "RSD": 0.1488397264,
    "SCR": 1.1401765700000002,
    "SLL": 0.0007698699750000001,
    "SGD": 11.96873554,
    "SBD": 1.8484637250000002,
    "SOS": 0.027405806749999997,
    "ZAR": 0.879720544,
    "KRW": 0.011717364749999999,
    "SSP": null,
    "LKR": 0.051943686929999996,
    "SDG": 0.02593324879,
    "SRD": 0.5417489964000001,
    "SZL": 0.8783692156,
    "SEK": 1.529516534,
    "CHF": 18.44258275,
    "SYP": null,
    "TJS": 1.4635617890000001,
    "TZS": 0.005745432699,
    "THB": 0.4578739799,
    "TOP": 6.659149065,
    "TTD": 2.297707485,
    "TND": 5.164091013,
    "TRY": 0.4583327421,
    "TMT": 4.452247165,
    "UGX": 0.004203529741,
    "UAH": 0.3772435243,
    "AED": 4.247028694,
    "GBP": 20.62807522,
    "USD": 15.59885,
    "UYU": 0.38755951180000003,
    "UZS": 0.0012327637899999999,
    "VUV": null,
    "VES": 0.4271587524,
    "VND": 0.000628226525,
    "XOF": null,
    "YER": 0.062308420809999994,
    "ZMW": 0.5937165652,
    "ZWL": null,
    "AFN": 0.22049223718933816,
    "ALL": 0.17401484422004426,
    "DZD": 0.11648818172536285,
    "AOA": 0.017207739576859196,
    "ARS": 0.016428378393717157,
    "AMD": 0.04020979746512796,
    "AWG": 8.653989423137396,
    "AUD": 10.584890771112796,
    "AZN": 9.175774073576916,
    "BSD": 15.602307723293276,
    "BHD": 41.389113273528196,
    "BDT": 0.13055707681894504,
    "BBD": 7.727109266949597,
    "BYN": 4.767537673503431,
    "BZD": 7.739008872315522,
    "BMD": null,
    "BTN": 0.18585458165879493,
    "BOB": 2.257512250711924,
    "BAM": 8.907628266326295,
    "BWP": 1.1738582929666894,
    "BRL": 2.83748970944632,
    "BND": 11.964520912196852,
    "BGN": null,
    "BIF": 0.005400702257851178,
    "CVE": 0.15799698026375505,
    "KHR": null,
    "XAF": 0.026554918598124994,
    "CAD": 11.584282742011302,
    "KYD": 18.719920955028936,
    "CLP": null,
    "CNY": 2.189952958301578,
    "COP": 0.00387288425795002,
    "KMF": 0.0353534272220428,
    "CDF": 0.005502227841048385,
    "CRC": 0.029543564490544703,
    "HRK": null,
    "CUP": 0.6500817633837077,
    "CZK": 0.6957327796979441,
    "DKK": 2.335152084592928,
    "DJF": 0.08760293948755032,
    "DOP": 0.2613486434156365,
    "EGP": null,
    "ERN": null,
    "ETB": 0.13726385899009608,
    "EUR": 17.42183694422937,
    "FJD": 7.078626790658187,
    "GMD": 0.22125980035575543,
    "GEL": 5.777339231511392,
    "GHS": 1
  }
}