{
  "meta": {
    "code": "GHS",
    "createdAt": "2024-08-07T11:03:48Z"
  },
  "data": {
    "GIP": null,
    "GTQ": 2.005272724,
    "GNF": 0.0018019989999999999,
    "GYD": 0.07438689295999999,
    "HTG": 0.1177005612,
    "HNL": null,
    "HKD": 1.9878599790000002,
    "HUF": 0.04250524819,
    "ISK": 0.1121728176,
    "INR": 0.1845913713,
    "IDR": 0.0009659159926,
    "IRR": 0.0003682375657,
    "IQD": 0.01186048025,
    "ILS": 4.09598477,
    "JMD": 0.09905309861999999,
    "JPY": 0.1052375215,
    "JOD": 21.871362440000002,
    "KZT": 0.032474970799999996,
    "KES": 0.1203886587,
    "KWD": 50.65806773,
    "KGS": 0.182918948,
    "LAK": 0.0007012295596000001,
    "LBP": 0.0001734283975,
    "LSL": 0.8383226084000001,
    "LRD": 0.07745875909,
    "LYD": 3.2356209490000003,
    "MOP": 1.9358588950000002,
    "MKD": 0.2751047849,
    "MGA": 0.0034193506739999997,
    "MWK": 0.008956505913,
    "MYR": 3.447136045,
    "MVR": 1.005938335,
    "MRU": 0.3920801923,
    "MUR": 0.33384776650000003,
    "MXN": null,
    "MDL": 0.8774572644,
    "MNT": null,
    "MAD": 1.579884977,
    "MZN": 0.242610036,
    "MMK": 0.004772426665,
    "NAD": 0.8383226084000001,
    "NPR": 0.1156390714,
    "ANG": 8.622645901,
    "TWD": 0.4752602114,
    "NZD": 9.337456596,
    "NIO": 0.42200439900000003,
    "NGN": 0.009724294969,
    "KPW": null,
    "NOK": 1.4388222130000001,
    "OMR": 40.27226592,
    "PKR": 0.05573051782,
    "PAB": 15.5391156,
    "PGK": 3.950343294,
    "PYG": 0.002051495394,
    "PEN": 4.1715428150000005,
    "PHP": 0.2687950286,
    "PLN": 3.9193370140000003,
    "QAR": 4.2456719110000005,
    "RON": 3.4014217770000004,
    "RUB": 0.1805019958,
    "RWF": 0.0117033734,
    "SHP": 19.69047581,
    "WST": null,
    "STN": null,
    "SAR": 4.128756039000001,
    "RSD": 0.1446533482,
    "SCR": 1.1432438900000002,
    "SLL": null,
    "SGD": 11.67738913,
    "SBD": 1.8212547000000001,
    "SOS": 0.027287758409999998,
    "ZAR": 0.8459921832,
    "KRW": 0.011274648489999999,
    "SSP": null,
    "LKR": 0.05140385215,
    "SDG": 0.025768976149999998,
    "SRD": 0.539788955,
    "SZL": 0.838579599,
    "SEK": 1.4862897210000001,
    "CHF": 17.96259335,
    "SYP": null,
    "TJS": 1.4715383020000001,
    "TZS": 0.005751406247,
    "THB": 0.4350035075,
    "TOP": 6.514666812000001,
    "TTD": 2.290617611,
    "TND": 5.027474244,
    "TRY": 0.462326203,
    "TMT": 4.436731449000001,
    "UGX": 0.004170092011,
    "UAH": 0.3787055023,
    "AED": 4.21998354,
    "GBP": 19.72039089,
    "USD": 15.500040000000002,
    "UYU": 0.38137848420000003,
    "UZS": 0.001233079332,
    "VUV": null,
    "VES": 0.4232873373,
    "VND": 0.0006159359395,
    "XOF": 0.02582639,
    "YER": 0.06191377827,
    "ZMW": 0.5978898629,
    "ZWL": null,
    "AFN": 0.21881992809295323,
    "ALL": 0.1691228893796789,
    "DZD": null,
    "AOA": 0.01758366939746351,
    "ARS": 0.016568835285593272,
    "AMD": 0.04004973549168214,
    "AWG": 8.611113651389637,
    "AUD": 10.18504886094675,
    "AZN": 9.117649748530205,
    "BSD": 15.53083950250285,
    "BHD": 41.124160646217035,
    "BDT": 0.13217692408621995,
    "BBD": 7.691767913619238,
    "BYN": 4.745543882449312,
    "BZD": 7.729561855637491,
    "BMD": 15.500004572501348,
    "BTN": 0.18499593396789246,
    "BOB": 2.2474080249951327,
    "BAM": 8.661988402955728,
    "BWP": 1.1414973622378264,
    "BRL": 2.739823691978285,
    "BND": 11.701119210191978,
    "BGN": 8.651245825596538,
    "BIF": null,
    "CVE": 0.15363926278941903,
    "KHR": 0.003779777216256931,
    "XAF": 0.025826565788889266,
    "CAD": 11.28241295987562,
    "KYD": 18.6350430979164,
    "CLP": 0.016400732821283286,
    "CNY": 2.1583842164983933,
    "COP": 0.003744188556485025,
    "KMF": 0.03438714270401298,
    "CDF": 0.005400698457317543,
    "CRC": 0.02937087152052544,
    "HRK": null,
    "CUP": 0.6471075171139247,
    "CZK": 0.6694165100876903,
    "DKK": 2.2683044172971107,
    "DJF": 0.08721297558906807,
    "DOP": 0.26111462851664125,
    "EGP": null,
    "ERN": null,
    "ETB": 0.1929564754310864,
    "EUR": 16.926946133382028,
    "FJD": 6.908233976579262,
    "GMD": 0.22302164852519923,
    "GEL": 5.730131082048873,
    "GHS": 1
  }
}